$MeshFormat
4.1 0 8
$EndMeshFormat
$Entities
4 6 2 2
1 3.061616997868383e-17 -7.498798913309288e-33 0.5 0 
2 3.061616997868383e-17 -7.498798913309288e-33 -0.5 0 
3 3.061616997868383e-17 -7.498798913309288e-33 0.5 0 
4 3.061616997868383e-17 -7.498798913309288e-33 -0.5 0 
1 -1.000000000308241e-07 -1.000000000307894e-07 0.4999999 1.000000000308241e-07 1.000000000307894e-07 0.5000000999999999 0 2 1 -1 
2 -1.000000000861423e-07 -1.000000001224647e-07 -0.5000000999999999 0.5000000999999999 1e-07 0.5000000999999999 0 2 2 -1 
3 -1.000000000308241e-07 -1.000000000307894e-07 -0.5000000999999999 1.000000000308241e-07 1.000000000307894e-07 -0.4999999 0 2 2 -2 
4 -1.000000000308241e-07 -1.000000000307894e-07 0.4999999 1.000000000308241e-07 1.000000000307894e-07 0.5000000999999999 0 2 3 -3 
5 -1.000000000861423e-07 -1.000000001224647e-07 -0.5000000999999999 0.5000000999999999 1e-07 0.5000000999999999 0 2 4 -3 
6 -1.000000000308241e-07 -1.000000000307894e-07 -0.5000000999999999 1.000000000308241e-07 1.000000000307894e-07 -0.4999999 0 2 4 -4 
1 -0.5000000999999999 -0.5000000999999999 -0.5000000999999999 0.5000000999999999 0.5000000999999999 0.5000000999999999 0 4 -1 -2 3 2 
2 -0.5000000999999999 -0.5000000999999999 -0.5000000999999999 0.5000000999999999 0.5000000999999999 0.5000000999999999 0 4 -4 -5 6 5 
1 -0.5000000999999999 -0.5000000999999999 -0.5000000999999999 0.5000000999999999 0.5000000999999999 0.5000000999999999 0 1 1 
2 -0.5000000999999999 -0.5000000999999999 -0.5000000999999999 0.5000000999999999 0.5000000999999999 0.5000000999999999 0 1 2 
$EndEntities
$Nodes
14 2343 1 2343
0 1 0 1
1
3.061616997868383e-17 -7.498798913309288e-33 0.5
0 2 0 1
2
3.061616997868383e-17 -7.498798913309288e-33 -0.5
0 3 0 1
3
3.061616997868383e-17 -7.498798913309288e-33 0.5
0 4 0 1
4
3.061616997868383e-17 -7.498798913309288e-33 -0.5
1 1 0 0
1 2 0 19
5
6
7
8
9
10
11
12
13
14
15
16
17
18
19
20
21
22
23
0.07821723252011578 -1.915769668878481e-17 -0.4938441702975688
0.154508497187474 -3.784366730434158e-17 -0.4755282581475767
0.2269952498697737 -5.55978012349344e-17 -0.4455032620941838
0.2938926261462368 -7.198293278059974e-17 -0.4045084971874735
0.353553390593274 -8.659560562354939e-17 -0.3535533905932735
0.4045084971874742 -9.907600726170927e-17 -0.293892626146236
0.4455032620941843 -1.091168287866694e-16 -0.2269952498697727
0.475528258147577 -1.164708318489093e-16 -0.154508497187473
0.493844170297569 -1.209569364864996e-16 -0.07821723252011467
0.5 -1.224646799147353e-16 7.657137397853899e-16
0.4938441702975688 -1.209569364864996e-16 0.07821723252011575
0.4755282581475767 -1.164708318489092e-16 0.154508497187474
0.445503262094184 -1.091168287866694e-16 0.2269952498697733
0.4045084971874738 -9.907600726170918e-17 0.2938926261462365
0.3535533905932742 -8.659560562354943e-17 0.3535533905932733
0.293892626146237 -7.198293278059977e-17 0.4045084971874734
0.2269952498697743 -5.559780123493455e-17 0.4455032620941834
0.1545084971874747 -3.784366730434174e-17 0.4755282581475765
0.07821723252011602 -1.915769668878487e-17 0.4938441702975688
1 3 0 0
1 4 0 0
1 5 0 19
24
25
26
27
28
29
30
31
32
33
34
35
36
37
38
39
40
41
42
0.07821723252011578 -1.915769668878481e-17 -0.4938441702975688
0.154508497187474 -3.784366730434158e-17 -0.4755282581475767
0.2269952498697737 -5.55978012349344e-17 -0.4455032620941838
0.2938926261462368 -7.198293278059974e-17 -0.4045084971874735
0.353553390593274 -8.659560562354939e-17 -0.3535533905932735
0.4045084971874742 -9.907600726170927e-17 -0.293892626146236
0.4455032620941843 -1.091168287866694e-16 -0.2269952498697727
0.475528258147577 -1.164708318489093e-16 -0.154508497187473
0.493844170297569 -1.209569364864996e-16 -0.07821723252011467
0.5 -1.224646799147353e-16 7.657137397853899e-16
0.4938441702975688 -1.209569364864996e-16 0.07821723252011575
0.4755282581475767 -1.164708318489092e-16 0.154508497187474
0.445503262094184 -1.091168287866694e-16 0.2269952498697733
0.4045084971874738 -9.907600726170918e-17 0.2938926261462365
0.3535533905932742 -8.659560562354943e-17 0.3535533905932733
0.293892626146237 -7.198293278059977e-17 0.4045084971874734
0.2269952498697743 -5.559780123493455e-17 0.4455032620941834
0.1545084971874747 -3.784366730434174e-17 0.4755282581475765
0.07821723252011602 -1.915769668878487e-17 0.4938441702975688
1 6 0 0
2 1 0 625
43
44
45
46
47
48
49
50
51
52
53
54
55
56
57
58
59
60
61
62
63
64
65
66
67
68
69
70
71
72
73
74
75
76
77
78
79
80
81
82
83
84
85
86
87
88
89
90
91
92
93
94
95
96
97
98
99
100
101
102
103
104
105
106
107
108
109
110
111
112
113
114
115
116
117
118
119
120
121
122
123
124
125
126
127
128
129
130
131
132
133
134
135
136
137
138
139
140
141
142
143
144
145
146
147
148
149
150
151
152
153
154
155
156
157
158
159
160
161
162
163
164
165
166
167
168
169
170
171
172
173
174
175
176
177
178
179
180
181
182
183
184
185
186
187
188
189
190
191
192
193
194
195
196
197
198
199
200
201
202
203
204
205
206
207
208
209
210
211
212
213
214
215
216
217
218
219
220
221
222
223
224
225
226
227
228
229
230
231
232
233
234
235
236
237
238
239
240
241
242
243
244
245
246
247
248
249
250
251
252
253
254
255
256
257
258
259
260
261
262
263
264
265
266
267
268
269
270
271
272
273
274
275
276
277
278
279
280
281
282
283
284
285
286
287
288
289
290
291
292
293
294
295
296
297
298
299
300
301
302
303
304
305
306
307
308
309
310
311
312
313
314
315
316
317
318
319
320
321
322
323
324
325
326
327
328
329
330
331
332
333
334
335
336
337
338
339
340
341
342
343
344
345
346
347
348
349
350
351
352
353
354
355
356
357
358
359
360
361
362
363
364
365
366
367
368
369
370
371
372
373
374
375
376
377
378
379
380
381
382
383
384
385
386
387
388
389
390
391
392
393
394
395
396
397
398
399
400
401
402
403
404
405
406
407
408
409
410
411
412
413
414
415
416
417
418
419
420
421
422
423
424
425
426
427
428
429
430
431
432
433
434
435
436
437
438
439
440
441
442
443
444
445
446
447
448
449
450
451
452
453
454
455
456
457
458
459
460
461
462
463
464
465
466
467
468
469
470
471
472
473
474
475
476
477
478
479
480
481
482
483
484
485
486
487
488
489
490
491
492
493
494
495
496
497
498
499
500
501
502
503
504
505
506
507
508
509
510
511
512
513
514
515
516
517
518
519
520
521
522
523
524
525
526
527
528
529
530
531
532
533
534
535
536
537
538
539
540
541
542
543
544
545
546
547
548
549
550
551
552
553
554
555
556
557
558
559
560
561
562
563
564
565
566
567
568
569
570
571
572
573
574
575
576
577
578
579
580
581
582
583
584
585
586
587
588
589
590
591
592
593
594
595
596
597
598
599
600
601
602
603
604
605
606
607
608
609
610
611
612
613
614
615
616
617
618
619
620
621
622
623
624
625
626
627
628
629
630
631
632
633
634
635
636
637
638
639
640
641
642
643
644
645
646
647
648
649
650
651
652
653
654
655
656
657
658
659
660
661
662
663
664
665
666
667
0.4691171175989615 -0.1442989718626748 0.09543027137662922
0.2185763491207971 -0.1349086139510939 -0.428980239040003
0.2185763491474381 -0.1349086139656465 0.4289802390218521
0.4289802390398976 -0.1349086139510624 -0.2185763491210233
0.4766607763040919 -0.1312931054588749 -0.07454277156200488
0.4076225471962073 -0.2595209948849996 -0.1284239550519131
0.3483456479836189 -0.253997261016034 -0.2532601447666517
0.3460817621023791 -0.1239418588298958 -0.3389186179157209
0.07531627702520503 -0.1349086139510468 0.4755282581475784
0.0698331513994324 -0.1315243462511946 -0.4773098336602964
0.1330027011838447 -0.2633153769033511 -0.4037019863266059
0.2985132750176483 -0.3645766738922595 -0.1672533213179784
0.1317580645062373 -0.2611546584734535 0.4055096260203745
0.3559435901796082 -0.3500921343082191 -0.02719665614679514
0.2247485648811413 -0.4433621561615854 -0.05401926570786925
0.271731582908147 -0.2496002987189185 0.3374339012749897
0.173758504779318 -0.3639947715233672 0.2954924505304788
0.159962411989426 -0.4313196327351009 -0.1958964041726718
0.07644736378364896 -0.488358994444373 -0.07524156508082046
0.02585776689526827 -0.3598154527545551 0.3462141185021554
-0.0332186062140784 -0.2747267498828856 -0.4164393558490604
0.4289802390399462 0.1349086139507819 0.2185763491211013
0.4289802390399401 0.1349086139508837 -0.2185763491210503
0.2185763491210323 0.1349086139510531 0.428980239039896
0.2226645853075735 0.1438923421850888 -0.4239286217163163
0.005827060310227179 -0.4530567815472154 -0.2114369836670484
-0.07970614778072525 -0.486449011506387 -0.08375135348408513
-0.1485227141871298 -0.4276187478348564 -0.2123280713203924
-0.2283880537236262 -0.4380293272250601 -0.07726063297110167
-0.2876961321588345 -0.3575419358888179 -0.1984809805037318
-0.3545597030564392 -0.3479563301895259 -0.05669046877180763
-0.3978157570963938 -0.2498139259606275 -0.1712764601513037
-0.4458718207173609 -0.2249442489820204 -0.02446230447240052
-0.3823782270018117 -0.308879764538757 0.09154333713292877
-0.4528509347368716 -0.1727607609069827 0.1227996351736519
-0.3685187742851933 -0.2443844854537552 0.2333883807494325
-0.4205763600528385 -0.09778463595880256 0.2520985726558356
-0.3143147187397618 -0.1608409126061579 0.3540288948879211
-0.3530787021761795 -0.009074131494020815 0.3539111332060831
-0.151188087944464 -0.4740030981835097 0.04963088731960262
-0.313804284932849 -0.2442242399279631 -0.3031194341994456
-0.4060724721523202 -0.1241029708903863 -0.2640143935021026
-0.4921521930442174 -0.08746619494208621 0.01165691314715592
-0.4307045774495009 0.05791872635651251 0.2472629937966583
-0.350210648457615 0.1491903233391608 0.3241832030331822
-0.4058441999236472 0.2079531277198538 0.2050511693696597
-0.3019709204237086 0.2925630932387544 0.2705926822606815
-0.3432791640235712 0.3363148150373804 0.138028115736073
-0.2207863880449482 0.4034463596894066 0.196174426741692
-0.2500068876275418 0.4293555291715803 0.05612829686158313
-0.1108663012592606 0.4727828863035856 0.1191008214226152
-0.1355925654718406 0.4800057972339098 -0.03477198312727235
0.00882382131270284 0.4994845446835991 0.02091243170124334
-0.264841106189144 0.4136607731062067 -0.09350910792904596
-0.1413633930997064 0.4417416290049747 -0.1867638195565973
-0.2603385438889368 0.3563834941893916 -0.234977972659456
0.03617050959336825 0.4679834555335209 0.1722880715042719
0.1544157848071458 0.4703936787947129 0.06989672633514141
0.1226579918351036 0.4775428708562909 -0.08311331742453515
-0.3084475505716008 -0.1138108854146152 -0.3767057086208292
-0.2184472633314473 0.2222830661967427 0.3909872525098175
-0.1265106434831314 0.3621934595130576 -0.3206414741911083
-0.3633234388496651 0.3074165382187005 -0.1532682315813813
0.2616079341027068 0.4248853062989528 -0.03215222085266949
-0.2352524765222797 0.2564763891368584 -0.3589932229241286
0.2169425865181329 0.4156330441870032 -0.1737385585719734
0.1773057663569733 0.41537526034643 0.2145368460397931
0.05461231536356304 0.3927390010716607 0.3045875441443147
-0.09289209257470707 0.2491596404199893 -0.4234271279959206
0.02571351787191016 0.3708067348262702 -0.3344266442826155
-0.2251709220916496 -0.06657944589647857 0.4414354236222034
0.05397997714866068 -0.4580573937986576 0.193053324378037
-0.3784579474399253 0.01670210228620127 -0.3263290085156084
-0.2601540927398647 -0.2921115101858881 0.3114333213508434
-0.1934022120499357 0.1307583712128892 -0.4421513685740936
-0.09883963340049372 -0.1440752766327306 -0.4684794995861165
0.2976852889335752 -0.3425045629796536 0.2099383078207747
0.345173889126785 0.3391662056826596 -0.1257826346834797
0.3793229844195128 0.3246282261728389 0.02702939627424638
0.2830919267916435 0.3104767581194129 -0.2710408523692588
-0.4608475416824387 0.004566914323047701 -0.1939038076439418
-0.4326527699845267 0.2423070282795176 0.06402253252617623
0.07396384093555339 0.4473323667628309 -0.2107678910091009
-0.08724277706936402 -0.4201869428408209 0.2565767544328791
0.1890455023796871 0.3179736799914171 0.3363845074653818
0.05935548295327261 0.2756236749206594 0.4129267688908221
0.2805909641415518 0.3372481389832401 0.2398591328143576
0.3886354716267867 -0.2176999735542293 0.22708851073516
-0.4195260832104634 0.1576895471118649 -0.2216571050919467
-0.4732132024054627 0.1223790465211654 -0.1053215744362809
-0.07882091653248287 0.3317376268025061 0.3657012579694258
0.4315716505508419 0.2368421293162485 -0.08747408885931561
0.06347804213296646 0.2436456790738891 -0.4319806954431978
0.1537164626705822 0.2883126412628028 -0.3784799466181926
0.1581441040297109 0.3861216137762531 -0.2755005294649396
-0.1962361787049928 -0.2205271179431197 -0.4035581152931552
0.1388198398853275 -0.4762639630243082 0.0624635059742281
-0.06041648066245146 -0.3947764065916521 -0.3008345685970051
0.2710573508747217 -0.2294295465181243 -0.3519801069964976
0.4521901807551496 0.2027385741140608 0.06649143549978914
0.3936720444946429 -0.2903200807608118 0.1036174314024606
-0.07857685624841433 0.227220034121789 0.4384024791852905
-0.1701627066542102 0.0814903220205789 0.4630377745725456
0.06582827951838 0.1332414531873846 0.4774027155014559
0.07531627702520581 0.1349086139510521 -0.4755282581475768
0.34388663879131 0.1437581401101839 -0.3332800276237324
0.3442052215379941 0.1142170343335933 0.3442052215379935
0.3525745830757647 -0.1259540316326772 0.3314011847963511
-0.3333509396240036 0.149349003477501 -0.3414264579848365
-0.02149679768501391 -0.2496002986904949 0.4327095776417542
-0.1790243308191943 -0.2022236366441046 0.4207800966742282
-0.09687126438870088 -0.12236468714402 0.4750187801296708
0.2266217760371787 -0.3431511892862694 -0.2844113779671512
0.07242317321829655 -0.3781296653267157 -0.3190185577374749
0.2792688518893907 -0.407027421409525 0.07960896045731572
-0.005297910338769455 -0.497493193513992 0.04972378257224781
-0.2787957670160699 -0.4103613362459117 0.06226149699767126
-0.1885956425145465 -0.3368565656731553 -0.3177409916699648
-0.4704795456494144 -0.1179623856466222 -0.1213831648050019
-0.06855742348410665 0.4211807499277216 0.2605890549803327
-0.2922165196446821 -0.3565726113983099 0.1935600125215407
0.2886011025462853 0.3905850612732832 0.1189651777589314
-0.3639762281963294 0.3426919315671456 -0.009140314368350368
-0.02076024048841432 0.48274576956036 -0.1285516798273711
-0.4707599527321975 0.1185144062311659 0.1197472438900093
-0.4786420120187589 -0.02413378991741831 0.1425460785670939
-0.06224719008183847 0.1362244673632892 -0.4770410693205603
-0.128417332186317 -0.3362393233459021 0.34706210716533
-0.2703372630276865 -0.002390652359607238 -0.420609140414227
-0.1274197731120945 -0.004596133265736694 -0.483469830474525
-0.3339894922475474 0.2521716008912942 -0.2736064742877026
0.1969881888304064 -0.4268861570890627 0.1701877267814816
0.2971089375228125 0.2265264300310939 0.3322830957804405
0.4394510316367483 -0.2384297946809617 -0.005832992524605016
0.4832331312318336 0.1166437257560867 -0.05366546488773119
0.4361494024033818 -0.1025128188992611 0.2219567992752198
-0.07931461723109903 -0.4719091298459994 0.1449515942012227
-0.1896857947008039 -0.4314856302278604 0.1668515813397963
-0.1985466093765675 -0.3769890334086671 0.261645776947895
0.3831306575087815 0.2443395173925777 -0.2085883494283681
0.4850845592353151 0.093755773634793 0.0768298464245603
0.3790911031904031 0.2748260956971346 0.1753868655451502
-0.2063563944557286 -0.108978509148306 -0.4421998677193881
-0.4937856961289981 0.008756065942995109 -0.0780962073829624
-0.1885510186105578 0.3512283338048301 0.3018065123777218
-0.04346640720593286 0.4274726720444274 -0.2556908017504841
-0.4365032703857942 0.2343727050133605 -0.06733743451622219
0.2554350995077285 0.2290811423751767 -0.363695944639971
-0.4971235646066958 0.03397477013216056 0.04139899162056068
-0.2811377442046264 0.08261384352920574 0.4051376576435051
0.1747233896233416 0.2358971699155071 0.4047520998640827
-0.4784690577749881 0.1449855763668551 0.0068222721644544
0.03812755194610411 -0.06829513339691583 0.4938441702975693
0.1163447844662199 -0.06829513339691587 0.4814557777011366
0.1116074110453797 0.0674909284618441 0.4826890928694224
0.03329244862612904 0.06738645256364653 0.4943183982772278
-0.04905219908140707 -0.06196117117082522 0.4937151962745503
-0.0109417936520228 -0.1305976814221795 0.4825189351298325
-0.05376567111391398 0.1106556897897938 0.4846282811875668
-0.08669872846315246 0.04151971627716358 0.4906724402726695
-0.1367749248001194 -0.02093586892400624 0.4804730058372879
0.1135690477280158 -0.06658190688570083 -0.4823576692389326
0.03531957842107493 -0.06652119184954093 -0.4942949103673576
0.03812755194610453 0.06829513339691849 -0.4938441702975689
0.1163447844662201 0.06829513339691852 -0.4814557777011362
-0.01471584624235197 -0.1398198400847649 -0.4798269023179528
-0.05021759550257295 -0.07320053418801557 -0.4920567801550235
-0.1143071859935913 -0.07510940988103429 -0.4809287304555108
-0.06424307360464877 -0.002317299116737091 -0.4958502370863921
-0.03148714950435977 0.06890785213566029 -0.4942269390979614
0.006597277478212019 0.136868029014156 -0.4808571706480581
-0.09599825002531417 0.06662251303191974 -0.4861540668855799
0.2594284827531 -0.0682951333969417 -0.421939139083729
0.1888676979235479 -0.06829513339693874 -0.4578916546906635
0.1912847811069325 0.072975555402207 -0.4561630200165422
0.2617240568550697 0.07290593706177848 -0.4197442583341293
0.1460022806113331 -0.1348770402826387 -0.4587935462284589
0.1508463022038337 0.1411368936742744 -0.4553303969156971
0.3792606668387927 -0.06262574213731399 -0.3197489061916317
0.3236303074662716 -0.06267647989918942 -0.3759455851007337
0.3234899062714954 0.07291599120043782 -0.3742158986036226
0.3791382310084849 0.07282811487431969 -0.3177267182211934
0.2858508506832843 -0.1310396970725021 -0.3887388441547739
0.2865776654930631 0.1455017661028744 -0.3830175945064279
0.4578916546906174 -0.06829513339692393 -0.1888676979236649
0.4219391390836656 -0.06829513339692417 -0.2594284827532078
0.4219391390836763 0.06829513339683159 -0.2594284827532148
0.4578916546906275 0.06829513339683158 -0.1888676979236738
0.3917602947085221 -0.130837710212416 -0.2817895758828984
0.3904515907261095 0.1407821715829597 -0.2787973017513563
0.4941307459327166 -0.06642629837324103 -0.03771409296809586
0.4818221764144228 -0.06643631414725634 -0.1159034360051329
0.485197774294258 0.0590295737283248 -0.1053500320139983
0.495790563451906 0.05881703604036101 -0.02706055179534303
0.4581270730225976 -0.1346606574576743 -0.1482770794722316
0.4632190271146668 0.1277374722459563 -0.1382435210169183
0.4781812787950389 -0.07304441292540355 0.1265194781459535
0.4922187312564815 -0.07329006532031232 0.04846944321532935
0.4962571307385203 0.04723144909538497 0.0387046561478242
0.4839289744579218 0.04723144909538497 0.1165415715376024
0.47992756121061 -0.1398470342884275 0.01059919766622002
0.4884656597443373 0.1061355496151922 0.01168521965605941
0.4578916546906253 0.06829513339677928 0.1888676979236981
0.4219391390836716 0.06829513339677885 0.2594284827532363
0.4238799981999666 -0.05168943694175816 0.2601037278368772
0.4596721252883074 -0.0516874410460396 0.1898155569784595
0.4569587205881197 -0.1245851886053899 0.1602100448118911
0.4628388766774683 0.1157847545228162 0.1495796271423036
0.3780058555477863 0.05766517522197522 0.3221588129140735
0.3221588129140742 0.05766517522197522 0.3780058555477857
0.3272931044473996 -0.06376794591072343 0.3725759960806797
0.3823785432483003 -0.06361536849457464 0.3158159821076306
0.391196337591228 0.1260461379292373 0.2847416312524982
0.3982666863746851 -0.1153644838790328 0.2794184718007251
0.188867697937909 -0.0682951334046219 0.4578916546835939
0.2594284827664571 -0.06829513340427452 0.4219391390743295
0.2594284827532124 0.06829513339691902 0.4219391390836636
0.1888676979236702 0.06829513339691907 0.457891654690616
0.2895935619071852 -0.1322665138850338 0.3855400604432819
0.2847416312524665 0.1260461379293759 0.3911963375912064
0.148642348934779 -0.1364657121987404 0.4574741101933987
0.1440640904902636 0.1358304037526088 0.4591248623714647
0.45889502854348 -0.1933067193640843 0.04525334271381236
0.4621370021664622 -0.186508492982931 -0.04054594028791668
0.3952347081976313 -0.2566601416808887 0.1670781167845727
0.4373572973495478 -0.2203131687129455 0.1008994655424916
0.4352781939175505 -0.1837012783643812 0.1636665336199413
0.4156370933477054 -0.1613660949646036 0.2262891734691375
0.4200984725773713 -0.2666196885099041 0.04930735276854089
0.3112147511459969 -0.1782003306304394 -0.3484107071149469
0.2470022976281091 -0.1837952795126628 -0.3939659378617613
0.1779787927876361 -0.2015917191025334 -0.4215261891118284
0.1028036725584761 -0.2001173515199641 -0.4465248599228545
0.2043819420429936 -0.2492405865604111 -0.3822396522834289
0.1048038523702514 -0.2004543702781894 0.4459082842521868
0.1773102157285062 -0.2004543702855787 0.4223495386900791
0.2042479420390622 -0.2585460359671979 0.3760807432699211
0.2481956767156487 -0.1946398243790291 0.3879616538079013
0.3156219539687681 -0.1898638809376384 0.3381338328062353
0.4475704620996407 -0.1978063397074842 -0.1027294185101886
0.4234374726726532 -0.1996362903167169 -0.1756304595597688
0.3816519051102442 -0.259250616524812 -0.1926939053453068
0.3929873960563364 -0.1966165152424759 -0.2385431878607424
0.3515030649268076 -0.1913040255210157 -0.2997471687381135
0.427071866509516 -0.2510534839521413 -0.06768876591850455
0.3574648259394259 -0.3159349200543746 -0.1496797397991189
0.3270650857525373 -0.3127636179561045 -0.2126201988633568
0.385879864062163 -0.3080773490454161 -0.07864526378947077
0.3310787392116438 -0.3615389501668481 -0.09836897861766009
0.4017141228515839 -0.2972330513662887 -0.01668162693107946
0.31226044900457 -0.2437105927153995 -0.305120564672021
0.2651458040529738 -0.3573386940297235 -0.2280499075690093
0.290957462427064 -0.3021819855065862 -0.2720841831001959
0.2512983159384645 -0.2891191670811672 -0.3213397946610158
0.0272436181877117 -0.194639824357342 0.4597533295607388
0.05581465839130732 -0.2585460359529027 0.4243096407126546
-0.0598968609571446 -0.1882225208991038 0.4593306528785848
0.05060352448448201 -0.272857392200226 -0.415918413672009
0.01863468894385979 -0.2067583462046908 -0.4548667218457147
-0.06683890276418865 -0.2119691130929899 -0.447885762412527
0.1039693824743377 -0.3246457882970091 -0.3657806441693142
0.01991689763694905 -0.3316673384495258 -0.3736309593627474
0.1825122695310111 -0.3077865840647958 -0.349222980544471
0.1515204408480076 -0.3654594178509981 -0.3057465779190914
0.2942911364271167 -0.4021176501358141 -0.04115971901856443
0.2648919914099878 -0.4090046498934725 -0.1120153081162076
0.1947531887124889 -0.4427923239468309 -0.1265154272809543
0.2320952802494053 -0.4029085545234019 -0.1838381831334637
0.1952596856020309 -0.3911772232273298 -0.2425985061923338
0.1546602292439896 -0.316466482918277 0.354865014730295
0.2255183712253169 -0.3106173732197672 0.3204033578068932
0.07978998167843288 -0.3143541696108072 0.3805456804012564
0.1010518963609514 -0.3664149979114237 0.3248516023470208
0.002204728030222504 -0.3080957292958437 0.3937920272986427
0.3209172086114754 -0.3825061952733391 0.02647934656544467
0.2548468358288716 -0.4299833415568572 0.01293894321848842
0.3411568867376349 -0.3535301600676251 0.09288920579940306
0.3790210199018186 -0.3238055340434919 0.03863990936058435
0.1524749216481462 -0.4716667654384911 -0.06543592781632354
0.1196975983392834 -0.4656462388552789 -0.1372809717030736
0.183820682485486 -0.4649642230842737 0.004269419422819614
0.1088931188349102 -0.4879554365375814 -0.006463793299946142
0.2116872033325477 -0.447229228097097 0.07193431365432923
0.2384973640383668 -0.3574089450765902 0.2556909332103697
0.2884182695907759 -0.299910080070225 0.2772523140363913
0.347379257718117 -0.2835458975662834 0.2211998537082265
0.3347093138648191 -0.2368527509470332 0.286130127006865
0.3744820445218915 -0.1736245395674967 0.2821661170138591
0.04061321285832242 -0.4160493812278945 0.2743236761951303
0.115837143594513 -0.4181294874298054 0.2484944424037536
0.1268840951081237 -0.4474083843985371 0.1836468458168654
0.1872741071834076 -0.3994951872725003 0.2352275581745631
0.2497001322709227 -0.3883712655014056 0.1918791392432237
0.04165663157047286 -0.4766512870435444 -0.1451491495184676
0.08392802851820742 -0.4477001337247852 -0.2062054225568677
0.03955510205777023 -0.4201605957271598 -0.2681426256666358
0.1177123410920079 -0.4100175653535872 -0.2608244636842098
-0.001649692632828379 -0.4934765812283496 -0.08048690758997541
-0.03740503939218176 -0.4756725130421517 -0.1494540844682185
0.03597965474909048 -0.4985368072272958 -0.01290411886764673
-0.04300983699883204 -0.4978491002712735 -0.01721706364097301
0.06748639126430482 -0.4921690143763721 0.05670315936446208
-0.03107508409604706 -0.3948625237578468 0.3051523004665171
-0.01684684419993017 -0.4448105855222141 0.2277273080855441
-0.05191594804999295 -0.3523449372414095 0.3509384269902879
-0.1087546001266594 -0.3814559697125439 0.3044072602977025
-0.0759616075870653 -0.2968453975370983 0.3951109263660406
-0.1164687035008369 -0.2513853694958417 -0.4162216201836147
-0.149001263203029 -0.1841093547146787 -0.4403434671599504
-0.1130613115767752 -0.3117311542949378 -0.3742202924301207
-0.1944642458469467 -0.2816586147640761 -0.3644887951862993
0.006058901000573616 -0.390029256659532 -0.3127946109962225
-0.0474996949819933 -0.3396290512760063 -0.3638624554773101
-0.1257746347214742 -0.3695437341072109 -0.3124390658076848
0.4717293521203269 0.1492252811297663 0.07213344453080629
0.4469479816627399 0.1712616831313666 0.1445923150745382
0.4203751477928228 0.2415022718900297 0.1223167518785411
0.4089587313303076 0.2073636055166992 0.1993817724262177
0.3702827263918257 0.1843205460418961 0.2809210544666483
0.3230850756971719 0.1716617767161186 0.3408053231339237
0.3439398888624433 0.2550060952347737 0.2582193723220698
0.4616364536898285 0.1783789938735537 -0.07122302415186778
0.4363361880075051 0.1884933426655678 -0.1551805103930257
0.4089647568043245 0.1909826853235286 -0.2151126253816678
0.4108733434923952 0.2426711082742667 -0.149311181149703
0.3685564536687104 0.1967434572111068 -0.2746964734097712
0.1979114967887141 0.1865923632119198 0.4195406171395588
0.1219754785861833 0.1871775006935947 0.4473103686007858
0.2609817585894023 0.1829176744758394 0.3852656824166069
0.2383499615533494 0.2335970660070789 0.3723193610066515
0.1093101166849893 0.2677251255511719 -0.4078903719615398
0.1908501007254965 0.2191565305112785 -0.406874248616605
0.1456696286869204 0.1972880453493072 -0.4357267336765836
0.06988314957215833 0.1906026589639923 -0.4569321304107771
0.206030717112183 0.2605367353476267 -0.3737271105240297
0.2404921923561796 0.1876119433696625 -0.3961884199730941
0.3020917361376639 0.1879318885812291 -0.3513149416287679
-0.11555210070384 -0.4627918172435564 -0.1499047895009905
-0.07223718652526481 -0.4458266300043668 -0.2145236697007196
-0.1053516448592404 -0.4146693601718706 -0.258747662134567
-0.02751260254796649 -0.4273007000575248 -0.258180495838448
-0.1559690090030588 -0.4680061151189877 -0.08151039468581089
-0.1908297719271349 -0.4382772762065545 -0.1466186458374282
-0.1168014205680737 -0.4858595557703849 -0.01726036557794269
-0.1920439525398762 -0.4614365672464918 -0.01397908082227446
-0.07911149528004495 -0.491139943115555 0.05022875263237988
-0.26128785660918 -0.4027891491451874 -0.1396050046362112
-0.2208281845586606 -0.3974739051875444 -0.2079649191558258
-0.241114405778194 -0.3515271331154076 -0.2613283719956386
-0.1703535502725528 -0.3863067114647125 -0.2678559175879006
-0.2951046896255104 -0.3978882340376574 -0.06780984718627218
-0.3251633892400004 -0.3571819744138033 -0.1291890376611467
-0.25652969208059 -0.4291094998788509 -0.007586448099088288
-0.3205122242743618 -0.3837498742182496 0.002819242483154651
-0.2172293476099295 -0.4467840057812409 0.05652842395673638
-0.3809084350685036 -0.3026357780919658 -0.1154138202830752
-0.3470284405910333 -0.3074633145318983 -0.1871832568314129
-0.3602452376829174 -0.2500982068850363 -0.2401546494233829
-0.3044990977259084 -0.3046336334464256 -0.2539264634836954
-0.2543312028694083 -0.2941620254679105 -0.3142997645872745
-0.4052121421531821 -0.2900263970519291 -0.04108295102236624
-0.4271044322268334 -0.2403393460875268 -0.09908987180541844
-0.3730241934336417 -0.3324781429485572 0.01764186993092954
-0.4193005064207409 -0.2702477106101022 0.03395968529460629
-0.3342649698309647 -0.3636215384001851 0.07775800123065803
-0.4631687643814525 -0.1733217716353362 -0.07371742791597458
-0.4397131892594184 -0.1862455024223844 -0.1482056814658078
-0.4069543985724676 -0.189288909002061 -0.2203584044490491
-0.3644250557076983 -0.186459227916505 -0.2871016111017523
-0.4437523443581696 -0.1225450027718607 -0.1951065841335783
-0.4228201991507832 -0.243822117590011 0.1085073922090786
-0.4549594968830931 -0.2013297984377128 0.04978120586037173
-0.4775844298085947 -0.1315131544821654 0.06795147240898876
-0.474341936866307 -0.1579803639290299 -0.006475456954656835
-0.485979194895971 -0.1037094583424033 -0.05539467825151759
-0.380128513430941 -0.2800803792313372 0.1644910163091385
-0.4158040928817404 -0.2111725071642462 0.1803139721728725
-0.3408628947525005 -0.3362433880628807 0.1440585678289937
-0.3337207842204826 -0.3035283198684712 0.2156408987578403
-0.2884507722269005 -0.3874219427723682 0.1292299897863828
-0.3994819994232615 -0.1732242397837851 0.2457793622095293
-0.4419104201006758 -0.1368824064675563 0.18967969687369
-0.4543588472947817 -0.06160318468304528 0.1994068341904656
-0.471231746262494 -0.09960672631791029 0.1342353954314187
-0.4906570478939475 -0.05640466211128799 0.07793699663258755
-0.3456725492040439 -0.2051382918097053 0.2973697529342452
-0.3722520848603759 -0.1310043112914631 0.307028102525083
-0.3175458594571449 -0.2709868533644173 0.2751922100010735
-0.2904440813565438 -0.2290069499111917 0.3364491826373283
-0.2788580510789699 -0.3274808359734226 0.254940168311286
-0.3378673779494472 -0.08601935324070674 0.3583940649419517
-0.3913124901223974 -0.05404885513564486 0.3065179543399289
-0.3962521452961106 0.02469403979838046 0.3039316399236283
-0.4309235496414835 -0.020180364106248 0.2527798395223068
-0.4592885057966419 0.01706393706784536 0.1968829360174028
-0.2731051986026056 -0.1151275909390653 0.4026899406501218
-0.2931582385464629 -0.03835449009693583 0.4032210067217967
-0.2497442914339201 -0.1837950972629151 0.3922335415518219
-0.2042490269718204 -0.1358322930824977 0.4356970543129883
-0.2225714601465573 -0.250524364425928 0.3710788163681865
-0.356296129638227 0.07098480420481405 0.3435319862499327
-0.3945680293699009 0.1046446616637163 0.2887309560550088
-0.3197094660327165 0.03707147962046329 0.3826376389324825
-0.3181910370133882 0.1168261598463102 0.3675678336578284
-0.2566042760211981 0.008126455796382293 0.4290550154045821
-0.04263153315136649 -0.4884277597215998 0.09808606381389329
-0.1160817663149252 -0.4763638766188001 0.09799224756028284
-0.1719070589614348 -0.45664954738089 0.1091748778614293
-0.2365375838237621 -0.4250507675676955 0.1156798013005279
-0.1354720092855738 -0.4549610256962956 0.1570280223320158
-0.3613179772555118 -0.1203081097622314 -0.3239988858583071
-0.3146784370374057 -0.1810616332790046 -0.3437937844377567
-0.2555173374964917 -0.1692726582731613 -0.3950413363179118
-0.2581990910870016 -0.2352722710035202 -0.3577431870192532
-0.3971548449783288 -0.05436981697051646 -0.2988510533908693
-0.3477341384836333 -0.049159657533832 -0.3558992792971092
-0.4388631404276325 -0.06051304427432042 -0.2318131045619515
-0.4248837688093797 0.01076706878833433 -0.2633587918259894
-0.4704789440757267 -0.05728404374463852 -0.1592736686136525
-0.4972935687065436 -0.03970031111811104 -0.033511070114746
-0.4866488751438968 -0.05511464101346052 -0.1006739721434361
-0.4913215208534728 0.004955171079633325 0.09262078290428147
-0.4985562782526096 -0.02695758535010652 0.02673810028775778
-0.4991941799949958 0.02152667809280625 -0.01848709791753355
-0.382009736976732 0.1804528812878094 0.2674047839697261
-0.4235834331386876 0.1346232470487265 0.2290276326658
-0.4426368192386008 0.1648481248633586 0.1640053108389138
-0.4556657023515059 0.08918213039667418 0.1855136526469666
-0.4797481981440032 0.04769205489069993 0.1325410663827811
-0.3303728734304418 0.223777169650616 0.3012931178179692
-0.357910664010896 0.2530888191588899 0.2405119668624376
-0.2882716442611903 0.1883122393635397 0.3625437347698049
-0.2637147915662893 0.2608912445075409 0.3352465767885708
-0.25279817094493 0.1542828146217251 0.4028522035179854
-0.3260992136183272 0.3178249740586311 0.2065105051616964
-0.3793106409434805 0.275584279102503 0.1737145439466704
-0.3923658957710212 0.2925920018434824 0.1021710540859188
-0.4238917862456438 0.2276234603718575 0.1360268864666793
-0.4562648654199705 0.1822313756691242 0.09281216679420219
-0.2646303107637494 0.3523340464859895 0.2362869406291638
-0.2853174433966407 0.3741883657371501 0.1690473999816783
-0.247407887244404 0.3247134615517907 0.288704875636547
-0.2062132487559512 0.3801849471097072 0.2508694920246488
-0.2061416920633461 0.2904793844579153 0.3508950412847283
-0.2379246998086926 0.4208729173634217 0.127506174952219
-0.3002779517376264 0.38752625655948 0.09826775756702605
-0.3108641114839054 0.3908932374856982 0.0237903568546505
-0.357606310143551 0.3433230766239601 0.06516894968443812
-0.4023884615297563 0.2954911658836767 0.02772177686262728
-0.1677523203611858 0.4432030673172999 0.1594684926058282
-0.182755072641394 0.4568651169718017 0.08874034211214647
-0.1467135013399578 0.4181320827718111 0.2316046413211046
-0.09083013202082296 0.4525535027034169 0.1922113792363716
-0.1299250607432539 0.3903228392852351 0.2841963400946154
-0.1247571055049987 0.4823001902615501 0.04268713037540899
-0.1951477158874546 0.4602179394654894 0.01080819957478642
-0.2027214120114383 0.4524228650785043 -0.06494290004493272
-0.2604174783483573 0.4264097020525731 -0.01890774883794361
-0.3179224406679585 0.382402781740361 -0.05189830668684903
-0.05166273208340755 0.4922458943257803 0.0708868227041579
-0.06417001070085117 0.4958154799050776 -0.007015669116362156
-0.03781344205242598 0.4762465563126747 0.1475105460652431
0.02277973221173144 0.4898097499076635 0.09781356089905908
-0.01636584200622583 0.4493148360249113 0.2187426280891183
-0.006039581044960983 0.4969882089735045 -0.05446323165319461
-0.07905033702294041 0.4867570834884609 -0.0825747291268161
-0.14021326811445 0.4666489924088403 -0.1121559509276233
-0.2056613510622285 0.4330902637170519 -0.1419021922055937
-0.08186872544920526 0.4668449832963846 -0.1592271125289945
0.09648098826682669 0.4750370616720305 0.1226018309041912
0.0826359766457887 0.4909766454947823 0.04596986994203477
0.1402637680603623 0.4798763489908484 -0.006690668779907543
0.06655318734740868 0.494549680090608 -0.03148471337296932
0.05153613910963406 0.4856787152204594 -0.1070523794573311
-0.2032810519484927 0.4038907948657912 -0.2134222100471119
-0.2657054737816 0.389590451275411 -0.1661923027023726
-0.3149454753219153 0.3352149441712785 -0.1960619513788932
-0.3180113683681001 0.3650489100104447 -0.1249322331859747
-0.3677205334666852 0.328692895312083 -0.08211327443438421
-0.1356065600720012 0.4069781202606285 -0.2568650822797137
-0.1959170250153805 0.3639181976065423 -0.2813895249648224
-0.09309409514023549 0.4378012566444214 -0.222853200853356
-0.08564956341584647 0.3979040649193378 -0.2904074851090142
-0.03243497144311715 0.4596676024716187 -0.1940455303929418
-0.1831362714008786 0.3131908230673067 -0.3440532145523519
-0.2510798391876072 0.3104914225895605 -0.3009219015821818
-0.2998410673744488 0.3070186802078588 -0.2565830554015128
-0.3519079446732359 0.2824033559622402 -0.2154278139357194
-0.2870800838140891 0.2565213312094953 -0.3190326505419218
0.108068642291403 0.4471849466946391 0.1958233693995829
0.1679282510129558 0.4484050801932422 0.1439895363164341
0.04593446690514334 0.4355099900912013 0.2412904334632893
0.1173565831411276 0.4089268409089521 0.2626904474427348
-0.007035864718822667 0.4106550634464537 0.285154195959743
0.2105511705141501 0.4531040651772016 0.01910263633678606
0.1945483866948575 0.4568865832822951 -0.05835730674952876
0.224535701393873 0.4363726774418711 0.09572149801258942
0.278572264692186 0.4128747656845365 0.04395362562071221
0.2355752712646333 0.4075156089478444 0.168627755818732
0.241967275233363 0.4249873864662786 -0.1041035977317976
0.1716061071179129 0.451337399056578 -0.1297917416967605
0.1471417106897829 0.4364915823438987 -0.1944850007537952
0.09928772260200801 0.4670323470196934 -0.1484005895466166
0.02683065252392315 0.4690397470483117 -0.1711193495020253
-0.3278488998726622 0.007231855350218861 -0.3774424447786425
-0.2917052262034554 -0.05856510928617185 -0.4018434881640982
-0.2593196579631316 -0.1122246054132373 -0.4125032762702954
-0.2027243086494417 -0.1659215914585261 -0.4258789501378014
-0.2402671106196358 -0.05613321307630114 -0.4348801880336954
-0.1501605852963653 0.2272463553863451 0.4192980951388593
-0.07934457983607815 0.2817718444716001 0.4053505462111882
-0.1510798668271943 0.2815685572406352 0.3845699174570267
-0.1348029296448464 0.3443361109995394 0.3365424383653264
-0.1970174038224014 0.1540069707916141 0.4329734351420093
-0.1262934856579175 0.1567426849229434 0.4576916933958058
-0.2274391493065756 0.08270258037473807 0.4375291036743284
-0.1110688093804933 0.3094868466122365 -0.3766717554540208
-0.1661174662137037 0.2559694231340921 -0.3960866595066528
-0.05099973142621887 0.3708718162347115 -0.3314409801415931
-0.03422468700369139 0.3158470574805587 -0.3860949456809452
-0.008940129533994976 0.40200336787249 -0.2971756489066539
-0.3803775872138838 0.2068994983619176 -0.2500109772048641
-0.3974836642970448 0.2361527546156536 -0.1903644218451364
-0.4345792732353658 0.1990377174285091 -0.1467134701214249
-0.4035772737343802 0.2733764991809486 -0.1113134035985513
-0.4043816364327363 0.2915181993807764 -0.03863459001687665
0.306956615767537 0.3865156427094279 -0.07989551913254304
0.2845789449969462 0.3821271631754867 -0.151636589343997
0.3249499696697793 0.3800010150943505 -0.002597256027561225
0.366812284335147 0.3360786785538927 -0.04999869880607488
0.3375305389881058 0.361427789645661 0.07377728730612575
-0.1449314995720579 0.192326868718464 -0.4381840207044813
-0.2169989615927378 0.1960308451737638 -0.4055654798033646
-0.2674289786045559 0.1422086016476715 -0.3978171125277768
-0.287394648862297 0.2051201995940911 -0.3540198010334976
-0.336230685911045 0.2023008673934547 -0.3098762412700336
0.318261636033251 0.3290906925994235 -0.2010195191365013
0.2531895053946372 0.3676613849937724 -0.2252114125493644
0.2230119622078415 0.3520786131133916 -0.2762359768392941
0.1889356105459689 0.4038533214524722 -0.2262870518156709
0.116935681605286 0.4198930343188459 -0.2449813994939609
0.123360258735233 0.3598230544555602 0.3245144311845736
0.1854589416920286 0.3712451135628283 0.2788943287379567
0.2369689150747431 0.3306114721581196 0.2907607053329939
0.2309681082393698 0.3796314565745029 0.2292022909035773
0.2871229730201125 0.3671478303210537 0.1810051630607108
0.0577239268376901 0.3385212207291034 0.3634161958230737
0.1257486674305004 0.300498310304243 0.3793257678351792
-0.01226013953207472 0.366902014845352 0.3394592766166145
-0.009854036328646603 0.3074660683739565 0.3941668615785646
-0.07440519330534154 0.3801171688963966 0.3161879269032628
0.04521291820192586 0.3114777533560891 -0.3885066295340522
-0.01489098702436622 0.2494847703024382 -0.4330538163930435
-0.07822032162920604 0.1943084197980259 -0.4540108140560285
-0.1290203776057658 0.1347401025002299 -0.4638952973901472
0.0006246697518626814 0.1927879064729869 -0.4613376560670763
0.09292115037246973 0.3825495629401489 -0.3082555623306056
0.05043418539449122 0.4139573883345873 -0.2758544427534234
0.01537377099707989 0.4409896404054502 -0.2351420511529169
0.09086399394909916 0.333780446387043 -0.361018487356651
0.1575287210022216 0.3406739323297998 -0.3303422072493238
-0.1627140425148274 -0.09546533028012065 0.463044826213392
-0.2002278097567224 0.007552031627953689 0.4580958316971637
-0.1390696365697211 -0.1636139938732072 0.4515419107826247
-0.08391884716140866 -0.4494767361816846 0.2023074163805183
-0.01279770886091939 -0.4697694848349341 0.1707420562305366
0.02465886822892684 -0.4840138794975868 0.1229735933904672
0.09760711077086996 -0.4730108647091306 0.129358315519659
0.1693863840068891 -0.4555618686261138 0.1173526172139087
-0.4460059591449478 0.08220072326513299 -0.2105272559596125
-0.4056423263567592 0.08864918549982441 -0.2785599127263184
-0.3806178840364636 0.1552237083859601 -0.2846675722777632
-0.3594916942202843 0.08386238837839027 -0.3372429711678238
-0.3069934392449585 0.07473270048558589 -0.3875178082858692
-0.1963154319242291 -0.3174576342256172 0.3326873932992918
-0.1557554856549835 -0.2727950370179981 0.3890026946779794
-0.2470957518008408 -0.3693430810039374 0.2291928837387764
-0.2309117999181627 -0.3368279362441917 0.2884903499669151
-0.1646280343414613 -0.3591141636225734 0.3064875654810913
-0.2347167169583513 0.06497193176757646 -0.4366768952700413
-0.1624030442857997 0.0638644870493493 -0.468557977736617
-0.2013482758127464 -0.003536775245484053 -0.4576531033961172
-0.1536372166604375 -0.1273885495361057 -0.4584405775058759
-0.1684818688555797 -0.05732964144192181 -0.4672549326428475
0.3497669938191078 -0.3201545171412171 0.1586320749054816
0.291627344911509 -0.3788585730953989 0.1463546148639735
0.2399797843457581 -0.4201983039004169 0.1258693310722525
0.4103069200562138 0.2841000079770131 -0.03058458470283393
0.3921961669915518 0.2908394700734506 -0.1076780815418314
0.367341715778599 0.2943081908128544 -0.1686497929714099
0.3361986938029465 0.2799792614710194 -0.2420372934721739
0.4203474599170753 0.2665950513226447 0.0472767548753007
0.4475775836138913 0.2226238586858719 -0.01062657941969109
0.3839375483868951 0.3034661756270852 0.1024706747754285
0.3380595636995322 0.3369046447951665 0.1490335254455341
0.2216156731960803 0.303797085972045 -0.3295357703630094
0.2714403874654504 0.2719599916400094 -0.3199341791677972
0.3191840254877758 0.2312431896282591 -0.3076493866790049
-0.4722249467518972 0.06417896264184043 -0.1512767676128265
-0.4503647807376646 0.1412876444392419 -0.1649526168326094
-0.4808186422727148 0.006710364806939853 -0.1369978257023844
-0.4869383307686778 0.06603390434594754 -0.09236116881592603
-0.4383940185091929 0.2404327118650847 -0.001672004952943995
-0.4589798442461505 0.1950995947439827 0.03568824325338971
-0.4778539147644603 0.1326492309348551 0.06371669857008742
-0.4610151063114153 0.1911422816165034 -0.03049098114380393
-0.1439260417979447 -0.4014648140185839 0.2609814123599612
-0.1397754375718208 -0.4298686329390053 0.2137189403556848
-0.1952948807019639 -0.4066918714852813 0.215549602735438
0.1179245251586545 0.2576945628286709 0.4119312062160939
0.1829501059614797 0.2785579880717314 0.3727394612998636
0.2455522293460384 0.2750221018695325 0.3377379844590405
0.2919425783596563 0.2849053649091204 0.2891339896773066
-0.00971826687601514 0.2542362237267911 0.4304294342096827
-0.00647613583550121 0.1831104447747017 0.4652188997440356
0.0633720969087383 0.2069808416801183 0.4507137767039956
0.3328088539232857 0.3087907564075758 0.2094911346752083
-0.4583860265202996 0.1797593236256504 -0.08699905896376045
-0.4925740672659485 0.07789022965084751 -0.0361095608117718
-0.4789924709249759 0.1345676458556395 -0.0495758155359776
0.4731398211931231 0.1615444925483243 0.006487413093358738
-0.1016526633283167 -0.2290487128456354 0.4326701089537126
-0.2430056890634363 -0.3973889112539002 0.1817423679147059
-0.4873605064769286 0.07678320881939275 0.08114231676473854
-0.4912140183136728 0.09010710916200068 0.02427956116988115
2 2 0 621
668
669
670
671
672
673
674
675
676
677
678
679
680
681
682
683
684
685
686
687
688
689
690
691
692
693
694
695
696
697
698
699
700
701
702
703
704
705
706
707
708
709
710
711
712
713
714
715
716
717
718
719
720
721
722
723
724
725
726
727
728
729
730
731
732
733
734
735
736
737
738
739
740
741
742
743
744
745
746
747
748
749
750
751
752
753
754
755
756
757
758
759
760
761
762
763
764
765
766
767
768
769
770
771
772
773
774
775
776
777
778
779
780
781
782
783
784
785
786
787
788
789
790
791
792
793
794
795
796
797
798
799
800
801
802
803
804
805
806
807
808
809
810
811
812
813
814
815
816
817
818
819
820
821
822
823
824
825
826
827
828
829
830
831
832
833
834
835
836
837
838
839
840
841
842
843
844
845
846
847
848
849
850
851
852
853
854
855
856
857
858
859
860
861
862
863
864
865
866
867
868
869
870
871
872
873
874
875
876
877
878
879
880
881
882
883
884
885
886
887
888
889
890
891
892
893
894
895
896
897
898
899
900
901
902
903
904
905
906
907
908
909
910
911
912
913
914
915
916
917
918
919
920
921
922
923
924
925
926
927
928
929
930
931
932
933
934
935
936
937
938
939
940
941
942
943
944
945
946
947
948
949
950
951
952
953
954
955
956
957
958
959
960
961
962
963
964
965
966
967
968
969
970
971
972
973
974
975
976
977
978
979
980
981
982
983
984
985
986
987
988
989
990
991
992
993
994
995
996
997
998
999
1000
1001
1002
1003
1004
1005
1006
1007
1008
1009
1010
1011
1012
1013
1014
1015
1016
1017
1018
1019
1020
1021
1022
1023
1024
1025
1026
1027
1028
1029
1030
1031
1032
1033
1034
1035
1036
1037
1038
1039
1040
1041
1042
1043
1044
1045
1046
1047
1048
1049
1050
1051
1052
1053
1054
1055
1056
1057
1058
1059
1060
1061
1062
1063
1064
1065
1066
1067
1068
1069
1070
1071
1072
1073
1074
1075
1076
1077
1078
1079
1080
1081
1082
1083
1084
1085
1086
1087
1088
1089
1090
1091
1092
1093
1094
1095
1096
1097
1098
1099
1100
1101
1102
1103
1104
1105
1106
1107
1108
1109
1110
1111
1112
1113
1114
1115
1116
1117
1118
1119
1120
1121
1122
1123
1124
1125
1126
1127
1128
1129
1130
1131
1132
1133
1134
1135
1136
1137
1138
1139
1140
1141
1142
1143
1144
1145
1146
1147
1148
1149
1150
1151
1152
1153
1154
1155
1156
1157
1158
1159
1160
1161
1162
1163
1164
1165
1166
1167
1168
1169
1170
1171
1172
1173
1174
1175
1176
1177
1178
1179
1180
1181
1182
1183
1184
1185
1186
1187
1188
1189
1190
1191
1192
1193
1194
1195
1196
1197
1198
1199
1200
1201
1202
1203
1204
1205
1206
1207
1208
1209
1210
1211
1212
1213
1214
1215
1216
1217
1218
1219
1220
1221
1222
1223
1224
1225
1226
1227
1228
1229
1230
1231
1232
1233
1234
1235
1236
1237
1238
1239
1240
1241
1242
1243
1244
1245
1246
1247
1248
1249
1250
1251
1252
1253
1254
1255
1256
1257
1258
1259
1260
1261
1262
1263
1264
1265
1266
1267
1268
1269
1270
1271
1272
1273
1274
1275
1276
1277
1278
1279
1280
1281
1282
1283
1284
1285
1286
1287
1288
0.4756291619527684 0.1328870378818088 0.07821723252011609
0.005507618779932836 0.1544525924430145 -0.4755145243028934
0.4328784272957212 0.1357044959418286 -0.2102392850139032
0.2185763491187113 0.1349086139461873 0.4289802390426088
0.1440619387525745 0.1447671348715048 -0.4563864968028141
0.009858045941286094 0.2625836324059547 -0.4253853017238771
0.4708961991920141 -0.1480864568928606 -0.07954351558382308
0.3404406452540871 -0.1349086139515265 0.3404406452535579
0.2288280952469642 -0.1452730520825654 -0.4201588308773987
0.1403949097294901 0.2841148286207811 -0.3867402661733486
0.0753162770251829 -0.1349086139509976 0.4755282581475959
0.3404406452538755 0.1349086139510243 -0.3404406452539684
0.3535734712534651 0.2490744539430809 -0.2508938357527564
0.4181741392876663 0.2496002986906656 -0.1132699436061925
0.3186976011972008 0.3588670441322079 -0.1401652011983069
0.3681825587077515 0.3382739951560557 0.003508228124563752
0.2482347885112652 0.4338172626511711 -0.01349342056753126
0.0003319128470062651 0.3673008075616661 -0.3392491806893716
0.2878446166702933 0.3874279988630775 0.1305565867770873
0.1532795568749275 0.4637000684383137 0.1071803338981972
0.1069725933350591 0.4873646630259886 -0.03213330840011216
0.002372224775453484 0.4937163120131955 0.07898465548259194
0.04792024078417623 0.44676430253458 0.219329224008058
-0.1043599122134783 0.4520366500885002 0.1864721847878709
-0.1498145997774788 0.4749907607066384 0.04403819861032971
-0.2478170798777228 0.4113607935475203 0.1391725276512313
-0.2828790211842844 0.4122313441244489 -0.006691658626332571
-0.3650639589778608 0.329989960781859 0.08851514920395218
-0.3942294146331923 0.2994383631359981 -0.07014153776760648
-0.3212521323667479 0.3079264001433799 0.2279877179686585
-0.4223616074269708 0.2077335262913667 0.1686933745772473
-0.3642938047449648 0.1776062011367841 0.2928242837303588
-0.4385296825197494 0.06522840966352401 0.2311643833333657
-0.3565704763837694 0.02567219204098329 0.3495689258604984
-0.4149788924080914 -0.08557209948971113 0.2654617385701313
-0.4813841192184708 -0.04600572711423553 0.1270936774074446
-0.4348081735460232 -0.1931964043408583 0.1536782403833896
-0.4777975281919899 -0.1470531607753551 0.009213574746112499
-0.408777457512444 -0.2862860484921784 0.03068042809994825
-0.429422482816712 -0.22953272985366 -0.113626832999329
-0.3394823512077509 -0.3555587623941184 -0.09126718853574997
-0.3007233169077881 -0.3959311070087829 0.05295323569695925
-0.216455441300765 -0.446799807205441 -0.05930408259531431
-0.3408389136199449 -0.2841280545168401 -0.2304345538300435
-0.163092740725161 -0.4658658139109768 0.07981103527594745
-0.06941275510827044 -0.4939693263128236 -0.03429539459365392
-0.1392847413118963 0.1662331650118904 -0.4505178084025178
-0.009500346658397836 -0.4890835440127569 0.1034747814169806
-0.4114565521133025 -0.1452165171125381 -0.2441632013239038
0.08677575951110357 -0.4921359989127251 -0.01649624610162403
0.01705260828795144 -0.4712392159738872 -0.1662612699304736
-0.2500249971828726 0.1299750032490028 0.4130302644045909
-0.2361359711316996 -0.3940876856164912 0.1973187755463902
0.1805666929537518 -0.4459120193798199 -0.1362282656733054
0.2253920746007584 -0.4462159972931171 0.009470821869038372
-0.3040011765040546 -0.1890414623052723 -0.3490653380294797
-0.3283322868202579 -0.1300067969768711 0.3539719511079861
-0.3566711064737524 -0.04174485259112199 -0.3479124733161125
-0.4448575151242283 0.006770136520102787 -0.2281577447491016
-0.3735639692886477 0.1121213703989762 -0.3128558120750929
-0.2738975703826665 0.3830392081484384 -0.1681103386454549
-0.05662667100143286 0.3849882622351579 0.3139704732493946
-0.217207317496855 -0.3160832438361863 -0.320799570124111
0.1224977088014321 -0.4070768545213674 -0.2632161580362973
0.2611946649037742 -0.3555660749974531 -0.2352660479897401
-0.1672947364624909 -0.2083252796689314 -0.4226263704536281
0.09540654695656099 0.3545415513997225 0.339408130616966
-0.01069671505152833 0.2719961425851161 0.4194087251189746
0.1197179895426235 0.4034538720697956 -0.2699862516717496
-0.02356458876893994 0.4492905794672159 -0.2181345579181898
-0.4999077257044554 0.00755032299015263 -0.005937878724211302
-0.07085540083439841 -0.3222119425222912 -0.3757112937730357
-0.01960851768315061 -0.2293429344991556 -0.4438663362202473
-0.1246135145170514 -0.0910697786091182 -0.4755815045013786
-0.4377112845785445 0.1566768254900112 -0.1840141399647674
-0.1420536641078111 0.380817329616147 -0.291202537725158
0.4075620612751401 0.2552271610647221 0.1369389004775536
0.2865623280015174 0.3181225149054723 0.2582248974838955
-0.1425696351891877 0.3057732007965006 0.3690212037223402
-0.1135417468295913 -0.4139578692163179 -0.2564120789681539
0.3731815736870192 0.1881358323171696 0.2744820971553622
0.1900251898549143 -0.2984634225264876 -0.353284605713834
0.326165486234306 -0.2361911203436498 -0.2963609796520964
0.3895215071626879 -0.2696369541870402 -0.1599028092137346
-0.2786184810344129 0.07143868886001227 -0.4089844199478005
-0.2609526448136685 0.2094135897645838 -0.3715503540392095
-0.3538094809269269 0.2616830417719013 -0.2373622481676981
-0.4756138685141769 0.1494821861064263 -0.03803319752299241
0.4245920823431772 -0.1389852053438173 -0.2245098579283805
0.4170606870286858 -0.275708747149785 -0.006713425374319603
0.4714633755692088 -0.1473920071175954 0.07744599237361446
0.3942654562405533 -0.2695009907718091 0.1480674372995009
-0.1359994778057653 0.2916713872039425 -0.3826642705075651
-0.1325942895004223 0.1927445581687699 0.4418917171527476
-0.1651127279062944 0.01451626340473138 0.4717277447639756
0.06983315141976706 -0.1315243462733799 -0.4773098336512081
0.1038434435061717 -0.2425129938187464 -0.4247399052006407
0.2238385081608594 -0.1369963043315086 0.4255917467054895
0.2465538540096002 -0.2597493212978448 0.3489147276317263
0.4273056107820459 -0.126611438648936 0.2266703743267509
0.07213704721775846 0.1519818620130129 0.4708479160384597
-0.142679027637939 0.445494091538681 -0.1765721084328372
0.1905401823838419 0.4360986125868585 -0.1533376633347115
0.1806923195437554 0.4152022754565405 0.21203149792804
-0.04880500634240748 0.4917294509421901 -0.07629035608784294
-0.1955539789872999 0.3735629063034979 0.268718061053437
0.1345916669797209 -0.4661299374556754 0.120863412938689
0.03968356075585736 -0.4370786615968786 0.2395567961515962
0.188701438130342 -0.3921919720028355 0.2461244082655513
0.08742767148174661 -0.3420523416202059 0.3540573369546432
-0.06531833611837584 -0.3677325015343847 0.3324249122463456
-0.01802939580483952 -0.2548258052275696 0.4298124589597574
-0.1676444347171952 -0.2738374062756855 0.383286340002559
-0.1167398815338869 -0.1389574221314182 0.4658998120777094
-0.2326423498063297 -0.07978037745664159 -0.4353304818749373
-0.2379255290193049 -0.3984910213676034 -0.1860009369070169
-0.09996798240127422 -0.4377333673981476 0.219990685168479
0.3167614712918194 -0.3787026630378198 -0.07903457036705787
-0.3553700974763255 -0.3086022365257842 0.1687505657203874
-0.2827747555016555 -0.2796470072769244 0.3030445329849043
-0.4792240794354153 -0.07905376427022202 -0.1187214557019366
0.3591326737479902 -0.1166202040905493 -0.327755168753291
0.4780905787566965 0.1308332325263952 -0.06566630620631264
0.2238973052156341 0.2509813060105887 0.3699707836443256
-0.4794004096673083 0.108288830760008 0.0919172254990724
0.3354433364652656 -0.3658782299835449 0.06009067186476479
0.04636803288118531 -0.3274646802819872 -0.3749891847701014
0.3061269919058134 -0.331154701237345 0.2159232008726779
0.2406200908190727 0.3343836655278319 -0.2833540825934792
0.2632788045991779 0.2166029665623616 -0.3657422944167278
0.1372919379705374 -0.2324959510181716 0.4208284169687809
0.2490872638473577 -0.4118007090437403 0.1355570397290734
-0.2523889311547444 0.3107291110395508 -0.299578448796198
-0.3745776648807534 -0.2079618731379633 0.2577662357513715
0.4431604881255231 0.23136236706948 0.008957503466662213
-0.1781657562252383 -0.355640405767371 0.3029469674618128
0.3163949735642501 0.1092612645517563 0.371424550577676
-0.262119136272102 0.2593101730549739 0.3377155497606923
-0.1287904190259848 -0.4618452916208616 -0.1418166230551006
-0.4830290561686952 0.05218445695225524 -0.1181512308415689
0.4477063908944706 0.1081834086686759 0.1945644819618262
0.3564717510704344 -0.2285552331872912 0.2658766557475125
0.002348679230457811 -0.4024135101540881 -0.296745430548371
0.07245553797925965 0.4711409570942098 -0.1509184997423711
-0.2641371324369789 -0.02582811605124477 0.4237504969781313
0.1175145069896084 0.2413930496106324 0.4218053297987924
-0.1875721002767253 0.4581920092993322 -0.06983401615272307
0.2469871048498058 0.0901874973038552 -0.4252805960398124
-0.2286897066549657 -0.1775493387794644 0.4076484396744831
-0.1750102268983574 0.05685404318715715 -0.4649075588267611
-0.438528786244307 0.2337145514163102 0.05540768982161003
0.03812755194609255 -0.06829513339689026 0.4938441702975737
0.1163447844662082 -0.06829513339689065 0.4814557777011431
0.1150562346728824 0.07715334015358245 0.4804262950401906
0.03660604121627706 0.07712339941196382 0.4926580751490987
-0.05939135200369079 -0.07069451384475564 0.4914010103972389
-0.0211058839142715 -0.1395384306646372 0.4796702701146356
-0.04834058961015265 0.08656691182118242 0.4900707675161685
-0.0837487349374145 0.007362961726696743 0.4928812597279327
-0.1427895910959198 -0.06304324166229595 0.4750122970570019
0.002788155596816281 0.07818948211009327 -0.4938406940256375
0.08191670699367706 0.07906858433025163 -0.48686529152048
0.1135690477384473 -0.06658190689701224 -0.4823576692349152
0.03531957843152383 -0.06652119186107093 -0.4942949103650593
-0.06308169728380951 -0.04610122929433833 -0.4938576476327411
-0.06199440139503354 0.03299063894400223 -0.4950437474988831
-0.02794696888119471 -0.1135595079970603 -0.4861308518020834
0.2647690410055394 -0.07358385675113763 -0.4177113488410807
0.1945789240670379 -0.0737395665533675 -0.4546443870031119
0.2027043097912803 0.04553323697698546 -0.4547941150921352
0.2719074209692479 0.04533845213686084 -0.4171459926448842
0.07553081740814058 0.1511023430272209 -0.4705987436801571
0.1509112224388077 0.0731719643428102 -0.4710325536268584
0.196961686738756 0.1183408102319706 -0.4440738075935856
0.1515234784141932 -0.1404310237199713 -0.4553238002413496
0.321120157709812 0.06829513339690378 -0.3771175136038163
0.3771175136037735 0.0682951333969045 -0.3211201577098621
0.3850700216470058 -0.0588063428515973 -0.3134691252247898
0.3304600440478505 -0.05901504549191986 -0.3705582055406133
0.2979301124921564 -0.1327059412585788 -0.3789812412575135
0.2963831718475859 0.1135709019747587 -0.3863400906846248
0.4242925512341014 0.06875962009155021 -0.2554367741969099
0.4595986746018209 0.06865824247202282 -0.1845402504737179
0.4562176803479795 -0.07044336755024763 -0.1921019523744865
0.4197311494593711 -0.07036108939862419 -0.2624406204690004
0.3916853312554213 0.1370652675628194 -0.2789188299618074
0.3949239910460596 -0.1288012247185413 -0.2782899311999191
0.4926703256722527 -0.07514480230303912 -0.04036345982238962
0.4798737171354102 -0.07508554747871582 -0.1186734012425103
0.4828878376417647 0.06625055452076295 -0.1114908080666389
0.494492310040484 0.06614523111374766 -0.0331988510604623
0.4608074388522438 0.1348262862917531 -0.1395649555698343
0.4530399023079102 -0.1452335228687895 -0.1538248053857375
0.493869710033114 0.0672682669042907 0.03959406242735173
0.4812621255372482 0.06723755390627252 0.1177534622339023
0.4801881495859093 -0.07473761397845478 0.1176164531605502
0.4928142082897997 -0.07477057511647567 0.03928762151682579
0.4818764765579752 0.1332473149886649 0.006341481560542431
0.4770958409179215 -0.1495942207579567 -0.001061929678034951
0.4203588977359565 -0.06398333988485407 0.2630675375476627
0.4568312256919295 -0.06406500763333768 0.1928753639782691
0.4649023518076932 0.05447663946411262 0.1757785511271865
0.4311900384373384 0.05473690825458007 0.247141703536931
0.4651524083887122 0.1214450136340113 0.1374203246743928
0.4550276227324635 -0.1387221170746114 0.1539676485005231
0.3211201577099536 -0.06829513339716548 0.3771175136036484
0.377117513603894 -0.06829513339716133 0.3211201577096661
0.3651772510713805 0.05534683887148948 0.3370197364055751
0.3072306742868673 0.05500425045109273 0.3906198218339033
0.3878808679830466 -0.1321251965738865 0.2865159065096216
0.3480834706872774 0.1501196844108094 0.3260398407966399
0.3961938950252442 0.09584572439730289 0.2895582750664916
0.4142588859590619 0.1495367016638059 0.2367030846006594
0.259428482751927 0.06829513339442671 0.4219391390848573
0.1888676979223148 0.0682951333943906 0.4578916546915521
0.1916884972664449 -0.06940881079311306 0.4565500377833934
0.2620451304833414 -0.0693394931566774 0.4201480504283504
0.2693149922593768 0.1229198765419002 0.4029393737217248
0.2851278545456346 -0.1373923979315207 0.3870729072834084
0.1470945052456152 0.1451601926594933 0.455293010042551
0.151448501473803 -0.1376531296052415 0.4561961938806834
0.4630084739604868 0.1835573149013386 0.04393023090073684
0.4292892140069667 0.2455414355995553 0.07362183195893844
0.4467743588731509 0.1963328754221066 0.1088396723716703
0.4334275927950518 0.1841669338279162 0.16799720916822
0.4645666614896224 0.1826472788573715 -0.0285970026118853
0.007738063297424001 0.2100171234859591 -0.4536881420305015
0.07825618207638248 0.207105762623497 -0.4483114687970494
-0.0676273144946065 0.1621137916773641 -0.468129965802485
-0.06577968283254065 0.2179413825458525 -0.4451680436649207
-0.08659933713198444 0.1079571269155803 -0.4804641646953852
-0.1582148553628071 0.1123012263909137 -0.4608215425667758
-0.1516842295939508 -0.01732168299799393 -0.4761216796057565
0.3507493392347328 0.1940620574390844 -0.2988558496815945
0.397379370549022 0.194421575162891 -0.2330019033682844
0.3904121488284115 0.2522698860132607 -0.1842233933517639
0.4304159329652923 0.1948661330328013 -0.1636133088916045
0.4526731977110227 0.1921441953759905 -0.09037468814546797
0.1698905988226921 0.1902167637046308 0.4300636781191871
0.09542205510297776 0.1979242545623303 0.449133188325991
0.2741001145937141 0.1827576179612604 0.3761233577655591
0.2231397659071352 0.1946045500372617 0.4029115460938093
0.1719219169133129 0.247940873839683 0.3987081358142399
0.07585039368357627 0.2759832131751433 -0.4099755893020582
0.1439873042711432 0.2170928845738891 -0.4267766812703305
0.2038963366293731 0.2529134806133425 -0.380080327343005
0.2065394508917939 0.1832303385728613 -0.4168550086682309
0.2576957392066762 0.1549360713768554 -0.3994843173154995
0.005142708881222076 0.317892581399528 -0.3858987681199662
0.07139881007611538 0.3305006141463922 -0.3683361969296153
-0.06383968703761006 0.2805063052473886 -0.408950739179426
-0.0687399364388824 0.3338875198132185 -0.3657785467347094
-0.1390643370197285 0.2313179926416094 -0.4208955885365392
0.4117094415477676 -0.2066463491987688 -0.1944032461232216
0.4363285111392454 -0.2118327327277975 -0.1214262068586631
0.4495168815374528 -0.2145409326601355 -0.04366647943403335
0.4082743380208237 -0.2760421154957545 -0.08433750877448722
0.4502699100420346 -0.2144112315941931 0.03584455156644191
0.2377616387169421 -0.2005366109010718 0.3914772928829288
0.2971557297670355 -0.1997886980278101 0.3489741371605826
0.3045662075585965 -0.2466247951003498 0.310508672431358
0.3510257164099571 -0.1830720159433238 0.305394144340267
0.3952521824261083 -0.1791074978696668 0.2483872309404525
0.2822017335736594 -0.1939659382503188 -0.3643341822649844
0.2614707918294383 -0.2708234634119939 -0.329070929566285
0.2125797445710939 -0.2252086584597907 -0.3925441533800113
0.148098774839531 -0.2726318340323371 -0.3920951873757113
0.168463227263548 -0.1963729419870295 -0.4278525548776225
0.3454885083556908 -0.1778674821086872 -0.3146440042372897
0.08755207637967978 -0.1885558948375446 -0.4547321282289382
0.06064541771329771 0.3893609121731925 -0.3077664916491707
0.1319368104978918 0.3487547969406677 -0.3331107468193078
0.1819579940878259 0.3725818769118262 -0.2794173104594551
0.1927625920433454 0.3129099188623594 -0.3390132236156614
0.2546598961047172 0.2784570471556836 -0.328039647306956
0.107184293050131 -0.1852233158554291 0.4518892016710109
0.1820859069246551 -0.1863020222684389 0.4267742717152897
-0.06822458958192353 -0.1993458717099781 0.453438671496562
0.02901106978680517 -0.1973682663858177 0.4584802343107956
0.06038177240079669 -0.2467275209571216 0.4306733936106241
0.3038824264221087 0.1769334945691709 -0.3554574649818918
0.311939280991926 0.2354908710125984 -0.311829977141339
0.3405105259804177 0.3079270963129698 -0.1980744432096235
0.372663143163234 0.3077243162281509 -0.1281714747110914
0.3002800769243071 0.2948548422263941 -0.2699861059721047
0.2835413908442188 0.3514376055442749 -0.2146995321080895
0.3475506969096649 0.3527425425746633 -0.06914630673845192
0.39798301286357 0.2975290771307516 -0.05555150523396076
0.4091812870972218 0.2872823533554252 0.006286790916634932
0.4341317218251131 0.2424158318667998 -0.05257577926659803
0.2873173899341783 0.4017268905449221 -0.07787312023104977
0.311943956255499 0.3907242433024773 -0.005053103142999446
0.2575408571814367 0.402044277275528 -0.1484355280660572
0.2219423522708819 0.4400232201810495 -0.08438695379006976
0.2188611876563248 0.3911043686925469 -0.221669017517711
0.2713807907000297 0.4157410008185414 0.05926117343948133
0.3321942470180245 0.367475672518814 0.06788676126442562
0.3533764066156287 0.3265703052769618 0.1359299487189552
0.3930658592288485 0.3007240216869052 0.07116384678431074
0.2032596247752378 0.4543524734366688 0.04742736360172959
0.2233114084824223 0.4308687188472827 0.1203501639404701
0.17969766873922 0.4660214088695576 -0.02308233794315951
0.1315890992619015 0.4808788371284219 0.03794539441695273
0.1505975724815911 0.4674465735030891 -0.09388328968923587
-0.01174603796816232 0.4128544412510043 -0.2818035502462158
0.04869714659363595 0.4318747046830707 -0.2472100875137349
-0.07168148107435646 0.3783908653006132 -0.3188763370462598
-0.08382397292854506 0.4201405442343172 -0.2577895743682554
-0.1401771643470022 0.3390271396699207 -0.3397218879655323
0.1681755530922475 0.4425818406735795 0.1607429552052061
0.2365131264926269 0.405160363942457 0.1729353072298958
0.2902828843594949 0.3565577333245451 0.1964750107631875
0.3529905134343362 0.2915716543385478 0.2009568804784901
0.2363330831152833 0.3709089027612747 0.2378513394489336
0.0553215087936527 0.4963644434714874 0.02370379551958569
0.07879588937012398 0.4846746654314126 0.09424264696685582
0.0254532134053407 0.4759809152185608 0.1509778204738807
0.101827433812673 0.4607869965710398 0.1652468381366684
0.1153889680925023 0.4350654829373727 0.2177232454264316
0.02947298317619207 0.496098013358168 -0.05493727700546187
-0.02353308114165252 0.4994440203175637 0.00136552590942901
0.1325072897275817 0.4571019495909724 -0.1532958768172934
0.09042050283736101 0.483026599613193 -0.0922466082452625
0.01194957475666184 0.4864961218833667 -0.1147986544153691
-0.05163506677349997 0.4788226753257012 0.1343974161702311
-0.02856903546025834 0.4549614772185124 0.2054114516282371
-0.07465011783782462 0.4904566758903362 0.06228650721786025
-0.1285665984414884 0.4689091755674998 0.1165968045608144
-0.1005729915013019 0.4895082893861398 -0.01633119722293026
-0.0814364850603615 0.4234164450623757 0.2531533388121786
-0.004405743585281183 0.4208944923847449 0.2698674039295014
0.01963381412775165 0.3744156097775754 0.3307982232384014
0.07258300055816594 0.405794228421434 0.282953622012206
0.1399645265360759 0.3902110560815379 0.27954474243538
-0.201111949940745 0.4482939829231788 0.09266330700932264
-0.1782834612961081 0.4370799006818111 0.1648519573685956
-0.224043923768083 0.39663704262375 0.2061149597707234
-0.1515752276475376 0.4172545666517579 0.230051248577031
-0.1274666918597084 0.3834156509004899 0.2945245000180729
-0.2190151640728222 0.4490824117691044 0.01890358023759764
-0.2683854408973946 0.4165098227523866 0.06699867659205402
-0.1699449044865488 0.4700530776455589 -0.01299359977050124
-0.2370318405238717 0.4385536351922559 -0.03855665490578307
-0.1194142269904855 0.4798863075144903 -0.07381987708180522
-0.327692652517282 0.3753732590770893 0.04138166086604281
-0.3100161272356938 0.3750004898334123 0.115172190560408
-0.346971198520635 0.3225024257736878 0.1600099145904438
-0.2880087145370782 0.3640347704294758 0.185821597961751
-0.2612621646704802 0.3445148334945307 0.2511007981148819
-0.3435986924177998 0.3611368104620157 -0.03898900740080851
-0.3848693864518539 0.3190436019342577 0.009313186188864949
-0.2822227771305337 0.4031122486685916 -0.0886048477346513
-0.3393767490868055 0.3466661647585945 -0.1210206279558921
-0.2334060798328928 0.4254851254189133 -0.1203495323808652
-0.4210458701167381 0.2695642415486383 -0.007449492328088596
-0.4050008904783788 0.2841001623824028 0.07253534618386089
-0.3986585641467146 0.2722391581001393 0.1302197758768122
-0.376307623075532 0.2609510164319887 0.2007414751324582
-0.4334397825348779 0.2222596049493346 0.1128300621460589
-0.318000102179687 0.3266201023621548 -0.2054148089759941
-0.3799594291929115 0.2850164209136302 -0.1561937001833982
-0.3999644739894372 0.2114020143752565 -0.212926296789374
-0.423499003692242 0.2321852124016014 -0.129377822727474
-0.4619589949516517 0.1548549372734982 -0.1123113323991878
-0.4416281721232259 0.2279214720991276 -0.05492139968413976
-0.4610539601249798 0.193267836723479 0.008762941361220047
-0.3972577528581457 0.1945949800083748 0.23306452228865
-0.3467912348502513 0.2456122066267383 0.2634586938914377
-0.3162460387519888 0.2205782536671135 0.3183295100722555
-0.2943318657851886 0.2861913294437993 0.2854177214795893
-0.2314250899611054 0.3200159774328963 0.3066467053861207
-0.4358112040828299 0.1381822204109458 0.2024210175801289
-0.4058893885285226 0.1227716842554202 0.2649168130282211
-0.4552350418612795 0.1595370488157763 0.1315636223152576
-0.4643156291029519 0.08777004625210874 0.1634240360278521
-0.4633253301215237 0.1726264189605076 0.07436234224829387
-0.4020586421255361 0.04596574668040436 0.2936596642787072
-0.3652793306909491 0.1030060683373574 0.3255161446927815
-0.3073599648871066 0.07886593053162798 0.3864065436635061
-0.3118370467631337 0.1561326368564876 0.3583019061828828
-0.2590085366490785 0.1968746242849151 0.3796774423844225
-0.4320738333376329 -0.010298638239429 0.2514083144912609
-0.3902613284819722 -0.03029827824691529 0.3110918028922631
-0.4658260753643636 0.009733984589632623 0.1814147652608327
-0.4539191919547536 -0.06663115273224678 0.1987904843314076
-0.4865241660226705 0.03153905391639104 0.1109032188622312
-0.3749158111285428 -0.1087349942925253 0.3124337299044892
-0.3468233739764528 -0.0528333095592803 0.3562614049607434
-0.3129780334570752 -7.862122101748893e-05 0.3899291530419924
-0.2603012154831496 0.05272570608497845 0.4236310625247344
-0.2992183184997096 -0.07870222348062864 0.3927777461789447
-0.4638228738513474 -0.1210962162845745 0.1421409444665281
-0.4301898843120331 -0.1411216941482452 0.2121823057569333
-0.4076964842531411 -0.2020678044911921 0.2072490750660607
-0.3981106238583785 -0.1480058545364989 0.2638222852490165
-0.3545659647453544 -0.1704801408530098 0.308576567838412
-0.4854812601716011 -0.09771503909921891 0.06899070340293859
-0.4620796828975861 -0.1722785764493023 0.08247701952585483
-0.4958571884609292 -0.01943192401807241 0.06122131149018667
-0.4949840196450078 -0.07062627016026926 0.001658390580999732
-0.4946617518526072 0.05851191944343998 0.04342932807624452
-0.4488450253521922 -0.2193860096506581 0.02019707865388629
-0.4270505160311785 -0.2427296309603118 0.09332836123802324
-0.3864289755150861 -0.3008346608251547 0.100852137947468
-0.3990709952612529 -0.2534279799573623 0.1628391836012567
-0.3683826787211729 -0.2606943678197899 0.2152502000121098
-0.4592080741342255 -0.1906166965933618 -0.05285091891131045
-0.4243241040103954 -0.2611242621508466 -0.04199017113505387
-0.483614063070769 -0.1142591638874487 -0.05533788456314016
-0.4601464867196612 -0.1562708725472969 -0.1176631852061603
-0.4946998777237541 -0.03612664145153047 -0.06298330538750134
-0.3892446647497589 -0.2961923656480443 -0.1037240256433533
-0.3787934806789651 -0.3249227435951562 -0.03067099101285801
-0.3240032894792214 -0.3803233895344206 -0.01939040432000609
-0.3591212422810574 -0.3453113530272817 0.04233205420220222
-0.3320592518565547 -0.3565754659825312 0.1122077997102067
-0.3899314008164333 -0.2600318153300158 -0.1741750776474941
-0.3444007774850061 -0.3238302967743336 -0.162855897525298
-0.425680348936454 -0.1897102717342946 -0.1811249660533821
-0.3808364616716769 -0.2173482028605665 -0.2402568379353216
-0.4509455886346461 -0.1135465288782074 -0.1837260511486137
-0.281435320486115 -0.4061822099935284 -0.07622448863489281
-0.2615205041271242 -0.4261416580453263 -0.00321141705093434
-0.2918035179234091 -0.3810726994313478 -0.1401224631371724
-0.2293621367400045 -0.4266853659643211 -0.1238249114756512
-0.2931656635377027 -0.3457718884950462 -0.2109400266641394
-0.1919520604574571 -0.4615699791970405 0.01037115182515147
-0.2348087372552948 -0.4362881436325983 0.06721244404271649
-0.2020843183898625 -0.4352971408060786 0.1402794620283301
-0.271851544736115 -0.4000449166671482 0.1267312205944634
-0.2991131021313146 -0.3553366120875269 0.185114138421516
-0.1447158051251591 -0.4762480202561304 -0.04738310826753917
-0.1175882575785096 -0.485430855287818 0.02301926180805074
-0.1739076216664517 -0.4577037011427317 -0.1013087414123937
-0.09991005701293655 -0.4818060729283144 -0.08877436903221278
-0.1850191783155332 -0.4340654355301788 -0.1653937765861858
-0.3621879996005535 -0.1692122735885737 -0.3003116038589503
-0.3264390514805354 -0.239533817184368 -0.2933617154530805
-0.2638527117200365 -0.2557105745709083 -0.3391074292471328
-0.282501173791854 -0.3038465038434661 -0.2790526633241962
-0.2305116956322332 -0.3619113118029684 -0.2566798795500092
-0.03990998969737309 -0.4971751084208235 0.03498720179005466
-0.08738200138543681 -0.483480464844286 0.0927956138393871
-0.05541431536688136 -0.4691669732922175 0.16374249547457
-0.1331668164437206 -0.4574207235728394 0.1517658744393629
-0.1698413990965765 -0.4203391538747062 0.2108764919871666
0.008790814430444282 -0.4992608837625069 -0.02571558916941459
0.03910329411703962 -0.49652166146996 0.0440133170791159
-0.02651913894144194 -0.4888546154808503 -0.101577065289732
0.05264923225158592 -0.4885077798020507 -0.09267258179305103
-0.05649252159403206 -0.4717498610916548 -0.1557583499012242
-0.2726289797648148 0.1419061668018266 -0.394380627333555
-0.2024505337735956 0.190011949535762 -0.4158235688466988
-0.2121718781407895 0.1206673720630387 -0.4363742424176869
-0.2284275845100857 0.06460261085609641 -0.4400537936496667
-0.200747641435613 0.2534099745366253 -0.3814233465106527
0.1119119927859924 -0.4844500035887964 0.05276267519263136
0.06323203016732017 -0.4828479507714271 0.1134000299680412
0.088199744393283 -0.4571089569374715 0.182406706500875
0.01527323089235859 -0.4686541719638369 0.1735799398519286
-0.03044645727109765 -0.4418210598038335 0.2320930079805435
-0.3888512332361432 -0.09464593334722016 -0.2997279862000947
-0.334453823045044 -0.1168315476709187 -0.3528328637178973
-0.4334940648998971 -0.07008606607071584 -0.2391042430390876
-0.4057598883446222 -0.01770534015312986 -0.2916255028981891
-0.466856302885983 -0.03651849296564379 -0.1752472314393284
0.1002371848151758 -0.4652008042937866 -0.1534298486760068
0.1353928021583337 -0.475064654284174 -0.07734573920761589
0.20537967866245 -0.4513388551596054 -0.0641281951697184
0.1578294906004968 -0.4744230551058564 -0.003551996736102058
0.1819166895403402 -0.4610512448045732 0.06586400937414137
0.07065085312749424 -0.4446695714516506 -0.217433735140991
0.153149272644782 -0.4310457607541311 -0.2018535420156569
0.009809040610842711 -0.4417075445241089 -0.2340902130221961
0.06291528349825874 -0.4079358368754433 -0.2821879162810935
-0.1221259699930935 -0.4413706705530883 -0.200691750275798
-0.04894618046197993 -0.449035165314909 -0.214410101741489
-0.05602368000595676 -0.4113217659283781 -0.2787036995666737
-0.2101039552439142 0.07312798810474776 0.4477818948401276
-0.1514279347474475 0.1054227019514872 0.4647102694059716
-0.193110390640091 0.1628786178365584 0.431484568528799
-0.200598536781347 0.2297401398269854 0.3962066319402791
-0.2161142610067843 -0.005695174072657527 0.450846083693508
-0.1404598262813699 -0.4006602827306223 0.2640878169155578
-0.2088278072815762 -0.3778986739444772 0.252157766362598
-0.2629562351690924 -0.3414127503115468 0.2535573945094136
-0.3229953454977361 -0.2977408136321579 0.2387978531822652
-0.2324212594616861 -0.3203326609473551 0.3055607050663263
0.252004779498306 -0.4178465169551751 -0.109077400860301
0.2739322819720546 -0.4168041559033863 -0.03514826475444333
0.1940585896986237 -0.3857189287263674 -0.2521153937909479
0.2236339843758468 -0.405734309820184 -0.1880625185062735
0.2931154641554349 -0.3723907550852565 -0.1594002829356852
0.2393606592052756 -0.4328438096159316 0.07316222592282899
0.1934200542176888 -0.4425820122028529 0.1292665660598286
0.3293912106602404 -0.3760450687725339 -0.00956747571940487
0.2834277933080257 -0.4104057451681025 0.03515409383781024
0.2945213475746147 -0.391840989984466 0.09857897539955769
-0.2983296613206233 -0.06152002866336969 -0.3965030885750834
-0.2716664276846125 -0.1360863689045703 -0.3970867062336014
-0.2385853379025026 -0.2011599841984236 -0.3906554713494215
-0.1946474602138382 -0.2654726708574422 -0.3763464192205346
-0.202097278807953 -0.1455863217324107 -0.4335450528178675
-0.3312730776681738 -0.2457307366715143 0.2826208645290205
-0.309773704835918 -0.2076558898121466 0.3330454671941283
-0.2588959967876255 -0.2314262524532597 0.3597426198308756
-0.2806336127588927 -0.1549500567562491 0.3837124643546611
-0.2494930992105764 -0.1029596350896101 0.4208948882898387
-0.4140747540628494 0.06015234500227733 -0.2737221098824825
-0.3698047775761676 0.03563999235088344 -0.3346254883105442
-0.3293868294907807 0.09270759418703753 -0.3645677146128863
-0.321301532379818 0.01501783640568051 -0.3828051591607315
-0.258976663100917 -0.004225441393250316 -0.4276835671546738
-0.4467850654037864 0.08274217447561294 -0.2086548295515384
-0.4103215607223711 0.1359510162929023 -0.2513036768041496
-0.4676099190456781 0.02971026150595884 -0.1745229611579574
-0.4644072264494374 0.1053464094045955 -0.1524075524608289
-0.4853278595055808 -0.01355196769386412 -0.119470552687077
-0.3689748004051938 0.1896198002971557 -0.2791091686082959
-0.3213975872689006 0.1628650190119475 -0.3466678186390647
-0.3119954244474388 0.239084334180346 -0.3090267565655167
-0.21053087227336 0.4187269258990549 -0.1741967661782088
-0.1436157522054899 0.4167815630075407 -0.2359399170455112
-0.2114442052844447 0.3882980147343635 -0.2334866159011724
-0.1989351848137227 0.3487780494080253 -0.2979574877298153
-0.2662192463285231 0.3509390389479784 -0.2365779022363299
-0.3056408624889761 0.288606074508973 -0.2707216225821572
-0.1662574441595872 0.4549402825558062 -0.1240475778464253
-0.03410791249988786 0.332846695734716 0.3715504372805681
0.0428828753074592 0.3171737825745662 0.3841378016450694
-0.1004399424376152 0.3482998400513988 0.344382112461287
-0.07745350192426115 0.2919770639746009 0.3984348744179408
-0.1705576335124036 0.3426733713014993 0.3216909297004089
-0.1205593543573493 -0.2685752177004974 -0.4041445218162303
-0.1458267281750457 -0.3231258080731617 -0.3525964797141735
-0.09334784065228557 -0.3726731305216316 -0.3200014350479735
-0.1674359465087704 -0.3695705836785598 -0.2922033324522512
-0.1775783385844228 -0.4104886403042443 -0.2235285436958082
0.1582090588802131 -0.3571669906868737 -0.3120923492364398
0.2281630025192129 -0.3307153537625243 -0.2976054419313365
0.08549214217772752 -0.371878444396865 -0.3231060448503417
0.1195155446609841 -0.3164563571658914 -0.3682002289430061
0.02452666050331708 -0.3674606476844492 -0.3381879881484263
0.2969958594347123 -0.2992192038674572 -0.2688146713175487
0.3621707487582502 -0.2559724211644357 -0.2308905982215498
0.3302712864066912 -0.3173220792383089 -0.2005681315741505
0.357407412187942 -0.3280857558231295 -0.1209118626896651
-0.09453090772554879 -0.2213614404791996 -0.4382499516868856
-0.04559580657671581 -0.2779958009914804 -0.4130851692493013
-0.1473138305366584 -0.1510921076423308 -0.4532877787243055
-0.07326113618305513 -0.1627615354720715 -0.4670561941522042
-0.1798385276808313 -0.08600402005744096 -0.4585427052037249
0.05387916935145284 0.2589548307229076 0.4243105357580315
0.1075457972564302 0.3010048118330023 0.3844866769419426
0.1953768024657896 0.3440671819733185 0.305688860358344
0.1619491659173623 0.3071178785798475 0.3597931020951968
0.2579424141574197 0.2875761449502375 0.3174360909446218
-0.1388502572568238 0.2515566644773793 0.4091941478280561
-0.07243371627873088 0.2349267922773266 0.4353880556656764
-0.03092314599566279 0.1763233819035811 0.466855249553665
0.03109415912056318 0.2145697959920711 0.4505473958603091
0.02462109916096174 0.4635221139820257 -0.1858522298110518
0.0971114719933579 0.4419609316284443 -0.21269672522491
0.1566791305380671 0.4239706323295654 -0.213776876616494
-0.08379189418089898 0.4509989862354454 -0.1989442959327499
-0.09676374353265513 0.4736126381518244 -0.127780463766632
-0.03659996161407075 0.475908383044907 -0.1489014901115184
-0.482010474034204 0.1301010182472449 0.02719610215365486
-0.4931570920670744 0.07938491162575857 -0.02222877302321476
-0.4831881198340785 0.1016467378873209 -0.07872217939103626
-0.4951634535951108 0.03009194536362749 -0.06251103141042424
0.01350681164839953 -0.2810475272659603 -0.41331568256816
-0.0123288589756829 -0.3270980971762984 -0.3779614187453563
-0.03456633682068189 -0.3656232100969485 -0.3393005107529339
0.02535029120501258 -0.1821435015717275 -0.4649528014444167
0.04245374760026983 -0.2378117186995207 -0.4377707913553309
0.07559855924332223 -0.2868588472678256 -0.4024883347185458
-0.2061972944045716 -0.0115965122438245 -0.4553550226845129
-0.1962471847523171 0.3043844747841046 -0.3447276228955184
0.3340167154272184 0.2563096829908255 0.269700167260525
0.3952641186212191 0.2244597009322433 0.2082885479041004
0.3039608162553185 0.2235456796648244 0.3280779652530664
-0.2041313071900135 0.285036837960992 0.3564890046412309
0.3800243548549468 -0.1899096953446357 -0.2636584861732865
0.3717565374002196 -0.3315268108601908 -0.04344019545386973
-0.2586857953715057 0.2621130540817135 -0.3381987672256778
0.4385717386325372 -0.2111948686355687 0.1142434135293511
0.4107288772214726 -0.2760090813842263 0.07155960040290942
0.3686504935666322 -0.3209949854994747 0.1051619364469411
0.3799274880483937 -0.3239272096580194 0.02694933521271436
0.4165932278258291 -0.2008563375440533 0.1900179312539904
0.3785974079710624 -0.2511701745677027 0.2087523558794551
0.3530630799009233 -0.3027864579951245 0.1834852104820466
0.3250967336720719 -0.3532007625370043 0.1398618428987286
0.3339067777926856 -0.282057493593804 0.2427958690993059
-0.1939920839525968 -0.08393021575135079 0.4531255788936002
0.1936593315729807 -0.2483494476125778 0.3883537242839752
0.1697391406444898 -0.3058531364926698 0.3572708818681792
0.1397818309718296 -0.3716884999305769 0.3038234664233827
0.2211331719535147 -0.3312213515113431 0.3023119854798625
0.2497256880306075 -0.3650522781125503 0.2331821497938402
0.2800525375435601 -0.2994208541488044 0.2862127326242025
0.1134396387248188 -0.2900349947461901 0.3911663970595635
0.1636290661272955 -0.4344243977411131 0.1857443710199055
0.1156036312511768 -0.4197591654514059 0.2458415006891252
0.220695524534257 -0.4053041699425038 0.1924110580963766
0.06434613432904035 -0.394410999802227 0.3004988156913715
0.01119239112118025 -0.3593138122837081 0.3475173588227481
-0.01297707178643723 -0.4074189100853647 0.2895538418199681
-0.08342867462980574 -0.4065608727112938 0.278833127568704
0.2798857205449355 -0.37452678526274 0.177182591006565
0.03513160858576133 -0.3021586519825928 0.3968197564515144
-0.04219326583948161 -0.3151587635520063 0.3858687368447585
-0.09401529736875903 -0.2676867757704995 0.4117097447696109
-0.1177766188506394 -0.3243519736100637 0.3618348591102959
-0.1740627058804613 -0.3168461026475836 0.3454138411508852
-0.1225877360326312 -0.3641989345584055 0.3198927680347216
-0.1441966435067879 -0.2093070022212881 0.4305785721822604
-0.1742386691722782 -0.1596496614383548 0.440627815472074
-0.1995276424303783 -0.2272429338369953 0.39818258240075
-0.2274644220564585 -0.2795129847483422 0.3466012522418151
3 1 0 515
1289
1290
1291
1292
1293
1294
1295
1296
1297
1298
1299
1300
1301
1302
1303
1304
1305
1306
1307
1308
1309
1310
1311
1312
1313
1314
1315
1316
1317
1318
1319
1320
1321
1322
1323
1324
1325
1326
1327
1328
1329
1330
1331
1332
1333
1334
1335
1336
1337
1338
1339
1340
1341
1342
1343
1344
1345
1346
1347
1348
1349
1350
1351
1352
1353
1354
1355
1356
1357
1358
1359
1360
1361
1362
1363
1364
1365
1366
1367
1368
1369
1370
1371
1372
1373
1374
1375
1376
1377
1378
1379
1380
1381
1382
1383
1384
1385
1386
1387
1388
1389
1390
1391
1392
1393
1394
1395
1396
1397
1398
1399
1400
1401
1402
1403
1404
1405
1406
1407
1408
1409
1410
1411
1412
1413
1414
1415
1416
1417
1418
1419
1420
1421
1422
1423
1424
1425
1426
1427
1428
1429
1430
1431
1432
1433
1434
1435
1436
1437
1438
1439
1440
1441
1442
1443
1444
1445
1446
1447
1448
1449
1450
1451
1452
1453
1454
1455
1456
1457
1458
1459
1460
1461
1462
1463
1464
1465
1466
1467
1468
1469
1470
1471
1472
1473
1474
1475
1476
1477
1478
1479
1480
1481
1482
1483
1484
1485
1486
1487
1488
1489
1490
1491
1492
1493
1494
1495
1496
1497
1498
1499
1500
1501
1502
1503
1504
1505
1506
1507
1508
1509
1510
1511
1512
1513
1514
1515
1516
1517
1518
1519
1520
1521
1522
1523
1524
1525
1526
1527
1528
1529
1530
1531
1532
1533
1534
1535
1536
1537
1538
1539
1540
1541
1542
1543
1544
1545
1546
1547
1548
1549
1550
1551
1552
1553
1554
1555
1556
1557
1558
1559
1560
1561
1562
1563
1564
1565
1566
1567
1568
1569
1570
1571
1572
1573
1574
1575
1576
1577
1578
1579
1580
1581
1582
1583
1584
1585
1586
1587
1588
1589
1590
1591
1592
1593
1594
1595
1596
1597
1598
1599
1600
1601
1602
1603
1604
1605
1606
1607
1608
1609
1610
1611
1612
1613
1614
1615
1616
1617
1618
1619
1620
1621
1622
1623
1624
1625
1626
1627
1628
1629
1630
1631
1632
1633
1634
1635
1636
1637
1638
1639
1640
1641
1642
1643
1644
1645
1646
1647
1648
1649
1650
1651
1652
1653
1654
1655
1656
1657
1658
1659
1660
1661
1662
1663
1664
1665
1666
1667
1668
1669
1670
1671
1672
1673
1674
1675
1676
1677
1678
1679
1680
1681
1682
1683
1684
1685
1686
1687
1688
1689
1690
1691
1692
1693
1694
1695
1696
1697
1698
1699
1700
1701
1702
1703
1704
1705
1706
1707
1708
1709
1710
1711
1712
1713
1714
1715
1716
1717
1718
1719
1720
1721
1722
1723
1724
1725
1726
1727
1728
1729
1730
1731
1732
1733
1734
1735
1736
1737
1738
1739
1740
1741
1742
1743
1744
1745
1746
1747
1748
1749
1750
1751
1752
1753
1754
1755
1756
1757
1758
1759
1760
1761
1762
1763
1764
1765
1766
1767
1768
1769
1770
1771
1772
1773
1774
1775
1776
1777
1778
1779
1780
1781
1782
1783
1784
1785
1786
1787
1788
1789
1790
1791
1792
1793
1794
1795
1796
1797
1798
1799
1800
1801
1802
1803
0.1226634561100166 0.04540202758120423 0.009238869393431144
-0.1964552681233006 -0.2763105224303577 0.1541407846277481
-0.3270485519707116 0.04149448836994566 0.06581753451202425
0.0574077205169009 0.2980591968007243 -0.1292073451338935
0.2950132646335434 0.000736364114518119 0.1499557166075394
-0.2278434765189706 -0.1036460624798369 -0.2248411266795685
0.2108364873908076 -0.1206357997066282 -0.1835921308824363
0.1402816279440778 0.2179227339544637 0.1542638072887599
0.02861732919518279 -0.05133867079639548 0.3195995940354031
0.1808459972266756 -0.2388603349281454 0.06984368106625548
0.04435573278900459 0.05875480844903773 -0.3367588518142029
0.2509317836513762 0.1911020851046955 -0.1219557688882509
-0.2705637231982412 0.1527758863983748 -0.169536402973864
-0.00284076238063081 -0.3257340189749677 -0.1300988403885178
-0.1800541887816511 0.2579848697991108 0.1064785827369518
-0.2318315706323319 0.09675746681810987 0.2634522308872291
-0.307113422755879 -0.1724252091166166 0.01691325255532161
0.3386245588391362 -0.1458977238140328 0.005617788913798654
-0.2566455237267314 -0.1072051888516547 0.2389586819099156
0.01016524651403089 -0.2002570159238717 -0.2748345652772532
0.1542004737154681 0.2227298004709539 -0.2736470205355179
0.1971169423230731 0.3308850247804135 0.006157693214583456
0.2170501616652586 0.07389031850314101 0.3008880428355633
0.2281637178536508 -0.1687959296814251 0.2428514580164065
0.1893135723590274 -0.308392900523407 -0.1263209839986198
0.3091730128675446 0.1821531775797117 0.09123605836759685
0.01971099334059582 -0.3693803102891143 0.06210681693449745
0.01573180654805769 0.3606224803427676 0.0727425662734513
-0.3731646429625578 0.006057284493576989 -0.1058517712567053
-0.1645461391558021 0.05102868380339499 -0.3333997066813836
-0.07868340743979074 0.2239885235745408 -0.2807930434880284
-0.3449854623856954 0.1893996170112056 0.01476430813618482
-0.003774668415367286 -0.250297523507827 0.2442895154547738
0.3511943277528905 0.03645671173748546 -0.07626946651108422
-0.01195600955367238 0.2099925882716437 0.2934583264955948
-0.1942931660630875 -0.3243888859396176 0.0120011192651437
-0.1665298527955534 0.3209732480916905 -0.1046695121940437
0.2170370991493483 0.01413730042627157 -0.3076787990809065
-0.1928327864210706 -0.2738997645224253 -0.170372262871043
-0.08559475427977477 -0.01036239721411686 0.12070563296473
-0.06355032880916411 -0.1685529597537129 -0.03042281961547467
-0.04728329301730735 0.07080742791308055 -0.1326558853209769
-0.04545243108538349 0.3466208775674791 0.2187210433057591
-0.1204222310198779 0.2857557266093677 0.2870157063124911
-0.1859846478680799 0.2861321242147545 0.2426966692949563
-0.07564540790975971 0.2188361682833962 0.1853243616343803
-0.1228897926048602 0.3527186256952198 0.1941758937834301
0.4089091090172812 0.0299087022105815 0.1089056425753106
0.2979189337854891 0.09481619153910816 0.1205120136181835
0.3921551196394952 0.1149500689252774 0.09136357411755779
0.4219418590744101 0.07954022673236003 0.02458504951369585
0.3361361087970396 0.1141523243705212 0.00887809251021281
0.3288666650268534 0.02547148076262357 0.03797579037021914
0.1462902439337204 0.05541373786942723 -0.1375373836213053
0.1309092053932424 0.1236684215534401 -0.21756236946945
0.1111559672366073 -0.01046902341414347 -0.2429556928083536
0.06124407191358116 -0.03219827518713484 -0.1414641580294618
0.008857092838413825 0.05752869200098385 -0.2371819110352235
0.2447893965779443 0.04557846929732263 -0.03606936878918088
0.1573485318642937 0.1364883883937975 -0.04620711688817111
0.2852351751421788 0.09809451914686927 -0.1173811538377971
0.2702041364524507 -0.02546272047534656 -0.1368709647358806
0.1512711703415938 -0.04620397750266192 -0.0708222770616575
-0.2875395040477717 -0.2920679167980225 0.09142506680590347
-0.2575362615070492 -0.3164964855896658 0.1842140900151137
-0.2926796953111633 -0.2558178791733166 0.1879900088655801
0.2120237319896205 -0.09135022768969991 0.1130798893636096
0.2570419679343036 -0.1813265748514439 0.0305644251488618
0.3259398543568802 -0.07032207757826583 0.08447668947872521
0.2566424763611312 -0.08431206038115022 0.1992588682978707
0.3027529902221655 -0.1556983673451803 0.136564930512413
0.2193562571575264 -0.2076825900006788 0.1616747343329022
0.1272794391498501 -0.09048764766011189 0.04946807703224135
0.1497996224091844 -0.1576250628355468 -0.04513837825110012
0.2386526945509873 -0.06434882842815934 -0.0001789585288267366
0.2699581865081683 -0.1381320112600456 -0.08757904951412619
0.3386577527913381 -0.05717099224501596 -0.04430626029917959
0.1307279817316161 0.1247807816883339 0.08090109205239537
0.01065412150377061 0.165616759065865 0.07593766981880298
0.02167100583847259 0.01974791150507124 0.07111833312168961
-0.0970618794162204 0.1192869564799525 0.1047365824782626
0.02292132976934917 0.09930533793231647 0.1464381855543745
0.1498684109208813 0.2363965734408016 -0.110547257415358
0.09217324243014238 0.2400453654974014 0.01675612689581218
0.1855641340777236 0.2244653328321882 0.009947975260423417
0.2476414140015241 0.296266038598713 -0.05952010433162459
0.1632506927405331 0.2976339717530728 0.07539503628097026
0.1299897210205091 0.3154325584356601 -0.04207724632317355
0.02324083716689567 0.192060959661555 -0.04237781465512486
0.03521082622063992 0.05866146762007402 -0.05469809227882121
0.2315343765859809 0.1129182462614054 0.04883006924572654
0.2315395262122606 0.2072266844970366 0.1288311625447341
0.2749174418255673 0.1834857952609445 -0.006827384933251135
-0.1702858560334631 -0.1239177748042869 -0.3671552890287815
-0.113656804242333 -0.1381704955972586 -0.2619779364475766
-0.05386043485507785 -0.1433423929499186 -0.3789662390025976
-0.1563761715005349 -0.0579307191298362 -0.3959598987846797
-0.09356808487946065 -0.04340009482710007 -0.3069587744348748
-0.1965477138975611 -0.02979202920146076 -0.2890089625312368
0.009663995419891085 0.279487333607176 0.1852067695777815
-0.06000271311831748 0.2827416911004055 0.07516912266294576
0.07339960402973102 0.2889591176478154 0.1182101269705433
0.06846734560839081 0.1988529049158218 0.2298980534871637
0.07899783984434247 -0.2171363066908312 -0.1378482936111473
0.07150764440488205 -0.2497343416264027 -0.04094447763674663
0.04894994618464436 -0.1319843253888071 -0.1002154599173059
0.04207527964969628 -0.1767179552176332 0.02680463378156692
-0.0281976398424462 -0.2406027381977893 -0.07873679695387509
0.02677116013547403 0.06646485406360994 0.4088449921755191
0.1231688580298087 0.1063821566528134 0.3929064161474766
0.1358207660489136 0.009568731673658525 0.318145051073582
-0.005621122656947635 0.08357855098796425 0.3043239096052854
0.09334255668849693 0.1187919253880769 0.3146569507411039
0.04684569912377098 0.1694397851491367 0.3882248238533426
-0.348012259256294 0.1601692566676829 0.1234002099332335
-0.3144034247240398 0.2278911789287317 0.1619615060551761
-0.2188808851206837 0.12076317772946 0.06425438609759858
-0.3256298295101852 0.1181763341057098 0.01802970390105761
-0.2729760853857865 0.2146327144863266 0.0486887638221527
-0.05374586156369948 0.1070815330136756 0.2114938627612402
-0.1574292114855269 0.05414134635819281 0.1919631133783764
-0.1255527746693087 0.1521259593328627 0.2744383605249734
-0.2032724418082085 0.1664181437493981 0.1770887028219317
0.1707982222396023 -0.008504098878660365 0.2104386587788896
0.1489696361182057 -0.1074065553583042 0.288881771043407
0.1181750630095939 -0.1144925677890572 0.1807424744276459
-0.3330628362453867 -0.2071141124116265 0.1383665961286612
-0.3464692894098841 -0.2446333096786209 0.0565103209523931
-0.2399500133011401 -0.2107407614493068 0.09391451791575865
-0.2687115297640347 0.06289249396596767 0.1662800667389856
-0.3235190873035935 0.1608565503681386 0.2136298220030017
0.03557550393371878 -0.06212147079432452 -0.01675182555402304
0.1439227544773786 0.3621420584240005 -0.1516031761981778
0.0864577879464284 0.3782257582388467 -0.2026590896604559
0.1421334382641357 0.3263127655186076 -0.2660469324893082
0.1119685465482026 0.2558733566596638 -0.1989298992992046
0.1840987887742449 0.3220762987702215 -0.2131952110685742
-0.3808333056016421 0.07093795261850316 0.1668451106087458
-0.3411426850356823 0.08017428933043573 0.2465344057800533
-0.3227954255564848 -0.1798682962431366 0.2237848342020534
-0.294643971824906 -0.1275339343687908 0.1266054801105402
-0.2261216212747894 -0.181072810139847 0.1805606856205691
0.3710565806922493 -0.2094983796512086 0.08468111124526152
0.3104039720282994 -0.2670816118817899 0.08256528911396943
0.323946617637887 -0.2469949849416514 0.1622732010534908
-0.4119395646762137 -0.03890763586477049 0.03016570652816069
-0.4072347517408356 -0.005537561190818041 0.1228657907960948
-0.4188445393447776 -0.1180756587250721 0.01320975946416601
-0.4078893389917456 -0.08629262341547211 0.0998959684588243
-0.3168416111708808 -0.07151185238571918 0.0344681322991625
-0.2031109342024589 -0.3221905415858394 0.2255009387488582
-0.1938850976099739 -0.3633444588895819 0.1641363559195411
-0.133053913111313 -0.3530027252699078 0.2111456344012178
0.2158384175966878 0.01366444532905694 0.07898598509156231
-0.2382329443001584 -0.2419162762726004 0.2567041930109507
-0.1581834060983682 -0.3010019468227564 0.2820143918039173
-0.1289735075087894 -0.2001114105726125 0.2919258176467745
-0.1167560246223182 -0.2567580009604894 0.2033498915072373
0.4316304588640289 0.01388897561321573 -0.0194225373797384
0.417981579963121 0.1485187759959801 0.01120471986831255
0.3850829609723024 0.1878196563524686 0.06393513307876071
-0.05926728378564741 0.2892961878506893 0.3307196710637257
-0.3846434133909703 -0.1650042307754166 0.08322981042757881
0.3447704948151892 -0.1351255079639994 0.2200468971288319
0.3797417307679005 -0.05871455853646458 0.1831031960942156
0.3790585109819445 -0.1536679234276568 0.160977218861492
-0.03863653344502582 -0.1969062426064527 0.1111396665855568
0.07085912782550331 -0.2226165584699787 0.1476160902497527
-0.09031244803774863 -0.08735564330504313 0.03376664127944676
0.02265168169135058 -0.0913950864414047 0.1053395813980437
-0.0415305709642356 -0.1302140536536541 0.1932038457081925
0.1093761566364854 0.002861630483472587 0.1259107985041963
0.2250695373848736 0.3086136453028855 -0.151297630144555
0.3118968248204082 0.2815665134228096 -0.1211721316056019
0.199521836447655 0.367430803793669 -0.09033689567780717
-0.05489276787328244 -0.04851520437974469 -0.08800489252740126
-0.03641620763496944 -0.173415926946482 -0.1583091854888098
0.1186290308051086 -0.1490835200131699 -0.2542076926414683
-0.02491403264578322 -0.06236745487285167 -0.2062583170886822
0.2597010482119604 -0.3088177647164984 0.151923123384454
0.264313194209335 -0.265635412151198 0.223436201505556
0.2087852379124799 0.1107077943035604 0.3789629428599749
0.1738751616594644 0.02086767230089881 0.4007840023495791
-0.4372321301735766 0.0267049515935622 0.05785054676417312
-0.08358919712318215 0.1367284027116309 0.3872952302066509
-0.1271722811116053 0.2127718313351307 0.3517630869959008
-0.2123348923721841 0.1888518708755035 0.3177305309784179
-0.1759013126230017 0.09685775834287676 0.3682444494075945
0.2417515038273693 0.2369388816575379 -0.2129333377690673
0.1990723770138021 0.08830531707781232 0.1510385854774655
0.08701951736926777 0.07854295923689589 0.2148652727053295
-0.01231719891818796 -0.01309040247431954 0.2073206983225346
-0.03636164280942867 0.2234689104319024 0.3787448774367185
-0.2514234252890442 -0.3467903869298955 0.1242862037625986
-0.1881612481158189 -0.3073125557337973 0.082365248735267
0.4240906472843232 -0.06578545805339646 0.1104372254072206
0.4063932183062438 -0.1384891832264117 0.07423002025297137
0.4184354579635783 -0.05774166540416859 0.02123745133700048
-0.2638191364132376 0.2466081893126927 0.2302715498036538
0.2158177942783145 -0.06537016151043708 0.3708266627541902
0.2659796821538031 -0.05814669270110884 0.3012345998244832
0.210942789252919 -0.1549269381664155 0.3423219854440482
0.302112146377511 -0.1436484669108858 0.2838691928759416
0.3701055862720161 0.1867521807516974 -0.07565711305927598
-0.3748982478606334 -0.1172358007799966 0.1677854734885197
-0.3659354446898692 -0.09284400491606355 0.2392259121638428
0.1335424436943205 0.03820351241915057 -0.3242341101802376
0.2240940674084537 -0.04594293893284621 -0.2533062587714316
0.219236818208541 0.07681385528290031 -0.2180210930520897
-0.4490000027536897 0.02329734885539272 -0.005253183678662795
-0.4363155303028481 -0.04651540967264974 -0.03587149973348555
-0.3665411012655677 0.02303632567009346 -0.02043637549195624
0.03465644791128789 0.1698973893401886 -0.1625521371066698
-0.09829162911205468 0.1529190038039366 -0.007216350481415664
-0.2266372634531502 0.01606755463738789 0.3649691582805848
-0.1233170804372165 0.01555047821167941 0.3039485413516527
-0.1588348248456501 -0.06042068992973733 0.3977594354488737
-0.2325380012537375 -0.07468065509768913 0.348260705846975
-0.1276104687183659 -0.1146148078566685 0.330833629451519
-0.2394379957417903 -0.005603079273548665 0.2525414445074957
-0.0627583678810678 0.03686509091417407 0.00703994671757224
-0.1557807099631128 0.0471137915306163 -0.05713598553714261
-0.1895196629591609 0.01618988450039818 0.06515496516696388
-0.4107240350241467 0.1142843532718178 0.08745831929146486
0.2561136549622469 0.009013204406384676 0.3605278655236641
-0.1253573841899315 -0.237598023184938 0.07832309687482811
-0.1425925691359459 -0.1590111408625053 0.1335323001559792
-0.08334751370888548 0.1526730205416006 -0.2157290156972338
-0.1242036912700941 0.2639586643283509 -0.1894575169524008
-0.1030123049066127 0.2064524601987236 -0.1142798877385783
-0.03892518418354832 0.2971489052634628 -0.1240572306292693
-0.02339083777458263 0.2559046202219247 -0.2140856722196233
0.1853490672321698 -0.2649220958204372 -0.04701908335486003
0.1994613645396918 -0.2238681804289303 -0.1529892472685313
0.09483084615210916 -0.3108112512705233 -0.1246521207653138
-0.05215855377996272 -0.06284381060348773 -0.4171272925770521
-0.06635326464820714 0.02841531250288879 -0.3665789136510743
-0.1348269237495239 0.01120164402840045 -0.4233232578760626
0.3118074851072473 -0.2037385559141317 0.2229863322923172
-0.304742175245307 0.1340174251989315 0.2942399408398776
0.3266307352962746 -0.2099074515085393 -0.1554968627400056
0.3488091883644702 -0.1356940991311062 -0.1964518974923667
0.3732468656624444 -0.1853148957813275 -0.08624270999209065
-0.1393643760393992 -0.1223391112626002 -0.1309432088106866
-0.1379091916446259 -0.02362705258115893 -0.1789257226917769
0.02681840687618552 -0.1608866006984093 0.2792522710715628
0.1419846133637827 -0.0920946816196125 0.3875341695958936
-0.3001252550017167 -0.03426039076986258 0.140095371065089
-0.3566968470967301 -0.009627164441049786 0.2205181228211174
0.08687258102981898 0.3979330342731257 -0.1036883674412768
0.150643245268054 0.4032038860498721 -0.02891611219489684
-0.2003924596586447 -0.1829612053316869 -0.335979883082522
-0.1103472082682689 0.05340643329444633 -0.2469842644808016
0.01820471074950805 -0.06034087999113238 -0.318563807752841
0.3706498769797488 0.02038091613723774 0.2262612300852193
0.3374633687224826 -0.05536225814781886 0.252562796640374
0.3185469490482492 0.01947656825218618 0.2960779832820699
0.2730299861136048 0.04074429585877035 0.2232194851744972
-0.2600902477702738 0.07767219595411536 -0.0524791252850651
-0.2096112007036719 0.1691569755202528 -0.03805820573568746
-0.1639704195875456 0.1148262767164571 -0.143942055531861
0.2212641438134117 -0.246149671637529 -0.2470259703412848
0.2474172492669806 -0.1893509481411093 -0.2957840051014199
0.152945676163993 -0.2688256079934557 -0.2925663018747852
0.1730163846761893 -0.1794326376310162 -0.3522036664141663
0.2921276426647617 -0.2465715283135504 -0.08886007446338857
-0.2374721577906744 -0.246288848512684 0.01754584488204022
-0.2814463308814562 0.303557315526083 0.1321995419716238
-0.3419302756252728 0.2587929813004696 0.08796817534041786
-0.3557990334286573 -0.2094361643382972 -0.09633988548599656
-0.2663894432563808 -0.1363192250578704 -0.1004981158419997
-0.3124405790950652 -0.1834698277082379 -0.1913315194835319
-0.3794077369955435 -0.1376070582316116 -0.1535805981220504
-0.3143194195252185 -0.0615880951782715 -0.1591154210334819
-0.3730155732171441 -0.09906207296073474 -0.06026693742074491
-0.418486448988714 0.08843162144301815 0.02285062327359019
-0.4174906380183429 0.1558229357046124 -0.002001548003966391
-0.3320476337493127 -0.12250761818837 -0.248964417157091
-0.3846748996381861 -0.05735203014032383 -0.2009416905551542
0.2278700825743225 0.3211214689253253 0.140317024842003
0.2945108572787053 0.2990550964778757 0.1065341523792857
0.2825074756274041 0.2756449629079283 0.1928169352450682
0.2230811228337319 0.3007487035210801 0.2197920988965392
0.2990873886844441 -0.2075893217106002 -0.2305948587229699
0.2803410260346115 -0.2729117994227969 -0.1897785378220146
-0.2410253021781041 -0.03523770457088516 -0.06526053417463593
-0.2393574310273063 0.02634509044363978 -0.1882088956485604
-0.1717263670101441 0.1947074185249639 -0.2308829690081161
-0.2132264862314401 0.2322556047507716 -0.1308218669277248
0.04281317669668349 0.3685949805081505 0.2100975356379122
0.09855533408564131 0.3195170080694568 0.2358980527556596
0.02212341511976248 0.3175694888528474 0.2894583601666447
0.3779487385543849 -0.06543470181220078 -0.1529172076609575
-0.1732365961382558 -0.06353163641761161 0.1885539108759295
-0.06528414055535693 -0.3434319933309611 0.2578297559864787
-0.178154734399739 -0.3884619183043077 0.08230159327259066
0.005401370624090259 -0.2708471107280879 -0.2031114644002846
0.1659937574516462 0.3448765649647145 0.1811055681986824
-0.001649927693695355 0.4034804798875163 -0.08663991923978952
0.07134859790933307 0.4186066605871043 -0.02428174842277585
0.03439052332668781 0.3160938686603315 -0.02086005974169377
-0.2690150619308289 -0.1128480420939217 -0.3212810429361617
0.1752236428704862 0.1280478980633445 0.2367060167738658
0.1935143059412133 -0.3212042792420359 -0.2199707659263249
0.1168965868001293 -0.2671101930649623 -0.2079869416239208
0.2226597759003134 0.2718125286515227 -0.2716847271781823
0.1034665428069146 -0.3486118264676603 0.1829255136186786
-0.01609949339311216 -0.3121495779989349 0.158423113360512
0.09665444095338947 -0.3030977313067977 0.2609608597012769
0.1765369828049242 -0.3029522954819864 0.1930266810309535
0.1122561426530407 -0.3152695024240188 0.0636111041247277
0.1091599959878668 -0.2350811547435152 -0.3551689509686744
-0.2578621271139801 -0.04932882393253595 -0.3585091021408964
0.1368577883095962 -0.4089053231622429 -0.00492845729419918
0.1107826389925999 -0.3458756376862062 -0.0406276372967881
0.2025123783890251 -0.3783610413609549 -0.08338506735793028
0.1214008958741551 -0.4002421614468853 -0.09533781410772844
0.05825277692511315 -0.4306643964319808 -0.02098518178707485
0.08680601878051121 0.1559687961780561 -0.295947331369362
0.1917791089512118 0.1239846394425271 -0.2897596750484096
0.09014393219472008 -0.4296028178765485 0.06961038703040132
-0.117338210198621 -0.361772344221788 0.1276901812177982
-0.06225272971944257 -0.393107082181695 0.1887683034615606
-0.07718895951742372 0.3568477631587076 -0.2135197921786495
-0.1351497590404831 0.3976758044856771 -0.1635561163964576
0.03413177061368228 -0.4088008426836295 -0.09846736311359307
0.007280472692785987 -0.3342443516945416 -0.03320960514166087
-0.4212112603498596 -0.05984509236168337 -0.1185060846384083
-0.1315053304980471 0.3036547046495463 -0.2705880176460805
-0.4352011023154188 0.08275119554839233 -0.04292686014923936
0.2454826364377034 0.3546822075341974 0.07232746863832783
0.1767266035925945 0.3921168656069922 0.06850363863229167
0.09673782701788043 -0.01576392105694829 0.419271009879593
0.1513897595241504 0.1903749911492191 0.342636322605924
0.2249736856563594 0.224420173076221 0.2716034794958313
0.2557629600126416 0.1596514823219302 0.3103167198698741
-0.3193658527686911 0.06984976146116412 -0.1295242407330143
0.006426730208534067 0.006411094672443685 -0.4348104722274864
-0.3819149483934196 0.1230052626763248 -0.05871133154300739
0.2531395515274563 0.2689237830219545 0.04415570522185704
-0.2441235563964346 -0.3715793659440262 0.05219208335944469
0.1073656940414936 0.3504801895410843 0.03849213605135069
0.2832337012217408 -0.3024611360137307 0.009916990593111253
0.354586219205074 -0.2554325009874751 -0.01097945341044273
-0.113704683292609 -0.2117776736563242 -0.34718264975406
-0.1804755078993716 -0.2479464844160737 -0.2873285815012571
-0.2087585927881658 -0.1916138541412824 -0.1988647962760854
-0.1055155978432056 -0.2416258610501895 -0.219981568460706
-0.0733010131177526 0.4006420124559307 -0.126370979966151
-0.073329587795325 0.315683987864873 -0.03629351943148654
0.2843795285412074 -0.3236333156635715 -0.07008017546947973
0.05657263420382801 0.3133716054233 -0.276507150903877
0.2440117849482603 -0.3555341175974391 0.073218445795132
-0.3019955359665739 0.03784946653460187 0.3140023054016881
-0.310865633587231 -0.04650637180601316 0.301874946114832
-0.2029125605401682 0.352028675562167 0.1698929706336368
0.330379525856166 0.03906249102463349 -0.2284545798395447
0.2980768743346982 0.1580488389141144 -0.2429415990540047
0.2873763920079633 0.07954888503722525 -0.3106699142595299
0.3254109984323528 0.2642315023529734 -0.0369934526674925
0.2929266024238521 0.3264742854979156 0.01062966431294419
0.3480655802945993 0.2554209285844349 0.04293828471901482
0.3572694886468116 0.1581263218500381 -0.1826288741189358
0.3917053487210539 0.09031984003398609 -0.1651696597219625
0.4274516568365913 0.101287321320568 -0.0522286361566531
-0.2757532149844271 -0.1900726140440941 -0.2725666268265717
-0.3016708750599469 -0.2612679998115547 -0.1656745625570811
-0.2569336146249184 -0.2579211770296893 -0.2451952521924296
0.1684907148271799 0.2833808265944938 0.276422418217921
-0.3030698293158325 0.1514592124147093 -0.2759093295535855
-0.2574384407416291 0.219418745139588 -0.2765567366097079
-0.3153377199394129 0.2177073024895152 -0.2275678697878477
-0.07614197042070056 -0.4042883961280646 -0.08435929592859856
-0.03972767837157986 -0.4282459981831027 -0.01462438921755891
-0.1036442521409216 -0.3462144301528862 0.02197670875729348
0.05710082378315898 -0.06557685793955725 -0.4111047105434912
0.06005620706832988 -0.1567568693935692 -0.3822965824966074
0.003967792028307333 0.3717973013075433 -0.200859491912623
-0.2570600142755263 -0.219277185759794 -0.0915869135055408
0.22760895919322 -0.1245071299436147 -0.3246666775111415
0.3037424292969687 -0.1222586876014681 -0.2809945225664269
0.2302155553008768 -0.064678568579307 -0.3632478074102296
0.2989762182495816 -0.04672941822524367 -0.3108605344985284
-0.07042260474620725 0.4154245527024261 0.001099403490169773
-0.1472315788142411 0.4002051259924715 -0.06202835190382574
0.1062425760678965 0.3832426894796839 0.1463531203795417
0.2127866690242594 -0.3610917180907107 -0.003038282138810887
0.08816235373493374 -0.1711551375737881 0.3753830240597061
0.1190377665453541 -0.2291610278075373 0.322848312453198
0.124284193257272 -0.2101389331330429 0.2324343509131997
0.1950696972435852 -0.3630103204842025 0.1362555517528963
0.1267726193621748 -0.3973655498004933 0.1321544752997788
0.1462699481824638 -0.07462062741983644 -0.3605357370894254
-0.1539184866248987 0.3845714622990963 0.0271535837265391
-0.1833036052915228 0.2824100591156698 -0.01142867791520982
-0.2134312525432654 -0.1635830112939682 0.3379394373117968
0.03943052641446242 -0.4080351641704779 0.1543278091946982
-0.1372727150906172 0.3919348341028422 0.1093040035350707
-0.05347678096386499 0.4137770346548083 0.112467955760403
0.04064697718602982 -0.2981884601743335 -0.3035470411820577
0.07240089293918532 -0.3435967156056394 -0.234712883409063
0.05589023272961161 -0.1091624174142359 0.4205564572794392
-0.3163961555873224 0.07823936409973907 -0.2527101834723455
-0.3085574006607593 -0.04032751020101611 -0.2694266401522314
-0.2789306691278492 0.02514604531406286 -0.3125069133652767
-0.2095107651679379 0.1042869267653319 -0.2545329877827769
-0.2270737890816782 0.3604840873484696 0.08017947169381459
-0.2266508197489189 0.3730156460472389 -0.01274399924681833
-0.3043447401049678 0.1683801678053639 -0.07254583668601858
0.1720678363996963 -0.4012885008905455 0.06465073149413018
0.08079146632908221 -0.3945237659032761 -0.1729514260408251
0.1566047443771743 -0.3715978177361821 -0.1675347937077269
0.3375093811874453 -0.05540108980346427 -0.2386447591694057
0.3649432296971348 0.08392542820775231 0.1801110942254004
0.2519326602722111 0.1811963596460688 -0.3113023068424254
-0.2156496818541342 0.162554408250046 -0.3285353303220672
-0.1687997407977964 0.2338210646048665 -0.3225249710834091
-0.1194787981126887 0.1424827070449845 -0.3401882331686925
0.008471210798595101 0.4429257753684752 0.02876663509424154
-0.3602925157466229 0.02620102289642248 -0.2131174709908093
-0.2410548322048704 0.2742295010543808 -0.2159798157822276
-0.02536418874168312 -0.2718752572620183 0.03612395082939873
0.04470358472658737 0.2536067544102381 0.3650372617122917
0.02934524805184589 0.4207372078289975 0.1447465054669335
-0.2619400957629495 0.1012021257174529 -0.3365170531903213
0.1901043647264422 -0.2730649771637721 0.2692863305646396
0.366872756273553 0.1619577202292638 0.1696205232569432
0.1081850357453054 0.02601176538892586 -0.4198392922577279
0.1862823477807703 -0.002010897001112005 -0.3978498936642928
-0.09638569925807494 0.02560591974003797 0.4035506395137783
-0.07705494464335398 -0.2981744025418219 -0.2948088508057422
-0.03470842022087283 -0.3564846979642035 -0.2305772077988056
-0.1047716448160018 -0.3071353117290902 -0.1471966905131286
-0.1158996852163371 -0.3442059613075619 -0.2334005928201432
-0.02694499208413451 -0.1691508366099401 0.3870496497296527
-0.009202776946967856 -0.2455839498061246 0.350786208117396
0.2614243232890368 -0.3332364574978224 -0.1486474469186898
-0.07298756935797983 -0.08800331763119106 0.4135394320005131
-0.08468656944241276 -0.2832086845555977 0.3146981891356475
-0.1099653016246788 -0.3165903034453306 -0.06025001770296277
0.09444833827809872 0.4239267477379146 0.06606846641717662
-0.09737196135200291 -0.4224453320851965 0.06667685789088634
-0.156553908451509 -0.4121700419838054 0.01047958765185584
0.001184030628078348 -0.4049754945066846 -0.1824039054516705
-0.3834715723889523 0.1373549934529476 -0.124182238975567
-0.4123706791362327 0.07672935796175158 -0.1320518947596278
0.3328099534065504 0.1055476462079437 0.2636590050077607
-0.3658051118762219 0.1427911615075061 -0.1963760521525219
-0.4443966245038948 0.01477109515855578 -0.07689640672424586
0.1272673820415376 0.1176040273170541 -0.3871481337659839
0.2082331960437378 0.08484774533161006 -0.3649330442563515
0.1800471073293517 0.1696059841708696 -0.354883367944925
0.1093716474358827 0.2736905024930276 0.3205891554521987
-0.038061064444512 0.3117037206540557 -0.2995118808847954
0.03468999290887697 0.2313178532325116 -0.2926046872170153
-0.02709807445298288 0.08778781927602852 -0.4157091257261202
-0.1086444352257585 0.08979964775999696 -0.4138878698258662
-0.2806431496725095 0.3077930559124177 0.03654104199799387
-0.3484437751847833 0.2723404076790454 0.001260906952968445
-0.2848896554426306 0.3265958140979009 -0.04660539051790909
-0.2964935934231911 0.2538085201717211 -0.06610413283198019
0.042580276113268 0.1671672167724559 -0.3821561818839274
0.09917390662484178 0.2296506562774104 -0.3564616660123172
0.3322011511786996 0.2271088243154316 -0.1823446971091908
-0.191708085583309 -0.1630402186380743 -0.01034423214679493
-0.1460328260236726 -0.3948957968389427 -0.1217238467236747
-0.1900295962508506 -0.3807571329671045 -0.04421812183097965
0.06157296627221085 0.1025021666775852 -0.4261215057523165
0.02723763606252131 -0.3653218531157941 0.241658067289813
-0.3266577837583483 -0.2654749481915669 -0.03166714887255746
-0.2828176848241999 -0.3071121158866717 -0.09991768793364993
-0.002110704776922269 -0.4449690519321277 0.05299233994863756
-0.1909054891516619 0.3411509676574478 -0.18776602552862
-0.2546257375401307 0.1007761175407432 0.3484423486410394
-0.3728222333048384 0.2021691510015921 -0.1134581524712612
-0.3147386719523375 0.2416612003369619 -0.1567182154289161
-0.382402970236886 0.2176802355155059 -0.04374930049286062
0.4159698877855317 -0.1237350501909597 -0.0489638867126581
0.2835627132479146 0.1615997646863842 0.2125921667103908
0.4292229029377965 -0.05278982321654496 -0.09043736746557812
-0.02355050769694923 0.1453770867847256 -0.3050067177676107
0.001135615194284477 0.2307430711231396 -0.3653281382013202
-0.05638641924650833 0.1684496477542026 -0.4050675614580722
0.001666635093973613 -0.02146157086033691 0.4348857080479686
-0.1793017700469105 -0.3130486873387372 -0.2519132887047237
-0.2770375550713252 -0.3290578301082605 -0.01041744268239995
-0.2037199536844218 -0.2805519624484085 -0.06296465278095176
-0.1430102330639494 -0.2156063984115395 -0.1041025810545525
-0.0875621063873116 -0.3906192958753101 -0.1742066281512306
-0.05105997556096134 -0.4243941426108284 0.1267416571514791
0.2859130855793846 0.0882612658526037 0.3345886196245625
-0.270825544361221 0.3123685964794284 -0.1385727431797213
-0.3931265831870048 0.2143886493976852 0.05318987640888061
-0.28665309717823 -0.1413781579303713 0.3081925962259953
-0.20979098571317 -0.09957629806466481 0.08260064943419666
-0.3933736487454702 -0.1994559924727439 -0.0151513832655127
-0.21013772718851 -0.3547647431813218 -0.1154650444704701
-0.1733760587275988 -0.3594504564588362 -0.1897874385580266
-0.2519815175950828 -0.3218613450398266 -0.1826452911279783
0.234436024988221 0.3813694012640767 -0.01905737599258017
0.2095794019850495 0.2271612803632879 -0.3320925644961776
-0.237058570374095 0.3723289358815493 -0.09200404581969777
-0.1348336206874038 -0.2560038582608082 -0.007168499691229397
-0.02391858013169266 -0.2426381110852292 -0.3612623338986305
-0.2258761090896683 0.01561424101620191 -0.3776762258720139
0.2625514125199118 0.004788174230331413 -0.3637507850385239
0.2468490228953996 -0.221217260310807 0.2990107132169836
-0.1809008461109118 0.1063609252388215 -0.3920866576734544
-0.419044877321872 0.006011840033117326 -0.1670868180176467
0.4028452282482832 -0.1894194857141677 0.0003016459007055599
-0.08494839898659642 0.2337565745865395 -0.3590738889422063
0.1553381047304971 0.2640784514127337 -0.3286506933326935
0.4181327100817357 0.01477296775289124 -0.1325389686348131
0.3364744611148694 0.2422642818801406 0.150085489554217
0.01429383381168062 -0.309785019292788 0.3075477030739666
3 2 0 540
1804
1805
1806
1807
1808
1809
1810
1811
1812
1813
1814
1815
1816
1817
1818
1819
1820
1821
1822
1823
1824
1825
1826
1827
1828
1829
1830
1831
1832
1833
1834
1835
1836
1837
1838
1839
1840
1841
1842
1843
1844
1845
1846
1847
1848
1849
1850
1851
1852
1853
1854
1855
1856
1857
1858
1859
1860
1861
1862
1863
1864
1865
1866
1867
1868
1869
1870
1871
1872
1873
1874
1875
1876
1877
1878
1879
1880
1881
1882
1883
1884
1885
1886
1887
1888
1889
1890
1891
1892
1893
1894
1895
1896
1897
1898
1899
1900
1901
1902
1903
1904
1905
1906
1907
1908
1909
1910
1911
1912
1913
1914
1915
1916
1917
1918
1919
1920
1921
1922
1923
1924
1925
1926
1927
1928
1929
1930
1931
1932
1933
1934
1935
1936
1937
1938
1939
1940
1941
1942
1943
1944
1945
1946
1947
1948
1949
1950
1951
1952
1953
1954
1955
1956
1957
1958
1959
1960
1961
1962
1963
1964
1965
1966
1967
1968
1969
1970
1971
1972
1973
1974
1975
1976
1977
1978
1979
1980
1981
1982
1983
1984
1985
1986
1987
1988
1989
1990
1991
1992
1993
1994
1995
1996
1997
1998
1999
2000
2001
2002
2003
2004
2005
2006
2007
2008
2009
2010
2011
2012
2013
2014
2015
2016
2017
2018
2019
2020
2021
2022
2023
2024
2025
2026
2027
2028
2029
2030
2031
2032
2033
2034
2035
2036
2037
2038
2039
2040
2041
2042
2043
2044
2045
2046
2047
2048
2049
2050
2051
2052
2053
2054
2055
2056
2057
2058
2059
2060
2061
2062
2063
2064
2065
2066
2067
2068
2069
2070
2071
2072
2073
2074
2075
2076
2077
2078
2079
2080
2081
2082
2083
2084
2085
2086
2087
2088
2089
2090
2091
2092
2093
2094
2095
2096
2097
2098
2099
2100
2101
2102
2103
2104
2105
2106
2107
2108
2109
2110
2111
2112
2113
2114
2115
2116
2117
2118
2119
2120
2121
2122
2123
2124
2125
2126
2127
2128
2129
2130
2131
2132
2133
2134
2135
2136
2137
2138
2139
2140
2141
2142
2143
2144
2145
2146
2147
2148
2149
2150
2151
2152
2153
2154
2155
2156
2157
2158
2159
2160
2161
2162
2163
2164
2165
2166
2167
2168
2169
2170
2171
2172
2173
2174
2175
2176
2177
2178
2179
2180
2181
2182
2183
2184
2185
2186
2187
2188
2189
2190
2191
2192
2193
2194
2195
2196
2197
2198
2199
2200
2201
2202
2203
2204
2205
2206
2207
2208
2209
2210
2211
2212
2213
2214
2215
2216
2217
2218
2219
2220
2221
2222
2223
2224
2225
2226
2227
2228
2229
2230
2231
2232
2233
2234
2235
2236
2237
2238
2239
2240
2241
2242
2243
2244
2245
2246
2247
2248
2249
2250
2251
2252
2253
2254
2255
2256
2257
2258
2259
2260
2261
2262
2263
2264
2265
2266
2267
2268
2269
2270
2271
2272
2273
2274
2275
2276
2277
2278
2279
2280
2281
2282
2283
2284
2285
2286
2287
2288
2289
2290
2291
2292
2293
2294
2295
2296
2297
2298
2299
2300
2301
2302
2303
2304
2305
2306
2307
2308
2309
2310
2311
2312
2313
2314
2315
2316
2317
2318
2319
2320
2321
2322
2323
2324
2325
2326
2327
2328
2329
2330
2331
2332
2333
2334
2335
2336
2337
2338
2339
2340
2341
2342
2343
-0.07741734575190745 -0.05535612934438001 -0.0925419519289705
0.1591314130802986 -0.3143072493600949 0.002981026572445227
-0.3051636678539708 0.002638159429275231 -0.09474151183662413
-0.1980100205940592 -0.2389571911705969 0.1469597715388828
0.3019461075247028 0.1512370813617505 -0.09733018004749139
-0.0829398289733141 0.2591820214232042 0.2223955585176921
0.06104916727999048 0.2834995957401249 -0.08645183871619304
0.2448694610432863 -0.04469285293781386 0.2013231334665679
-0.01628181812497589 -0.2288771470299993 -0.2329019320065171
0.1141352000149251 0.06104273792725554 -0.274901507840132
0.274367800104735 -0.1858206123730692 -0.1460318808441716
-0.04482107683662363 -0.08000391275373951 0.3266226259873352
-0.1887912746867494 0.2133483885714006 0.0002120344290443435
-0.1137874852187237 0.1574151697350074 -0.2693232651489062
-0.325235121586919 0.0301728912795762 0.1559326715386163
0.1322528508385515 0.2900147178173039 0.1683713271010292
-0.08750294984277643 -0.3431321549957681 -0.06682848185953071
-0.03307156447714136 -0.2820995408832299 0.2536214961217179
-0.2029478381612535 -0.05599869364519564 -0.3028306195560344
0.08451601519460801 0.1153500224946413 0.3108442438774758
-0.2917565095249183 -0.2112501679710549 -0.05775260920467688
0.3240726868651393 -0.1900353526599755 0.03842721933904954
0.2203228591743667 0.2584743904219546 -0.2162724382685368
0.129242428513151 -0.3244259169071617 -0.1677594228538269
-0.04571226680037176 0.382005219841191 0.05754652803783145
0.2912168416771412 0.03129932554855852 -0.2330938072103503
-0.2020946407557068 -0.2291936264670978 -0.2201119868506015
-0.3452453521577205 -0.05248073596154225 0.09683957482799496
0.2059353874498886 -0.2385761225350487 0.1656103347780796
0.2918918301406896 0.1418256855962878 0.148496333406206
0.1652572678456186 -0.1640026839824696 -0.2903360644386609
-0.1276949991243265 0.3400468883087955 -0.1322611065388407
0.1873823867743265 -0.05398270767502084 -0.0142453436224078
0.2482621768582245 0.2831438989302683 -0.001722063530929414
-0.1982578495389922 0.09305738292063287 0.3006063656571595
0.3710738858029837 -0.01608909675745509 -0.01788783124696955
-0.02035660252168264 -0.05225587764860671 -0.3597892348113542
0.1275545719163941 -0.1506353444693359 0.3186945227515995
-0.2416200478778991 -0.1003152144862201 0.273726060878055
-0.2859773105809175 0.1471934170146236 -0.212724455049169
-0.26387541706041 0.2167031317354871 0.1762118228361732
-0.003495568861984315 -0.3625031861959935 0.118375503526062
0.02887422332068709 -0.1470813911700364 0.1088605167748616
0.01840672274942741 0.2793601843423237 -0.266636768211711
0.07777994908078198 0.09862030241505632 0.07107679168434977
-0.3592511054106375 0.1445343233790539 0.01281830181920187
-0.1399118988643163 0.02611497842295635 0.1325546986404705
-0.1336523263294151 -0.3499791192232206 0.2177956117848492
-0.01994656252832228 -0.3203931035171195 0.1853371366917252
-0.1260780808592679 -0.3439951049589187 0.1408291062987005
-0.2182231237558168 -0.324180766491488 0.1792825840368091
-0.1075943256016242 -0.262314566216652 0.2043651462716813
0.07491796754865826 0.07784343538938716 -0.05766243540671096
0.07043486766013445 0.1577148816767103 -0.1717999916383899
0.04922149263794273 0.1805384533592495 -0.01027961744164614
0.1780217260271849 0.1238365412221545 -0.01411029560311381
0.1709057732308779 0.1472029697055029 -0.1168795252088905
-0.0474946461606181 -0.03279603348574073 -0.2425376302395498
-0.1050595775893133 0.06116798331568118 -0.1907488009687778
-0.05640674177765879 0.05091091234409641 -0.3163807387171937
-0.1102405201286429 -0.05238702050514205 -0.3283360731903736
-0.1576330338001345 0.03755657001433248 -0.2893429876431919
-0.151021853650525 -0.0532061532147731 -0.204023124244312
-0.2342358122134754 0.1012791634440247 -0.05172320237277906
-0.07169050660236781 0.0914127096590624 -0.06675467996818166
-0.1800164208284959 -0.01227577922983385 -0.09292219208877932
-0.2117986945759712 0.06480882395863546 -0.1727990981443682
-0.1433349744944184 0.155992797449117 -0.127004174747127
-0.05357720890122869 0.1429690711831107 0.04239855549133401
-0.1205389468263942 0.2294317257585275 0.0936336487192401
-0.006315293953745589 0.2001000820682216 0.1151653901978206
-0.07544086240594448 0.2369860778621831 -0.03787650183928627
-0.186397187302133 -0.3066898420639331 0.2510429721892291
-0.1170760315138147 -0.3225452682039738 0.2817987802559716
0.185696308082064 -0.1363050295109358 0.3755688325508276
0.0997253098888532 -0.1365427899979885 0.4028322458539829
0.1142313637198334 -0.2282141391866754 0.3560881755629182
-0.03766371576461384 0.1977438387419187 -0.1504521317252669
-0.006979188116042393 -0.1285256249794928 -0.3055386361636799
-0.1131873855661483 -0.1337710188706694 -0.271278976361424
-0.03825491510602418 -0.1374705250026864 -0.1658403829615437
0.0154864910461687 0.04146803556143699 0.4218710849181211
-0.06249122301868499 0.1185803444263459 0.3863922077937254
0.05454285227303395 0.1284020202766185 0.4115072178188257
-0.01173142677815699 -0.03884261143908125 0.4306586412321789
0.01200569294625631 0.01555284435428037 0.3163816677889269
-0.08992161224882861 0.001811957100551955 0.4036523978887257
0.2442747215743232 0.2123398401671511 -0.1472361494762562
0.1679370039155411 0.2574388880289345 -0.1386767490959826
0.2135323526533449 0.1587823877201731 -0.277132843240752
-0.2942864416515838 -0.1191474406598971 0.317174924720391
-0.2426248690067624 -0.06810182823073638 0.3545096431880422
-0.2989709788679505 -0.02852029913369471 0.3120574289896999
0.1061800573916132 0.3840059472850696 0.08931863859966316
0.1398239530881816 0.2846853191216179 -0.01149721843597439
0.1906464979312025 0.3819599350417708 0.05125524866400304
0.1856976788069807 0.2818704806559645 0.08761269825367832
0.08348144944052037 0.265178407420342 0.07780227778647922
-0.1921900667422834 -0.3699068957335795 0.1009863481985092
-0.1148052008369769 -0.4089193740607048 0.09168442615632061
-0.163057357822359 -0.3913211323423735 0.01746684017365658
-0.05081339000599955 -0.3784475378959715 0.03419983090902586
-0.1443543755119623 -0.2964687160338471 0.04181847298511417
-0.3361061023932244 0.1079748062310128 -0.2803480029900082
-0.3692307906032861 0.1431669985753906 -0.1912568822792737
-0.3153237944177848 0.2290471572211102 -0.2160074069084321
-0.2529765131212486 -0.3382609260747038 0.07826826779174419
0.03142846664011009 -0.3307810440772027 -0.03986309250804887
0.009167042330412092 -0.4216439917178109 -0.03752450513812271
0.1042042064926079 -0.4049569848777477 -0.01991035681896311
0.0697265366708503 -0.3354399122370389 0.05884488117504114
0.041440918888051 -0.4246058273150257 0.03898077237766072
0.02383194991999509 0.01224642286810081 -0.1523355101849238
-0.003295555446151635 0.09965036903478275 -0.2424626039996903
0.03105886379964891 0.3239805333728725 0.1221851437883736
-0.0111297588323686 0.3122796008421583 0.009631229313030279
-0.002400527805851386 -0.1299040752595381 -0.000713878475673707
0.06654597308742098 -0.2379488099127887 -0.09741977382143766
0.0740102376508411 -0.06031653381331002 -0.05887082239420589
0.1088032328832987 -0.08790769761087985 -0.1958382918062038
0.1460123173459754 -0.1757991886181465 -0.02760835895166013
-0.3299920918366014 0.003408561658410211 -0.2662345796768842
-0.3635612536809023 -0.07783290275073605 -0.1980350643021469
-0.3074571653193374 -0.1049081017267467 -0.2676487810401362
-0.2629256810766413 -0.03152728631519933 -0.2079048866939226
-0.2888308907456129 -0.04585243120482548 -0.3202892626866148
-0.3026450997948375 -0.1687015469139607 -0.2159874921335521
-0.2756138132581539 -0.1092918985991489 -0.1078907787379143
-0.2088549479894695 -0.1383687714811355 -0.2395867471469022
0.08365449035506438 0.3734693194752847 0.1913362437393343
0.04250604294061455 0.2695595477097714 0.1963442344992788
-0.00757615135334424 0.3642262301397129 0.2145895682122685
0.01809375544649482 0.4077040676202309 0.1421643270380369
-0.06892454949105872 0.3184769218236767 0.1238180941837072
-0.1677339909631591 -0.2465444992267648 0.2787300240896003
-0.09574297448944899 -0.2652044253605564 0.3241586372794694
-0.2682461692964709 -0.3297523942645267 -0.009155665219947965
-0.1878326142053917 -0.278295516928682 -0.05963221271680742
-0.2821981441781956 -0.249296910525532 0.05948956764976874
-0.006206411241680317 0.02335453647943887 0.008050030710907067
0.06495454557183285 0.4115259600974261 -0.02315178358784688
0.1458169311490161 -0.3225752899158761 -0.08532779282472207
0.07251318503252493 -0.3816711646850696 -0.1105603178929801
-0.210437798791388 0.02549097837375576 0.01691981714468433
-0.1442054988979795 0.1055579293882537 0.05898579700403924
-0.1208090372616561 -0.03540114373948222 0.03094797448538903
-0.3859634827380626 0.002533382890808091 -0.1856959003328995
0.2136275940880903 -0.2401829955803219 -0.07360359869626117
0.1413567912325798 -0.1937992292438248 -0.1750035115343243
0.2109883067226804 -0.1149072379252787 -0.09951206994835368
-0.3588887226895244 -0.1624579544971773 -0.1498400845595927
-0.2399968912807084 -0.2180125925138423 -0.1388656211406651
-0.1103641322484045 -0.1425604176527639 0.2153482702179555
-0.1479657468636376 -0.1855556584179218 0.3321688759628947
-0.1516796657653378 -0.08057192821734052 0.3107985918795391
-0.2100359116234685 -0.160522826331067 0.2178013505914615
-0.05819406176229514 -0.371434572477809 0.2367448027494433
-0.01870220049347562 -0.3341893063981371 -0.1644885165633144
-0.07748919352203677 -0.3335793633584608 -0.2386456590244149
-0.02291517057118177 -0.4123806130249121 -0.1245115601539098
-0.1036985267951924 -0.3813833168906505 -0.1755988898908547
0.06402629787127737 -0.2853837200706392 -0.2077494828322503
0.06019260520013705 -0.3845054472088786 -0.1928434551039857
-0.3021045904566876 0.0747707348725387 -0.1558586318538641
-0.2606593354708696 0.05955054966455707 -0.2960034558382353
0.1596722692741374 0.4096119298299877 -0.01764903797104685
-0.1013087670041303 0.1354065417726648 0.2872306494437622
-0.161906096096542 0.1465660826118614 0.3744611215718093
-0.1607944794201703 0.05801461364440449 0.3857505316763907
-0.3727366062183109 0.06043848021730934 -0.2286357451640458
-0.3090076717604454 -0.2794814203126602 0.1500484663034495
-0.116445098828298 -0.4171165110622711 -0.1134493589876514
-0.1814417867873939 -0.1396429750719329 -0.3555077434738516
-0.1031862548773718 -0.203633422430833 -0.3357220264824491
-0.09661937815349263 -0.1359586150576137 -0.3841242537806923
-0.2521104740664323 -0.2617507658191712 0.2388680145565388
-0.004217340834845566 0.02521071640101308 -0.4213406093495476
0.07612222018304826 -0.01758632676076817 -0.4147789979607946
0.01799398068563579 -0.08321388123623769 -0.4320485387953524
0.2450107276730864 -0.3401776468634325 -0.03798245878723163
0.2966956194453546 -0.2874624302747251 -0.1075163338719387
0.2230812188639402 -0.3389593603002018 -0.133609930495989
0.1868456049309878 -0.2621051313961896 -0.1674889038414089
0.35179345985331 -0.08831613378440611 0.2186426630752829
0.3595640932487571 -0.03602371078758131 0.1274472506412937
0.2933054175252914 -0.1121353922377522 0.1017499387480436
0.3630572041856855 -0.1492707366992393 0.1575531479227878
0.1389986358655152 0.02138393373508051 0.02241340666169916
0.239655706793082 0.05671760778008773 -0.05635371178332815
0.1431032158665229 0.02321102502273934 -0.1130078384843374
-0.1784306901158199 -0.214682981185061 -0.3193999812657561
-0.122987531478917 -0.2314649973807482 -0.2462187319776626
-0.0598025283876442 -0.2863747092957918 -0.3217668933866564
-0.1335648328603063 -0.2895398425693173 -0.3117876698502607
0.2669063870439755 -0.3246579096679096 0.06424333482105732
0.3106543698941348 -0.2849223240518336 -0.02542204685457465
0.3291686076017181 -0.2821390842360024 0.04703333855954415
0.2422706444605205 -0.2421776341790187 0.01763041533953109
-0.03336523241282971 0.04740133276478762 0.1170919451595805
-0.1251716308571919 0.02094187807759125 0.3068291044365242
0.4231458676955381 -0.01836739132990555 0.0736083613852206
0.2750097383922248 0.04381722416484167 0.174170175270489
0.3456671305380712 0.06027138372790747 0.06465614602998988
0.3964654887825357 0.07570373705705939 0.1549402581216765
-0.1111540654701806 0.3708536833261644 0.192210392978861
-0.07705943375837214 0.4152353107745369 0.1275461398020489
-0.4073901590463924 -0.06908121826888058 -0.08607470865974316
-0.3926101273401822 -0.1653269462489692 -0.03975414131163562
-0.07414954524332797 -0.4030321350997004 0.1656727143590699
-0.1511704827130791 -0.328870376090497 -0.234203488142967
-0.1321400853625153 -0.2754909405610105 -0.1578165512067735
-0.007390681729320517 -0.349243938687311 -0.2619690519921481
-0.1150502912511373 0.2207707171268235 0.3502075486898121
-0.1988286371153702 0.2106365371466317 0.3054329244562581
0.3202627587810822 -0.199877495299924 -0.05427632431520788
0.3750746646686845 -0.2397554391865985 0.005454817298094082
0.2017923652639509 -0.3950679080332637 0.01278520380912963
-0.03217026071926224 -0.2193596627160261 -0.362882116324462
0.07092250100773981 -0.3208159429790193 -0.2912420033674676
0.2221938082020663 -0.3547415649614822 0.1249062347035853
-0.02094373591511575 -0.1485083996952046 -0.405912514495416
0.1772655499131298 -0.3944240059740684 -0.06574733935398439
0.1511727924038864 -0.3872992288153749 -0.1460931686382976
-0.3736546633133245 -0.2088240551369447 0.07844339466937836
-0.3236111073051075 -0.211345413012849 0.1790039589833307
-0.2795065338169757 -0.1432095326501071 0.1185834466926139
-0.3929919121707964 -0.1318416238357472 0.1151543373079128
-0.3188835154712253 -0.138923541065405 0.01612416967157474
-0.2413484915131268 -0.2053041230424871 0.2977086557038672
0.4105388007950445 0.136562665431551 0.005897893097391287
0.4040855598157095 0.1423252115221741 -0.08550398922014524
0.3746357494490631 0.1858990475312215 -0.03497323272441605
-0.4190835393243636 0.008098225493510568 -0.04656993360235469
-0.33335202877322 -0.03018608547189667 -0.003030202465034593
-0.4311346270628223 -0.02290237079767265 0.02371076482863598
-0.2414060310479268 0.1251945493712417 0.06431680647156758
-0.2932697865239661 0.05678970623173309 0.03275753009244073
-0.234752225438869 0.05636089883053742 0.1302107124936653
-0.06005363295085744 0.3391434147584528 0.2776630899166205
-0.1298786118897416 0.291188262233374 0.3080724339574287
-0.04335078264773291 0.2710296074609153 0.3368238963677233
0.02602602644618085 0.306276647887374 0.2874052307971619
0.1180593968631297 0.312291388577259 0.2608470588714583
0.298323320027259 -0.1830138310743051 0.2527201052833708
-0.03945919272386492 -0.182806061282903 0.2815333585860444
0.3482333406706257 -0.10121137391119 0.01637216846385286
0.1844005716859207 0.01910203551083095 0.348655212460817
0.1940838396018504 0.04356814304462253 0.244563664170909
0.2776897218400255 -0.0008652749165077413 0.3099308629271381
0.2327544736347351 -0.06596199860591052 0.3677125265930956
0.1825685658759337 -0.0799229241348397 0.2834081702115884
0.1448235209918697 -0.3998830979235445 0.0684350835805865
0.1507381108307383 -0.3730766975689783 0.1445389396691372
-0.2642052752324217 -0.1261842697666253 -0.3294035103286003
-0.2585034821269069 -0.1991842833333044 -0.2898421242699571
-0.3564060617470454 -0.1424761586832782 0.1920369224755759
-0.2887893711110446 -0.07993534083398207 0.1855437062165249
-0.3038801717050904 -0.1637075017056231 0.2487660363931936
0.3308856899588024 -0.2257906710078021 0.1759759662118501
0.369674905287023 -0.2250256705635404 0.09729557976606887
0.2771413845790446 -0.2213253516295134 0.1009694209230399
0.3446357459081805 -0.236808990248392 -0.1481050337435165
-0.4231144682796085 0.02535944917989549 -0.1157107096882158
-0.4327414889497759 0.06427511143719271 0.0009190323643592555
-0.4349176620387815 0.08681099371171321 -0.07398477096520946
-0.3528456161957884 0.07897577441546701 -0.05348446041520512
-0.2424301124461276 0.01271623950217788 -0.3617206444140574
0.2756601279360444 -0.2929040651571795 0.1796644844683387
-0.07381972843592523 -0.4326663929323161 -0.03893507319090907
-0.1733919464784963 -0.3675534853662262 -0.1398856900694808
-0.2230713501596957 -0.3120005059090531 -0.199677659853715
-0.1834198802988967 0.2317607024173477 0.1889339566061065
-0.2551034239254261 0.2376665767585604 0.2582249553622856
-0.2393170754475856 0.3046509830611016 0.2219535116683199
-0.1643284763594013 0.3183362842945563 0.242784243820448
0.2419875918849405 0.09521666002979591 0.3292638051716437
0.1518368143370608 0.3512305871281442 -0.1805171235916949
0.05513855318902566 0.3956720887782304 -0.1421364081184194
0.09145417652905168 0.3513434067576978 -0.2445476442472342
0.05118816159882507 0.2747062356194912 -0.1873286840039678
0.2965568537230001 0.1406882263679091 0.02452213830324992
0.3754672656094929 0.194128651041544 0.06423345778818625
0.2628204951204228 0.2109254312487502 -0.04685869115709461
0.3529671945182468 0.2400423918587162 0.01325778277027459
0.2720085684970818 0.2192195666243965 0.07599193338490039
-0.3775118212043959 -0.2171869432173021 -0.09714977120475012
-0.3692955956311877 0.04332692010815085 0.03705939959442698
0.131777156296672 -0.0600846332098444 -0.3162546366786225
0.07193957958595151 -0.2022073593343777 -0.293506884561072
0.2224493087204211 -0.1716583147055007 -0.2227481271053934
-0.195442609477872 0.3246708800046375 0.1222652291166983
-0.1609075047889545 0.3907451990129414 0.09348756596478411
-0.04008007764135115 0.07565140014782522 0.2175913796427148
-0.1598087734060954 0.06582069047592815 0.2210541481033967
-0.08963617783137648 -0.02772905998229362 0.2154071984610071
0.09090387163471335 0.2503150869705724 0.321383226593721
0.1181537353925661 0.1993303852652111 0.2309286034566323
0.0008155968573261632 0.194044748488727 0.248247168226905
0.2913300046092871 -0.0892384290345252 0.2917753770457416
0.2394472512605161 -0.1404416337100174 0.1850744520985942
0.4019991753239921 0.131210523669215 0.09225458437381968
0.3417424793833078 -0.01099314064769767 0.2566448477281193
-0.06944240678844893 -0.2273357041463159 -0.07200645526296194
-0.1843995271240732 -0.1614359222576833 -0.008332374400110223
-0.01935055133185759 -0.2556684930851311 0.018681915700073
-0.09270173841003686 -0.1900830664989966 0.09059301849084284
-0.2447154846277961 -0.02518569669621636 0.102723832450473
-0.1899500890018287 -0.03430131899765793 0.2093574309055684
-0.2740200681938501 -0.01534032994322075 0.2239591913029034
-0.04429920670018359 -0.1816377117998153 0.3800374679553737
-0.01745344087424933 -0.2613744317719768 0.3432437969483336
-0.007298038964911225 0.4066698331200826 -0.08032559043302585
-0.1711374001414924 -0.1000316137686798 0.125623956750368
-0.2407652577756307 -0.07529316154669909 0.01336111884321818
-0.3505738038692541 -0.2546496608453048 -0.004740663260158224
0.3027292175633056 0.2196399878819212 -0.2041640179731362
0.2738690210153124 0.09771847841399459 -0.162180987952932
0.3134944751818063 0.1609819426599434 -0.2504204358374943
0.3647837444454319 0.09020920793977764 -0.2194715242875616
0.3684427708166217 0.1560110723643648 -0.1675396891179166
0.1947947474033969 0.08050162706051528 -0.3767728781831157
0.2557038416486954 0.08639702271533237 -0.3404453513764475
0.2007216530275325 0.03027340624844226 -0.2454326651914166
0.006521089878477731 0.2069890486380657 0.3659282714834811
0.1744895781117037 0.1990175657806291 0.05203684055291252
0.1022297814476442 0.1956577528665293 0.1325342500362737
0.1774579637884673 -0.3176824890258071 0.2079950990594131
0.1653091973602177 -0.2773764632073134 0.08619762368027735
0.01005240433283426 -0.2841709172930495 -0.3276890967444376
0.08173369108262815 -0.2608798572233714 -0.350997554314832
0.1447453913176832 -0.27551154981376 -0.2654733149658564
0.08027725813023114 -0.2297562905442412 0.04276079688500332
0.04274242818581425 -0.00559445546700258 -0.3112327408576915
0.3684666161598482 0.2107102724923625 -0.1098190785625387
0.3470612171586595 0.1615172551537458 0.2164997931016258
0.3579951844157854 0.2025880928900672 0.1459917703107956
-0.3940258970594046 0.07884198437429445 -0.1489257696862222
0.363173882478636 0.05838637590942367 0.2289305850899714
0.3474594750049231 0.2628532475558187 -0.05813130921027963
-0.1869840157944578 -0.3922094791995257 -0.05997333156542695
-0.2432133876638741 -0.3314151362646426 -0.1260202953912824
-0.04769512198629256 0.4365569065525275 -0.02186019135633565
0.2383000651407487 -0.01405620128404133 -0.1292739348781136
0.2747749141548202 -0.07830588567378621 -0.1866594891736978
-0.3854563553426134 -0.07428818105096219 0.1910871919868045
-0.22817144274203 -0.1534602407850859 0.3496235563271471
0.3112161670128228 0.2612576196221116 -0.1349939568930718
0.2767900032376479 0.316452497859363 -0.08405750889173948
0.2526016181913906 0.3088815056334014 -0.1730047790858507
0.1387087282739943 0.2703752870148599 -0.2651007410763285
0.07266386973435555 0.1832690591533076 -0.3882222026188133
0.1584603612562086 0.2143431414641819 -0.3419052323149855
0.1283926108413805 0.1217929906551183 -0.3862340162344499
0.06670908339372074 0.180416499055076 -0.2932495943088805
0.270302892386326 -0.2773186393066212 -0.1924418439766925
0.1886340475913711 -0.3343546741728626 -0.216335944394554
0.4279359501050295 0.06324936626930504 0.03740572835077239
0.4312349438498312 0.0706015119757061 -0.05357438596394613
0.3429599079513918 0.07277309651517572 -0.0450603970893687
0.1811590598784176 0.2508479960187771 0.2737492623025564
0.2143780739423668 0.3019304873935261 0.2251103441474114
0.2628908151239813 0.1954199739825785 0.2746509312117303
0.292717362604274 0.2458588195534926 0.2124261510985474
0.2061846369884273 0.2229121801566947 0.1678413393806546
0.07516165914023548 -0.4108355257856192 0.1247217019829233
-0.3044689205403883 -0.3028720446626436 -0.08246602201249387
0.1757179239622354 0.3638775955041857 -0.09639473382433641
-0.00969442399084175 -0.2671642647667636 0.1107209782207165
-0.169820193355696 0.3545877270931554 0.01763133267484969
-0.2074670797044958 0.1023636630638279 -0.3528303569359717
-0.1954323551515696 0.1460672502925096 -0.2301404748230487
0.302178681301832 0.1049489057759545 0.2734629950507688
0.2006690518875013 0.1401984151146586 0.2363797543905373
0.09241073998296943 -0.3644433748786453 0.2000992177693193
0.1218808301287538 0.04364246915934271 0.4130727704619618
0.1519280867853888 -0.06191698407945749 0.3969027266345867
-0.03776667677248163 0.2194857222226992 -0.2587987991908464
-0.05925692942803422 0.3951732929137838 -0.1757459625566465
-0.0863937740074294 0.4200364372906357 -0.1032356392772156
-0.04622251710725703 0.3166599277482405 -0.1057285288343124
-0.2259213960618683 -0.06593502838114876 -0.3782122977642907
-0.1777444341173203 0.0110636742541622 -0.38875540467416
-0.1570957093842913 -0.0713049957472614 -0.4052844999297254
0.1829096340911312 0.1225584010673689 0.3810864936021596
0.3268274699026777 0.00522821890209231 -0.1285237285913904
0.3204524479655343 -0.1018910503966018 -0.08348136574905871
0.2845898182444535 -0.0334603274978628 -0.005832060285662275
0.1014160780620139 0.1962608001071965 0.3832823520440325
0.3842431136367991 -0.1684982351996647 -0.1048894119769337
0.3971437115565763 -0.15703838828157 -0.01832948184997429
-0.3155265559692482 -0.2565171123796171 -0.1599648238424861
-0.279904847516871 -0.2509347227813117 -0.2269873858577085
0.05985663592690356 -0.09734347021125718 0.3185879806759467
0.05446173010321018 -0.214460247035432 0.2830930167963155
0.04133258746227963 -0.2031111752669183 0.3702713573356052
-0.2652044284385915 0.3075039019233158 0.1555154398501572
-0.2295585952612079 0.2149481591012848 0.09942830545942268
-0.335283425916195 -0.08940660832998691 0.2641022727979552
-0.4130159314593227 -0.1121775057363048 0.02745255512947879
0.07532977074958119 0.2792229722245932 -0.328077485158762
0.209542018663226 0.002617096324029076 -0.3538052588997481
0.2880946818034054 0.01336431191513101 -0.3273984433699743
0.2369482585074909 -0.1520744659646706 0.3122425594530283
0.226498805326226 0.2438604096400891 -0.293904972397001
0.06989967177537489 -0.03666603729131218 0.4009342251050408
0.004472576331945791 0.3722050261531815 -0.2271897010899613
0.1669524145649326 -0.2323544350881076 -0.3359596452387805
-0.2549945488728744 0.333583389686837 -0.00227559044893676
0.1165098040892448 -0.360872046827639 -0.2384749614261976
0.3157225526745382 -0.06001054278012091 -0.288666732198775
0.2706337668188894 -0.1262058841529044 -0.3151265740725692
0.2384399020492126 -0.0642590383930166 -0.3656332836406948
0.2261182217138664 -0.06839096129706231 -0.2761099978422137
0.3951638387962954 0.07721284950119907 -0.1344912073935034
0.310420065075931 -0.1428839301116993 -0.2528902648778271
-0.3981053562043464 0.1482249675777227 -0.09826418490361104
-0.3295341541422853 0.1933517750401379 -0.1109948442274939
0.08712862068007794 -0.3008398143674699 0.1386180094129492
0.07243244688612316 -0.2607906929254355 0.2123728893035551
0.03776624484054698 -0.3518687954105436 0.25379289209865
0.2534576635075215 -0.1405512876107859 0.006257472352189133
0.2120829508568013 -0.05274825262295289 0.09243506094458703
0.04295061813888388 -0.2096075809457983 -0.3893714219036046
-0.1718642277283642 -0.1336089703009486 0.3878037956788555
-0.09369629551209407 -0.1085897062075595 0.405242563834375
-0.2349574003745875 0.1830760983301265 -0.1122193529057662
0.3357000501872982 0.2696182039725784 0.0791261157605595
-0.1195251940690549 0.3880577021486255 -0.04152784911945687
-0.1046378040742972 0.1450286826040259 0.1681152700282178
0.267599666734342 0.3353536922660196 0.07172944419471411
0.2871839066242782 0.2781957705993339 0.1429151782513133
-0.3589457965918524 -0.01833169886410569 0.2364803054542709
0.02526054432870279 -0.1130931077610247 0.4150489133742703
-0.04955101005872385 -0.3298910986870233 0.3025126857357787
0.002260411584602393 0.442288106491922 0.06880599124899564
-0.1331890576562643 0.1151407925951277 -0.3902062760827126
-0.0963273037505932 0.02488452063577189 -0.4003792639905076
-0.2224328705374297 0.1541106010993803 0.2293993344577508
0.2465824257218275 0.04392703105323446 0.05621053962516744
-0.1731857396464755 0.2778961326369486 -0.08000221607195318
-0.1139425565342665 0.2491340985283149 -0.1858298866521469
0.07833661063839503 -0.1204941120799181 -0.3883805997483611
0.1121018627055424 -0.1098920360659014 0.05280021519776788
0.1176333335212442 -0.1923761741001089 -0.3781326196461444
0.3260447323780249 0.3093948841740584 0.001975038589483099
0.363364693251218 -0.06415568666418577 -0.2221585410446263
0.3556428802626525 -0.1485104297695886 -0.1873208087641992
0.3857804464688112 -0.07778018832038462 -0.1396766131714497
0.4183623691062572 -0.09266832904159392 -0.06001302878923229
0.2171523767919658 0.3390033343458184 0.1443753346998003
-0.3240654225536854 0.03487847608612162 0.2677773172568251
-0.2103380274792946 0.3645559115720208 -0.07187226744813076
-0.2841411996698809 0.1778071140649651 0.002394774338237048
-0.3312975717453086 0.109133509916604 0.0855565928979134
-0.03713279567369957 0.1536441240625191 -0.3746866891930209
-0.1636650532742219 0.4028033819185673 -0.1047141449503217
0.006664911981813255 -0.4016697780630287 0.1895046289312347
-0.04125026997203721 0.3089625405385932 -0.1904112900328432
-0.3824074647464878 0.1264410155597195 0.1480541915174664
-0.3843855249782687 0.06336348861421863 0.2077632432098067
-0.4181034559678894 0.04285787826496448 0.0995469198432318
-0.4071936389062866 0.00505050420058691 0.1758958851874871
-0.196027448354241 0.1365692371209 0.1485928322939003
-0.05357038122709729 -0.0763183322884336 0.117206168536607
0.1610544526060073 -0.1961670797556836 0.2474474084372676
0.2372712517012978 0.3674916781675651 -0.01625974841248106
-0.2839556160615282 0.1354493555218172 0.1573779433460519
-0.2514496927856245 0.07091504247962946 0.2268469374831645
0.1640077039876632 0.3679037064733867 0.1856776020460402
0.3944067964948005 0.009215936213181912 -0.1847644452611318
0.4224102212995245 -0.008218199576964303 -0.09916903466111962
0.1775850108327747 0.1942832029899913 0.3339959577309318
0.3144540580614432 0.1039547302940573 -0.3020333432668504
-0.07366574947196317 -0.05815159005109191 -0.4204330850193569
-0.4284093887130624 -0.04465541562994968 0.113934938936925
-0.198526938225334 0.1986280610430931 -0.3286427100392821
-0.2683648024435504 0.1667139120559957 -0.3002192236826298
-0.1255565406177895 0.4290997962218909 0.04116458380285082
0.3603168718367539 0.007258444615547185 -0.2649872263322872
0.01292477872597138 0.2372258210090226 -0.3706126771206114
-0.2049771712321534 -0.2779595617137367 -0.2764944423614604
0.3996570615180472 -0.141117734215339 0.07155190042652677
0.4321071208934065 -0.08836445832786446 0.02156990011491164
0.1085791669896944 -0.1963851892858699 0.1414282610527953
-0.01193387667963784 -0.1984111567935174 0.1889893597894898
0.308322155830922 -0.2141278473350558 -0.2253413527392585
0.1362256357555167 0.02793768889302842 -0.394966327647776
-0.4199098399405176 0.1239900417053687 0.05885669272109295
0.009430879480041088 -0.06227320514949521 0.2068803017675515
0.04931873356919547 -0.3000912000246685 0.3088267641251658
-0.1381492718869919 0.280163008632286 -0.2871986141187023
-0.1413603476584892 0.3437461273225794 -0.215193539163798
-0.2238883042161313 0.2651218270281979 -0.2487444158049188
0.04776250180412753 0.09043205190390813 -0.3761010734896484
-0.1257798703477373 0.2151947423059914 -0.3587581658086292
-0.06373667982337158 0.280551805917836 -0.3287097555349625
-0.3233768727685045 0.2632713144865259 0.125884736448818
-0.2910682396745967 0.2929783186707639 0.05349199367630501
-0.3624333180369678 0.2426824211201895 0.05340407326091992
-0.3106382012820916 0.1870564461115214 0.09666519243877082
0.2300467916685878 -0.2600129417437418 -0.2652289283086169
-0.1948232926622117 0.2519616361282299 -0.166149461699854
-0.383857941387589 0.1839495161507042 0.1016520518305916
-0.3464522226633062 0.1996447658114295 0.167693444022094
-0.3367253265698515 0.1180018430408233 0.2338043231970833
-0.2847459208892748 0.06680190920001293 0.3189602292151252
-0.2771998267212554 0.1498283192513767 0.2939919990391733
-0.2222372735181224 0.0003553346313371053 0.2888225896023627
0.2515810573721574 -0.196862177314791 -0.303903686275113
0.1533838091051174 -0.05456467764931393 -0.4044923120581951
0.07529615397793915 0.08347033294205888 0.1884795906206718
-0.2088729909369824 0.3482642766309405 -0.154838530829509
-0.2685654585713176 0.2880089158286699 -0.1447657922915718
-0.1518580105787163 -0.1600263767354439 -0.1430996372101764
-0.406991266419727 0.1930648166707201 0.03856881542979779
0.1332042154022944 -0.2853368537672809 0.2837638063612708
0.1937523899611024 -0.2143402364027832 0.3334998248097394
0.2332768221083472 -0.2506178912183407 0.2705055466383795
-0.3758514206809966 0.2211161095501575 -0.03169871454242672
0.4468040159181706 -0.006020931630936374 -0.005254774958485533
-0.06943325248521595 0.3302596335055543 -0.2633895578493209
0.1111942578045265 -0.01836070988750133 0.2362802678589258
0.1613382388277508 0.01869306712125094 0.1421173445413094
-0.3138542101460667 0.1944469627514631 0.2334094649304773
-0.2985096087323824 0.2787089222434744 -0.0567828630115951
-0.01179749033799438 -0.4335385565505088 0.1029941833239645
0.1361354549059965 -0.09499080496480482 0.1635081796860785
0.06442095957305487 -0.0278765645491245 0.09850195352630603
0.1883033740451626 -0.1632055739142741 0.07945972507749095
-0.1322530369151639 0.4026101148311353 -0.1591052601669581
0.1868229141992437 0.1195721214056368 0.1217923175675846
0.1935873027845748 -0.1396378354043672 -0.3648048851696856
-0.2325753151233562 0.1110234475965907 0.3639095788539597
0.07669319160571332 -0.1409962813878028 0.228680003866474
0.2145581400601655 0.3083322384920922 -0.2517559174548366
-0.42307205452513 0.1389534406570493 -0.01800252858312982
-0.3048675360226516 0.2592114473227627 0.2039914196619061
-0.1762242442394424 -0.03721427338591431 0.3899617754204367
-0.2320437497335174 0.0265700849199045 0.3672737645538494
0.00236556276976863 0.3277016636870808 -0.3080335963496564
$EndNodes
$Elements
10 12402 1 12402
0 1 15 1
1 1 
0 2 15 1
2 2 
0 3 15 1
3 3 
0 4 15 1
4 4 
1 2 1 20
5 2 5 
6 5 6 
7 6 7 
8 7 8 
9 8 9 
10 9 10 
11 10 11 
12 11 12 
13 12 13 
14 13 14 
15 14 15 
16 15 16 
17 16 17 
18 17 18 
19 18 19 
20 19 20 
21 20 21 
22 21 22 
23 22 23 
24 23 1 
1 5 1 20
25 4 24 
26 24 25 
27 25 26 
28 26 27 
29 27 28 
30 28 29 
31 29 30 
32 30 31 
33 31 32 
34 32 33 
35 33 34 
36 34 35 
37 35 36 
38 36 37 
39 37 38 
40 38 39 
41 39 40 
42 40 41 
43 41 42 
44 42 3 
2 1 2 1288
45 1 195 23 
46 195 196 23 
47 195 51 196 
48 23 196 22 
49 22 197 23 
50 197 198 23 
51 197 146 198 
52 23 198 1 
53 1 199 195 
54 199 200 195 
55 199 154 200 
56 195 200 51 
57 1 198 202 
58 198 201 202 
59 198 146 201 
60 202 201 145 
61 145 203 202 
62 203 199 202 
63 203 154 199 
64 202 199 1 
65 6 204 5 
66 204 205 5 
67 204 52 205 
68 5 205 2 
69 2 206 5 
70 206 207 5 
71 206 147 207 
72 5 207 6 
73 52 208 205 
74 208 209 205 
75 208 118 209 
76 205 209 2 
77 118 210 209 
78 210 211 209 
79 210 172 211 
80 209 211 2 
81 2 212 206 
82 212 213 206 
83 212 169 213 
84 206 213 147 
85 2 211 212 
86 211 214 212 
87 211 172 214 
88 212 214 169 
89 8 215 7 
90 215 216 7 
91 215 44 216 
92 7 216 6 
93 6 217 7 
94 217 218 7 
95 217 67 218 
96 7 218 8 
97 44 219 216 
98 219 204 216 
99 219 52 204 
100 216 204 6 
101 6 207 217 
102 207 220 217 
103 207 147 220 
104 217 220 67 
105 10 221 9 
106 221 222 9 
107 221 50 222 
108 9 222 8 
109 8 223 9 
110 223 224 9 
111 223 148 224 
112 9 224 10 
113 8 222 215 
114 222 225 215 
115 222 50 225 
116 215 225 44 
117 67 226 218 
118 226 223 218 
119 226 148 223 
120 218 223 8 
121 12 227 11 
122 227 228 11 
123 227 46 228 
124 11 228 10 
125 10 229 11 
126 229 230 11 
127 229 65 230 
128 11 230 12 
129 46 231 228 
130 231 221 228 
131 231 50 221 
132 228 221 10 
133 10 224 229 
134 224 232 229 
135 224 148 232 
136 229 232 65 
137 14 233 13 
138 233 234 13 
139 233 47 234 
140 13 234 12 
141 12 235 13 
142 235 236 13 
143 235 177 236 
144 13 236 14 
145 12 234 227 
146 234 237 227 
147 234 47 237 
148 227 237 46 
149 65 238 230 
150 238 235 230 
151 238 177 235 
152 230 235 12 
153 16 239 15 
154 239 240 15 
155 239 43 240 
156 15 240 14 
157 14 241 15 
158 241 242 15 
159 241 183 242 
160 15 242 16 
161 43 243 240 
162 243 233 240 
163 243 47 233 
164 240 233 14 
165 177 244 236 
166 244 241 236 
167 244 183 241 
168 236 241 14 
169 16 245 17 
170 245 246 17 
171 245 64 246 
172 17 246 18 
173 18 247 17 
174 247 248 17 
175 247 178 248 
176 17 248 16 
177 16 248 239 
178 248 249 239 
179 248 178 249 
180 239 249 43 
181 16 242 245 
182 242 250 245 
183 242 183 250 
184 245 250 64 
185 18 251 19 
186 251 252 19 
187 251 149 252 
188 19 252 20 
189 20 253 19 
190 253 254 19 
191 253 150 254 
192 19 254 18 
193 64 255 246 
194 255 251 246 
195 255 149 251 
196 246 251 18 
197 150 256 254 
198 256 247 254 
199 256 178 247 
200 254 247 18 
201 22 257 21 
202 257 258 21 
203 257 45 258 
204 21 258 20 
205 20 259 21 
206 259 260 21 
207 259 66 260 
208 21 260 22 
209 45 261 258 
210 261 253 258 
211 261 150 253 
212 258 253 20 
213 20 252 259 
214 252 262 259 
215 252 149 262 
216 259 262 66 
217 22 196 257 
218 196 263 257 
219 196 51 263 
220 257 263 45 
221 66 264 260 
222 264 197 260 
223 264 146 197 
224 260 197 22 
225 43 265 243 
226 265 266 243 
227 265 176 266 
228 243 266 47 
229 130 267 269 
230 267 268 269 
231 267 143 268 
232 269 268 43 
233 43 249 269 
234 249 270 269 
235 249 178 270 
236 269 270 130 
237 143 271 268 
238 271 265 268 
239 271 176 265 
240 268 265 43 
241 50 272 225 
242 272 273 225 
243 272 141 273 
244 225 273 44 
245 44 274 219 
246 274 275 219 
247 274 53 275 
248 219 275 52 
249 44 273 274 
250 273 276 274 
251 273 141 276 
252 274 276 53 
253 51 277 263 
254 277 278 263 
255 277 55 278 
256 263 278 45 
257 55 279 278 
258 279 280 278 
259 279 58 280 
260 278 280 45 
261 58 281 280 
262 281 261 280 
263 281 150 261 
264 280 261 45 
265 47 282 237 
266 282 283 237 
267 282 48 283 
268 237 283 46 
269 48 284 283 
270 284 285 283 
271 284 49 285 
272 283 285 46 
273 49 286 285 
274 286 231 285 
275 286 50 231 
276 285 231 46 
277 47 266 282 
278 266 287 282 
279 266 176 287 
280 282 287 48 
281 48 288 284 
282 288 289 284 
283 288 54 289 
284 284 289 49 
285 48 290 288 
286 290 291 288 
287 290 56 291 
288 288 291 54 
289 48 287 290 
290 287 292 290 
291 287 176 292 
292 290 292 56 
293 49 293 286 
294 293 272 286 
295 293 141 272 
296 286 272 50 
297 54 294 289 
298 294 295 289 
299 294 155 295 
300 289 295 49 
301 49 295 293 
302 295 296 293 
303 295 155 296 
304 293 296 141 
305 51 297 277 
306 297 298 277 
307 297 152 298 
308 277 298 55 
309 51 200 297 
310 200 299 297 
311 200 154 299 
312 297 299 152 
313 53 300 275 
314 300 301 275 
315 300 63 301 
316 275 301 52 
317 63 302 301 
318 302 208 301 
319 302 118 208 
320 301 208 52 
321 53 303 300 
322 303 304 300 
323 303 156 304 
324 300 304 63 
325 141 296 276 
326 296 305 276 
327 296 155 305 
328 276 305 53 
329 155 306 305 
330 306 303 305 
331 306 156 303 
332 305 303 53 
333 56 307 291 
334 307 308 291 
335 307 57 308 
336 291 308 54 
337 57 309 308 
338 309 310 308 
339 309 60 310 
340 308 310 54 
341 60 311 310 
342 311 294 310 
343 311 155 294 
344 310 294 54 
345 55 312 279 
346 312 313 279 
347 312 59 313 
348 279 313 58 
349 55 314 312 
350 314 315 312 
351 314 62 315 
352 312 315 59 
353 55 298 314 
354 298 316 314 
355 298 152 316 
356 314 316 62 
357 56 317 307 
358 317 318 307 
359 317 157 318 
360 307 318 57 
361 143 319 320 
362 319 317 320 
363 319 157 317 
364 320 317 56 
365 56 292 320 
366 292 271 320 
367 292 176 271 
368 320 271 143 
369 57 321 309 
370 321 322 309 
371 321 61 322 
372 309 322 60 
373 57 323 321 
374 323 324 321 
375 323 139 324 
376 321 324 61 
377 57 318 323 
378 318 325 323 
379 318 157 325 
380 323 325 139 
381 59 326 313 
382 326 327 313 
383 326 119 327 
384 313 327 58 
385 119 328 327 
386 328 329 327 
387 328 130 329 
388 327 329 58 
389 130 330 329 
390 330 281 329 
391 330 150 281 
392 329 281 58 
393 62 331 315 
394 331 332 315 
395 331 114 332 
396 315 332 59 
397 114 333 332 
398 333 334 332 
399 333 174 334 
400 332 334 59 
401 59 334 326 
402 334 335 326 
403 334 174 335 
404 326 335 119 
405 61 336 322 
406 336 337 322 
407 336 68 337 
408 322 337 60 
409 68 338 337 
410 338 339 337 
411 338 156 339 
412 337 339 60 
413 60 339 311 
414 339 306 311 
415 339 156 306 
416 311 306 155 
417 61 340 336 
418 340 341 336 
419 340 69 341 
420 336 341 68 
421 61 342 340 
422 342 343 340 
423 342 158 343 
424 340 343 69 
425 139 344 324 
426 344 342 324 
427 344 158 342 
428 324 342 61 
429 62 345 331 
430 345 346 331 
431 345 126 346 
432 331 346 114 
433 62 347 345 
434 347 348 345 
435 347 170 348 
436 345 348 126 
437 152 349 316 
438 349 347 316 
439 349 170 347 
440 316 347 62 
441 63 350 302 
442 350 351 302 
443 350 138 351 
444 302 351 118 
445 63 352 350 
446 352 353 350 
447 352 160 353 
448 350 353 138 
449 63 304 355 
450 304 354 355 
451 304 156 354 
452 355 354 140 
453 140 356 355 
454 356 352 355 
455 356 160 352 
456 355 352 63 
457 64 250 358 
458 250 357 358 
459 250 183 357 
460 358 357 142 
461 142 359 358 
462 359 360 358 
463 359 184 360 
464 358 360 64 
465 64 361 255 
466 361 362 255 
467 361 175 362 
468 255 362 149 
469 64 360 361 
470 360 363 361 
471 360 184 363 
472 361 363 175 
473 134 364 365 
474 364 238 365 
475 364 177 238 
476 365 238 65 
477 65 366 365 
478 366 367 365 
479 366 182 367 
480 365 367 134 
481 148 368 232 
482 368 366 232 
483 368 182 366 
484 232 366 65 
485 66 369 264 
486 369 370 264 
487 369 193 370 
488 264 370 146 
489 149 362 262 
490 362 371 262 
491 362 175 371 
492 262 371 66 
493 175 372 371 
494 372 369 371 
495 372 193 369 
496 371 369 66 
497 135 373 375 
498 373 374 375 
499 373 136 374 
500 375 374 67 
501 67 220 375 
502 220 376 375 
503 220 147 376 
504 375 376 135 
505 136 377 374 
506 377 378 374 
507 377 190 378 
508 374 378 67 
509 67 378 226 
510 378 379 226 
511 378 190 379 
512 226 379 148 
513 69 380 341 
514 380 381 341 
515 380 70 381 
516 341 381 68 
517 70 382 381 
518 382 383 381 
519 382 140 383 
520 381 383 68 
521 140 354 383 
522 354 338 383 
523 354 156 338 
524 383 338 68 
525 69 384 380 
526 384 385 380 
527 384 71 385 
528 380 385 70 
529 69 386 384 
530 386 387 384 
531 386 82 387 
532 384 387 71 
533 69 343 386 
534 343 388 386 
535 343 158 388 
536 386 388 82 
537 71 389 385 
538 389 390 385 
539 389 72 390 
540 385 390 70 
541 72 391 390 
542 391 392 390 
543 391 160 392 
544 390 392 70 
545 70 392 382 
546 392 356 382 
547 392 160 356 
548 382 356 140 
549 71 393 389 
550 393 394 389 
551 393 73 394 
552 389 394 72 
553 71 395 393 
554 395 396 393 
555 395 159 396 
556 393 396 73 
557 82 397 387 
558 397 395 387 
559 397 159 395 
560 387 395 71 
561 73 398 394 
562 398 399 394 
563 398 74 399 
564 394 399 72 
565 74 400 399 
566 400 401 399 
567 400 83 401 
568 399 401 72 
569 83 402 401 
570 402 391 401 
571 402 160 391 
572 401 391 72 
573 73 403 398 
574 403 404 398 
575 403 75 404 
576 398 404 74 
577 73 405 403 
578 405 406 403 
579 405 76 406 
580 403 406 75 
581 73 396 405 
582 396 407 405 
583 396 159 407 
584 405 407 76 
585 75 408 404 
586 408 409 404 
587 408 161 409 
588 404 409 74 
589 74 410 400 
590 410 411 400 
591 410 84 411 
592 400 411 83 
593 74 409 410 
594 409 412 410 
595 409 161 412 
596 410 412 84 
597 76 413 406 
598 413 414 406 
599 413 77 414 
600 406 414 75 
601 77 415 414 
602 415 416 414 
603 415 85 416 
604 414 416 75 
605 85 417 416 
606 417 408 416 
607 417 161 408 
608 416 408 75 
609 76 418 413 
610 418 419 413 
611 418 78 419 
612 413 419 77 
613 76 420 418 
614 420 421 418 
615 420 163 421 
616 418 421 78 
617 159 422 407 
618 422 420 407 
619 422 163 420 
620 407 420 76 
621 78 423 419 
622 423 424 419 
623 423 79 424 
624 419 424 77 
625 79 425 424 
626 425 426 424 
627 425 168 426 
628 424 426 77 
629 77 426 415 
630 426 427 415 
631 426 168 427 
632 415 427 85 
633 78 428 423 
634 428 429 423 
635 428 80 429 
636 423 429 79 
637 78 430 428 
638 430 431 428 
639 430 116 431 
640 428 431 80 
641 78 421 430 
642 421 432 430 
643 421 163 432 
644 430 432 116 
645 80 433 429 
646 433 434 429 
647 433 81 434 
648 429 434 79 
649 81 435 434 
650 435 436 434 
651 435 86 436 
652 434 436 79 
653 86 437 436 
654 437 425 436 
655 437 168 425 
656 436 425 79 
657 80 438 433 
658 438 439 433 
659 438 113 439 
660 433 439 81 
661 80 440 438 
662 440 441 438 
663 440 153 441 
664 438 441 113 
665 116 442 431 
666 442 440 431 
667 442 153 440 
668 431 440 80 
669 81 443 435 
670 443 444 435 
671 443 87 444 
672 435 444 86 
673 81 445 443 
674 445 446 443 
675 445 192 446 
676 443 446 87 
677 113 447 439 
678 447 445 439 
679 447 192 445 
680 439 445 81 
681 158 448 388 
682 448 449 388 
683 448 179 449 
684 388 449 82 
685 82 450 397 
686 450 451 397 
687 450 180 451 
688 397 451 159 
689 179 452 449 
690 452 450 449 
691 452 180 450 
692 449 450 82 
693 84 453 411 
694 453 454 411 
695 453 102 454 
696 411 454 83 
697 102 455 454 
698 455 456 454 
699 455 138 456 
700 454 456 83 
701 138 353 456 
702 353 402 456 
703 353 160 402 
704 456 402 83 
705 84 457 453 
706 457 458 453 
707 457 115 458 
708 453 458 102 
709 84 459 457 
710 459 460 457 
711 459 123 460 
712 457 460 115 
713 84 412 459 
714 412 461 459 
715 412 161 461 
716 459 461 123 
717 85 462 417 
718 462 463 417 
719 462 186 463 
720 417 463 161 
721 168 464 427 
722 464 465 427 
723 464 191 465 
724 427 465 85 
725 85 465 462 
726 465 466 462 
727 465 191 466 
728 462 466 186 
729 87 467 444 
730 467 468 444 
731 467 88 468 
732 444 468 86 
733 88 469 468 
734 469 470 468 
735 469 167 470 
736 468 470 86 
737 167 471 470 
738 471 437 470 
739 471 168 437 
740 470 437 86 
741 87 472 467 
742 472 473 467 
743 472 89 473 
744 467 473 88 
745 87 474 472 
746 474 475 472 
747 474 103 475 
748 472 475 89 
749 87 446 474 
750 446 476 474 
751 446 192 476 
752 474 476 103 
753 89 477 473 
754 477 478 473 
755 477 90 478 
756 473 478 88 
757 90 479 478 
758 479 480 478 
759 479 124 480 
760 478 480 88 
761 124 481 480 
762 481 469 480 
763 481 167 469 
764 480 469 88 
765 89 482 477 
766 482 483 477 
767 482 91 483 
768 477 483 90 
769 89 484 482 
770 484 485 482 
771 484 187 485 
772 482 485 91 
773 103 486 475 
774 486 484 475 
775 486 187 484 
776 475 484 89 
777 91 487 483 
778 487 488 483 
779 487 92 488 
780 483 488 90 
781 92 489 488 
782 489 490 488 
783 489 165 490 
784 488 490 90 
785 90 490 479 
786 490 491 479 
787 490 165 491 
788 479 491 124 
789 91 492 487 
790 492 493 487 
791 492 93 493 
792 487 493 92 
793 91 494 492 
794 494 495 492 
795 494 162 495 
796 492 495 93 
797 91 485 494 
798 485 496 494 
799 485 187 496 
800 494 496 162 
801 93 497 493 
802 497 498 493 
803 497 94 498 
804 493 498 92 
805 94 499 498 
806 499 500 498 
807 499 96 500 
808 498 500 92 
809 96 501 500 
810 501 489 500 
811 501 165 489 
812 500 489 92 
813 93 502 497 
814 502 503 497 
815 502 95 503 
816 497 503 94 
817 93 504 502 
818 504 505 502 
819 504 99 505 
820 502 505 95 
821 93 495 504 
822 495 506 504 
823 495 162 506 
824 504 506 99 
825 95 507 503 
826 507 508 503 
827 507 166 508 
828 503 508 94 
829 94 509 499 
830 509 510 499 
831 509 97 510 
832 499 510 96 
833 94 508 509 
834 508 511 509 
835 508 166 511 
836 509 511 97 
837 99 512 505 
838 512 513 505 
839 512 100 513 
840 505 513 95 
841 100 514 513 
842 514 515 513 
843 514 101 515 
844 513 515 95 
845 101 516 515 
846 516 507 515 
847 516 166 507 
848 515 507 95 
849 97 517 510 
850 517 518 510 
851 517 98 518 
852 510 518 96 
853 98 519 518 
854 519 520 518 
855 519 105 520 
856 518 520 96 
857 105 521 520 
858 521 501 520 
859 521 165 501 
860 520 501 96 
861 97 522 517 
862 522 523 517 
863 522 104 523 
864 517 523 98 
865 97 524 522 
866 524 525 522 
867 524 188 525 
868 522 525 104 
869 166 526 511 
870 526 524 511 
871 526 188 524 
872 511 524 97 
873 104 527 523 
874 527 528 523 
875 527 107 528 
876 523 528 98 
877 98 529 519 
878 529 530 519 
879 529 173 530 
880 519 530 105 
881 107 531 528 
882 531 529 528 
883 531 173 529 
884 528 529 98 
885 99 532 512 
886 532 533 512 
887 532 109 533 
888 512 533 100 
889 99 534 532 
890 534 535 532 
891 534 110 535 
892 532 535 109 
893 99 506 534 
894 506 536 534 
895 506 162 536 
896 534 536 110 
897 100 537 514 
898 537 538 514 
899 537 106 538 
900 514 538 101 
901 100 539 537 
902 539 540 537 
903 539 164 540 
904 537 540 106 
905 109 541 533 
906 541 539 533 
907 541 164 539 
908 533 539 100 
909 106 542 538 
910 542 543 538 
911 542 108 543 
912 538 543 101 
913 108 544 543 
914 544 545 543 
915 544 125 545 
916 543 545 101 
917 125 546 545 
918 546 516 545 
919 546 166 516 
920 545 516 101 
921 115 547 458 
922 547 548 458 
923 547 171 548 
924 458 548 102 
925 102 549 455 
926 549 550 455 
927 549 185 550 
928 455 550 138 
929 171 551 548 
930 551 549 548 
931 551 185 549 
932 548 549 102 
933 103 552 554 
934 552 553 554 
935 552 144 553 
936 554 553 133 
937 133 555 554 
938 555 486 554 
939 555 187 486 
940 554 486 103 
941 103 556 552 
942 556 557 552 
943 556 145 557 
944 552 557 144 
945 103 476 556 
946 476 558 556 
947 476 192 558 
948 556 558 145 
949 104 559 527 
950 559 560 527 
951 559 111 560 
952 527 560 107 
953 104 561 559 
954 561 562 559 
955 561 112 562 
956 559 562 111 
957 104 525 561 
958 525 563 561 
959 525 188 563 
960 561 563 112 
961 105 530 565 
962 530 564 565 
963 530 173 564 
964 565 564 131 
965 131 566 565 
966 566 567 565 
967 566 189 567 
968 565 567 105 
969 105 567 521 
970 567 568 521 
971 567 189 568 
972 521 568 165 
973 106 569 542 
974 569 570 542 
975 569 120 570 
976 542 570 108 
977 106 571 569 
978 571 572 569 
979 571 121 572 
980 569 572 120 
981 106 540 571 
982 540 573 571 
983 540 164 573 
984 571 573 121 
985 111 574 560 
986 574 575 560 
987 574 117 575 
988 560 575 107 
989 117 576 575 
990 576 577 575 
991 576 151 577 
992 575 577 107 
993 151 578 577 
994 578 531 577 
995 578 173 531 
996 577 531 107 
997 120 579 570 
998 579 580 570 
999 579 122 580 
1000 570 580 108 
1001 122 581 580 
1002 581 582 580 
1003 581 137 582 
1004 580 582 108 
1005 108 582 544 
1006 582 583 544 
1007 582 137 583 
1008 544 583 125 
1009 110 584 535 
1010 584 585 535 
1011 584 127 585 
1012 535 585 109 
1013 127 586 585 
1014 586 587 585 
1015 586 129 587 
1016 585 587 109 
1017 129 588 587 
1018 588 541 587 
1019 588 164 541 
1020 587 541 109 
1021 110 589 584 
1022 589 590 584 
1023 589 128 590 
1024 584 590 127 
1025 110 591 589 
1026 591 592 589 
1027 591 133 592 
1028 589 592 128 
1029 110 536 591 
1030 536 593 591 
1031 536 162 593 
1032 591 593 133 
1033 112 594 562 
1034 594 595 562 
1035 594 135 595 
1036 562 595 111 
1037 111 596 574 
1038 596 597 574 
1039 596 169 597 
1040 574 597 117 
1041 135 598 595 
1042 598 596 595 
1043 598 169 596 
1044 595 596 111 
1045 125 583 600 
1046 583 599 600 
1047 583 137 599 
1048 600 599 112 
1049 112 563 600 
1050 563 601 600 
1051 563 188 601 
1052 600 601 125 
1053 112 602 594 
1054 602 373 594 
1055 602 136 373 
1056 594 373 135 
1057 112 599 602 
1058 599 603 602 
1059 599 137 603 
1060 602 603 136 
1061 113 604 605 
1062 604 203 605 
1063 604 154 203 
1064 605 203 145 
1065 145 558 605 
1066 558 447 605 
1067 558 192 447 
1068 605 447 113 
1069 153 606 441 
1070 606 604 441 
1071 606 154 604 
1072 441 604 113 
1073 126 607 346 
1074 607 608 346 
1075 607 179 608 
1076 346 608 114 
1077 114 609 610 
1078 609 344 610 
1079 609 158 344 
1080 610 344 139 
1081 139 611 610 
1082 611 333 610 
1083 611 174 333 
1084 610 333 114 
1085 114 608 609 
1086 608 448 609 
1087 608 179 448 
1088 609 448 158 
1089 123 612 460 
1090 612 613 460 
1091 612 131 613 
1092 460 613 115 
1093 131 614 613 
1094 614 615 613 
1095 614 151 615 
1096 613 615 115 
1097 151 616 615 
1098 616 547 615 
1099 616 171 547 
1100 615 547 115 
1101 116 617 442 
1102 617 618 442 
1103 617 170 618 
1104 442 618 153 
1105 163 619 432 
1106 619 620 432 
1107 619 181 620 
1108 432 620 116 
1109 116 620 617 
1110 620 621 617 
1111 620 181 621 
1112 617 621 170 
1113 117 622 576 
1114 622 616 576 
1115 622 171 616 
1116 576 616 151 
1117 169 214 597 
1118 214 623 597 
1119 214 172 623 
1120 597 623 117 
1121 117 623 622 
1122 623 624 622 
1123 623 172 624 
1124 622 624 171 
1125 138 550 351 
1126 550 625 351 
1127 550 185 625 
1128 351 625 118 
1129 118 625 210 
1130 625 626 210 
1131 625 185 626 
1132 210 626 172 
1133 119 627 328 
1134 627 267 328 
1135 627 143 267 
1136 328 267 130 
1137 119 628 627 
1138 628 319 627 
1139 628 157 319 
1140 627 319 143 
1141 119 335 628 
1142 335 629 628 
1143 335 174 629 
1144 628 629 157 
1145 121 630 572 
1146 630 631 572 
1147 630 134 631 
1148 572 631 120 
1149 120 632 579 
1150 632 633 579 
1151 632 182 633 
1152 579 633 122 
1153 134 367 631 
1154 367 632 631 
1155 367 182 632 
1156 631 632 120 
1157 121 634 630 
1158 634 635 630 
1159 634 142 635 
1160 630 635 134 
1161 121 636 634 
1162 636 359 634 
1163 636 184 359 
1164 634 359 142 
1165 164 637 573 
1166 637 636 573 
1167 637 184 636 
1168 573 636 121 
1169 136 603 638 
1170 603 581 638 
1171 603 137 581 
1172 638 581 122 
1173 122 639 638 
1174 639 377 638 
1175 639 190 377 
1176 638 377 136 
1177 122 633 640 
1178 633 368 640 
1179 633 182 368 
1180 640 368 148 
1181 148 379 640 
1182 379 639 640 
1183 379 190 639 
1184 640 639 122 
1185 123 641 612 
1186 641 642 612 
1187 641 132 642 
1188 612 642 131 
1189 123 643 641 
1190 643 644 641 
1191 643 186 644 
1192 641 644 132 
1193 161 463 461 
1194 463 643 461 
1195 463 186 643 
1196 461 643 123 
1197 165 568 491 
1198 568 645 491 
1199 568 189 645 
1200 491 645 124 
1201 124 646 481 
1202 646 647 481 
1203 646 194 647 
1204 481 647 167 
1205 189 648 645 
1206 648 646 645 
1207 648 194 646 
1208 645 646 124 
1209 125 601 546 
1210 601 526 546 
1211 601 188 526 
1212 546 526 166 
1213 170 621 348 
1214 621 649 348 
1215 621 181 649 
1216 348 649 126 
1217 126 650 607 
1218 650 452 607 
1219 650 180 452 
1220 607 452 179 
1221 126 649 650 
1222 649 651 650 
1223 649 181 651 
1224 650 651 180 
1225 128 652 590 
1226 652 653 590 
1227 652 193 653 
1228 590 653 127 
1229 127 654 586 
1230 654 655 586 
1231 654 175 655 
1232 586 655 129 
1233 127 653 654 
1234 653 372 654 
1235 653 193 372 
1236 654 372 175 
1237 133 553 592 
1238 553 656 592 
1239 553 144 656 
1240 592 656 128 
1241 144 657 656 
1242 657 658 656 
1243 657 146 658 
1244 656 658 128 
1245 146 370 658 
1246 370 652 658 
1247 370 193 652 
1248 658 652 128 
1249 129 659 588 
1250 659 637 588 
1251 659 184 637 
1252 588 637 164 
1253 175 363 655 
1254 363 659 655 
1255 363 184 659 
1256 655 659 129 
1257 130 270 330 
1258 270 256 330 
1259 270 178 256 
1260 330 256 150 
1261 132 660 642 
1262 660 566 642 
1263 660 189 566 
1264 642 566 131 
1265 131 564 614 
1266 564 578 614 
1267 564 173 578 
1268 614 578 151 
1269 186 661 644 
1270 661 662 644 
1271 661 194 662 
1272 644 662 132 
1273 132 662 660 
1274 662 648 660 
1275 662 194 648 
1276 660 648 189 
1277 162 496 593 
1278 496 555 593 
1279 496 187 555 
1280 593 555 133 
1281 142 663 635 
1282 663 364 635 
1283 663 177 364 
1284 635 364 134 
1285 147 213 376 
1286 213 598 376 
1287 213 169 598 
1288 376 598 135 
1289 157 629 325 
1290 629 611 325 
1291 629 174 611 
1292 325 611 139 
1293 142 357 663 
1294 357 244 663 
1295 357 183 244 
1296 663 244 177 
1297 145 201 557 
1298 201 657 557 
1299 201 146 657 
1300 557 657 144 
1301 152 299 664 
1302 299 606 664 
1303 299 154 606 
1304 664 606 153 
1305 153 618 664 
1306 618 349 664 
1307 618 170 349 
1308 664 349 152 
1309 159 451 422 
1310 451 665 422 
1311 451 180 665 
1312 422 665 163 
1313 180 651 665 
1314 651 619 665 
1315 651 181 619 
1316 665 619 163 
1317 167 666 471 
1318 666 464 471 
1319 666 191 464 
1320 471 464 168 
1321 167 647 666 
1322 647 667 666 
1323 647 194 667 
1324 666 667 191 
1325 172 626 624 
1326 626 551 624 
1327 626 185 551 
1328 624 551 171 
1329 191 667 466 
1330 667 661 466 
1331 667 194 661 
1332 466 661 186 
2 2 2 1280
1333 3 819 42 
1334 819 820 42 
1335 819 678 820 
1336 42 820 41 
1337 41 821 42 
1338 821 822 42 
1339 821 768 822 
1340 42 822 3 
1341 3 823 819 
1342 823 824 819 
1343 823 781 824 
1344 819 824 678 
1345 3 822 826 
1346 822 825 826 
1347 822 768 825 
1348 826 825 762 
1349 762 827 826 
1350 827 823 826 
1351 827 781 823 
1352 826 823 3 
1353 4 828 24 
1354 828 829 24 
1355 828 669 829 
1356 24 829 25 
1357 25 830 24 
1358 830 831 24 
1359 830 763 831 
1360 24 831 4 
1361 4 832 828 
1362 832 833 828 
1363 832 741 833 
1364 828 833 669 
1365 4 831 832 
1366 831 834 832 
1367 831 763 834 
1368 832 834 741 
1369 27 835 26 
1370 835 836 26 
1371 835 676 836 
1372 26 836 25 
1373 25 837 26 
1374 837 838 26 
1375 837 815 838 
1376 26 838 27 
1377 669 839 829 
1378 839 840 829 
1379 839 672 840 
1380 829 840 25 
1381 672 841 840 
1382 841 837 840 
1383 841 815 837 
1384 840 837 25 
1385 676 842 836 
1386 842 830 836 
1387 842 763 830 
1388 836 830 25 
1389 27 843 28 
1390 843 844 28 
1391 843 679 844 
1392 28 844 29 
1393 29 845 28 
1394 845 846 28 
1395 845 789 846 
1396 28 846 27 
1397 27 846 835 
1398 846 847 835 
1399 846 789 847 
1400 835 847 676 
1401 27 838 843 
1402 838 848 843 
1403 838 815 848 
1404 843 848 679 
1405 29 849 30 
1406 849 850 30 
1407 849 670 850 
1408 30 850 31 
1409 31 851 30 
1410 851 852 30 
1411 851 756 852 
1412 30 852 29 
1413 29 844 849 
1414 844 853 849 
1415 844 679 853 
1416 849 853 670 
1417 756 854 852 
1418 854 845 852 
1419 854 789 845 
1420 852 845 29 
1421 33 855 32 
1422 855 856 32 
1423 855 674 856 
1424 32 856 31 
1425 31 857 32 
1426 857 858 32 
1427 857 790 858 
1428 32 858 33 
1429 670 859 850 
1430 859 857 850 
1431 859 790 857 
1432 850 857 31 
1433 674 860 856 
1434 860 851 856 
1435 860 756 851 
1436 856 851 31 
1437 33 861 34 
1438 861 862 34 
1439 861 668 862 
1440 34 862 35 
1441 35 863 34 
1442 863 864 34 
1443 863 758 864 
1444 34 864 33 
1445 33 858 861 
1446 858 865 861 
1447 858 790 865 
1448 861 865 668 
1449 33 864 855 
1450 864 866 855 
1451 864 758 866 
1452 855 866 674 
1453 37 867 36 
1454 867 868 36 
1455 867 767 868 
1456 36 868 35 
1457 35 869 36 
1458 869 870 36 
1459 869 808 870 
1460 36 870 37 
1461 668 871 862 
1462 871 869 862 
1463 871 808 869 
1464 862 869 35 
1465 35 868 863 
1466 868 872 863 
1467 868 767 872 
1468 863 872 758 
1469 39 873 38 
1470 873 874 38 
1471 873 675 874 
1472 38 874 37 
1473 37 875 38 
1474 875 876 38 
1475 875 804 876 
1476 38 876 39 
1477 675 877 874 
1478 877 867 874 
1479 877 767 867 
1480 874 867 37 
1481 748 878 879 
1482 878 875 879 
1483 878 804 875 
1484 879 875 37 
1485 37 870 879 
1486 870 880 879 
1487 870 808 880 
1488 879 880 748 
1489 39 881 40 
1490 881 882 40 
1491 881 671 882 
1492 40 882 41 
1493 41 883 40 
1494 883 884 40 
1495 883 765 884 
1496 40 884 39 
1497 39 876 881 
1498 876 885 881 
1499 876 804 885 
1500 881 885 671 
1501 39 884 873 
1502 884 886 873 
1503 884 765 886 
1504 873 886 675 
1505 671 887 882 
1506 887 821 882 
1507 887 768 821 
1508 882 821 41 
1509 678 888 820 
1510 888 883 820 
1511 888 765 883 
1512 820 883 41 
1513 668 889 891 
1514 889 890 891 
1515 889 802 890 
1516 891 890 744 
1517 744 892 891 
1518 892 871 891 
1519 892 808 871 
1520 891 871 668 
1521 790 893 865 
1522 893 889 865 
1523 893 802 889 
1524 865 889 668 
1525 669 894 839 
1526 894 895 839 
1527 894 673 895 
1528 839 895 672 
1529 669 896 894 
1530 896 897 894 
1531 896 714 897 
1532 894 897 673 
1533 669 898 896 
1534 898 899 896 
1535 898 817 899 
1536 896 899 714 
1537 741 900 833 
1538 900 898 833 
1539 900 817 898 
1540 833 898 669 
1541 679 901 853 
1542 901 902 853 
1543 901 680 902 
1544 853 902 670 
1545 680 903 902 
1546 903 904 902 
1547 903 681 904 
1548 902 904 670 
1549 681 905 904 
1550 905 859 904 
1551 905 790 859 
1552 904 859 670 
1553 671 906 887 
1554 906 907 887 
1555 906 813 907 
1556 887 907 768 
1557 671 885 909 
1558 885 908 909 
1559 885 804 908 
1560 909 908 791 
1561 791 910 909 
1562 910 906 909 
1563 910 813 906 
1564 909 906 671 
1565 673 911 895 
1566 911 912 895 
1567 911 677 912 
1568 895 912 672 
1569 677 913 912 
1570 913 914 912 
1571 913 797 914 
1572 912 914 672 
1573 797 915 914 
1574 915 841 914 
1575 915 815 841 
1576 914 841 672 
1577 673 916 911 
1578 916 917 911 
1579 916 685 917 
1580 911 917 677 
1581 673 918 916 
1582 918 919 916 
1583 918 760 919 
1584 916 919 685 
1585 714 920 897 
1586 920 918 897 
1587 920 760 918 
1588 897 918 673 
1589 751 921 922 
1590 921 860 922 
1591 921 756 860 
1592 922 860 674 
1593 674 923 922 
1594 923 924 922 
1595 923 757 924 
1596 922 924 751 
1597 674 866 923 
1598 866 925 923 
1599 866 758 925 
1600 923 925 757 
1601 765 926 886 
1602 926 927 886 
1603 926 766 927 
1604 886 927 675 
1605 766 928 927 
1606 928 929 927 
1607 928 809 929 
1608 927 929 675 
1609 675 929 877 
1610 929 930 877 
1611 929 809 930 
1612 877 930 767 
1613 676 931 933 
1614 931 932 933 
1615 931 750 932 
1616 933 932 749 
1617 749 934 933 
1618 934 935 933 
1619 934 764 935 
1620 933 935 676 
1621 676 847 931 
1622 847 936 931 
1623 847 789 936 
1624 931 936 750 
1625 676 935 842 
1626 935 937 842 
1627 935 764 937 
1628 842 937 763 
1629 685 938 917 
1630 938 939 917 
1631 938 736 939 
1632 917 939 677 
1633 736 940 939 
1634 940 941 939 
1635 940 796 941 
1636 939 941 677 
1637 796 942 941 
1638 942 913 941 
1639 942 797 913 
1640 941 913 677 
1641 678 943 888 
1642 943 944 888 
1643 943 798 944 
1644 888 944 765 
1645 678 824 946 
1646 824 945 946 
1647 824 781 945 
1648 946 945 779 
1649 779 947 946 
1650 947 943 946 
1651 947 798 943 
1652 946 943 678 
1653 679 948 901 
1654 948 949 901 
1655 948 797 949 
1656 901 949 680 
1657 679 848 948 
1658 848 915 948 
1659 848 815 915 
1660 948 915 797 
1661 680 950 903 
1662 950 951 903 
1663 950 682 951 
1664 903 951 681 
1665 680 952 950 
1666 952 953 950 
1667 952 796 953 
1668 950 953 682 
1669 680 949 952 
1670 949 942 952 
1671 949 797 942 
1672 952 942 796 
1673 682 954 951 
1674 954 955 951 
1675 954 683 955 
1676 951 955 681 
1677 683 956 955 
1678 956 957 955 
1679 956 802 957 
1680 955 957 681 
1681 681 957 905 
1682 957 893 905 
1683 957 802 893 
1684 905 893 790 
1685 682 958 954 
1686 958 959 954 
1687 958 684 959 
1688 954 959 683 
1689 682 960 958 
1690 960 961 958 
1691 960 770 961 
1692 958 961 684 
1693 682 953 960 
1694 953 962 960 
1695 953 796 962 
1696 960 962 770 
1697 684 963 959 
1698 963 964 959 
1699 963 686 964 
1700 959 964 683 
1701 686 965 964 
1702 965 966 964 
1703 965 744 966 
1704 964 966 683 
1705 744 890 966 
1706 890 956 966 
1707 890 802 956 
1708 966 956 683 
1709 684 967 963 
1710 967 968 963 
1711 967 687 968 
1712 963 968 686 
1713 684 969 967 
1714 969 970 967 
1715 969 688 970 
1716 967 970 687 
1717 684 961 969 
1718 961 971 969 
1719 961 770 971 
1720 969 971 688 
1721 685 972 938 
1722 972 973 938 
1723 972 737 973 
1724 938 973 736 
1725 685 974 972 
1726 974 975 972 
1727 974 743 975 
1728 972 975 737 
1729 685 919 974 
1730 919 976 974 
1731 919 760 976 
1732 974 976 743 
1733 687 977 968 
1734 977 978 968 
1735 977 771 978 
1736 968 978 686 
1737 686 979 965 
1738 979 980 965 
1739 979 745 980 
1740 965 980 744 
1741 686 978 979 
1742 978 981 979 
1743 978 771 981 
1744 979 981 745 
1745 688 982 970 
1746 982 983 970 
1747 982 689 983 
1748 970 983 687 
1749 689 984 983 
1750 984 985 983 
1751 984 690 985 
1752 983 985 687 
1753 690 986 985 
1754 986 977 985 
1755 986 771 977 
1756 985 977 687 
1757 688 987 982 
1758 987 988 982 
1759 987 772 988 
1760 982 988 689 
1761 770 989 971 
1762 989 990 971 
1763 989 811 990 
1764 971 990 688 
1765 688 990 987 
1766 990 991 987 
1767 990 811 991 
1768 987 991 772 
1769 689 992 984 
1770 992 993 984 
1771 992 691 993 
1772 984 993 690 
1773 689 994 992 
1774 994 995 992 
1775 994 692 995 
1776 992 995 691 
1777 689 988 994 
1778 988 996 994 
1779 988 772 996 
1780 994 996 692 
1781 691 997 993 
1782 997 998 993 
1783 997 729 998 
1784 993 998 690 
1785 729 999 998 
1786 999 1000 998 
1787 999 734 1000 
1788 998 1000 690 
1789 734 1001 1000 
1790 1001 986 1000 
1791 1001 771 986 
1792 1000 986 690 
1793 692 1002 995 
1794 1002 1003 995 
1795 1002 693 1003 
1796 995 1003 691 
1797 693 1004 1003 
1798 1004 1005 1003 
1799 1004 773 1005 
1800 1003 1005 691 
1801 691 1005 997 
1802 1005 1006 997 
1803 1005 773 1006 
1804 997 1006 729 
1805 692 1007 1002 
1806 1007 1008 1002 
1807 1007 694 1008 
1808 1002 1008 693 
1809 692 1009 1007 
1810 1009 1010 1007 
1811 1009 814 1010 
1812 1007 1010 694 
1813 772 1011 996 
1814 1011 1009 996 
1815 1011 814 1009 
1816 996 1009 692 
1817 694 1012 1008 
1818 1012 1013 1008 
1819 1012 695 1013 
1820 1008 1013 693 
1821 695 1014 1013 
1822 1014 1015 1013 
1823 1014 697 1015 
1824 1013 1015 693 
1825 697 1016 1015 
1826 1016 1004 1015 
1827 1016 773 1004 
1828 1015 1004 693 
1829 694 1017 1012 
1830 1017 1018 1012 
1831 1017 696 1018 
1832 1012 1018 695 
1833 694 1019 1017 
1834 1019 1020 1017 
1835 1019 728 1020 
1836 1017 1020 696 
1837 694 1010 1019 
1838 1010 1021 1019 
1839 1010 814 1021 
1840 1019 1021 728 
1841 696 1022 1018 
1842 1022 1023 1018 
1843 1022 818 1023 
1844 1018 1023 695 
1845 695 1024 1014 
1846 1024 1025 1014 
1847 1024 698 1025 
1848 1014 1025 697 
1849 695 1023 1024 
1850 1023 1026 1024 
1851 1023 818 1026 
1852 1024 1026 698 
1853 728 1027 1020 
1854 1027 1028 1020 
1855 1027 754 1028 
1856 1020 1028 696 
1857 696 1028 1030 
1858 1028 1029 1030 
1859 1028 754 1029 
1860 1030 1029 742 
1861 742 1031 1030 
1862 1031 1032 1030 
1863 1031 755 1032 
1864 1030 1032 696 
1865 755 1033 1032 
1866 1033 1022 1032 
1867 1033 818 1022 
1868 1032 1022 696 
1869 698 1034 1025 
1870 1034 1035 1025 
1871 1034 699 1035 
1872 1025 1035 697 
1873 699 1036 1035 
1874 1036 1037 1035 
1875 1036 805 1037 
1876 1035 1037 697 
1877 697 1037 1016 
1878 1037 1038 1016 
1879 1037 805 1038 
1880 1016 1038 773 
1881 698 1039 1034 
1882 1039 1040 1034 
1883 1039 700 1040 
1884 1034 1040 699 
1885 698 1041 1039 
1886 1041 1042 1039 
1887 1041 792 1042 
1888 1039 1042 700 
1889 698 1026 1041 
1890 1026 1043 1041 
1891 1026 818 1043 
1892 1041 1043 792 
1893 700 1044 1040 
1894 1044 1045 1040 
1895 1044 701 1045 
1896 1040 1045 699 
1897 701 1046 1045 
1898 1046 1047 1045 
1899 1046 719 1047 
1900 1045 1047 699 
1901 719 1048 1047 
1902 1048 1036 1047 
1903 1048 805 1036 
1904 1047 1036 699 
1905 700 1049 1044 
1906 1049 1050 1044 
1907 1049 702 1050 
1908 1044 1050 701 
1909 700 1051 1049 
1910 1051 1052 1049 
1911 1051 703 1052 
1912 1049 1052 702 
1913 700 1042 1051 
1914 1042 1053 1051 
1915 1042 792 1053 
1916 1051 1053 703 
1917 702 1054 1050 
1918 1054 1055 1050 
1919 1054 724 1055 
1920 1050 1055 701 
1921 701 1056 1046 
1922 1056 1057 1046 
1923 1056 812 1057 
1924 1046 1057 719 
1925 724 1058 1055 
1926 1058 1056 1055 
1927 1058 812 1056 
1928 1055 1056 701 
1929 703 1059 1052 
1930 1059 1060 1052 
1931 1059 704 1060 
1932 1052 1060 702 
1933 704 1061 1060 
1934 1061 1062 1060 
1935 1061 801 1062 
1936 1060 1062 702 
1937 702 1062 1054 
1938 1062 1063 1054 
1939 1062 801 1063 
1940 1054 1063 724 
1941 703 1064 1059 
1942 1064 1065 1059 
1943 1064 705 1065 
1944 1059 1065 704 
1945 703 1066 1064 
1946 1066 1067 1064 
1947 1066 738 1067 
1948 1064 1067 705 
1949 703 1053 1066 
1950 1053 1068 1066 
1951 1053 792 1068 
1952 1066 1068 738 
1953 705 1069 1065 
1954 1069 1070 1065 
1955 1069 706 1070 
1956 1065 1070 704 
1957 706 1071 1070 
1958 1071 1072 1070 
1959 1071 786 1072 
1960 1070 1072 704 
1961 786 1073 1072 
1962 1073 1061 1072 
1963 1073 801 1061 
1964 1072 1061 704 
1965 705 1074 1069 
1966 1074 1075 1069 
1967 1074 707 1075 
1968 1069 1075 706 
1969 705 1076 1074 
1970 1076 1077 1074 
1971 1076 788 1077 
1972 1074 1077 707 
1973 738 1078 1067 
1974 1078 1076 1067 
1975 1078 788 1076 
1976 1067 1076 705 
1977 707 1079 1075 
1978 1079 1080 1075 
1979 1079 708 1080 
1980 1075 1080 706 
1981 708 1081 1080 
1982 1081 1082 1080 
1983 1081 709 1082 
1984 1080 1082 706 
1985 709 1083 1082 
1986 1083 1071 1082 
1987 1083 786 1071 
1988 1082 1071 706 
1989 707 1084 1079 
1990 1084 1085 1079 
1991 1084 711 1085 
1992 1079 1085 708 
1993 707 1086 1084 
1994 1086 1087 1084 
1995 1086 716 1087 
1996 1084 1087 711 
1997 707 1077 1086 
1998 1077 1088 1086 
1999 1077 788 1088 
2000 1086 1088 716 
2001 708 1089 1081 
2002 1089 1090 1081 
2003 1089 710 1090 
2004 1081 1090 709 
2005 708 1091 1089 
2006 1091 1092 1089 
2007 1091 783 1092 
2008 1089 1092 710 
2009 711 1093 1085 
2010 1093 1091 1085 
2011 1093 783 1091 
2012 1085 1091 708 
2013 710 1094 1090 
2014 1094 1095 1090 
2015 1094 712 1095 
2016 1090 1095 709 
2017 712 1096 1095 
2018 1096 1097 1095 
2019 1096 720 1097 
2020 1095 1097 709 
2021 720 1098 1097 
2022 1098 1083 1097 
2023 1098 786 1083 
2024 1097 1083 709 
2025 710 1099 1094 
2026 1099 1100 1094 
2027 1099 713 1100 
2028 1094 1100 712 
2029 710 1101 1099 
2030 1101 1102 1099 
2031 1101 806 1102 
2032 1099 1102 713 
2033 783 1103 1092 
2034 1103 1101 1092 
2035 1103 806 1101 
2036 1092 1101 710 
2037 716 1104 1087 
2038 1104 1105 1087 
2039 1104 723 1105 
2040 1087 1105 711 
2041 723 1106 1105 
2042 1106 1107 1105 
2043 1106 730 1107 
2044 1105 1107 711 
2045 730 1108 1107 
2046 1108 1093 1107 
2047 1108 783 1093 
2048 1107 1093 711 
2049 713 1109 1100 
2050 1109 1110 1100 
2051 1109 715 1110 
2052 1100 1110 712 
2053 715 1111 1110 
2054 1111 1112 1110 
2055 1111 784 1112 
2056 1110 1112 712 
2057 712 1112 1096 
2058 1112 1113 1096 
2059 1112 784 1113 
2060 1096 1113 720 
2061 713 1114 1109 
2062 1114 1115 1109 
2063 1114 717 1115 
2064 1109 1115 715 
2065 713 1116 1114 
2066 1116 1117 1114 
2067 1116 718 1117 
2068 1114 1117 717 
2069 713 1102 1116 
2070 1102 1118 1116 
2071 1102 806 1118 
2072 1116 1118 718 
2073 752 1119 1121 
2074 1119 1120 1121 
2075 1119 753 1120 
2076 1121 1120 714 
2077 714 899 1121 
2078 899 1122 1121 
2079 899 817 1122 
2080 1121 1122 752 
2081 753 1123 1120 
2082 1123 920 1120 
2083 1123 760 920 
2084 1120 920 714 
2085 717 1124 1115 
2086 1124 1125 1115 
2087 1124 774 1125 
2088 1115 1125 715 
2089 774 1126 1125 
2090 1126 1127 1125 
2091 1126 775 1127 
2092 1125 1127 715 
2093 775 1128 1127 
2094 1128 1111 1127 
2095 1128 784 1111 
2096 1127 1111 715 
2097 716 1129 1104 
2098 1129 1130 1104 
2099 1129 725 1130 
2100 1104 1130 723 
2101 716 1131 1129 
2102 1131 1132 1129 
2103 1131 726 1132 
2104 1129 1132 725 
2105 716 1088 1131 
2106 1088 1133 1131 
2107 1088 788 1133 
2108 1131 1133 726 
2109 718 1134 1117 
2110 1134 1135 1117 
2111 1134 721 1135 
2112 1117 1135 717 
2113 721 1136 1135 
2114 1136 1137 1135 
2115 1136 722 1137 
2116 1135 1137 717 
2117 722 1138 1137 
2118 1138 1124 1137 
2119 1138 774 1124 
2120 1137 1124 717 
2121 718 1139 1134 
2122 1139 1140 1134 
2123 1139 731 1140 
2124 1134 1140 721 
2125 718 1141 1139 
2126 1141 1142 1139 
2127 1141 810 1142 
2128 1139 1142 731 
2129 718 1118 1144 
2130 1118 1143 1144 
2131 1118 806 1143 
2132 1144 1143 747 
2133 747 1145 1144 
2134 1145 1141 1144 
2135 1145 810 1141 
2136 1144 1141 718 
2137 719 1146 1148 
2138 1146 1147 1148 
2139 1146 762 1147 
2140 1148 1147 761 
2141 761 1149 1148 
2142 1149 1048 1148 
2143 1149 805 1048 
2144 1148 1048 719 
2145 719 1057 1146 
2146 1057 1150 1146 
2147 1057 812 1150 
2148 1146 1150 762 
2149 784 1151 1113 
2150 1151 1152 1113 
2151 1151 803 1152 
2152 1113 1152 720 
2153 720 1153 1098 
2154 1153 1154 1098 
2155 1153 787 1154 
2156 1098 1154 786 
2157 720 1152 1153 
2158 1152 1155 1153 
2159 1152 803 1155 
2160 1153 1155 787 
2161 721 1156 1136 
2162 1156 1157 1136 
2163 1156 785 1157 
2164 1136 1157 722 
2165 731 1158 1140 
2166 1158 1159 1140 
2167 1158 732 1159 
2168 1140 1159 721 
2169 732 1160 1159 
2170 1160 1156 1159 
2171 1160 785 1156 
2172 1159 1156 721 
2173 722 1161 1138 
2174 1161 1162 1138 
2175 1161 799 1162 
2176 1138 1162 774 
2177 785 1163 1157 
2178 1163 1164 1157 
2179 1163 793 1164 
2180 1157 1164 722 
2181 793 1165 1164 
2182 1165 1161 1164 
2183 1165 799 1161 
2184 1164 1161 722 
2185 725 1166 1130 
2186 1166 1167 1130 
2187 1166 782 1167 
2188 1130 1167 723 
2189 723 1168 1106 
2190 1168 1169 1106 
2191 1168 733 1169 
2192 1106 1169 730 
2193 723 1167 1168 
2194 1167 1170 1168 
2195 1167 782 1170 
2196 1168 1170 733 
2197 724 1063 1172 
2198 1063 1171 1172 
2199 1063 801 1171 
2200 1172 1171 787 
2201 787 1173 1172 
2202 1173 1174 1172 
2203 1173 816 1174 
2204 1172 1174 724 
2205 724 1174 1058 
2206 1174 1175 1058 
2207 1174 816 1175 
2208 1058 1175 812 
2209 726 1176 1132 
2210 1176 1177 1132 
2211 1176 727 1177 
2212 1132 1177 725 
2213 727 1178 1177 
2214 1178 1179 1177 
2215 1178 752 1179 
2216 1177 1179 725 
2217 752 1180 1179 
2218 1180 1166 1179 
2219 1180 782 1166 
2220 1179 1166 725 
2221 726 1181 1176 
2222 1181 1182 1176 
2223 1181 742 1182 
2224 1176 1182 727 
2225 726 1183 1181 
2226 1183 1184 1181 
2227 1183 807 1184 
2228 1181 1184 742 
2229 788 1185 1133 
2230 1185 1183 1133 
2231 1185 807 1183 
2232 1133 1183 726 
2233 742 1029 1182 
2234 1029 1186 1182 
2235 1029 754 1186 
2236 1182 1186 727 
2237 727 1187 1178 
2238 1187 1119 1178 
2239 1187 753 1119 
2240 1178 1119 752 
2241 727 1186 1187 
2242 1186 1188 1187 
2243 1186 754 1188 
2244 1187 1188 753 
2245 728 1189 1191 
2246 1189 1190 1191 
2247 1189 769 1190 
2248 1191 1190 743 
2249 743 1192 1191 
2250 1192 1193 1191 
2251 1192 800 1193 
2252 1191 1193 728 
2253 728 1193 1027 
2254 1193 1194 1027 
2255 1193 800 1194 
2256 1027 1194 754 
2257 728 1021 1189 
2258 1021 1195 1189 
2259 1021 814 1195 
2260 1189 1195 769 
2261 729 1196 999 
2262 1196 1197 999 
2263 1196 735 1197 
2264 999 1197 734 
2265 729 1198 1196 
2266 1198 1199 1196 
2267 1198 746 1199 
2268 1196 1199 735 
2269 729 1006 1198 
2270 1006 1200 1198 
2271 1006 773 1200 
2272 1198 1200 746 
2273 733 1201 1169 
2274 1201 1202 1169 
2275 1201 739 1202 
2276 1169 1202 730 
2277 739 1203 1202 
2278 1203 1204 1202 
2279 1203 747 1204 
2280 1202 1204 730 
2281 747 1205 1204 
2282 1205 1108 1204 
2283 1205 783 1108 
2284 1204 1108 730 
2285 731 1206 1158 
2286 1206 1207 1158 
2287 1206 749 1207 
2288 1158 1207 732 
2289 731 1208 1206 
2290 1208 1209 1206 
2291 1208 794 1209 
2292 1206 1209 749 
2293 731 1142 1208 
2294 1142 1210 1208 
2295 1142 810 1210 
2296 1208 1210 794 
2297 749 932 1207 
2298 932 1211 1207 
2299 932 750 1211 
2300 1207 1211 732 
2301 750 1212 1211 
2302 1212 1213 1211 
2303 1212 751 1213 
2304 1211 1213 732 
2305 751 1214 1213 
2306 1214 1160 1213 
2307 1214 785 1160 
2308 1213 1160 732 
2309 733 1215 1201 
2310 1215 1216 1201 
2311 1215 740 1216 
2312 1201 1216 739 
2313 733 1217 1215 
2314 1217 1218 1215 
2315 1217 741 1218 
2316 1215 1218 740 
2317 733 1170 1217 
2318 1170 1219 1217 
2319 1170 782 1219 
2320 1217 1219 741 
2321 735 1220 1197 
2322 1220 1221 1197 
2323 1220 813 1221 
2324 1197 1221 734 
2325 745 981 1222 
2326 981 1001 1222 
2327 981 771 1001 
2328 1222 1001 734 
2329 734 1223 1222 
2330 1223 1224 1222 
2331 1223 791 1224 
2332 1222 1224 745 
2333 734 1221 1223 
2334 1221 910 1223 
2335 1221 813 910 
2336 1223 910 791 
2337 746 1225 1199 
2338 1225 1226 1199 
2339 1225 761 1226 
2340 1199 1226 735 
2341 761 1227 1226 
2342 1227 1228 1226 
2343 1227 768 1228 
2344 1226 1228 735 
2345 768 907 1228 
2346 907 1220 1228 
2347 907 813 1220 
2348 1228 1220 735 
2349 737 1229 973 
2350 1229 1230 973 
2351 1229 811 1230 
2352 973 1230 736 
2353 770 962 1231 
2354 962 940 1231 
2355 962 796 940 
2356 1231 940 736 
2357 736 1230 1231 
2358 1230 989 1231 
2359 1230 811 989 
2360 1231 989 770 
2361 743 1190 975 
2362 1190 1232 975 
2363 1190 769 1232 
2364 975 1232 737 
2365 769 1233 1232 
2366 1233 1234 1232 
2367 1233 772 1234 
2368 1232 1234 737 
2369 772 991 1234 
2370 991 1229 1234 
2371 991 811 1229 
2372 1234 1229 737 
2373 738 1068 1236 
2374 1068 1235 1236 
2375 1068 792 1235 
2376 1236 1235 755 
2377 755 1237 1236 
2378 1237 1238 1236 
2379 1237 807 1238 
2380 1236 1238 738 
2381 738 1238 1078 
2382 1238 1185 1078 
2383 1238 807 1185 
2384 1078 1185 788 
2385 740 1239 1216 
2386 1239 1240 1216 
2387 1239 794 1240 
2388 1216 1240 739 
2389 739 1241 1203 
2390 1241 1145 1203 
2391 1241 810 1145 
2392 1203 1145 747 
2393 794 1210 1240 
2394 1210 1241 1240 
2395 1210 810 1241 
2396 1240 1241 739 
2397 741 834 1218 
2398 834 1242 1218 
2399 834 763 1242 
2400 1218 1242 740 
2401 763 937 1242 
2402 937 1243 1242 
2403 937 764 1243 
2404 1242 1243 740 
2405 764 1244 1243 
2406 1244 1239 1243 
2407 1244 794 1239 
2408 1243 1239 740 
2409 782 1245 1219 
2410 1245 900 1219 
2411 1245 817 900 
2412 1219 900 741 
2413 742 1184 1031 
2414 1184 1237 1031 
2415 1184 807 1237 
2416 1031 1237 755 
2417 760 1246 976 
2418 1246 1192 976 
2419 1246 800 1192 
2420 976 1192 743 
2421 745 1247 980 
2422 1247 1248 980 
2423 1247 748 1248 
2424 980 1248 744 
2425 748 880 1248 
2426 880 892 1248 
2427 880 808 892 
2428 1248 892 744 
2429 745 1224 1247 
2430 1224 1249 1247 
2431 1224 791 1249 
2432 1247 1249 748 
2433 746 1250 1225 
2434 1250 1149 1225 
2435 1250 805 1149 
2436 1225 1149 761 
2437 773 1038 1200 
2438 1038 1250 1200 
2439 1038 805 1250 
2440 1200 1250 746 
2441 747 1143 1205 
2442 1143 1103 1205 
2443 1143 806 1103 
2444 1205 1103 783 
2445 791 908 1249 
2446 908 878 1249 
2447 908 804 878 
2448 1249 878 748 
2449 749 1209 934 
2450 1209 1244 934 
2451 1209 794 1244 
2452 934 1244 764 
2453 750 1251 1212 
2454 1251 921 1212 
2455 1251 756 921 
2456 1212 921 751 
2457 750 936 1251 
2458 936 854 1251 
2459 936 789 854 
2460 1251 854 756 
2461 757 1252 924 
2462 1252 1214 924 
2463 1252 785 1214 
2464 924 1214 751 
2465 752 1122 1180 
2466 1122 1245 1180 
2467 1122 817 1245 
2468 1180 1245 782 
2469 754 1194 1188 
2470 1194 1253 1188 
2471 1194 800 1253 
2472 1188 1253 753 
2473 753 1253 1123 
2474 1253 1246 1123 
2475 1253 800 1246 
2476 1123 1246 760 
2477 792 1043 1235 
2478 1043 1033 1235 
2479 1043 818 1033 
2480 1235 1033 755 
2481 758 1254 925 
2482 1254 1255 925 
2483 1254 759 1255 
2484 925 1255 757 
2485 759 1256 1255 
2486 1256 1257 1255 
2487 1256 793 1257 
2488 1255 1257 757 
2489 757 1257 1252 
2490 1257 1163 1252 
2491 1257 793 1163 
2492 1252 1163 785 
2493 758 872 1254 
2494 872 1258 1254 
2495 872 767 1258 
2496 1254 1258 759 
2497 767 930 1258 
2498 930 1259 1258 
2499 930 809 1259 
2500 1258 1259 759 
2501 759 1260 1256 
2502 1260 1261 1256 
2503 1260 795 1261 
2504 1256 1261 793 
2505 759 1259 1260 
2506 1259 1262 1260 
2507 1259 809 1262 
2508 1260 1262 795 
2509 762 825 1147 
2510 825 1227 1147 
2511 825 768 1227 
2512 1147 1227 761 
2513 762 1150 827 
2514 1150 1263 827 
2515 1150 812 1263 
2516 827 1263 781 
2517 765 944 926 
2518 944 1264 926 
2519 944 798 1264 
2520 926 1264 766 
2521 766 1265 1267 
2522 1265 1266 1267 
2523 1265 777 1266 
2524 1267 1266 776 
2525 776 1268 1267 
2526 1268 1269 1267 
2527 1268 795 1269 
2528 1267 1269 766 
2529 766 1264 1265 
2530 1264 1270 1265 
2531 1264 798 1270 
2532 1265 1270 777 
2533 795 1262 1269 
2534 1262 928 1269 
2535 1262 809 928 
2536 1269 928 766 
2537 769 1195 1233 
2538 1195 1011 1233 
2539 1195 814 1011 
2540 1233 1011 772 
2541 774 1271 1126 
2542 1271 1272 1126 
2543 1271 776 1272 
2544 1126 1272 775 
2545 774 1162 1271 
2546 1162 1273 1271 
2547 1162 799 1273 
2548 1271 1273 776 
2549 776 1266 1272 
2550 1266 1274 1272 
2551 1266 777 1274 
2552 1272 1274 775 
2553 777 1275 1274 
2554 1275 1276 1274 
2555 1275 778 1276 
2556 1274 1276 775 
2557 778 1277 1276 
2558 1277 1128 1276 
2559 1277 784 1128 
2560 1276 1128 775 
2561 776 1273 1268 
2562 1273 1278 1268 
2563 1273 799 1278 
2564 1268 1278 795 
2565 777 1279 1275 
2566 1279 1280 1275 
2567 1279 779 1280 
2568 1275 1280 778 
2569 777 1270 1279 
2570 1270 947 1279 
2571 1270 798 947 
2572 1279 947 779 
2573 779 1281 1280 
2574 1281 1282 1280 
2575 1281 780 1282 
2576 1280 1282 778 
2577 780 1283 1282 
2578 1283 1284 1282 
2579 1283 803 1284 
2580 1282 1284 778 
2581 778 1284 1277 
2582 1284 1151 1277 
2583 1284 803 1151 
2584 1277 1151 784 
2585 779 945 1281 
2586 945 1285 1281 
2587 945 781 1285 
2588 1281 1285 780 
2589 781 1286 1285 
2590 1286 1287 1285 
2591 1286 816 1287 
2592 1285 1287 780 
2593 787 1155 1288 
2594 1155 1283 1288 
2595 1155 803 1283 
2596 1288 1283 780 
2597 780 1287 1288 
2598 1287 1173 1288 
2599 1287 816 1173 
2600 1288 1173 787 
2601 812 1175 1263 
2602 1175 1286 1263 
2603 1175 816 1286 
2604 1263 1286 781 
2605 787 1171 1154 
2606 1171 1073 1154 
2607 1171 801 1073 
2608 1154 1073 786 
2609 795 1278 1261 
2610 1278 1165 1261 
2611 1278 799 1165 
2612 1261 1165 793 
3 1 4 4829
2613 187 496 1332 1333 
2614 496 162 1331 1335 
2615 1332 1331 1323 1334 
2616 1333 1335 1334 1303 
2617 496 1332 1333 1335 
2618 496 1335 1331 1332 
2619 1332 1333 1335 1334 
2620 1332 1334 1335 1331 
2621 183 1336 1338 1339 
2622 1336 1293 1337 1341 
2623 1338 1337 1314 1340 
2624 1339 1341 1340 1322 
2625 1336 1338 1339 1341 
2626 1336 1341 1337 1338 
2627 1338 1339 1341 1340 
2628 1338 1340 1341 1337 
2629 1295 1342 1344 1345 
2630 391 1787 1656 401 
2631 1344 1343 1299 1346 
2632 1345 1342 1346 1330 
2633 391 1773 1656 1787 
2634 402 1656 401 391 
2635 1344 1345 1342 1346 
2636 1344 1346 1342 1343 
2637 1322 1347 1349 1350 
2638 1342 1289 1351 1347 
2639 1349 1348 1300 1342 
2640 1350 1351 1342 1295 
2641 1342 1347 1351 1350 
2642 1342 1347 1350 1349 
2643 1342 1347 1349 1348 
2644 1342 1289 1347 1348 
2645 76 418 420 1352 
2646 418 78 421 1354 
2647 420 421 163 1353 
2648 1352 1354 1353 1290 
2649 418 420 1352 1354 
2650 418 1354 421 420 
2651 420 1352 1354 1353 
2652 420 1353 1354 421 
2653 1293 1355 1357 1358 
2654 1355 1298 1356 1360 
2655 1357 1356 1306 1359 
2656 1358 1360 1359 1312 
2657 1359 1355 1360 1358 
2658 1359 1355 1358 1357 
2659 1359 1355 1357 1356 
2660 1359 1355 1356 1360 
2661 1289 1361 1351 1363 
2662 1361 1298 1362 1356 
2663 1351 1362 1295 1364 
2664 1363 1356 1364 1306 
2665 1362 1363 1361 1356 
2666 1362 1363 1356 1364 
2667 1362 1363 1364 1351 
2668 1362 1363 1351 1361 
2669 1322 1347 1350 1365 
2670 1347 1289 1351 1363 
2671 1350 1351 1295 1364 
2672 1365 1363 1364 1306 
2673 1347 1350 1365 1363 
2674 1347 1363 1351 1350 
2675 1350 1365 1363 1364 
2676 1350 1364 1363 1351 
2677 1289 1366 1367 1368 
2678 1366 1296 1367 1370 
2679 402 391 1773 1656 
2680 1368 1370 1369 1328 
2681 1366 1367 1368 1370 
2682 1773 1656 1787 1327 
2683 1367 1368 1370 1369 
2684 391 401 72 1787 
2685 1300 1371 1373 1374 
2686 1371 1292 1372 1376 
2687 1373 1372 1296 1375 
2688 1373 1310 1376 1375 
2689 1371 1373 1374 1376 
2690 1371 1376 1372 1373 
2691 1373 1310 1375 1628 
2692 1373 1375 1376 1372 
2693 1300 1373 1371 1348 
2694 1373 1296 1372 1366 
2695 1371 1372 1292 1377 
2696 1348 1366 1377 1289 
2697 1372 1348 1371 1373 
2698 1372 1348 1373 1366 
2699 1372 1348 1366 1377 
2700 1372 1348 1377 1371 
2701 1342 1289 1348 1378 
2702 402 83 401 1656 
2703 1351 1342 1295 1345 
2704 1378 1342 1345 1330 
2705 1342 1289 1378 1351 
2706 160 402 391 1773 
2707 1351 1378 1342 1345 
2708 645 1765 1565 648 
2709 1314 1379 1380 1381 
2710 1379 1289 1366 1348 
2711 1380 1366 1296 1373 
2712 1381 1348 1373 1300 
2713 1373 1379 1381 1380 
2714 1373 1379 1380 1366 
2715 1373 1379 1366 1348 
2716 1373 1379 1348 1381 
2717 118 1382 1384 1385 
2718 1382 1294 1383 1387 
2719 1542 1383 1386 1384 
2720 1385 1387 1386 1318 
2721 1386 1382 1387 1385 
2722 1386 1382 1385 1384 
2723 1386 1382 1384 1383 
2724 1386 1382 1383 1387 
2725 1316 1388 1389 1390 
2726 1388 1323 1334 1391 
2727 1369 1389 1334 1367 
2728 1390 1391 1367 1296 
2729 1367 1388 1391 1390 
2730 1367 1388 1390 1389 
2731 1367 1388 1389 1334 
2732 1367 1388 1334 1391 
2733 1295 1392 1362 1394 
2734 1392 1302 1393 1396 
2735 1362 1393 1298 1395 
2736 1394 1396 1395 1329 
2737 1393 1394 1392 1396 
2738 1393 1394 1396 1395 
2739 1393 1394 1395 1362 
2740 1393 1394 1362 1392 
2741 1297 1397 1399 1400 
2742 1397 146 1398 1402 
2743 1399 1398 1311 1401 
2744 1400 1402 1401 1323 
2745 1401 1397 1402 1400 
2746 1401 1397 1400 1399 
2747 1401 1397 1399 1398 
2748 1401 1397 1398 1402 
2749 1291 1403 1405 1406 
2750 645 1781 1565 1765 
2751 1411 1407 1303 1405 
2752 1406 1403 1407 1320 
2753 646 1565 648 645 
2754 646 645 1781 1565 
2755 1405 1406 1403 1407 
2756 1411 1407 1405 1403 
2757 1323 1408 1410 1334 
2758 1408 1328 1409 1369 
2759 1410 1409 1304 1411 
2760 1334 1369 1411 1303 
2761 1411 1408 1334 1410 
2762 1411 1408 1410 1409 
2763 1411 1408 1409 1369 
2764 1411 1408 1369 1334 
2765 1293 1355 1358 1412 
2766 1355 1298 1360 1414 
2767 1414 1312 1358 1413 
2768 1412 1414 1413 1297 
2769 1355 1358 1412 1414 
2770 1355 1414 1360 1358 
2771 1358 1412 1414 1413 
2772 1414 1312 1413 1678 
2773 78 1354 418 1415 
2774 1354 1290 1352 1417 
2775 418 1352 76 1416 
2776 1415 1417 1416 1305 
2777 1352 1415 1354 1417 
2778 1352 1415 1417 1416 
2779 1352 1415 1416 418 
2780 1352 1415 418 1354 
2781 1314 1379 1381 1340 
2782 1379 1289 1348 1347 
2783 1381 1348 1300 1349 
2784 1340 1347 1349 1322 
2785 1379 1381 1340 1347 
2786 1379 1347 1348 1381 
2787 1381 1340 1347 1349 
2788 1381 1349 1347 1348 
2789 1291 1405 1403 1418 
2790 1411 1407 1403 1404 
2791 1403 1404 88 1419 
2792 1418 1411 1419 1304 
2793 1405 1403 1418 1411 
2794 1411 1407 1404 1303 
2795 1403 1418 1411 1419 
2796 1403 1419 1411 1404 
2797 1289 1366 1377 1367 
2798 1366 1296 1372 1367 
2799 1781 1565 1765 1320 
2800 645 648 189 1765 
2801 646 194 648 1565 
2802 1366 1367 1372 1377 
2803 124 646 645 1781 
2804 592 1481 1711 656 
2805 1295 1362 1351 1394 
2806 1362 1298 1361 1395 
2807 1351 1361 1289 1420 
2808 1394 1395 1420 1329 
2809 1420 1362 1395 1394 
2810 1420 1362 1394 1351 
2811 1420 1362 1351 1361 
2812 1420 1362 1361 1395 
2813 583 1423 582 1422 
2814 582 108 1421 1425 
2815 1422 1421 1292 1424 
2816 1423 1425 1424 1309 
2817 582 1422 1423 1425 
2818 582 1425 1421 1422 
2819 1422 1423 1425 1424 
2820 1422 1424 1425 1421 
2821 86 1426 468 1427 
2822 1426 1291 1403 1418 
2823 468 1403 88 1419 
2824 1427 1418 1419 1304 
2825 1419 1426 1418 1427 
2826 1419 1426 1427 468 
2827 1419 1426 468 1403 
2828 1419 1426 1403 1418 
2829 78 1354 1415 1428 
2830 1354 1290 1417 1430 
2831 1415 1417 1305 1429 
2832 1428 1430 1429 1307 
2833 1354 1415 1428 1430 
2834 1354 1430 1417 1415 
2835 1415 1428 1430 1429 
2836 1415 1429 1430 1417 
2837 108 544 582 1421 
2838 544 125 583 1422 
2839 583 1423 1422 599 
2840 592 1481 656 553 
2841 544 582 1421 1422 
2842 544 1422 583 582 
2843 592 1481 553 1450 
2844 592 1481 1450 1711 
2845 143 1431 1432 1433 
2846 1431 1306 1356 1359 
2847 1432 1356 1298 1360 
2848 1527 1360 1359 1433 
2849 1431 1432 1433 1359 
2850 1431 1359 1356 1432 
2851 1432 1433 1359 1360 
2852 1432 1360 1359 1356 
2853 118 1382 1385 625 
2854 560 574 1799 1705 
2855 1450 1711 1481 1323 
2856 625 1382 1385 185 
2857 1799 1705 1706 1319 
2858 574 1796 117 597 
2859 553 656 144 1481 
2860 592 128 656 1711 
2861 85 1434 427 1436 
2862 1434 1291 1435 1438 
2863 427 1435 168 1437 
2864 1451 1438 1436 1437 
2865 1437 1434 1438 1436 
2866 1437 1434 1436 427 
2867 1437 1434 427 1435 
2868 1437 1434 1435 1438 
2869 1441 181 1439 651 
2870 649 126 650 1441 
2871 651 650 180 1440 
2872 1439 1441 1440 1290 
2873 1441 181 651 649 
2874 649 1441 650 651 
2875 651 1439 1441 1440 
2876 651 1440 1441 650 
2877 1316 1388 1331 1389 
2878 1388 1323 1331 1334 
2879 133 592 553 1450 
2880 1389 1334 1335 1303 
2881 1388 1331 1389 1334 
2882 262 1779 1624 362 
2883 1331 1389 1334 1335 
2884 262 1470 1624 1779 
2885 1322 1347 1365 1341 
2886 1347 1289 1363 1442 
2887 1365 1363 1306 1357 
2888 1341 1442 1357 1293 
2889 1363 1341 1347 1442 
2890 1363 1341 1442 1357 
2891 1363 1341 1357 1365 
2892 1363 1341 1365 1347 
2893 371 1624 362 262 
2894 1443 1290 1430 1446 
2895 1443 1430 1307 1445 
2896 1727 1446 1444 1445 
2897 371 262 1470 1624 
2898 1470 1624 1779 1311 
2899 1443 1444 1446 1445 
2900 1443 1445 1446 1430 
2901 183 241 1336 1339 
2902 15 1447 1336 241 
2903 262 362 149 1779 
2904 1339 1447 1341 1322 
2905 241 1336 1339 1447 
2906 371 175 362 1624 
2907 1336 1339 1447 1341 
2908 66 371 262 1470 
2909 142 1448 357 1449 
2910 1653 1340 1339 1448 
2911 357 1339 183 1338 
2912 1449 1340 1338 1314 
2913 1338 1448 1340 1449 
2914 1338 1448 1449 357 
2915 1338 1448 357 1339 
2916 1338 1448 1339 1340 
2917 187 1332 496 555 
2918 1332 1323 1331 1450 
2919 496 1331 162 593 
2920 555 1450 593 133 
2921 593 1332 1450 555 
2922 593 1332 555 496 
2923 593 1332 496 1331 
2924 593 1332 1331 1450 
2925 85 427 415 1436 
2926 427 168 426 1437 
2927 1437 77 415 1451 
2928 1451 1438 1437 1429 
2929 427 415 1436 1437 
2930 427 1437 426 415 
2931 415 1436 1437 1451 
2932 1437 77 1451 1493 
2933 178 1452 1453 1454 
2934 1452 1312 1358 1359 
2935 1453 1358 1293 1357 
2936 1485 1359 1454 1357 
2937 1452 1453 1454 1359 
2938 1452 1359 1358 1453 
2939 1453 1454 1359 1357 
2940 1453 1357 1359 1358 
2941 1329 1455 1395 1457 
2942 1455 1321 1456 1459 
2943 1361 1456 1458 1395 
2944 1457 1459 1458 1328 
2945 1458 1455 1459 1457 
2946 1458 1455 1457 1395 
2947 1458 1455 1395 1456 
2948 1458 1455 1456 1459 
2949 1314 1379 1340 1337 
2950 1379 1289 1347 1442 
2951 1340 1347 1322 1341 
2952 1337 1442 1341 1293 
2953 1341 1379 1442 1337 
2954 1341 1379 1337 1340 
2955 1341 1379 1340 1347 
2956 1341 1379 1347 1442 
2957 1293 1355 1412 1442 
2958 1355 1298 1414 1361 
2959 1480 1412 1414 1460 
2960 1442 1361 1460 1289 
2961 1460 1355 1442 1412 
2962 1460 1355 1412 1414 
2963 1460 1355 1414 1361 
2964 1460 1355 1361 1442 
2965 108 1461 570 1463 
2966 1461 1300 1462 1374 
2967 569 1462 1374 570 
2968 1397 202 201 1718 
2969 1461 570 1463 1374 
2970 1461 1374 1462 570 
2971 1397 202 1718 1772 
2972 1397 202 1772 198 
2973 1329 1464 1394 1465 
2974 1464 1330 1345 1467 
2975 1394 1345 1295 1466 
2976 1465 1467 1466 1308 
2977 1464 1394 1465 1467 
2978 1464 1467 1345 1394 
2979 1394 1465 1467 1466 
2980 1394 1466 1467 1345 
2981 1300 1461 1371 1374 
2982 1461 108 1421 1463 
2983 1371 1421 1292 1376 
2984 1374 1463 1376 1310 
2985 1461 1371 1374 1463 
2986 1461 1463 1421 1371 
2987 1371 1374 1463 1376 
2988 1371 1376 1463 1421 
2989 1293 1355 1442 1357 
2990 1355 1298 1361 1356 
2991 1442 1361 1289 1363 
2992 1357 1356 1363 1306 
2993 1363 1355 1357 1442 
2994 1363 1355 1442 1361 
2995 1363 1355 1361 1356 
2996 1363 1355 1356 1357 
2997 143 1432 627 1433 
2998 1432 1298 1468 1360 
2999 1433 119 1469 1468 
3000 1527 1360 1433 1469 
3001 1468 1433 1432 1360 
3002 1468 1433 1360 1469 
3003 1433 119 1468 627 
3004 1468 1433 627 1432 
3005 146 1398 264 197 
3006 1398 1311 1470 1471 
3007 264 1470 66 260 
3008 197 1471 260 22 
3009 260 1398 1471 197 
3010 260 1398 197 264 
3011 260 1398 264 1470 
3012 260 1398 1470 1471 
3013 85 465 427 1434 
3014 465 191 464 1472 
3015 427 464 168 1435 
3016 1434 1472 1435 1291 
3017 465 427 1434 1472 
3018 465 1472 464 427 
3019 427 1434 1472 1435 
3020 427 1435 1472 464 
3021 1397 202 198 201 
3022 1475 1411 1333 1410 
3023 1333 1411 1303 1334 
3024 1332 1410 1334 1323 
3025 1772 198 202 1 
3026 1718 201 145 202 
3027 1333 1332 1410 1334 
3028 1333 1334 1410 1411 
3029 1323 1473 1474 1410 
3030 1473 145 556 1476 
3031 1474 556 103 1475 
3032 1410 1476 1475 1304 
3033 1473 1474 1410 1476 
3034 1473 1476 556 1474 
3035 1474 1410 1476 1475 
3036 1474 1475 1476 556 
3037 1300 1371 1461 1477 
3038 1371 1292 1421 1424 
3039 1461 1421 108 1425 
3040 1477 1424 1425 1309 
3041 1371 1461 1477 1424 
3042 1371 1424 1421 1461 
3043 1461 1477 1424 1425 
3044 1461 1425 1424 1421 
3045 1293 1478 1442 1412 
3046 1478 1296 1366 1479 
3047 1442 1366 1289 1460 
3048 1480 1412 1460 1479 
3049 1460 1478 1479 1412 
3050 1460 1478 1412 1442 
3051 1460 1478 1442 1366 
3052 1460 1478 1366 1479 
3053 180 665 651 1440 
3054 665 163 619 1353 
3055 651 619 181 1439 
3056 1440 1353 1439 1290 
3057 619 1440 665 1353 
3058 619 1440 1353 1439 
3059 619 1440 1439 651 
3060 619 1440 651 665 
3061 1289 1361 1460 1368 
3062 1361 1456 1395 1298 
3063 1480 1412 1479 1297 
3064 1368 1458 1480 1328 
3065 1361 1460 1368 1458 
3066 1361 1458 1414 1460 
3067 1460 1368 1458 1480 
3068 1460 1480 1458 1414 
3069 1323 1474 1473 1481 
3070 1474 103 556 552 
3071 1473 556 145 557 
3072 1474 144 1473 1481 
3073 1474 144 1481 553 
3074 1474 552 556 1473 
3075 1473 144 552 557 
3076 1473 557 552 556 
3077 163 420 1353 1482 
3078 1397 146 201 198 
3079 1482 1290 1483 1352 
3080 1629 1483 1352 1482 
3081 420 1353 1482 1352 
3082 1297 1397 1718 1772 
3083 1482 1290 1352 1353 
3084 371 1624 1622 372 
3085 1357 1485 1486 1484 
3086 1484 16 239 15 
3087 1484 43 1485 240 
3088 1486 15 240 14 
3089 240 1484 1486 1485 
3090 1484 43 240 239 
3091 240 1484 239 15 
3092 240 1484 15 1486 
3093 371 1470 1622 1624 
3094 473 88 1404 1419 
3095 1487 1404 1303 1411 
3096 1487 1419 1411 1304 
3097 369 1622 372 371 
3098 473 1419 1404 1487 
3099 369 371 1470 1622 
3100 1487 1411 1419 1404 
3101 45 1488 261 1490 
3102 1470 1622 1624 1311 
3103 261 1489 150 1491 
3104 1490 1489 1491 1312 
3105 1488 261 1490 1489 
3106 371 372 175 1624 
3107 261 1490 1489 1491 
3108 369 193 372 1622 
3109 66 369 371 1470 
3110 1449 1381 1492 1340 
3111 1492 1381 1300 1349 
3112 1492 1340 1349 1322 
3113 1473 144 557 657 
3114 560 107 575 1705 
3115 1381 1349 1492 1340 
3116 165 568 521 1747 
3117 77 426 424 1493 
3118 1437 425 426 1493 
3119 424 425 79 1494 
3120 657 1402 1473 1481 
3121 201 1473 557 657 
3122 426 1493 425 424 
3123 1397 657 1402 1473 
3124 424 1494 1493 425 
3125 1329 1394 1464 1420 
3126 1394 1295 1345 1351 
3127 1464 1345 1330 1378 
3128 1420 1351 1378 1289 
3129 1345 1420 1464 1394 
3130 1345 1420 1394 1351 
3131 1345 1420 1351 1378 
3132 1345 1420 1378 1464 
3133 1299 1343 1344 1495 
3134 1343 1300 1342 1497 
3135 1344 1342 1295 1496 
3136 1344 1326 1497 1496 
3137 1343 1344 1495 1497 
3138 1343 1497 1342 1344 
3139 1344 1326 1496 1681 
3140 1344 1496 1497 1342 
3141 191 1472 465 1498 
3142 1472 1291 1434 1500 
3143 465 1434 85 1499 
3144 1737 1500 1498 1499 
3145 1434 1498 1472 1500 
3146 1434 1498 1500 1499 
3147 1434 1498 1499 465 
3148 1434 1498 465 1472 
3149 1293 1336 1357 1341 
3150 15 1447 241 14 
3151 1357 1486 1306 1365 
3152 1341 1447 1365 1322 
3153 1486 1341 1336 1447 
3154 1486 1341 1447 1365 
3155 1486 1341 1365 1357 
3156 1486 1341 1357 1336 
3157 1402 1473 1481 1323 
3158 1377 1289 1367 1378 
3159 1389 1502 1377 1367 
3160 1377 1330 1378 1502 
3161 1473 144 657 1481 
3162 201 145 557 1473 
3163 1377 1330 1502 1518 
3164 1377 1502 1378 1367 
3165 116 620 432 1443 
3166 620 181 619 1439 
3167 432 619 163 1353 
3168 1443 1439 1353 1290 
3169 620 432 1443 1439 
3170 620 1439 619 432 
3171 432 1443 1439 1353 
3172 432 1353 1439 619 
3173 113 1503 1505 1506 
3174 1503 1304 1504 1508 
3175 1726 1504 1507 1505 
3176 1506 1508 1507 1307 
3177 1504 1506 1503 1508 
3178 1504 1506 1508 1507 
3179 1504 1506 1507 1505 
3180 1504 1506 1505 1503 
3181 1328 1509 1511 1369 
3182 1509 1330 1510 1502 
3183 1547 1511 1510 1405 
3184 1369 1502 1405 1303 
3185 1509 1511 1369 1502 
3186 1509 1502 1510 1511 
3187 1511 1369 1502 1405 
3188 1511 1405 1502 1510 
3189 1357 1485 1484 1454 
3190 1484 16 15 1336 
3191 15 1447 14 1486 
3192 1397 657 1473 201 
3193 1484 1486 1357 1336 
3194 1484 1336 15 1486 
3195 1778 609 1760 1685 
3196 1778 609 1685 608 
3197 167 469 470 1512 
3198 469 88 468 1403 
3199 470 468 86 1426 
3200 1512 1403 1426 1291 
3201 1426 469 1403 1512 
3202 1426 469 1512 470 
3203 1426 469 470 468 
3204 1426 469 468 1403 
3205 116 432 430 1443 
3206 432 163 421 1353 
3207 430 421 78 1354 
3208 1443 1353 1354 1290 
3209 1354 432 1353 1443 
3210 1354 432 1443 430 
3211 1354 432 430 421 
3212 1354 432 421 1353 
3213 45 1488 257 258 
3214 1399 1513 1471 1488 
3215 257 1471 22 21 
3216 258 1513 21 20 
3217 21 1488 1513 258 
3218 21 1488 258 257 
3219 21 1488 257 1471 
3220 21 1488 1471 1513 
3221 1329 1455 1457 1514 
3222 1455 1321 1459 1446 
3223 1457 1459 1328 1515 
3224 1514 1446 1515 1290 
3225 1515 1455 1514 1457 
3226 1515 1455 1457 1459 
3227 1515 1455 1459 1446 
3228 1515 1455 1446 1514 
3229 1361 1456 1298 1414 
3230 1395 1329 1457 1420 
3231 1458 1457 1328 1368 
3232 1361 1420 1368 1289 
3233 1395 1458 1361 1420 
3234 1395 1420 1457 1458 
3235 1458 1361 1420 1368 
3236 1458 1368 1420 1457 
3237 1330 1516 1518 1501 
3238 1516 1319 1517 1520 
3239 1518 1517 1325 1519 
3240 1501 1520 1519 1292 
3241 1516 1518 1501 1520 
3242 1516 1520 1517 1518 
3243 1518 1501 1520 1519 
3244 1518 1519 1520 1517 
3245 1298 1393 1362 1521 
3246 1393 1302 1392 1523 
3247 1362 1392 1295 1522 
3248 1521 1523 1522 1313 
3249 1392 1521 1393 1523 
3250 1392 1521 1523 1522 
3251 1392 1521 1522 1362 
3252 1392 1521 1362 1393 
3253 1524 1526 1525 211 
3254 210 118 1524 1385 
3255 1778 609 608 448 
3256 1526 1385 1525 1318 
3257 1524 1526 211 210 
3258 1524 1526 210 1385 
3259 1778 609 448 1760 
3260 1778 1685 1760 1315 
3261 143 267 1431 1433 
3262 130 1433 1527 1454 
3263 448 609 158 1760 
3264 1527 1360 1469 1312 
3265 1433 1454 267 1431 
3266 608 114 609 1685 
3267 1433 1454 1431 1359 
3268 179 608 448 1778 
3269 87 444 467 1528 
3270 444 86 468 1427 
3271 467 468 88 1419 
3272 1528 1427 1419 1304 
3273 444 467 1528 1427 
3274 444 1427 468 467 
3275 467 1528 1427 1419 
3276 467 1419 1427 468 
3277 1295 1529 1530 1364 
3278 1529 48 283 1531 
3279 237 1530 283 1531 
3280 645 1747 1765 568 
3281 1529 1530 1364 1531 
3282 1529 1531 283 1530 
3283 645 1747 568 491 
3284 645 1747 491 1781 
3285 645 1747 1781 1765 
3286 1781 1765 1747 1320 
3287 1512 1403 1291 1406 
3288 1512 1403 1406 1320 
3289 491 568 165 1747 
3290 645 189 568 1765 
3291 124 645 491 1781 
3292 616 1793 1693 547 
3293 1294 1532 1383 1533 
3294 1532 1329 1465 1464 
3295 1383 1465 1308 1467 
3296 1533 1464 1467 1330 
3297 1467 1532 1464 1533 
3298 1467 1532 1533 1383 
3299 1467 1532 1383 1465 
3300 1467 1532 1465 1464 
3301 1361 1456 1414 1458 
3302 1456 1321 1534 1459 
3303 1459 1297 1534 1414 
3304 1458 1459 1480 1328 
3305 1456 1414 1458 1459 
3306 1456 1459 1534 1414 
3307 1414 1458 1459 1480 
3308 1459 1297 1414 1480 
3309 45 1488 1490 1535 
3310 1399 1513 1488 1489 
3311 1490 1489 1312 1413 
3312 1535 1399 1413 1297 
3313 1413 1488 1535 1490 
3314 1413 1488 1490 1489 
3315 1413 1488 1489 1399 
3316 1413 1488 1399 1535 
3317 1291 1418 1426 1536 
3318 1418 1304 1427 1508 
3319 1426 1427 86 1537 
3320 1536 1508 1537 1307 
3321 1537 1418 1508 1536 
3322 1537 1418 1536 1426 
3323 1537 1418 1426 1427 
3324 1537 1418 1427 1508 
3325 1292 1421 1538 1376 
3326 1421 108 543 1463 
3327 1538 543 101 1539 
3328 1376 1463 1539 1310 
3329 1421 1538 1376 1463 
3330 1421 1463 543 1538 
3331 1538 1376 1463 1539 
3332 1538 1539 1463 543 
3333 118 1382 625 351 
3334 111 560 574 1799 
3335 625 1382 185 550 
3336 351 1540 550 138 
3337 550 1382 1540 351 
3338 550 1382 351 625 
3339 510 1790 1673 499 
3340 1325 510 1613 1761 
3341 1330 1467 1541 1346 
3342 1542 1383 1384 1308 
3343 1541 1386 1318 1525 
3344 1346 1542 1525 1299 
3345 1386 1346 1467 1542 
3346 1386 1346 1542 1525 
3347 1386 1346 1525 1541 
3348 1386 1346 1541 1467 
3349 1544 18 1543 1545 
3350 1543 1293 1544 1546 
3351 254 1544 150 1489 
3352 1545 1546 1489 1311 
3353 1544 1545 1543 1546 
3354 1544 1545 1546 1489 
3355 1544 1545 1489 254 
3356 1544 18 1545 254 
3357 1547 1511 1405 1291 
3358 1547 1301 1548 1549 
3359 1405 1548 1303 1502 
3360 1510 1549 1502 1330 
3361 1548 1510 1547 1549 
3362 1548 1510 1549 1502 
3363 1548 1510 1502 1405 
3364 1548 1510 1405 1547 
3365 155 1550 296 1552 
3366 1550 1295 1551 1466 
3367 296 1551 141 1553 
3368 1600 1466 1552 1553 
3369 1551 1552 1550 1466 
3370 1551 1552 1466 1553 
3371 1551 1552 1553 296 
3372 1551 1552 296 1550 
3373 1295 1529 1364 1522 
3374 1529 48 1531 1554 
3375 1364 1531 1306 1554 
3376 616 1713 1693 1793 
3377 1529 1364 1522 1554 
3378 1529 1554 1531 1364 
3379 615 1693 547 616 
3380 615 616 1713 1693 
3381 178 1452 1454 270 
3382 1452 1312 1359 1527 
3383 1485 1359 1357 1306 
3384 1454 267 1431 269 
3385 130 1452 1454 1527 
3386 1452 1527 1359 1454 
3387 1454 267 269 130 
3388 1433 1454 1359 1527 
3389 1713 1693 1793 1318 
3390 1416 1305 1417 1555 
3391 1352 1417 1290 1483 
3392 1352 1555 1483 1324 
3393 616 547 171 1793 
3394 1416 1555 1417 1352 
3395 615 115 547 1693 
3396 1352 1483 1555 1417 
3397 90 1556 478 1557 
3398 1556 1303 1404 1407 
3399 480 1404 88 1403 
3400 1557 1407 1403 1320 
3401 1404 1557 1556 1407 
3402 1404 1557 1407 1403 
3403 480 1404 1403 1557 
3404 1404 1557 478 1556 
3405 1485 1359 1306 1431 
3406 1453 16 1484 1336 
3407 1357 1336 1293 1453 
3408 249 1453 1454 178 
3409 1453 1484 1454 1357 
3410 1453 1484 1357 1336 
3411 1453 16 1336 17 
3412 249 1453 178 248 
3413 1437 425 1493 1435 
3414 1435 1291 1426 1536 
3415 437 1426 86 1537 
3416 1493 1536 1537 1307 
3417 1537 1435 1536 1493 
3418 425 1435 168 437 
3419 1537 1435 437 1426 
3420 1537 1435 1426 1536 
3421 18 254 19 1545 
3422 254 150 253 1489 
3423 19 253 20 1513 
3424 1545 1489 1513 1311 
3425 254 19 1545 1489 
3426 254 1489 253 19 
3427 19 1545 1489 1513 
3428 19 1513 1489 253 
3429 77 419 1451 1493 
3430 419 78 1415 1428 
3431 1451 1415 1305 1429 
3432 1493 1428 1429 1307 
3433 1415 1493 1451 419 
3434 1415 1493 419 1428 
3435 1415 1493 1428 1429 
3436 1415 1493 1429 1451 
3437 1328 1509 1369 1368 
3438 1509 1330 1502 1378 
3439 1369 1389 1367 1502 
3440 1368 1378 1367 1289 
3441 1367 1509 1378 1368 
3442 1367 1509 1368 1369 
3443 1367 1509 1369 1502 
3444 1367 1509 1502 1378 
3445 74 1558 1560 1561 
3446 1558 1305 1559 1563 
3447 1560 1559 1294 1562 
3448 1616 1562 1563 1561 
3449 1559 1561 1558 1563 
3450 1559 1561 1563 1562 
3451 1559 1561 1562 1560 
3452 1559 1561 1560 1558 
3453 150 1489 1544 1491 
3454 151 615 616 1713 
3455 1544 1546 1293 1358 
3456 1491 1489 1358 1312 
3457 1713 622 1796 1793 
3458 1713 622 1793 616 
3459 1544 1491 1489 1358 
3460 1544 1358 1489 1546 
3461 194 1564 1565 647 
3462 1564 1291 1406 1512 
3463 1565 1406 1320 1512 
3464 1713 622 616 576 
3465 1564 1565 647 1512 
3466 1564 1512 1406 1565 
3467 1713 622 576 1796 
3468 1713 1793 1796 1318 
3469 1323 1408 1334 1391 
3470 1408 1328 1369 1370 
3471 1369 1389 1502 1303 
3472 1391 1370 1367 1296 
3473 1408 1334 1391 1370 
3474 1408 1370 1369 1334 
3475 1334 1391 1370 1367 
3476 1334 1367 1370 1369 
3477 74 1560 410 1561 
3478 1560 1294 1566 1562 
3479 1561 84 1567 1566 
3480 1616 1562 1561 1567 
3481 1566 1561 1560 1562 
3482 1566 1561 1562 1567 
3483 1561 84 1566 410 
3484 1566 1561 410 1560 
3485 45 261 1488 258 
3486 261 150 1489 253 
3487 1399 1513 1489 1311 
3488 258 253 1513 20 
3489 261 1488 258 253 
3490 261 253 1489 1488 
3491 1488 258 253 1513 
3492 1488 1513 253 1489 
3493 1289 1460 1366 1368 
3494 1480 1412 1297 1414 
3495 1366 1479 1296 1370 
3496 1368 1480 1370 1328 
3497 1370 1460 1480 1368 
3498 1370 1460 1368 1366 
3499 1370 1460 1366 1479 
3500 1370 1460 1479 1480 
3501 183 241 242 1336 
3502 15 1447 1486 1336 
3503 242 15 16 1336 
3504 576 622 117 1796 
3505 616 171 622 1793 
3506 241 1336 15 242 
3507 151 616 576 1713 
3508 1717 218 1739 1794 
3509 194 1564 647 667 
3510 1564 1291 1512 1472 
3511 647 1512 167 666 
3512 667 1472 666 191 
3513 666 1564 1472 667 
3514 666 1564 667 647 
3515 666 1564 647 1512 
3516 666 1564 1512 1472 
3517 164 1568 1569 588 
3518 1568 1296 1380 1571 
3519 1802 1380 1570 1569 
3520 588 1571 1570 129 
3521 1570 1568 1571 588 
3522 1570 1568 588 1569 
3523 1570 1568 1569 1380 
3524 1570 1568 1380 1571 
3525 1295 1529 1522 1572 
3526 288 1529 1554 48 
3527 1522 1554 1313 1573 
3528 1572 284 1573 49 
3529 1573 1529 1572 1522 
3530 1573 1529 1522 1554 
3531 288 1529 48 284 
3532 1573 1529 284 1572 
3533 1607 1346 1343 1501 
3534 1343 1300 1371 1342 
3535 1717 218 1794 7 
3536 1346 1342 1501 1330 
3537 1343 1501 1346 1342 
3538 1343 1342 1371 1501 
3539 1717 218 7 217 
3540 1717 218 217 1739 
3541 78 430 1354 1428 
3542 1717 1794 1739 1326 
3543 1354 1443 1290 1430 
3544 1428 1443 1430 1307 
3545 430 1354 1428 1443 
3546 217 218 67 1739 
3547 1354 1428 1443 1430 
3548 7 8 218 1794 
3549 1547 1511 1291 1574 
3550 1574 1294 1575 1533 
3551 1547 1575 1301 1549 
3552 1510 1533 1549 1330 
3553 1575 1510 1547 1574 
3554 1575 1510 1574 1533 
3555 1575 1510 1533 1549 
3556 1575 1510 1549 1547 
3557 1295 1529 1572 1530 
3558 1529 48 284 283 
3559 1572 284 49 285 
3560 1530 283 285 46 
3561 285 1529 1530 1572 
3562 285 1529 1572 284 
3563 285 1529 284 283 
3564 285 1529 283 1530 
3565 1314 1379 1337 1380 
3566 1379 1289 1442 1366 
3567 1337 1442 1293 1478 
3568 1380 1366 1478 1296 
3569 1478 1379 1366 1380 
3570 1478 1379 1380 1337 
3571 1478 1379 1337 1442 
3572 1478 1379 1442 1366 
3573 1330 1518 1516 1549 
3574 1518 1325 1517 1577 
3575 1516 1517 1319 1576 
3576 1549 1577 1576 1301 
3577 1576 1518 1577 1549 
3578 1576 1518 1549 1516 
3579 1576 1518 1516 1517 
3580 1576 1518 1517 1577 
3581 1316 1388 1390 1578 
3582 1388 1323 1391 1580 
3583 1390 1391 1296 1579 
3584 1578 1580 1579 110 
3585 1579 1388 1580 1578 
3586 1579 1388 1578 1390 
3587 1579 1388 1390 1391 
3588 1579 1388 1391 1580 
3589 237 1530 1531 1581 
3590 1530 1295 1364 1350 
3591 1531 1364 1306 1365 
3592 1581 1350 1365 1322 
3593 1364 1581 1531 1530 
3594 1364 1581 1530 1350 
3595 1364 1581 1350 1365 
3596 1364 1581 1365 1531 
3597 1328 1582 1459 1480 
3598 1582 1307 1445 1507 
3599 1459 1445 1321 1534 
3600 1459 1297 1480 1507 
3601 1582 1459 1480 1507 
3602 1582 1507 1445 1459 
3603 1459 1297 1507 1534 
3604 1459 1534 1507 1445 
3605 126 1441 649 1583 
3606 1441 1290 1439 1446 
3607 1441 181 649 1444 
3608 1727 1446 1445 1321 
3609 1444 1441 1446 1583 
3610 1444 1441 1583 649 
3611 1441 181 1444 1439 
3612 1444 1441 1439 1446 
3613 451 1440 180 1584 
3614 665 163 1353 1482 
3615 1482 1290 1353 1440 
3616 1629 1483 1482 1584 
3617 451 1440 1584 1482 
3618 665 1482 1353 1440 
3619 1440 1584 1482 1483 
3620 1482 1290 1440 1483 
3621 89 473 477 1487 
3622 473 88 478 1404 
3623 477 478 90 1556 
3624 1487 1404 1556 1303 
3625 473 477 1487 1404 
3626 473 1404 478 477 
3627 477 1487 1404 1556 
3628 477 1556 1404 478 
3629 143 627 267 1433 
3630 1433 119 627 328 
3631 130 1433 1454 267 
3632 1527 1360 1312 1359 
3633 1433 119 328 1469 
3634 328 1433 1469 1527 
3635 130 1433 267 328 
3636 328 1433 267 627 
3637 1295 1466 1392 1394 
3638 1392 1308 1585 1465 
3639 1392 1585 1302 1396 
3640 1394 1465 1396 1329 
3641 1466 1392 1394 1465 
3642 1392 1308 1465 1466 
3643 1392 1394 1465 1396 
3644 1392 1396 1465 1585 
3645 120 570 579 1462 
3646 570 108 580 1461 
3647 579 580 122 1477 
3648 1462 1461 1477 1300 
3649 570 579 1462 1461 
3650 570 1461 580 579 
3651 579 1462 1461 1477 
3652 579 1477 1461 580 
3653 164 1568 588 541 
3654 1568 1296 1571 1586 
3655 588 1571 129 587 
3656 541 1586 587 109 
3657 587 1568 1586 541 
3658 587 1568 541 588 
3659 587 1568 588 1571 
3660 587 1568 1571 1586 
3661 101 516 1538 1588 
3662 6 7 217 1717 
3663 1538 1587 1292 1589 
3664 1588 1587 1589 1316 
3665 516 1538 1588 1587 
3666 1476 476 1475 1762 
3667 1538 1588 1587 1589 
3668 1476 476 1762 558 
3669 185 549 550 1382 
3670 549 102 455 1590 
3671 550 455 138 1540 
3672 1382 1590 1540 1294 
3673 455 1382 549 1590 
3674 455 1382 1590 1540 
3675 455 1382 1540 550 
3676 455 1382 550 549 
3677 118 1384 1524 1385 
3678 1542 1383 1308 1467 
3679 1626 1542 1525 1524 
3680 1385 1386 1525 1318 
3681 1384 1524 1385 1386 
3682 1384 1386 1542 1524 
3683 1524 1385 1386 1525 
3684 1524 1525 1386 1542 
3685 1296 1479 1478 1591 
3686 1479 1297 1412 1399 
3687 1478 1412 1293 1546 
3688 1412 1311 1546 1591 
3689 1412 1591 1478 1479 
3690 1412 1591 1479 1399 
3691 1412 1311 1591 1399 
3692 1412 1591 1546 1478 
3693 155 1550 1552 1592 
3694 1550 1295 1466 1522 
3695 1552 1466 1308 1593 
3696 1592 1522 1593 1313 
3697 1593 1550 1592 1552 
3698 1593 1550 1552 1466 
3699 1593 1550 1466 1522 
3700 1593 1550 1522 1592 
3701 1454 130 269 270 
3702 270 178 249 1454 
3703 269 249 43 1485 
3704 1485 1359 1431 1454 
3705 130 1452 1527 330 
3706 270 1454 249 269 
3707 269 1431 1454 1485 
3708 269 1485 1454 249 
3709 122 1477 580 1594 
3710 1476 476 558 556 
3711 580 1461 108 1425 
3712 1594 1477 1425 1309 
3713 1476 476 556 1475 
3714 1476 1762 1475 1304 
3715 580 1594 1477 1425 
3716 580 1425 1477 1461 
3717 556 476 103 1475 
3718 1457 1532 1574 1464 
3719 1574 1532 1294 1533 
3720 1510 1464 1533 1330 
3721 558 192 476 1762 
3722 145 558 556 1476 
3723 1574 1510 1464 1533 
3724 1574 1533 1464 1532 
3725 59 1595 1597 1598 
3726 1595 1315 1596 1599 
3727 1597 1596 1321 1456 
3728 1598 1599 1456 1298 
3729 1456 1595 1599 1598 
3730 1456 1595 1598 1597 
3731 1456 1595 1597 1596 
3732 1456 1595 1596 1599 
3733 167 471 666 1512 
3734 471 168 464 1435 
3735 666 464 191 1472 
3736 1512 1435 1472 1291 
3737 1472 471 1435 1512 
3738 1472 471 1512 666 
3739 1472 471 666 464 
3740 1472 471 464 1435 
3741 1289 1377 1348 1378 
3742 1377 1292 1371 1501 
3743 1348 1371 1300 1342 
3744 1378 1501 1342 1330 
3745 1377 1348 1378 1501 
3746 1377 1501 1371 1348 
3747 1348 1378 1501 1342 
3748 1348 1342 1501 1371 
3749 53 305 276 1600 
3750 305 155 296 1552 
3751 276 296 141 1553 
3752 1600 1466 1553 1665 
3753 305 276 1600 1552 
3754 305 1552 296 276 
3755 276 1600 1552 1553 
3756 276 1553 1552 296 
3757 102 1590 549 1601 
3758 1590 1294 1382 1387 
3759 549 1382 185 1385 
3760 1793 1387 1601 1385 
3761 1382 1601 1590 1387 
3762 1382 1601 1387 1385 
3763 1382 1601 1385 549 
3764 1382 1601 549 1590 
3765 57 1602 1604 321 
3766 1602 1315 1603 1606 
3767 1604 1603 1313 1605 
3768 321 1606 1605 61 
3769 1605 1602 1606 321 
3770 1605 1602 321 1604 
3771 1605 1602 1604 1603 
3772 1605 1602 1603 1606 
3773 425 1435 437 1537 
3774 437 86 436 1537 
3775 425 436 79 1494 
3776 1493 1537 1494 1307 
3777 425 1435 1537 1493 
3778 437 1537 436 425 
3779 425 1493 1537 1494 
3780 425 1494 1537 436 
3781 1292 1538 1421 1422 
3782 1538 101 543 545 
3783 1421 543 108 544 
3784 1422 545 544 125 
3785 1538 1421 1422 545 
3786 1538 545 543 1421 
3787 1421 1422 545 544 
3788 1421 544 545 543 
3789 1299 1607 1343 1495 
3790 1343 1309 1608 1607 
3791 1343 1477 1300 1497 
3792 1495 1608 1497 1326 
3793 1607 1343 1495 1608 
3794 1343 1309 1607 1424 
3795 1343 1495 1608 1497 
3796 1343 1497 1608 1477 
3797 1328 1459 1582 1515 
3798 1459 1321 1445 1446 
3799 1582 1445 1307 1430 
3800 1515 1446 1430 1290 
3801 1445 1515 1582 1459 
3802 1445 1515 1459 1446 
3803 1445 1515 1446 1430 
3804 1445 1515 1430 1582 
3805 57 1602 321 323 
3806 1602 1315 1606 1609 
3807 321 1606 61 324 
3808 1602 139 1609 324 
3809 1602 139 324 323 
3810 324 1602 323 321 
3811 324 1602 321 1606 
3812 324 1602 1606 1609 
3813 180 1440 650 1610 
3814 1440 1290 1441 1610 
3815 650 1441 126 1611 
3816 559 1705 1617 527 
3817 559 1705 527 560 
3818 1440 1610 1441 650 
3819 559 1705 560 1799 
3820 650 1611 1610 1441 
3821 1291 1438 1434 1500 
3822 1438 1305 1436 1563 
3823 1434 1436 85 1499 
3824 1500 1563 1499 1317 
3825 1438 1434 1500 1563 
3826 1438 1563 1436 1434 
3827 1434 1500 1563 1499 
3828 1434 1499 1563 1436 
3829 172 626 210 1526 
3830 626 185 625 1385 
3831 210 625 118 1385 
3832 559 1705 1799 1617 
3833 626 210 1526 1385 
3834 626 1385 625 210 
3835 1799 1617 1705 1319 
3836 560 527 107 1705 
3837 559 104 527 1617 
3838 1612 188 525 524 
3839 1617 522 1612 525 
3840 1613 524 522 97 
3841 111 559 560 1799 
3842 359 1802 1715 360 
3843 1612 1613 524 522 
3844 1612 522 524 525 
3845 61 1605 1614 1606 
3846 1605 1313 1523 1603 
3847 1614 1523 1302 1615 
3848 1606 1603 1615 1315 
3849 1605 1614 1606 1603 
3850 1605 1603 1523 1614 
3851 1614 1606 1603 1615 
3852 1614 1615 1603 1523 
3853 178 1452 270 256 
3854 1452 1312 1527 1491 
3855 130 1452 330 270 
3856 256 1491 330 150 
3857 330 1452 1491 256 
3858 330 1452 256 270 
3859 130 1452 270 1454 
3860 330 1452 1527 1491 
3861 1292 1377 1372 1589 
3862 1369 1389 1303 1334 
3863 1372 1367 1296 1390 
3864 1589 1389 1390 1316 
3865 1377 1372 1589 1389 
3866 1377 1389 1367 1372 
3867 1372 1589 1389 1390 
3868 1372 1390 1389 1367 
3869 1316 1388 1578 1331 
3870 1388 1323 1580 1331 
3871 1578 1580 110 536 
3872 359 1449 1715 1802 
3873 358 1715 360 359 
3874 1388 1331 1580 1578 
3875 358 359 1449 1715 
3876 1578 536 1331 1580 
3877 1561 161 1563 1616 
3878 1449 1715 1802 1314 
3879 409 1558 74 1561 
3880 1616 1562 1567 1317 
3881 359 360 184 1802 
3882 358 64 360 1715 
3883 1561 161 1616 412 
3884 408 1561 1563 1558 
3885 142 358 359 1449 
3886 1617 522 525 104 
3887 218 1647 1794 223 
3888 1520 1617 1517 1612 
3889 218 1647 223 226 
3890 218 1647 226 1739 
3891 218 1647 1739 1794 
3892 1739 1794 1647 1326 
3893 194 1564 667 1618 
3894 1564 1291 1472 1500 
3895 667 1472 191 1498 
3896 1737 1500 1499 1317 
3897 1498 1564 1500 1618 
3898 1498 1564 1618 667 
3899 1498 1564 667 1472 
3900 1498 1564 1472 1500 
3901 164 1568 541 1619 
3902 1568 1296 1586 1375 
3903 533 1586 1620 541 
3904 1619 1375 1620 1310 
3905 1620 1568 1375 1619 
3906 1620 1568 1619 541 
3907 1620 1568 541 1586 
3908 1620 1568 1586 1375 
3909 45 1488 1535 257 
3910 1399 1513 1311 1471 
3911 1535 1399 1297 1621 
3912 257 1471 1621 22 
3913 1488 1535 257 1471 
3914 1488 1471 1399 1535 
3915 1535 257 1471 1621 
3916 1535 1621 1471 1399 
3917 226 223 148 1647 
3918 1391 1623 1622 1591 
3919 372 1623 175 1624 
3920 1622 1591 1624 1311 
3921 218 8 223 1794 
3922 1622 1623 1624 1591 
3923 1622 1624 1623 372 
3924 574 1706 1705 575 
3925 1561 161 412 409 
3926 409 74 410 1561 
3927 1561 84 410 412 
3928 1616 1562 1317 1563 
3929 408 1561 1558 409 
3930 409 1561 410 412 
3931 412 1616 1561 1567 
3932 1561 84 412 1567 
3933 1291 1547 1574 1500 
3934 1547 1301 1575 1625 
3935 1574 1575 1294 1562 
3936 1574 1317 1625 1562 
3937 1547 1574 1500 1625 
3938 1547 1625 1575 1574 
3939 1574 1317 1562 1563 
3940 1574 1562 1625 1575 
3941 211 1526 1525 214 
3942 210 118 209 1524 
3943 211 209 2 1626 
3944 1626 1542 1524 1664 
3945 1524 1526 1385 1525 
3946 210 1524 209 211 
3947 211 1525 1524 1626 
3948 211 1626 1524 209 
3949 67 218 226 1739 
3950 643 1797 1616 461 
3951 1333 1487 1303 1411 
3952 1475 1411 1410 1304 
3953 643 1737 1616 1797 
3954 463 1616 461 643 
3955 463 643 1737 1616 
3956 1737 1616 1797 1317 
3957 194 1564 1618 1565 
3958 1564 1291 1500 1406 
3959 1618 1500 1317 1627 
3960 1565 1406 1627 1320 
3961 1627 1564 1565 1618 
3962 1627 1564 1618 1500 
3963 1627 1564 1500 1406 
3964 1627 1564 1406 1565 
3965 125 545 546 1422 
3966 545 101 516 1538 
3967 546 516 166 1587 
3968 1666 1538 1587 1292 
3969 545 546 1422 1538 
3970 545 1538 516 546 
3971 1666 1538 1292 1422 
3972 546 1587 1538 516 
3973 164 1568 1619 1569 
3974 1568 1296 1375 1380 
3975 1619 1375 1310 1628 
3976 1569 1380 1628 1314 
3977 1628 1568 1569 1619 
3978 1628 1568 1619 1375 
3979 1628 1568 1375 1380 
3980 1628 1568 1380 1569 
3981 451 1440 1482 665 
3982 451 159 422 1629 
3983 665 422 163 1482 
3984 1629 1483 1584 1324 
3985 1482 451 1629 1584 
3986 451 1440 665 180 
3987 1482 451 665 422 
3988 1482 451 422 1629 
3989 178 256 247 1453 
3990 256 150 254 1544 
3991 1544 18 254 247 
3992 1453 1544 1543 1293 
3993 256 247 1453 1544 
3994 256 1544 254 247 
3995 247 1453 1544 1543 
3996 1544 18 247 1543 
3997 1292 1376 1538 1589 
3998 1376 1310 1539 1630 
3999 1538 1539 101 1588 
4000 1589 1630 1588 1316 
4001 1588 1376 1630 1589 
4002 1588 1376 1589 1538 
4003 1588 1376 1538 1539 
4004 1588 1376 1539 1630 
4005 53 276 274 1600 
4006 276 141 273 1553 
4007 274 273 44 1553 
4008 643 461 123 1797 
4009 276 274 1600 1553 
4010 276 1553 273 274 
4011 463 161 461 1616 
4012 186 463 643 1737 
4013 1298 1432 1631 1356 
4014 271 1432 143 1431 
4015 1631 320 56 1632 
4016 1356 1431 1632 1306 
4017 1632 1432 1356 1631 
4018 1632 1432 1631 320 
4019 271 1432 1431 1632 
4020 1632 1432 1431 1356 
4021 86 437 470 1426 
4022 437 168 471 1435 
4023 470 471 167 1512 
4024 1426 1435 1512 1291 
4025 471 1426 437 1435 
4026 471 1426 1435 1512 
4027 471 1426 1512 470 
4028 471 1426 470 437 
4029 1328 1509 1368 1457 
4030 1509 1330 1378 1464 
4031 1368 1378 1289 1420 
4032 1457 1464 1420 1329 
4033 1420 1509 1464 1457 
4034 1420 1509 1457 1368 
4035 1420 1509 1368 1378 
4036 1420 1509 1378 1464 
4037 353 1540 1634 1633 
4038 1633 1308 1383 1636 
4039 1540 1383 1294 1635 
4040 1634 1636 1635 1327 
4041 1383 1634 1633 1636 
4042 1383 1634 1636 1635 
4043 1383 1634 1635 1540 
4044 1383 1634 1540 1633 
4045 1526 622 1793 1796 
4046 1587 1292 1589 1519 
4047 1587 1589 1316 1638 
4048 1637 1519 1638 1325 
4049 1526 622 1796 623 
4050 1526 622 623 624 
4051 1587 1637 1519 1638 
4052 1587 1638 1519 1589 
4053 1298 1356 1631 1521 
4054 1356 1306 1632 1554 
4055 1631 1632 56 1639 
4056 1521 1554 1639 1313 
4057 1356 1631 1521 1554 
4058 1356 1554 1632 1631 
4059 1631 1521 1554 1639 
4060 1631 1639 1554 1632 
4061 1526 622 624 1793 
4062 1449 1381 1340 1314 
4063 1653 1340 1448 1492 
4064 635 1449 1448 142 
4065 1526 1796 1793 1318 
4066 624 622 171 1793 
4067 1492 635 1449 1448 
4068 1492 1448 1449 1340 
4069 1357 1485 1306 1486 
4070 1484 16 248 239 
4071 249 1453 248 1484 
4072 1484 43 239 249 
4073 249 1484 1485 1454 
4074 249 1453 1484 1454 
4075 249 1484 248 239 
4076 1484 43 249 1485 
4077 583 1423 599 137 
4078 583 125 600 1422 
4079 599 600 112 1640 
4080 623 117 622 1796 
4081 172 623 624 1526 
4082 583 1422 600 599 
4083 310 1592 1725 294 
4084 599 1640 1422 600 
4085 118 1382 351 1384 
4086 1382 1294 1540 1383 
4087 351 1540 138 1633 
4088 1384 1383 1633 1308 
4089 1633 1382 1383 1384 
4090 1633 1382 1384 351 
4091 1633 1382 351 1540 
4092 1633 1382 1540 1383 
4093 1298 1631 1432 1641 
4094 1631 56 320 317 
4095 1432 320 143 319 
4096 1641 317 319 157 
4097 319 1631 1641 1432 
4098 319 1631 1432 320 
4099 319 1631 320 317 
4100 319 1631 317 1641 
4101 81 435 1642 1643 
4102 435 86 1427 1537 
4103 1642 1427 1304 1508 
4104 1643 1537 1508 1307 
4105 435 1642 1643 1537 
4106 435 1537 1427 1642 
4107 1642 1643 1537 1508 
4108 1642 1508 1537 1427 
4109 162 496 494 1335 
4110 496 187 485 1333 
4111 494 485 91 1644 
4112 1335 1333 1644 1303 
4113 485 1335 496 1333 
4114 485 1335 1333 1644 
4115 485 1335 1644 494 
4116 485 1335 494 496 
4117 77 419 413 1451 
4118 419 78 418 1415 
4119 413 418 76 1416 
4120 1451 1415 1416 1305 
4121 419 413 1451 1415 
4122 419 1415 418 413 
4123 413 1451 1415 1416 
4124 413 1416 1415 418 
4125 232 1647 1645 1646 
4126 310 1592 294 311 
4127 1646 1349 1300 1497 
4128 1647 1645 1497 1326 
4129 310 1592 311 1700 
4130 310 1592 1700 1725 
4131 1646 1647 1645 1497 
4132 1646 1497 1645 1349 
4133 157 628 319 1641 
4134 628 119 627 1468 
4135 319 627 143 1432 
4136 1641 1468 1432 1298 
4137 319 1468 1432 1641 
4138 319 1468 1641 628 
4139 319 1468 628 627 
4140 319 1468 627 1432 
4141 569 1462 570 120 
4142 1462 1300 1648 1374 
4143 572 1648 121 1649 
4144 1700 1725 1592 1313 
4145 311 294 155 1592 
4146 1462 1374 1648 572 
4147 310 54 294 1725 
4148 572 1649 1374 1648 
4149 134 1492 635 630 
4150 1449 1381 1314 1650 
4151 635 1449 142 634 
4152 630 1650 634 121 
4153 1492 635 630 1650 
4154 1492 1650 1449 635 
4155 635 630 1650 634 
4156 635 634 1650 1449 
4157 60 310 311 1700 
4158 583 1423 137 582 
4159 1640 1422 1292 1424 
4160 1640 1423 1424 1309 
4161 1737 641 1734 1797 
4162 599 1423 1422 1640 
4163 1737 641 1797 643 
4164 1640 1424 1423 1422 
4165 509 1673 499 510 
4166 1492 1322 1349 1652 
4167 1492 1349 1300 1651 
4168 365 1652 1651 65 
4169 509 510 1613 1673 
4170 1325 510 1673 1613 
4171 1492 365 1652 1651 
4172 1492 1651 1652 1349 
4173 183 244 241 1339 
4174 244 177 236 1653 
4175 241 236 14 1447 
4176 1339 1653 1447 1322 
4177 236 1339 244 1653 
4178 236 1339 1653 1447 
4179 236 1339 1447 241 
4180 236 1339 241 244 
4181 74 400 1560 1655 
4182 400 83 1654 1656 
4183 1560 1654 1294 1635 
4184 1655 1656 1635 1327 
4185 400 1560 1655 1656 
4186 400 1656 1654 1560 
4187 1560 1655 1656 1635 
4188 1560 1635 1656 1654 
4189 175 1623 654 655 
4190 1623 1296 1657 1571 
4191 654 1657 127 586 
4192 655 1571 586 129 
4193 586 1623 1571 655 
4194 586 1623 655 654 
4195 586 1623 654 1657 
4196 586 1623 1657 1571 
4197 74 1560 400 410 
4198 1560 1294 1654 1566 
4199 400 1654 83 411 
4200 410 1566 411 84 
4201 411 1560 1566 410 
4202 411 1560 410 400 
4203 411 1560 400 1654 
4204 411 1560 1654 1566 
4205 107 577 1659 531 
4206 577 151 1658 578 
4207 1659 1658 1301 1660 
4208 1659 173 578 1660 
4209 577 1659 531 578 
4210 577 578 1658 1659 
4211 1659 173 1660 529 
4212 1659 1660 578 1658 
4213 163 422 420 1482 
4214 422 159 407 1629 
4215 420 407 76 1352 
4216 1629 1483 1324 1352 
4217 407 1482 422 1629 
4218 407 1482 1629 1352 
4219 407 1482 1352 420 
4220 407 1482 420 422 
4221 61 1614 340 1606 
4222 1614 1302 1661 1615 
4223 340 1661 69 1662 
4224 1606 1615 1662 1315 
4225 1662 1614 1615 1606 
4226 1662 1614 1606 340 
4227 1662 1614 340 1661 
4228 1662 1614 1661 1615 
4229 141 296 293 1551 
4230 296 155 295 1550 
4231 293 295 49 1572 
4232 1551 1550 1572 1295 
4233 296 293 1551 1550 
4234 296 1550 295 293 
4235 293 1551 1550 1572 
4236 293 1572 1550 295 
4237 180 1440 1610 1584 
4238 1440 1290 1610 1483 
4239 1737 641 643 644 
4240 1584 1483 1663 1324 
4241 1440 1610 1584 1483 
4242 1737 641 644 1734 
4243 1610 1584 1483 1663 
4244 1737 1797 1734 1317 
4245 1626 1542 1664 1299 
4246 1524 118 208 1384 
4247 1664 208 52 1665 
4248 1542 1384 1665 1308 
4249 1524 1664 1542 1384 
4250 1524 1384 208 1664 
4251 1664 1542 1384 1665 
4252 1664 1665 1384 208 
4253 166 526 546 1587 
4254 526 188 601 1666 
4255 546 601 125 1422 
4256 1666 1538 1422 546 
4257 526 546 1587 1666 
4258 526 1666 601 546 
4259 1666 1538 546 1587 
4260 546 1422 1666 601 
4261 129 586 587 1571 
4262 586 127 585 1657 
4263 587 585 109 1586 
4264 1571 1657 1586 1296 
4265 585 1571 586 1657 
4266 585 1571 1657 1586 
4267 585 1571 1586 587 
4268 585 1571 587 586 
4269 142 1448 663 357 
4270 1653 1340 1492 1322 
4271 663 1653 177 244 
4272 357 1339 244 183 
4273 244 1448 1339 357 
4274 244 1448 357 663 
4275 244 1448 663 1653 
4276 244 1448 1653 1339 
4277 1294 1559 1560 1635 
4278 1559 1305 1558 1667 
4279 1560 1558 74 1655 
4280 1635 1667 1655 1327 
4281 1559 1560 1635 1667 
4282 1559 1667 1558 1560 
4283 1560 1635 1667 1655 
4284 1560 1655 1667 1558 
4285 44 1668 225 1670 
4286 1668 1295 1669 1496 
4287 225 1669 50 1671 
4288 1670 1496 1671 1326 
4289 1671 1668 1496 1670 
4290 1671 1668 1670 225 
4291 1671 1668 225 1669 
4292 1671 1668 1669 1496 
4293 166 1587 508 1637 
4294 1587 1316 1672 1638 
4295 508 1672 94 1673 
4296 1637 1638 1673 1325 
4297 1672 1637 1587 1638 
4298 1672 1637 1638 1673 
4299 1672 1637 1673 508 
4300 1672 1637 508 1587 
4301 178 1452 256 1453 
4302 1452 1312 1491 1358 
4303 256 1491 150 1544 
4304 1453 1358 1544 1293 
4305 1544 1452 1358 1453 
4306 1544 1452 1453 256 
4307 1544 1452 256 1491 
4308 1544 1452 1491 1358 
4309 1607 1346 1501 1769 
4310 1501 1292 1371 1424 
4311 1343 1371 1300 1477 
4312 1343 1309 1424 1477 
4313 1501 1343 1607 1424 
4314 1501 1424 1371 1343 
4315 1343 1309 1477 1608 
4316 1343 1477 1424 1371 
4317 50 286 231 1669 
4318 286 49 285 1572 
4319 231 285 46 1530 
4320 1669 1572 1530 1295 
4321 1530 286 1572 1669 
4322 1530 286 1669 231 
4323 1530 286 231 285 
4324 1530 286 285 1572 
4325 109 1586 535 1674 
4326 1586 1296 1579 1390 
4327 535 1579 110 1578 
4328 1674 1390 1578 1316 
4329 1579 1674 1586 1390 
4330 1579 1674 1390 1578 
4331 1579 1674 1578 535 
4332 1579 1674 535 1586 
4333 1298 1631 1675 1521 
4334 1631 56 307 1639 
4335 1675 307 57 1604 
4336 1521 1639 1604 1313 
4337 1631 1675 1521 1639 
4338 1631 1639 307 1675 
4339 1675 1521 1639 1604 
4340 1675 1604 1639 307 
4341 178 247 248 1453 
4342 247 18 17 1543 
4343 1453 16 17 248 
4344 1453 1543 1336 1293 
4345 17 1453 247 1543 
4346 17 1453 1543 1336 
4347 1453 16 248 1484 
4348 17 1453 248 247 
4349 1297 1676 1534 1413 
4350 644 641 132 1734 
4351 1534 1677 1321 1678 
4352 1413 1677 1678 1312 
4353 1676 1534 1413 1677 
4354 643 123 641 1797 
4355 1534 1413 1677 1678 
4356 186 643 644 1737 
4357 1298 1360 1414 1456 
4358 1414 1312 1678 1360 
4359 1414 1413 1297 1534 
4360 1456 1678 1534 1321 
4361 1360 1414 1456 1678 
4362 1414 1312 1360 1358 
4363 1414 1456 1678 1534 
4364 1414 1534 1678 1413 
4365 59 1595 1598 334 
4366 1595 1315 1599 1680 
4367 1598 1599 1298 1679 
4368 334 1680 1679 174 
4369 1679 1595 1680 334 
4370 1679 1595 334 1598 
4371 1679 1595 1598 1599 
4372 1679 1595 1599 1680 
4373 1668 44 1681 1670 
4374 1668 1295 1496 1466 
4375 1670 1496 1326 1681 
4376 1665 1466 1553 1681 
4377 1668 1681 44 1553 
4378 1681 1668 1670 1496 
4379 1681 1668 1496 1466 
4380 1681 1668 1466 1553 
4381 102 454 455 1590 
4382 454 83 456 1654 
4383 455 456 138 1540 
4384 1590 1654 1540 1294 
4385 1540 454 1654 1590 
4386 1540 454 1590 455 
4387 1540 454 455 456 
4388 1540 454 456 1654 
4389 1398 369 1470 1622 
4390 1520 1617 1612 1742 
4391 1666 1520 1292 1519 
4392 1612 1517 1519 1325 
4393 1398 369 1622 370 
4394 1520 1612 1519 1666 
4395 1520 1519 1612 1517 
4396 574 1799 1705 1706 
4397 1303 1682 1389 1683 
4398 1682 94 1672 1673 
4399 1389 1672 1316 1638 
4400 1683 1673 1638 1325 
4401 1638 1682 1673 1683 
4402 1638 1682 1683 1389 
4403 1638 1682 1389 1672 
4404 1638 1682 1672 1673 
4405 59 326 334 1598 
4406 326 119 335 1468 
4407 334 335 174 1679 
4408 1598 1468 1679 1298 
4409 335 1598 326 1468 
4410 335 1598 1468 1679 
4411 335 1598 1679 334 
4412 335 1598 334 326 
4413 1398 369 370 264 
4414 1507 153 1684 1445 
4415 1507 1684 1307 1445 
4416 1398 369 264 1470 
4417 264 1470 369 66 
4418 370 1622 193 369 
4419 1398 1311 1622 1470 
4420 146 1398 370 264 
4421 134 630 631 1492 
4422 630 121 572 1648 
4423 631 572 120 1462 
4424 1492 1648 1462 1300 
4425 630 631 1492 1648 
4426 630 1648 572 631 
4427 631 1492 1648 1462 
4428 631 1462 1648 572 
4429 533 1586 541 109 
4430 1620 1310 1375 1630 
4431 1586 1375 1296 1390 
4432 1674 1630 1390 1316 
4433 1375 1674 1620 1630 
4434 1375 1674 1630 1390 
4435 1375 1674 1390 1586 
4436 1375 1674 1586 1620 
4437 59 1595 334 332 
4438 1595 1315 1680 1685 
4439 334 1680 174 333 
4440 332 1685 333 114 
4441 333 1595 1685 332 
4442 333 1595 332 334 
4443 333 1595 334 1680 
4444 333 1595 1680 1685 
4445 162 1335 495 1331 
4446 1335 1303 1686 1389 
4447 495 1686 93 1687 
4448 1331 1389 1687 1316 
4449 1687 1335 1389 1331 
4450 1687 1335 1331 495 
4451 1687 1335 495 1686 
4452 1687 1335 1686 1389 
4453 505 1707 1687 502 
4454 1688 1308 1585 1593 
4455 1689 1585 1302 1523 
4456 1700 1593 1689 1523 
4457 505 1712 1687 1707 
4458 1688 1593 1585 1689 
4459 504 1687 502 505 
4460 1689 1523 1593 1585 
4461 22 257 196 1621 
4462 257 45 263 1535 
4463 196 263 51 1690 
4464 1621 1535 1690 1297 
4465 257 196 1621 1535 
4466 257 1535 263 196 
4467 196 1621 1535 1690 
4468 196 1690 1535 263 
4469 113 1505 441 1506 
4470 504 505 1712 1687 
4471 441 1507 153 1684 
4472 1506 1507 1684 1307 
4473 1505 441 1506 1507 
4474 1712 1687 1707 1316 
4475 441 1506 1507 1684 
4476 505 502 95 1707 
4477 87 443 444 1528 
4478 443 81 435 1642 
4479 444 435 86 1427 
4480 1528 1642 1427 1304 
4481 1427 443 1642 1528 
4482 1427 443 1528 444 
4483 1427 443 444 435 
4484 1427 443 435 1642 
4485 155 295 1550 1592 
4486 295 49 1572 1573 
4487 1550 1572 1295 1522 
4488 1592 1573 1522 1313 
4489 295 1550 1592 1573 
4490 295 1573 1572 1550 
4491 1550 1592 1573 1522 
4492 1550 1522 1573 1572 
4493 115 1691 1692 1693 
4494 1691 1301 1575 1694 
4495 1692 1575 1294 1387 
4496 1693 1694 1387 1318 
4497 1575 1693 1691 1694 
4498 1575 1693 1694 1387 
4499 1575 1693 1387 1692 
4500 1575 1693 1692 1691 
4501 1303 1682 1683 1695 
4502 1682 94 1673 498 
4503 1683 1673 1325 1696 
4504 1682 92 1696 1695 
4505 1696 1682 1695 1683 
4506 1696 1682 1683 1673 
4507 1696 1682 1673 498 
4508 1682 92 1695 493 
4509 1291 1405 1547 1406 
4510 1405 1303 1548 1407 
4511 1547 1548 1301 1697 
4512 1406 1407 1697 1320 
4513 1548 1406 1547 1405 
4514 1548 1406 1405 1407 
4515 1548 1406 1407 1697 
4516 1548 1406 1697 1547 
4517 57 1602 323 1675 
4518 1602 1315 1609 1599 
4519 1602 139 323 1698 
4520 1641 1599 1675 1698 
4521 1698 1602 1599 1675 
4522 1698 1602 1675 323 
4523 1602 139 1698 1609 
4524 1698 1602 1609 1599 
4525 121 1649 1648 1650 
4526 1649 1310 1374 1628 
4527 1648 1374 1300 1381 
4528 1650 1628 1381 1314 
4529 1649 1648 1650 1628 
4530 1649 1628 1374 1648 
4531 1648 1650 1628 1381 
4532 1648 1381 1628 1374 
4533 60 1699 322 1700 
4534 1699 1302 1614 1523 
4535 322 1614 61 1605 
4536 1700 1523 1605 1313 
4537 1605 1699 1523 1700 
4538 1605 1699 1700 322 
4539 1605 1699 322 1614 
4540 1605 1699 1614 1523 
4541 11 1701 1645 10 
4542 1701 1295 1530 1350 
4543 228 1530 46 1581 
4544 1645 1350 1581 1322 
4545 1581 1701 1350 1645 
4546 11 1701 10 228 
4547 1581 1701 228 1530 
4548 1581 1701 1530 1350 
4549 64 250 245 1702 
4550 250 183 242 1336 
4551 245 242 16 1336 
4552 504 93 502 1687 
4553 250 245 1702 1336 
4554 250 1336 242 245 
4555 99 504 505 1712 
4556 1604 310 1700 1725 
4557 89 472 473 1487 
4558 472 87 467 1528 
4559 473 467 88 1419 
4560 1487 1528 1419 1304 
4561 1419 472 1528 1487 
4562 1419 472 1487 473 
4563 1419 472 473 467 
4564 1419 472 467 1528 
4565 353 1540 1633 138 
4566 1540 1294 1654 1635 
4567 456 1654 83 1656 
4568 1634 1635 1656 1327 
4569 1654 1634 1540 1635 
4570 1654 1634 1635 1656 
4571 1654 1634 1656 456 
4572 1654 1634 456 1540 
4573 156 306 1688 1689 
4574 306 155 1552 1592 
4575 1688 1552 1308 1593 
4576 1700 1593 1523 1313 
4577 1552 1689 1688 306 
4578 1552 1689 306 1592 
4579 1552 1689 1592 1593 
4580 1552 1689 1593 1688 
4581 10 1701 1645 1671 
4582 1701 1295 1350 1496 
4583 1604 310 1725 308 
4584 1671 1496 1645 1326 
4585 1701 1645 1671 1496 
4586 1701 1496 1350 1645 
4587 1604 310 308 309 
4588 1604 310 309 1700 
4589 148 1646 1703 1647 
4590 1646 1300 1477 1497 
4591 1703 1477 1309 1608 
4592 1647 1497 1608 1326 
4593 1608 1646 1647 1703 
4594 1608 1646 1703 1477 
4595 1608 1646 1477 1497 
4596 1608 1646 1497 1647 
4597 107 1659 1704 1705 
4598 1659 1301 1694 1576 
4599 1704 1694 1318 1706 
4600 1705 1576 1706 1319 
4601 1659 1704 1705 1576 
4602 1659 1576 1694 1704 
4603 1704 1705 1576 1706 
4604 1704 1706 1576 1694 
4605 162 536 593 1331 
4606 536 110 591 1580 
4607 593 591 133 1450 
4608 1331 1580 1450 1323 
4609 536 593 1331 1580 
4610 536 1580 591 593 
4611 593 1331 1580 1450 
4612 593 1450 1580 591 
4613 60 1699 1700 339 
4614 1699 1302 1523 1689 
4615 1700 1593 1313 1592 
4616 1604 1725 1700 1313 
4617 1699 1700 339 1689 
4618 1699 1689 1523 1700 
4619 309 310 60 1700 
4620 308 54 310 1725 
4621 1300 1374 1373 1381 
4622 1373 1310 1628 1374 
4623 1373 1375 1296 1380 
4624 1381 1628 1380 1314 
4625 1374 1373 1381 1628 
4626 1373 1310 1374 1376 
4627 1373 1381 1628 1380 
4628 1373 1380 1628 1375 
4629 101 515 516 1588 
4630 515 95 507 1707 
4631 516 507 166 1587 
4632 1588 1707 1587 1316 
4633 507 1588 515 1707 
4634 507 1588 1707 1587 
4635 507 1588 1587 516 
4636 507 1588 516 515 
4637 510 499 96 1790 
4638 1449 1381 1650 1492 
4639 630 1650 121 1648 
4640 1492 1381 1648 1300 
4641 509 94 499 1673 
4642 97 509 510 1613 
4643 1648 1492 630 1650 
4644 1648 1492 1650 1381 
4645 102 458 453 1590 
4646 458 115 457 1692 
4647 453 457 84 1566 
4648 1590 1692 1566 1294 
4649 458 453 1590 1692 
4650 458 1692 457 453 
4651 453 1590 1692 1566 
4652 453 1566 1692 457 
4653 126 1611 1441 1583 
4654 1778 1596 1610 1611 
4655 1441 1610 1290 1446 
4656 1583 1596 1446 1321 
4657 1611 1441 1583 1596 
4658 1611 1596 1610 1441 
4659 1441 1583 1596 1446 
4660 1441 1446 1596 1610 
4661 188 563 601 1666 
4662 563 112 600 1640 
4663 601 600 125 1422 
4664 1666 1640 1422 1292 
4665 600 1666 563 1640 
4666 600 1666 1640 1422 
4667 600 1666 1422 601 
4668 600 1666 601 563 
4669 115 457 1692 1708 
4670 457 84 1566 1567 
4671 1692 1566 1294 1562 
4672 1708 1567 1562 1317 
4673 457 1692 1708 1567 
4674 457 1567 1566 1692 
4675 1692 1708 1567 1562 
4676 1692 1562 1567 1566 
4677 107 1659 1705 528 
4678 1659 1301 1576 1709 
4679 1617 1576 1709 1705 
4680 57 308 309 1604 
4681 1659 1705 528 1709 
4682 1659 1709 1576 1705 
4683 300 1792 1665 301 
4684 300 1600 1665 1792 
4685 1315 1710 1599 1615 
4686 1710 1329 1395 1396 
4687 1599 1395 1298 1393 
4688 1615 1396 1393 1302 
4689 1393 1710 1615 1599 
4690 1393 1710 1599 1395 
4691 1393 1710 1395 1396 
4692 1393 1710 1396 1615 
4693 1299 1542 1664 1495 
4694 1665 1466 1681 1542 
4695 219 1664 1665 1681 
4696 275 1665 301 300 
4697 1542 1664 1495 1681 
4698 1542 1681 1665 1664 
4699 275 300 1600 1665 
4700 1600 1665 1792 1308 
4701 193 370 652 1622 
4702 370 146 658 1402 
4703 652 658 128 1711 
4704 1622 1402 1711 1323 
4705 370 652 1622 1402 
4706 370 1402 658 652 
4707 652 1622 1402 1711 
4708 652 1711 1402 658 
4709 1297 1676 1413 1535 
4710 1676 55 1677 278 
4711 1413 1677 1312 1490 
4712 1535 278 1490 45 
4713 1490 1676 1535 1413 
4714 1490 1676 1413 1677 
4715 1490 1676 1677 278 
4716 1490 1676 278 1535 
4717 109 535 532 1674 
4718 535 110 534 1578 
4719 532 534 99 1712 
4720 1674 1578 1712 1316 
4721 535 532 1674 1578 
4722 535 1578 534 532 
4723 532 1674 1578 1712 
4724 532 1712 1578 534 
4725 57 1602 1675 1604 
4726 1602 1315 1599 1603 
4727 1675 1599 1298 1521 
4728 1604 1603 1521 1313 
4729 1602 1675 1604 1603 
4730 1602 1603 1599 1675 
4731 1675 1604 1603 1521 
4732 1675 1521 1603 1599 
4733 110 535 584 1579 
4734 535 109 585 1586 
4735 584 585 127 1657 
4736 1579 1586 1657 1296 
4737 585 1579 535 1586 
4738 585 1579 1586 1657 
4739 585 1579 1657 584 
4740 585 1579 584 535 
4741 141 293 272 1551 
4742 293 49 286 1572 
4743 272 286 50 1669 
4744 1551 1572 1669 1295 
4745 286 1551 293 1572 
4746 286 1551 1572 1669 
4747 286 1551 1669 272 
4748 286 1551 272 293 
4749 102 453 454 1590 
4750 453 84 411 1566 
4751 454 411 83 1654 
4752 1590 1566 1654 1294 
4753 453 454 1590 1566 
4754 453 1566 411 454 
4755 454 1590 1566 1654 
4756 454 1654 1566 411 
4757 1323 1408 1391 1400 
4758 1408 1328 1370 1480 
4759 1391 1370 1296 1479 
4760 1400 1480 1479 1297 
4761 1479 1408 1480 1400 
4762 1479 1408 1400 1391 
4763 1479 1408 1391 1370 
4764 1479 1408 1370 1480 
4765 65 1651 232 1652 
4766 1651 1300 1646 1349 
4767 232 1647 1646 148 
4768 1652 1349 1645 1322 
4769 1645 1651 1349 1652 
4770 1645 1651 1652 232 
4771 1645 1651 232 1646 
4772 1645 1651 1646 1349 
4773 107 1659 577 1704 
4774 1659 1301 1658 1694 
4775 577 1658 151 1713 
4776 1704 1694 1713 1318 
4777 1658 1704 1659 1694 
4778 1658 1704 1694 1713 
4779 1658 1704 1713 577 
4780 1658 1704 577 1659 
4781 1303 1682 1695 1686 
4782 1682 94 498 497 
4783 1682 92 493 498 
4784 1686 497 493 93 
4785 493 1682 1686 1695 
4786 1682 92 498 1696 
4787 493 1682 498 497 
4788 493 1682 497 1686 
4789 1328 1509 1457 1511 
4790 1509 1330 1464 1510 
4791 1457 1532 1464 1329 
4792 1547 1511 1574 1510 
4793 1509 1457 1511 1510 
4794 1509 1510 1464 1457 
4795 1457 1511 1510 1574 
4796 1457 1574 1510 1464 
4797 10 1701 1671 221 
4798 1701 1295 1496 1669 
4799 300 301 63 1792 
4800 221 1669 1671 50 
4801 1701 1671 221 1669 
4802 1701 1669 1496 1671 
4803 275 52 301 1665 
4804 53 275 300 1600 
4805 1297 1676 1535 1690 
4806 1676 55 278 277 
4807 1535 278 45 263 
4808 1690 277 263 51 
4809 263 1676 1690 1535 
4810 263 1676 1535 278 
4811 263 1676 278 277 
4812 263 1676 277 1690 
4813 174 1679 611 1680 
4814 1641 1599 1698 1679 
4815 611 1698 139 1609 
4816 1680 1599 1609 1315 
4817 1698 1680 1679 1599 
4818 1698 1680 1599 1609 
4819 1698 1680 1609 611 
4820 1698 1680 611 1679 
4821 59 326 1598 1714 
4822 326 119 1468 1469 
4823 1598 1468 1298 1360 
4824 1714 1469 1360 1312 
4825 326 1598 1714 1469 
4826 326 1469 1468 1598 
4827 1598 1714 1469 1360 
4828 1598 1360 1469 1468 
4829 183 1336 250 1338 
4830 1336 1293 1702 1337 
4831 250 1702 64 1715 
4832 1338 1337 1715 1314 
4833 1702 1338 1336 1337 
4834 1702 1338 1337 1715 
4835 1702 1338 1715 250 
4836 1702 1338 250 1336 
4837 1303 1411 1405 1369 
4838 1411 1304 1418 1409 
4839 1405 1418 1291 1511 
4840 1369 1409 1511 1328 
4841 1411 1405 1369 1409 
4842 1411 1409 1418 1405 
4843 1405 1369 1409 1511 
4844 1405 1511 1409 1418 
4845 1323 1408 1400 1410 
4846 1408 1328 1480 1409 
4847 1400 1480 1297 1504 
4848 1410 1409 1504 1304 
4849 1504 1408 1409 1410 
4850 1504 1408 1410 1400 
4851 1504 1408 1400 1480 
4852 1504 1408 1480 1409 
4853 6 1716 204 1717 
4854 1716 1299 1664 1495 
4855 219 1664 1681 204 
4856 1717 1495 1681 1326 
4857 1681 1716 1495 1717 
4858 1681 1716 1717 204 
4859 1681 1716 204 1664 
4860 1681 1716 1664 1495 
4861 77 424 419 1493 
4862 424 79 423 1494 
4863 419 423 78 1428 
4864 1493 1494 1428 1307 
4865 423 1493 1494 1428 
4866 423 1493 1428 419 
4867 423 1493 419 424 
4868 423 1493 424 1494 
4869 1329 1455 1514 1710 
4870 1455 1321 1446 1596 
4871 1514 1446 1290 1610 
4872 1710 1596 1610 1315 
4873 1455 1514 1710 1596 
4874 1455 1596 1446 1514 
4875 1514 1710 1596 1610 
4876 1514 1610 1596 1446 
4877 157 318 325 1641 
4878 318 57 323 1675 
4879 325 323 139 1698 
4880 1641 1599 1679 1298 
4881 1698 318 1675 1641 
4882 1698 318 1641 325 
4883 1698 318 325 323 
4884 1698 318 323 1675 
4885 145 1718 605 1476 
4886 1726 1504 1505 1718 
4887 605 1505 113 1503 
4888 1476 1504 1503 1304 
4889 1503 1718 1504 1476 
4890 1503 1718 1476 605 
4891 1503 1718 605 1505 
4892 1503 1718 1505 1504 
4893 115 1691 1693 615 
4894 1691 1301 1694 1658 
4895 1693 1694 1318 1713 
4896 615 1658 1713 151 
4897 1713 1691 615 1693 
4898 1713 1691 1693 1694 
4899 1713 1691 1694 1658 
4900 1713 1691 1658 615 
4901 115 1692 458 1693 
4902 1692 1294 1590 1387 
4903 458 1590 102 1601 
4904 1793 1387 1385 1318 
4905 1601 1692 1387 1693 
4906 1601 1692 1693 458 
4907 1601 1692 458 1590 
4908 1601 1692 1590 1387 
4909 1303 1682 1686 1389 
4910 1682 94 497 1672 
4911 1686 497 93 1687 
4912 1389 1672 1687 1316 
4913 1682 1686 1389 1672 
4914 1682 1672 497 1686 
4915 1686 1389 1672 1687 
4916 1686 1687 1672 497 
4917 1302 1585 1720 1721 
4918 1585 1308 1719 1636 
4919 1720 1719 140 1722 
4920 1721 1636 1722 1327 
4921 1585 1720 1721 1636 
4922 1585 1636 1719 1720 
4923 1720 1721 1636 1722 
4924 1720 1722 1636 1719 
4925 152 1723 298 1724 
4926 1723 1297 1676 1534 
4927 298 1676 55 1677 
4928 1724 1534 1677 1321 
4929 1676 1724 1723 1534 
4930 1676 1724 1534 1677 
4931 1676 1724 1677 298 
4932 1676 1724 298 1723 
4933 49 289 284 1573 
4934 289 54 288 1725 
4935 288 1529 284 1573 
4936 1573 1725 1554 1313 
4937 288 1573 289 1725 
4938 288 1573 1725 1554 
4939 288 1529 1573 1554 
4940 288 1573 284 289 
4941 113 441 1505 604 
4942 441 153 1507 606 
4943 1726 1504 1718 1297 
4944 604 606 1726 154 
4945 441 1505 604 606 
4946 441 606 1507 1505 
4947 1505 604 606 1726 
4948 1505 1726 606 1507 
4949 1297 1507 1534 1723 
4950 1507 153 1445 664 
4951 1534 1445 1321 1724 
4952 1723 664 1724 152 
4953 1445 1723 1534 1507 
4954 1445 1723 1507 664 
4955 1445 1723 664 1724 
4956 1445 1723 1724 1534 
4957 126 649 348 1583 
4958 649 181 621 1444 
4959 170 348 1444 1727 
4960 1727 1446 1321 1583 
4961 649 348 1583 1444 
4962 649 1444 621 348 
4963 348 1583 1444 1727 
4964 170 1444 348 621 
4965 395 1629 1774 396 
4966 1662 1315 1615 1663 
4967 1661 1615 1302 1728 
4968 1755 1663 1661 1728 
4969 395 1755 1774 1629 
4970 1662 1663 1615 1661 
4971 393 1774 396 395 
4972 1661 1728 1663 1615 
4973 533 1586 109 1674 
4974 533 100 1620 1729 
4975 393 395 1755 1774 
4976 1674 1729 1630 1316 
4977 533 1620 1674 1729 
4978 1755 1774 1629 1324 
4979 1620 1674 1729 1630 
4980 395 396 159 1629 
4981 9 1645 1671 10 
4982 393 73 396 1774 
4983 232 1647 148 224 
4984 1671 1645 1647 1326 
4985 71 393 395 1755 
4986 609 1760 1609 344 
4987 9 1645 10 224 
4988 609 1685 1609 1760 
4989 1298 1675 1631 1641 
4990 1675 57 307 318 
4991 1631 307 56 317 
4992 1641 318 317 157 
4993 317 1675 1641 1631 
4994 317 1675 1631 307 
4995 317 1675 307 318 
4996 317 1675 318 1641 
4997 115 1692 1691 1708 
4998 1692 1294 1575 1562 
4999 1691 1575 1301 1625 
5000 1708 1562 1625 1317 
5001 1575 1708 1691 1692 
5002 1575 1708 1692 1562 
5003 1575 1708 1562 1625 
5004 1575 1708 1625 1691 
5005 89 482 484 1487 
5006 482 91 485 1644 
5007 484 485 187 1333 
5008 1487 1644 1333 1303 
5009 1333 482 1644 1487 
5010 1333 482 1487 484 
5011 1333 482 484 485 
5012 1333 482 485 1644 
5013 152 298 1723 297 
5014 298 55 1676 277 
5015 1723 1676 1297 1690 
5016 297 277 1690 51 
5017 1676 297 1723 298 
5018 1676 297 298 277 
5019 1676 297 277 1690 
5020 1676 297 1690 1723 
5021 180 1610 450 1584 
5022 1610 1315 1730 1663 
5023 1584 82 1731 1730 
5024 1584 1663 1731 1324 
5025 1730 1584 1610 1663 
5026 1730 1584 1663 1731 
5027 1584 82 1730 450 
5028 1730 1584 450 1610 
5029 1304 1503 1642 1508 
5030 1503 113 439 1506 
5031 1642 439 81 1643 
5032 1508 1506 1643 1307 
5033 1643 1503 1508 1642 
5034 1643 1503 1642 439 
5035 1643 1503 439 1506 
5036 1643 1503 1506 1508 
5037 61 336 340 1614 
5038 336 68 341 1732 
5039 340 341 69 1661 
5040 1614 1732 1661 1302 
5041 341 1614 336 1732 
5042 341 1614 1732 1661 
5043 341 1614 1661 340 
5044 341 1614 340 336 
5045 56 1632 290 1639 
5046 1632 1306 1531 1554 
5047 290 1531 48 1554 
5048 610 1609 344 609 
5049 1632 290 1639 1554 
5050 1632 1554 1531 290 
5051 610 609 1685 1609 
5052 1685 1609 1760 1315 
5053 174 335 629 1679 
5054 335 119 628 1468 
5055 629 628 157 1641 
5056 1679 1468 1641 1298 
5057 628 1679 335 1468 
5058 628 1679 1468 1641 
5059 628 1679 1641 629 
5060 628 1679 629 335 
5061 132 1733 1627 1734 
5062 1733 1301 1697 1625 
5063 609 344 158 1760 
5064 1734 1625 1627 1317 
5065 1733 1627 1734 1625 
5066 1733 1625 1697 1627 
5067 610 139 344 1609 
5068 114 610 609 1685 
5069 64 1702 246 1735 
5070 1702 1293 1543 1546 
5071 251 1543 18 1545 
5072 1735 1546 1545 1311 
5073 1543 1735 1702 1546 
5074 1543 1735 1546 1545 
5075 251 1543 1545 1735 
5076 1543 1735 246 1702 
5077 155 305 306 1552 
5078 305 53 303 1600 
5079 306 303 156 1688 
5080 1552 1600 1688 1308 
5081 303 1552 305 1600 
5082 303 1552 1600 1688 
5083 303 1552 1688 306 
5084 303 1552 306 305 
5085 148 1646 640 1703 
5086 104 1742 1617 559 
5087 640 1477 122 1594 
5088 1703 1477 1594 1309 
5089 1646 640 1703 1477 
5090 559 1799 1742 1617 
5091 640 1703 1477 1594 
5092 562 1742 561 559 
5093 132 1733 1734 642 
5094 1733 1301 1625 1736 
5095 562 559 1799 1742 
5096 612 1736 642 1734 
5097 1733 1734 642 1736 
5098 1733 1736 1625 1734 
5099 1799 1742 1617 1319 
5100 104 1742 559 561 
5101 59 1714 1598 1597 
5102 1714 1312 1360 1678 
5103 1598 1360 1298 1456 
5104 1597 1678 1456 1321 
5105 1714 1598 1597 1678 
5106 1714 1678 1360 1598 
5107 1598 1597 1678 1456 
5108 1598 1456 1678 1360 
5109 191 465 466 1498 
5110 465 85 462 1499 
5111 466 462 186 1737 
5112 1737 1500 1317 1618 
5113 462 1498 465 1499 
5114 462 1498 1499 1737 
5115 462 1498 1737 466 
5116 462 1498 466 465 
5117 67 1738 1739 1740 
5118 1738 1299 1495 1607 
5119 1739 1495 1326 1608 
5120 1740 1607 1608 1309 
5121 1608 1738 1740 1739 
5122 1608 1738 1739 1495 
5123 1608 1738 1495 1607 
5124 1608 1738 1607 1740 
5125 110 1579 584 1580 
5126 1579 1296 1657 1391 
5127 584 1657 127 1741 
5128 1580 1391 1741 1323 
5129 1741 1579 1391 1580 
5130 1741 1579 1580 584 
5131 1741 1579 584 1657 
5132 1741 1579 1657 1391 
5133 562 112 561 1742 
5134 1640 1309 1424 1743 
5135 1640 1424 1292 1520 
5136 1742 1743 1520 1319 
5137 111 562 559 1799 
5138 1583 347 1803 1727 
5139 1640 1742 1743 1520 
5140 1640 1520 1743 1424 
5141 134 1492 365 364 
5142 1492 1322 1652 1653 
5143 365 1652 65 238 
5144 364 1653 238 177 
5145 238 1492 1653 364 
5146 238 1492 364 365 
5147 238 1492 365 1652 
5148 238 1492 1652 1653 
5149 1330 1541 1467 1533 
5150 1541 1318 1386 1387 
5151 1542 1383 1467 1386 
5152 1533 1387 1383 1294 
5153 1386 1533 1467 1541 
5154 1386 1533 1541 1387 
5155 1386 1533 1387 1383 
5156 1386 1533 1383 1467 
5157 107 1659 528 531 
5158 1659 1301 1709 1660 
5159 528 1709 98 529 
5160 1659 173 529 531 
5161 1659 173 531 578 
5162 529 1659 531 528 
5163 529 1659 528 1709 
5164 529 1659 1709 1660 
5165 112 1640 563 1742 
5166 1640 1292 1666 1520 
5167 563 1666 188 1612 
5168 1520 1617 1742 1319 
5169 1666 1742 1640 1520 
5170 1666 1742 1520 1612 
5171 1666 1742 1612 563 
5172 1666 1742 563 1640 
5173 1626 1542 1299 1525 
5174 1664 52 208 205 
5175 1524 208 118 209 
5176 1626 205 209 2 
5177 1664 1524 1626 205 
5178 1664 205 208 1524 
5179 1524 1626 205 209 
5180 1524 209 205 208 
5181 211 1526 214 172 
5182 1583 347 1727 348 
5183 214 1744 169 1745 
5184 1526 1525 1745 1318 
5185 1583 347 348 345 
5186 1583 347 345 1803 
5187 214 1526 1525 1745 
5188 214 1745 1525 1744 
5189 1301 1577 1548 1549 
5190 1577 1325 1683 1518 
5191 1548 1683 1303 1502 
5192 1549 1518 1502 1330 
5193 1577 1548 1549 1518 
5194 1577 1518 1683 1548 
5195 1548 1549 1518 1502 
5196 1548 1502 1518 1683 
5197 174 629 611 1679 
5198 629 157 325 1641 
5199 611 325 139 1698 
5200 1641 1599 1298 1675 
5201 1698 629 1641 1679 
5202 1698 629 1679 611 
5203 1698 629 611 325 
5204 1698 629 325 1641 
5205 165 1746 1747 1748 
5206 1746 1303 1407 1683 
5207 1747 1407 1320 1749 
5208 1748 1683 1749 1325 
5209 1749 1746 1748 1747 
5210 1749 1746 1747 1407 
5211 1749 1746 1407 1683 
5212 1749 1746 1683 1748 
5213 140 1720 354 1719 
5214 1720 1302 1689 1585 
5215 354 1689 156 1688 
5216 1719 1585 1688 1308 
5217 1688 1720 1585 1719 
5218 1688 1720 1719 354 
5219 1688 1720 354 1689 
5220 1688 1720 1689 1585 
5221 1297 1507 1723 1726 
5222 1507 153 664 606 
5223 1723 664 152 299 
5224 1726 606 299 154 
5225 1507 1723 1726 606 
5226 1507 606 664 1723 
5227 1723 1726 606 299 
5228 1723 299 606 664 
5229 1299 1738 1750 1607 
5230 1738 67 375 1740 
5231 1750 375 135 1751 
5232 1607 1740 1751 1309 
5233 1751 1738 1607 1750 
5234 1751 1738 1750 375 
5235 1751 1738 375 1740 
5236 1751 1738 1740 1607 
5237 18 246 17 1543 
5238 246 64 245 1702 
5239 17 245 16 1336 
5240 1543 1702 1336 1293 
5241 245 1543 246 1702 
5242 245 1543 1702 1336 
5243 245 1543 1336 17 
5244 245 1543 17 246 
5245 165 489 1746 1748 
5246 489 92 1695 1696 
5247 1746 1695 1303 1683 
5248 1748 1696 1683 1325 
5249 489 1746 1748 1696 
5250 489 1696 1695 1746 
5251 1746 1748 1696 1683 
5252 1746 1683 1696 1695 
5253 60 1699 339 337 
5254 1699 1302 1689 1732 
5255 339 1689 156 338 
5256 337 1732 338 68 
5257 338 1699 1732 337 
5258 338 1699 337 339 
5259 338 1699 339 1689 
5260 338 1699 1689 1732 
5261 85 1436 417 1499 
5262 1583 1727 1803 1321 
5263 417 1563 161 1616 
5264 1499 1563 1616 1317 
5265 1436 417 1499 1563 
5266 345 347 62 1803 
5267 417 1499 1563 1616 
5268 348 170 347 1727 
5269 162 495 1335 494 
5270 495 93 1686 492 
5271 1335 1686 1303 1644 
5272 494 492 1644 91 
5273 495 1335 494 492 
5274 495 492 1686 1335 
5275 1335 494 492 1644 
5276 1335 1644 492 1686 
5277 6 1716 5 204 
5278 1716 1299 1626 1664 
5279 5 1626 2 205 
5280 204 1664 205 52 
5281 1716 5 204 1664 
5282 1716 1664 1626 5 
5283 5 204 1664 205 
5284 5 205 1664 1626 
5285 115 1691 615 613 
5286 1691 1301 1658 1736 
5287 615 1658 151 614 
5288 613 1736 614 131 
5289 614 1691 1658 1736 
5290 614 1691 1736 613 
5291 614 1691 613 615 
5292 614 1691 615 1658 
5293 182 632 633 1752 
5294 632 120 579 1462 
5295 633 579 122 1477 
5296 1752 1462 1477 1300 
5297 579 1752 632 1462 
5298 579 1752 1462 1477 
5299 579 1752 1477 633 
5300 579 1752 633 632 
5301 165 1746 490 1747 
5302 1746 1303 1556 1407 
5303 490 1556 90 1557 
5304 1747 1407 1557 1320 
5305 1557 1746 1407 1747 
5306 1557 1746 1747 490 
5307 1557 1746 490 1556 
5308 1557 1746 1556 1407 
5309 126 348 345 1583 
5310 1438 1305 1559 1753 
5311 1574 1559 1294 1532 
5312 1457 1532 1329 1753 
5313 359 1650 1802 636 
5314 1438 1753 1559 1574 
5315 359 1650 636 634 
5316 1574 1532 1753 1559 
5317 71 1754 1755 384 
5318 1721 1661 1728 1754 
5319 1755 1663 1728 1324 
5320 359 1650 634 1449 
5321 1754 1755 384 1661 
5322 1754 1661 1728 1755 
5323 359 1650 1449 1802 
5324 1449 1802 1650 1314 
5325 1389 1502 1303 1683 
5326 1638 1518 1683 1325 
5327 1377 1519 1292 1501 
5328 1377 1330 1518 1501 
5329 1638 1502 1683 1518 
5330 1638 1518 1325 1519 
5331 1377 1330 1501 1378 
5332 1377 1501 1518 1519 
5333 1302 1523 1393 1615 
5334 1523 1313 1521 1603 
5335 1393 1521 1298 1599 
5336 1615 1603 1599 1315 
5337 1523 1393 1615 1603 
5338 1523 1603 1521 1393 
5339 1393 1615 1603 1599 
5340 1393 1599 1603 1521 
5341 134 1492 364 635 
5342 1653 1340 1322 1339 
5343 364 1653 177 663 
5344 635 1448 663 142 
5345 1492 364 635 1448 
5346 1492 1448 1653 364 
5347 364 635 1448 663 
5348 364 663 1448 1653 
5349 60 1699 337 322 
5350 1699 1302 1732 1614 
5351 337 1732 68 336 
5352 322 1614 336 61 
5353 336 1699 1614 322 
5354 336 1699 322 337 
5355 336 1699 337 1732 
5356 336 1699 1732 1614 
5357 6 1716 207 5 
5358 1716 1299 1756 1626 
5359 207 1756 147 206 
5360 5 1626 206 2 
5361 206 1716 1626 5 
5362 206 1716 5 207 
5363 206 1716 207 1756 
5364 206 1716 1756 1626 
5365 137 581 582 1423 
5366 581 122 580 1594 
5367 582 580 108 1425 
5368 1423 1594 1425 1309 
5369 1425 581 1594 1423 
5370 1425 581 1423 582 
5371 1425 581 582 580 
5372 1425 581 580 1594 
5373 128 589 590 1711 
5374 589 110 584 1580 
5375 590 584 127 1741 
5376 1711 1580 1741 1323 
5377 1741 589 1580 1711 
5378 1741 589 1711 590 
5379 1741 589 590 584 
5380 1741 589 584 1580 
5381 59 1595 332 1597 
5382 1595 1315 1685 1596 
5383 332 1685 114 1757 
5384 1597 1596 1757 1321 
5385 1757 1595 1596 1597 
5386 1757 1595 1597 332 
5387 1757 1595 332 1685 
5388 1757 1595 1685 1596 
5389 74 1558 398 1655 
5390 1558 1305 1758 1667 
5391 398 1758 73 1759 
5392 1655 1667 1759 1327 
5393 1759 1558 1667 1655 
5394 1759 1558 1655 398 
5395 1759 1558 398 1758 
5396 1759 1558 1758 1667 
5397 82 1730 386 1731 
5398 1730 1315 1662 1663 
5399 386 1662 69 1661 
5400 1755 1663 1324 1731 
5401 1662 1731 1730 1663 
5402 1662 1731 1663 1661 
5403 1662 1731 1661 386 
5404 1662 1731 386 1730 
5405 1323 1474 1332 1410 
5406 1474 103 486 1475 
5407 1332 486 187 1333 
5408 1475 1411 1304 1487 
5409 1474 1332 1410 1475 
5410 1474 1475 486 1332 
5411 1332 1410 1475 1333 
5412 1332 1333 1475 486 
5413 166 507 508 1587 
5414 507 95 503 1707 
5415 508 503 94 1672 
5416 1587 1707 1672 1316 
5417 1672 507 1707 1587 
5418 1672 507 1587 508 
5419 1672 507 508 503 
5420 1672 507 503 1707 
5421 54 291 288 1725 
5422 291 56 290 1639 
5423 288 290 48 1554 
5424 1725 1639 1554 1313 
5425 291 288 1725 1639 
5426 291 1639 290 288 
5427 288 1725 1639 1554 
5428 288 1554 1639 290 
5429 1323 1332 1474 1450 
5430 1332 187 486 555 
5431 1474 486 103 554 
5432 1450 555 554 133 
5433 554 1332 1450 1474 
5434 554 1332 1474 486 
5435 554 1332 486 555 
5436 554 1332 555 1450 
5437 44 1668 1553 273 
5438 1668 1295 1466 1551 
5439 634 636 121 1650 
5440 273 1551 1553 141 
5441 1668 1553 273 1551 
5442 1668 1551 1466 1553 
5443 359 184 636 1802 
5444 142 359 634 1449 
5445 1292 1372 1376 1589 
5446 1372 1296 1375 1390 
5447 1376 1375 1310 1630 
5448 1589 1390 1630 1316 
5449 1630 1372 1390 1589 
5450 1630 1372 1589 1376 
5451 1630 1372 1376 1375 
5452 1630 1372 1375 1390 
5453 510 1613 1761 517 
5454 1391 1623 1591 1296 
5455 1622 1591 1311 1401 
5456 1622 1391 1401 1323 
5457 1325 510 1761 1790 
5458 518 1761 517 510 
5459 518 510 1790 1761 
5460 1622 1401 1391 1591 
5461 165 489 490 1746 
5462 489 92 488 1695 
5463 490 488 90 1556 
5464 1746 1695 1556 1303 
5465 488 1746 489 1695 
5466 488 1746 1695 1556 
5467 488 1746 1556 490 
5468 488 1746 490 489 
5469 61 340 342 1606 
5470 340 69 343 1662 
5471 342 343 158 1760 
5472 1606 1662 1760 1315 
5473 340 342 1606 1662 
5474 340 1662 343 342 
5475 342 1606 1662 1760 
5476 342 1760 1662 343 
5477 1302 1585 1392 1523 
5478 1392 1308 1466 1593 
5479 1392 1466 1295 1522 
5480 1523 1593 1522 1313 
5481 1585 1392 1523 1593 
5482 1392 1308 1593 1585 
5483 1392 1523 1593 1522 
5484 1392 1522 1593 1466 
5485 153 664 618 1445 
5486 664 152 349 1724 
5487 618 349 170 1727 
5488 1445 1724 1727 1321 
5489 1727 664 1724 1445 
5490 1727 664 1445 618 
5491 1727 664 618 349 
5492 1727 664 349 1724 
5493 143 267 268 1431 
5494 130 1433 328 1527 
5495 268 269 43 1485 
5496 1325 510 1790 1673 
5497 510 517 97 1613 
5498 267 1431 269 268 
5499 518 98 517 1761 
5500 268 1485 1431 269 
5501 96 518 510 1790 
5502 1709 1301 1576 1577 
5503 1617 1576 1705 1319 
5504 1761 1577 1517 1325 
5505 215 1670 1717 216 
5506 215 1794 1717 1670 
5507 1709 1761 1577 1517 
5508 1709 1517 1577 1576 
5509 156 354 338 1689 
5510 354 140 383 1720 
5511 338 383 68 1732 
5512 1689 1720 1732 1302 
5513 354 338 1689 1720 
5514 354 1720 383 338 
5515 338 1689 1720 1732 
5516 338 1732 1720 383 
5517 182 368 366 1752 
5518 368 148 232 1646 
5519 366 232 65 1651 
5520 1752 1646 1651 1300 
5521 1651 368 1646 1752 
5522 1651 368 1752 366 
5523 1651 368 366 232 
5524 1651 368 232 1646 
5525 1304 1642 1503 1762 
5526 1642 81 439 445 
5527 1503 439 113 447 
5528 1503 192 1762 445 
5529 1642 1503 1762 445 
5530 1642 445 439 1503 
5531 1503 192 445 447 
5532 1503 447 445 439 
5533 189 1763 567 1765 
5534 1763 1301 1764 1697 
5535 567 1764 105 1749 
5536 1765 1697 1749 1320 
5537 1749 1763 1697 1765 
5538 1749 1763 1765 567 
5539 1749 1763 567 1764 
5540 1749 1763 1764 1697 
5541 219 1664 204 52 
5542 1665 1466 1542 1308 
5543 1730 448 388 1760 
5544 7 1717 216 215 
5545 7 215 1794 1717 
5546 1665 1681 1553 219 
5547 1794 1717 1670 1326 
5548 1681 44 1553 219 
5549 186 661 466 1737 
5550 661 194 667 1618 
5551 466 667 191 1498 
5552 1737 1500 1618 1498 
5553 1498 661 1618 1737 
5554 1498 661 1737 466 
5555 1498 661 466 667 
5556 1498 661 667 1618 
5557 147 376 213 1756 
5558 376 135 598 1750 
5559 1771 213 1744 169 
5560 1756 1750 1744 1299 
5561 376 213 1756 1750 
5562 376 1750 598 213 
5563 213 1756 1750 1744 
5564 1771 213 169 598 
5565 1294 1559 1574 1562 
5566 1559 1305 1438 1563 
5567 1574 1438 1291 1500 
5568 1574 1317 1563 1500 
5569 1559 1574 1562 1563 
5570 1559 1563 1438 1574 
5571 1574 1317 1500 1625 
5572 1574 1500 1563 1438 
5573 237 1530 1581 46 
5574 283 48 282 1531 
5575 237 282 47 1766 
5576 215 216 44 1670 
5577 7 6 216 1717 
5578 283 1531 282 237 
5579 8 7 215 1794 
5580 237 1766 1531 282 
5581 44 1668 273 225 
5582 1668 1295 1551 1669 
5583 273 1551 141 272 
5584 225 1669 272 50 
5585 272 1668 1669 225 
5586 272 1668 225 273 
5587 272 1668 273 1551 
5588 272 1668 1551 1669 
5589 1293 1546 1702 1337 
5590 1546 1311 1735 1767 
5591 1702 1735 64 1715 
5592 1337 1767 1715 1314 
5593 1546 1702 1337 1767 
5594 1546 1767 1735 1702 
5595 1702 1337 1767 1715 
5596 1702 1715 1767 1735 
5597 132 1733 642 660 
5598 1733 1301 1736 1763 
5599 642 1736 131 566 
5600 660 1763 566 189 
5601 566 1733 1763 660 
5602 566 1733 660 642 
5603 566 1733 642 1736 
5604 566 1733 1736 1763 
5605 173 529 530 1660 
5606 529 98 519 1709 
5607 530 519 105 1764 
5608 1660 1709 1764 1301 
5609 529 530 1660 1709 
5610 529 1709 519 530 
5611 530 1660 1709 1764 
5612 530 1764 1709 519 
5613 47 1766 233 1768 
5614 1766 1306 1486 1365 
5615 233 1486 14 1447 
5616 1768 1365 1447 1322 
5617 1486 1768 1766 1365 
5618 1486 1768 1365 1447 
5619 1486 1768 1447 233 
5620 1486 1768 233 1766 
5621 237 1530 46 283 
5622 1531 1306 1766 1365 
5623 237 1766 47 1768 
5624 1581 1365 1768 1322 
5625 1766 1581 1531 1365 
5626 1766 1581 1365 1768 
5627 1766 1581 1768 237 
5628 1766 1581 237 1531 
5629 89 477 482 1487 
5630 477 90 483 1556 
5631 482 483 91 1644 
5632 1487 1556 1644 1303 
5633 477 482 1487 1556 
5634 477 1556 483 482 
5635 482 1487 1556 1644 
5636 482 1644 1556 483 
5637 1295 1364 1362 1522 
5638 1364 1306 1356 1554 
5639 1362 1356 1298 1521 
5640 1522 1554 1521 1313 
5641 1521 1364 1554 1522 
5642 1521 1364 1522 1362 
5643 1521 1364 1362 1356 
5644 1521 1364 1356 1554 
5645 1299 1607 1750 1769 
5646 1607 1309 1751 1743 
5647 1750 1751 135 1770 
5648 1769 1743 1770 1319 
5649 1607 1750 1769 1743 
5650 1607 1743 1751 1750 
5651 1750 1769 1743 1770 
5652 1750 1770 1743 1751 
5653 1771 213 598 1750 
5654 1744 1299 1750 1769 
5655 598 1750 135 1770 
5656 1799 1769 1771 1770 
5657 1750 1771 1744 1769 
5658 1750 1771 1769 1770 
5659 1750 1771 1770 598 
5660 1771 213 1750 1744 
5661 1299 1750 1738 1756 
5662 1750 135 375 376 
5663 1738 375 67 220 
5664 1756 376 220 147 
5665 1750 1738 1756 376 
5666 1750 376 375 1738 
5667 1738 1756 376 220 
5668 1738 220 376 375 
5669 1297 1397 1772 1621 
5670 1397 146 198 197 
5671 1772 198 1 23 
5672 1621 197 23 22 
5673 23 1397 1621 1772 
5674 23 1397 1772 198 
5675 23 1397 198 197 
5676 23 1397 197 1621 
5677 2 212 211 1626 
5678 212 169 214 1744 
5679 211 1526 172 210 
5680 1626 1744 1525 1299 
5681 212 211 1626 1744 
5682 212 1744 214 211 
5683 211 1626 1744 1525 
5684 211 1525 1744 214 
5685 166 1637 526 1587 
5686 1637 1325 1612 1519 
5687 526 1612 188 1666 
5688 1587 1519 1666 1292 
5689 1666 1637 1519 1587 
5690 1666 1637 1587 526 
5691 1666 1637 526 1612 
5692 1666 1637 1612 1519 
5693 160 356 1719 1773 
5694 356 140 1719 1722 
5695 395 1731 1629 397 
5696 1773 1722 1636 1327 
5697 356 1719 1773 1722 
5698 395 1731 397 387 
5699 1719 1773 1722 1636 
5700 395 1731 387 1755 
5701 1305 1555 1758 1667 
5702 1555 1324 1774 1775 
5703 1758 1774 73 1759 
5704 1667 1775 1759 1327 
5705 1555 1758 1667 1775 
5706 1555 1775 1774 1758 
5707 1758 1667 1775 1759 
5708 1758 1759 1775 1774 
5709 1634 160 1719 1773 
5710 1719 1308 1633 1636 
5711 353 1540 138 456 
5712 1773 1636 1634 1327 
5713 1634 1719 1636 1773 
5714 1634 160 1773 402 
5715 352 1634 1719 1633 
5716 1634 1719 1633 1636 
5717 148 640 1646 368 
5718 640 122 1477 633 
5719 1646 1477 1300 1752 
5720 368 633 1752 182 
5721 640 1646 368 633 
5722 640 633 1477 1646 
5723 1646 368 633 1752 
5724 1646 1752 633 1477 
5725 115 1691 613 1708 
5726 1691 1301 1736 1625 
5727 1734 1736 1708 612 
5728 1708 1625 1734 1317 
5729 1736 1708 1691 1625 
5730 560 1705 575 574 
5731 1736 1708 612 613 
5732 1736 1708 613 1691 
5733 187 486 484 1333 
5734 486 103 475 1475 
5735 484 475 89 1487 
5736 1475 1411 1487 1333 
5737 475 1333 486 1475 
5738 475 1333 1475 1487 
5739 475 1333 1487 484 
5740 475 1333 484 486 
5741 363 1623 1767 175 
5742 1623 1296 1571 1380 
5743 655 1571 129 1570 
5744 1802 1380 1569 1314 
5745 1570 1623 1380 1767 
5746 363 1623 175 655 
5747 1570 1623 655 1571 
5748 1570 1623 1571 1380 
5749 1293 1546 1412 1358 
5750 1412 1311 1399 1489 
5751 1412 1399 1297 1413 
5752 1358 1489 1413 1312 
5753 1546 1412 1358 1489 
5754 1412 1311 1489 1546 
5755 1412 1358 1489 1413 
5756 1412 1413 1489 1399 
5757 395 1731 1755 1629 
5758 1391 1623 1296 1657 
5759 1622 1391 1323 1741 
5760 653 1657 1741 127 
5761 1755 1629 1731 1324 
5762 387 397 82 1731 
5763 1622 653 1657 1741 
5764 1622 1741 1657 1391 
5765 65 232 229 1652 
5766 232 1647 224 1645 
5767 229 224 10 1645 
5768 395 159 397 1629 
5769 232 229 1652 1645 
5770 232 1645 224 229 
5771 71 395 387 1755 
5772 1769 1541 1706 1525 
5773 188 1612 526 524 
5774 1612 1325 1637 1613 
5775 526 1637 166 511 
5776 524 1613 511 97 
5777 1637 524 1612 1613 
5778 1637 524 1613 511 
5779 1637 524 511 526 
5780 1637 524 526 1612 
5781 1308 1467 1466 1542 
5782 1467 1330 1345 1346 
5783 1466 1345 1295 1344 
5784 1542 1346 1344 1299 
5785 1344 1467 1542 1466 
5786 1344 1467 1466 1345 
5787 1344 1467 1345 1346 
5788 1344 1467 1346 1542 
5789 1308 1465 1636 1585 
5790 1465 1329 1776 1396 
5791 1636 1776 1327 1721 
5792 1585 1396 1721 1302 
5793 1721 1465 1585 1636 
5794 1721 1465 1636 1776 
5795 1721 1465 1776 1396 
5796 1721 1465 1396 1585 
5797 1295 1342 1350 1496 
5798 1342 1300 1349 1497 
5799 1350 1349 1322 1645 
5800 1496 1497 1645 1326 
5801 1342 1350 1496 1497 
5802 1342 1497 1349 1350 
5803 1350 1496 1497 1645 
5804 1350 1645 1497 1349 
5805 68 381 341 1732 
5806 381 70 380 1777 
5807 341 380 69 1661 
5808 1732 1777 1661 1302 
5809 381 341 1732 1777 
5810 381 1777 380 341 
5811 341 1732 1777 1661 
5812 341 1661 1777 380 
5813 93 492 493 1686 
5814 492 91 487 1644 
5815 493 487 92 1695 
5816 1686 1644 1695 1303 
5817 487 1686 492 1644 
5818 487 1686 1644 1695 
5819 487 1686 1695 493 
5820 487 1686 493 492 
5821 132 1733 660 1627 
5822 1733 1301 1763 1697 
5823 660 1763 189 1765 
5824 1627 1697 1765 1320 
5825 1763 1627 1733 1697 
5826 1763 1627 1697 1765 
5827 1763 1627 1765 660 
5828 1763 1627 660 1733 
5829 180 650 452 1610 
5830 650 126 607 1611 
5831 452 607 179 1778 
5832 1778 1596 1611 1685 
5833 650 452 1610 1611 
5834 650 1611 607 452 
5835 452 1610 1611 1778 
5836 452 1778 1611 607 
5837 182 367 632 1752 
5838 367 134 631 1492 
5839 632 631 120 1462 
5840 1752 1492 1462 1300 
5841 1462 367 1492 1752 
5842 1462 367 1752 632 
5843 1462 367 632 631 
5844 1462 367 631 1492 
5845 169 1745 1744 1771 
5846 1745 1318 1525 1706 
5847 1744 1525 1299 1769 
5848 1799 1769 1770 1319 
5849 1745 1744 1771 1706 
5850 1745 1706 1525 1744 
5851 1744 1771 1706 1769 
5852 1744 1769 1706 1525 
5853 1735 149 1779 251 
5854 255 64 246 1735 
5855 251 1543 1735 246 
5856 1779 1735 1545 1311 
5857 1735 149 251 255 
5858 255 1735 246 251 
5859 251 1779 1735 1545 
5860 251 1543 246 18 
5861 81 434 435 1643 
5862 434 79 436 1494 
5863 435 436 86 1537 
5864 1643 1494 1537 1307 
5865 1537 434 1494 1643 
5866 1537 434 1643 435 
5867 1537 434 435 436 
5868 1537 434 436 1494 
5869 10 1701 221 228 
5870 1701 1295 1669 1530 
5871 221 1669 50 231 
5872 228 1530 231 46 
5873 231 1701 1530 228 
5874 231 1701 228 221 
5875 231 1701 221 1669 
5876 231 1701 1669 1530 
5877 105 1749 1764 1780 
5878 1769 1541 1525 1346 
5879 1764 1697 1301 1577 
5880 1780 1749 1577 1325 
5881 1769 1541 1346 1516 
5882 1769 1541 1516 1706 
5883 1764 1780 1749 1577 
5884 1764 1577 1749 1697 
5885 167 481 469 1512 
5886 481 124 480 1781 
5887 469 480 88 1403 
5888 1512 1781 1403 1320 
5889 1403 481 1781 1512 
5890 1403 481 1512 469 
5891 1403 481 469 480 
5892 1403 481 480 1781 
5893 194 1618 662 1565 
5894 1618 1317 1734 1627 
5895 1618 132 1627 1734 
5896 1346 1516 1541 1330 
5897 1618 662 1565 1627 
5898 1618 132 1734 644 
5899 1525 1706 1318 1541 
5900 1769 1319 1706 1516 
5901 533 1586 1674 1620 
5902 533 100 539 1620 
5903 541 539 164 1619 
5904 1299 1769 1525 1346 
5905 1724 347 1727 1803 
5906 533 1620 539 541 
5907 1724 347 1803 316 
5908 541 1619 1620 539 
5909 80 440 431 1782 
5910 440 153 442 1684 
5911 431 442 116 1443 
5912 1782 1684 1443 1307 
5913 440 431 1782 1684 
5914 440 1684 442 431 
5915 431 1782 1684 1443 
5916 431 1443 1684 442 
5917 1305 1429 1417 1783 
5918 1429 1307 1430 1582 
5919 1417 1430 1290 1515 
5920 1783 1582 1515 1328 
5921 1430 1783 1429 1582 
5922 1430 1783 1582 1515 
5923 1430 1783 1515 1417 
5924 1430 1783 1417 1429 
5925 100 514 1620 1729 
5926 514 101 1539 1588 
5927 1620 1539 1310 1630 
5928 1729 1588 1630 1316 
5929 1539 1729 1620 514 
5930 1539 1729 514 1588 
5931 1539 1729 1588 1630 
5932 1539 1729 1630 1620 
5933 71 1754 384 385 
5934 1721 1661 1754 1777 
5935 384 1661 69 380 
5936 1754 70 1777 380 
5937 1754 70 380 385 
5938 380 1754 385 384 
5939 380 1754 384 1661 
5940 380 1754 1661 1777 
5941 113 605 604 1505 
5942 605 145 203 1718 
5943 604 203 154 1726 
5944 1726 1504 1297 1507 
5945 203 1505 605 1718 
5946 203 1505 1718 1726 
5947 203 1505 1726 604 
5948 203 1505 604 605 
5949 1780 98 1761 1709 
5950 519 105 1764 1780 
5951 1709 1764 1301 1577 
5952 1761 1780 1577 1325 
5953 1780 98 1709 519 
5954 519 1780 1764 1709 
5955 1709 1761 1780 1577 
5956 1709 1577 1780 1764 
5957 124 479 480 1781 
5958 479 90 478 1557 
5959 480 1404 1557 478 
5960 1781 1557 1403 1320 
5961 479 480 1781 1557 
5962 479 1557 478 480 
5963 480 1781 1557 1403 
5964 480 1404 478 88 
5965 161 417 408 1563 
5966 417 85 416 1436 
5967 408 416 75 1784 
5968 1563 1436 1784 1305 
5969 417 408 1563 1436 
5970 417 1436 416 408 
5971 408 1563 1436 1784 
5972 408 1784 1436 416 
5973 1 23 195 1772 
5974 23 22 196 1621 
5975 195 196 51 1690 
5976 1772 1621 1690 1297 
5977 23 195 1772 1621 
5978 23 1621 196 195 
5979 195 1772 1621 1690 
5980 195 1690 1621 196 
5981 71 1754 385 1785 
5982 1721 1661 1777 1302 
5983 1754 70 385 1786 
5984 1785 1721 1786 1327 
5985 1786 1754 1721 1785 
5986 1786 1754 1785 385 
5987 1754 70 1786 1777 
5988 1786 1754 1777 1721 
5989 47 243 233 1766 
5990 243 43 240 1485 
5991 233 240 14 1486 
5992 1766 1485 1486 1306 
5993 1486 243 1485 1766 
5994 1486 243 1766 233 
5995 1486 243 233 240 
5996 1486 243 240 1485 
5997 162 506 536 1331 
5998 506 99 534 1712 
5999 536 534 110 1578 
6000 1331 1712 1578 1316 
6001 1578 506 1712 1331 
6002 1578 506 1331 536 
6003 1578 506 536 534 
6004 1578 506 534 1712 
6005 182 366 367 1752 
6006 366 65 365 1651 
6007 367 365 134 1492 
6008 1752 1651 1492 1300 
6009 366 367 1752 1651 
6010 366 1651 365 367 
6011 367 1752 1651 1492 
6012 367 1492 1651 365 
6013 109 532 533 1674 
6014 532 99 512 1712 
6015 533 512 100 1729 
6016 1674 1712 1729 1316 
6017 512 1674 532 1712 
6018 512 1674 1712 1729 
6019 512 1674 1729 533 
6020 512 1674 533 532 
6021 149 251 252 1779 
6022 251 18 19 1545 
6023 252 19 20 1513 
6024 1779 1545 1513 1311 
6025 251 252 1779 1545 
6026 251 1545 19 252 
6027 252 1779 1545 1513 
6028 252 1513 1545 19 
6029 1617 522 104 523 
6030 523 98 1709 1761 
6031 1617 1576 1319 1517 
6032 1612 1761 1517 1325 
6033 1761 1617 522 1612 
6034 523 1761 1709 1617 
6035 1617 1612 1761 1517 
6036 1617 1517 1761 1709 
6037 1291 1536 1438 1511 
6038 1536 1307 1429 1582 
6039 1438 1429 1305 1783 
6040 1511 1582 1783 1328 
6041 1783 1536 1582 1511 
6042 1783 1536 1511 1438 
6043 1783 1536 1438 1429 
6044 1783 1536 1429 1582 
6045 100 513 514 1729 
6046 513 95 515 1707 
6047 514 515 101 1588 
6048 1729 1707 1588 1316 
6049 1588 513 1707 1729 
6050 1588 513 1729 514 
6051 1588 513 514 515 
6052 1588 513 515 1707 
6053 1724 347 316 349 
6054 1444 181 620 1439 
6055 1444 620 116 1443 
6056 1446 1439 1443 1290 
6057 1724 347 349 1727 
6058 1724 1803 1727 1321 
6059 1444 1446 1439 1443 
6060 1444 1443 1439 620 
6061 1297 1504 1718 1400 
6062 1504 1304 1476 1410 
6063 1718 1476 145 1473 
6064 1400 1410 1473 1323 
6065 1473 1504 1400 1718 
6066 1473 1504 1718 1476 
6067 1473 1504 1476 1410 
6068 1473 1504 1410 1400 
6069 75 416 414 1784 
6070 416 85 415 1436 
6071 414 415 77 1451 
6072 1784 1436 1451 1305 
6073 416 414 1784 1436 
6074 416 1436 415 414 
6075 414 1784 1436 1451 
6076 414 1451 1436 415 
6077 192 445 446 1762 
6078 445 81 443 1642 
6079 446 443 87 1528 
6080 1762 1642 1528 1304 
6081 445 446 1762 1642 
6082 445 1642 443 446 
6083 446 1762 1642 1528 
6084 446 1528 1642 443 
6085 76 405 1416 1352 
6086 405 73 1758 1774 
6087 1416 1758 1305 1555 
6088 1352 1774 1555 1324 
6089 405 1416 1352 1774 
6090 405 1774 1758 1416 
6091 1416 1352 1774 1555 
6092 1416 1555 1774 1758 
6093 131 565 566 1736 
6094 565 105 567 1764 
6095 566 567 189 1763 
6096 1736 1764 1763 1301 
6097 1763 565 1764 1736 
6098 1763 565 1736 566 
6099 1763 565 566 567 
6100 1763 565 567 1764 
6101 131 564 565 1736 
6102 564 173 530 1660 
6103 565 530 105 1764 
6104 1736 1660 1764 1301 
6105 565 1660 1764 1736 
6106 565 1660 1736 564 
6107 565 1660 564 530 
6108 565 1660 530 1764 
6109 1761 522 1617 523 
6110 522 97 517 1613 
6111 523 517 98 1761 
6112 1612 1613 1761 1325 
6113 1761 522 1613 1612 
6114 1730 448 449 388 
6115 1761 522 523 517 
6116 1761 522 517 1613 
6117 2 206 212 1626 
6118 206 147 213 1756 
6119 212 213 169 1744 
6120 1626 1756 1744 1299 
6121 1744 206 1756 1626 
6122 1744 206 1626 212 
6123 1744 206 212 213 
6124 1744 206 213 1756 
6125 349 347 170 1727 
6126 1444 116 620 617 
6127 1444 620 181 621 
6128 1730 448 1778 449 
6129 316 62 347 1803 
6130 152 316 349 1724 
6131 1444 170 1727 618 
6132 1444 621 617 620 
6133 1329 1455 1710 1395 
6134 1455 1321 1596 1456 
6135 1710 1596 1315 1599 
6136 1395 1456 1599 1298 
6137 1455 1710 1395 1456 
6138 1455 1456 1596 1710 
6139 1710 1395 1456 1599 
6140 1710 1599 1456 1596 
6141 51 297 200 1690 
6142 297 152 299 1723 
6143 200 299 154 1726 
6144 1690 1723 1726 1297 
6145 297 200 1690 1723 
6146 297 1723 299 200 
6147 200 1690 1723 1726 
6148 200 1726 1723 299 
6149 180 452 450 1610 
6150 452 179 449 1778 
6151 450 449 82 1730 
6152 1610 1778 1730 1315 
6153 1730 452 1778 1610 
6154 1730 452 1610 450 
6155 1730 452 450 449 
6156 1730 452 449 1778 
6157 175 1623 1767 1624 
6158 1623 1296 1380 1591 
6159 301 1384 1665 208 
6160 1624 1591 1767 1311 
6161 1623 1767 1624 1591 
6162 1623 1591 1380 1767 
6163 301 1384 208 302 
6164 301 1384 302 1792 
6165 1293 1478 1546 1337 
6166 1478 1296 1591 1380 
6167 1546 1591 1311 1767 
6168 1337 1380 1767 1314 
6169 1767 1478 1337 1546 
6170 1767 1478 1546 1591 
6171 1767 1478 1591 1380 
6172 1767 1478 1380 1337 
6173 408 1561 409 161 
6174 408 75 404 1784 
6175 409 404 74 1558 
6176 1563 1784 1558 1305 
6177 1558 408 1784 1563 
6178 408 1561 161 1563 
6179 1558 408 409 404 
6180 1558 408 404 1784 
6181 1722 70 1777 1786 
6182 1777 1302 1720 1721 
6183 382 1720 140 1722 
6184 1786 1721 1722 1327 
6185 1722 1777 1721 1786 
6186 1722 70 1786 392 
6187 1722 1777 382 1720 
6188 1722 1777 1720 1721 
6189 173 564 578 1660 
6190 564 131 614 1736 
6191 578 614 151 1658 
6192 1660 1736 1658 1301 
6193 1658 564 1736 1660 
6194 1658 564 1660 578 
6195 1658 564 578 614 
6196 1658 564 614 1736 
6197 1584 82 450 397 
6198 397 159 451 1629 
6199 450 451 180 1584 
6200 1731 1629 1584 1324 
6201 1584 397 1629 1731 
6202 1584 82 397 1731 
6203 1584 397 450 451 
6204 1584 397 451 1629 
6205 1308 1636 1465 1383 
6206 1636 1327 1776 1635 
6207 1465 1776 1329 1532 
6208 1383 1635 1532 1294 
6209 1532 1636 1635 1383 
6210 1532 1636 1383 1465 
6211 1532 1636 1465 1776 
6212 1532 1636 1776 1635 
6213 165 1747 521 1748 
6214 301 1384 1792 1665 
6215 521 1749 105 1780 
6216 1748 1749 1780 1325 
6217 1747 521 1748 1749 
6218 1792 1665 1384 1308 
6219 521 1748 1749 1780 
6220 302 208 118 1384 
6221 1607 1346 1769 1299 
6222 301 52 208 1665 
6223 1769 1520 1319 1516 
6224 1346 1501 1516 1330 
6225 63 301 302 1792 
6226 638 1594 1789 639 
6227 1769 1346 1501 1516 
6228 1769 1516 1501 1520 
6229 70 381 382 1777 
6230 381 68 383 1732 
6231 382 383 140 1720 
6232 1777 1732 1720 1302 
6233 1720 381 1732 1777 
6234 1720 381 1777 382 
6235 1720 381 382 383 
6236 1720 381 383 1732 
6237 158 344 342 1760 
6238 344 139 324 1609 
6239 342 324 61 1606 
6240 1760 1609 1606 1315 
6241 1606 344 1609 1760 
6242 1606 344 1760 342 
6243 1606 344 342 324 
6244 1606 344 324 1609 
6245 67 1738 220 217 
6246 1738 1299 1756 1716 
6247 220 1756 147 207 
6248 217 1716 207 6 
6249 207 1738 1716 217 
6250 207 1738 217 220 
6251 207 1738 220 1756 
6252 207 1738 1756 1716 
6253 1618 132 644 662 
6254 662 194 661 1618 
6255 644 661 186 1737 
6256 1734 1618 1737 1317 
6257 1618 132 662 1627 
6258 662 1618 661 644 
6259 644 1734 1618 1737 
6260 644 1737 1618 661 
6261 72 399 394 1787 
6262 399 74 398 1655 
6263 394 398 73 1759 
6264 1787 1655 1759 1327 
6265 399 394 1787 1655 
6266 399 1655 398 394 
6267 394 1787 1655 1759 
6268 394 1759 1655 398 
6269 106 542 569 1788 
6270 542 108 570 1463 
6271 569 1462 120 572 
6272 1788 1463 1374 1310 
6273 542 569 1788 1463 
6274 542 1463 570 569 
6275 569 1788 1463 1374 
6276 569 1374 1463 570 
6277 1295 1466 1344 1496 
6278 1600 1466 1665 1308 
6279 1344 1542 1299 1495 
6280 1344 1326 1681 1495 
6281 1466 1344 1496 1681 
6282 1466 1681 1542 1344 
6283 1344 1326 1495 1497 
6284 1344 1495 1681 1542 
6285 1727 1446 1583 1444 
6286 1445 153 442 618 
6287 1444 442 116 617 
6288 1444 170 618 617 
6289 1445 1444 1727 618 
6290 1445 618 442 1444 
6291 1444 170 617 621 
6292 1444 617 618 442 
6293 1703 190 1789 639 
6294 379 148 640 1703 
6295 639 640 122 1594 
6296 1789 1703 1594 1309 
6297 1703 190 639 379 
6298 379 1703 640 639 
6299 639 1789 1703 1594 
6300 639 1594 1703 640 
6301 66 259 260 1470 
6302 259 20 21 1513 
6303 260 21 22 1471 
6304 1470 1513 1471 1311 
6305 1471 259 1513 1470 
6306 1471 259 1470 260 
6307 1471 259 260 21 
6308 1471 259 21 1513 
6309 1297 1399 1479 1400 
6310 1399 1311 1591 1401 
6311 1479 1591 1296 1391 
6312 1400 1401 1391 1323 
6313 1399 1479 1400 1401 
6314 1399 1401 1591 1479 
6315 1479 1400 1401 1391 
6316 1479 1391 1401 1591 
6317 1292 1424 1501 1520 
6318 1424 1309 1607 1743 
6319 1607 1346 1299 1343 
6320 1520 1743 1769 1319 
6321 1424 1501 1520 1743 
6322 1424 1743 1607 1501 
6323 1501 1520 1743 1769 
6324 1501 1769 1743 1607 
6325 174 611 333 1680 
6326 611 139 610 1609 
6327 333 610 114 1685 
6328 1680 1609 1685 1315 
6329 610 1680 611 1609 
6330 610 1680 1609 1685 
6331 610 1680 1685 333 
6332 610 1680 333 611 
6333 97 511 509 1613 
6334 511 166 508 1637 
6335 509 508 94 1673 
6336 1613 1637 1673 1325 
6337 511 509 1613 1637 
6338 511 1637 508 509 
6339 509 1613 1637 1673 
6340 509 1673 1637 508 
6341 90 488 483 1556 
6342 488 92 487 1695 
6343 483 487 91 1644 
6344 1556 1695 1644 1303 
6345 488 483 1556 1695 
6346 488 1695 487 483 
6347 483 1556 1695 1644 
6348 483 1644 1695 487 
6349 106 569 571 1788 
6350 569 1462 572 1374 
6351 571 572 121 1649 
6352 1788 1374 1649 1310 
6353 1649 569 1374 1788 
6354 1649 569 1788 571 
6355 1649 569 571 572 
6356 1649 569 572 1374 
6357 165 501 489 1748 
6358 501 96 500 1790 
6359 489 500 92 1696 
6360 1748 1790 1696 1325 
6361 1696 501 1790 1748 
6362 1696 501 1748 489 
6363 1696 501 489 500 
6364 1696 501 500 1790 
6365 44 219 274 1553 
6366 219 52 275 1665 
6367 274 275 53 1600 
6368 1600 1466 1308 1552 
6369 275 1553 219 1665 
6370 275 1553 1665 1600 
6371 275 1553 1600 274 
6372 275 1553 274 219 
6373 1297 1718 1397 1400 
6374 1718 145 201 1473 
6375 1397 657 201 146 
6376 1400 1473 1402 1323 
6377 1718 1397 1400 1473 
6378 1718 1473 201 1397 
6379 1397 1400 1473 1402 
6380 1397 657 146 1402 
6381 113 441 438 1506 
6382 441 153 440 1684 
6383 438 440 80 1782 
6384 1506 1684 1782 1307 
6385 441 438 1506 1684 
6386 441 1684 440 438 
6387 438 1506 1684 1782 
6388 438 1782 1684 440 
6389 164 1619 573 1569 
6390 1619 1310 1649 1628 
6391 573 1649 121 1650 
6392 1569 1628 1650 1314 
6393 1649 1569 1619 1628 
6394 1649 1569 1628 1650 
6395 1649 1569 1650 573 
6396 1649 1569 573 1619 
6397 135 1751 594 1770 
6398 1751 1309 1640 1743 
6399 594 1640 112 1742 
6400 1770 1743 1742 1319 
6401 1751 594 1770 1743 
6402 1751 1743 1640 594 
6403 594 1770 1743 1742 
6404 594 1742 1743 1640 
6405 82 388 386 1730 
6406 388 158 343 1760 
6407 386 343 69 1662 
6408 1730 1760 1662 1315 
6409 1662 388 1760 1730 
6410 1662 388 1730 386 
6411 1662 388 386 343 
6412 1662 388 343 1760 
6413 1315 1710 1615 1663 
6414 1710 1329 1396 1791 
6415 1615 1396 1302 1728 
6416 1663 1791 1728 1324 
6417 1728 1710 1791 1663 
6418 1728 1710 1663 1615 
6419 1728 1710 1615 1396 
6420 1728 1710 1396 1791 
6421 63 352 355 1792 
6422 352 160 356 1719 
6423 355 356 140 1719 
6424 638 1800 1789 1594 
6425 352 355 1792 1719 
6426 352 1719 356 355 
6427 377 1789 639 638 
6428 377 638 1800 1789 
6429 352 1634 1633 353 
6430 352 63 350 1792 
6431 353 350 138 1633 
6432 1719 1792 1633 1308 
6433 1633 352 1792 1719 
6434 352 1634 353 160 
6435 1633 352 353 350 
6436 1633 352 350 1792 
6437 6 204 216 1717 
6438 219 1664 52 1665 
6439 1681 44 219 216 
6440 1717 1681 1670 1326 
6441 204 216 1717 1681 
6442 204 1681 219 216 
6443 216 1717 1681 1670 
6444 1681 44 216 1670 
6445 102 549 548 1601 
6446 549 185 551 1385 
6447 1601 171 1793 551 
6448 1793 1387 1318 1693 
6449 551 1601 549 1385 
6450 551 1601 1385 1793 
6451 1601 171 551 548 
6452 551 1601 548 549 
6453 76 407 405 1352 
6454 407 159 396 1629 
6455 405 396 73 1774 
6456 1352 1629 1774 1324 
6457 1774 407 1629 1352 
6458 1774 407 1352 405 
6459 1774 407 405 396 
6460 1774 407 396 1629 
6461 128 590 652 1711 
6462 590 127 653 1741 
6463 652 653 193 1622 
6464 1711 1741 1622 1323 
6465 590 652 1711 1741 
6466 590 1741 653 652 
6467 652 1711 1741 1622 
6468 652 1622 1741 653 
6469 155 294 295 1592 
6470 294 54 289 1725 
6471 295 289 49 1573 
6472 1592 1725 1573 1313 
6473 1573 294 1725 1592 
6474 1573 294 1592 295 
6475 1573 294 295 289 
6476 1573 294 289 1725 
6477 8 222 9 1794 
6478 222 50 221 1671 
6479 9 221 10 1671 
6480 1800 1789 1594 1309 
6481 222 9 1794 1671 
6482 222 1671 221 9 
6483 638 639 122 1594 
6484 377 190 639 1789 
6485 119 327 328 1469 
6486 327 58 329 1795 
6487 328 329 130 1527 
6488 1469 1795 1527 1312 
6489 329 1469 327 1795 
6490 329 1469 1795 1527 
6491 329 1469 1527 328 
6492 329 1469 328 327 
6493 1291 1511 1438 1574 
6494 1511 1328 1783 1457 
6495 1438 1783 1305 1753 
6496 1457 1532 1753 1574 
6497 1783 1574 1511 1457 
6498 1783 1574 1457 1753 
6499 1783 1574 1753 1438 
6500 1783 1574 1438 1511 
6501 76 406 413 1416 
6502 406 75 414 1784 
6503 413 414 77 1451 
6504 1416 1784 1451 1305 
6505 414 1416 406 1784 
6506 414 1416 1784 1451 
6507 414 1416 1451 413 
6508 414 1416 413 406 
6509 74 404 398 1558 
6510 404 75 403 1784 
6511 398 403 73 1758 
6512 1558 1784 1758 1305 
6513 403 1558 404 1784 
6514 403 1558 1784 1758 
6515 403 1558 1758 398 
6516 403 1558 398 404 
6517 78 428 430 1428 
6518 428 80 431 1782 
6519 430 431 116 1443 
6520 1428 1782 1443 1307 
6521 1443 428 1782 1428 
6522 1443 428 1428 430 
6523 1443 428 430 431 
6524 1443 428 431 1782 
6525 1 199 202 1772 
6526 199 154 203 1726 
6527 202 203 145 1718 
6528 1772 1726 1718 1297 
6529 1718 199 1726 1772 
6530 1718 199 1772 202 
6531 1718 199 202 203 
6532 1718 199 203 1726 
6533 1294 1387 1575 1533 
6534 1387 1318 1694 1541 
6535 1575 1694 1301 1549 
6536 1533 1541 1549 1330 
6537 1387 1575 1533 1541 
6538 1387 1541 1694 1575 
6539 1575 1533 1541 1549 
6540 1575 1549 1541 1694 
6541 169 597 1745 1771 
6542 574 1796 597 1706 
6543 1745 1796 1318 1706 
6544 136 377 638 1800 
6545 597 1745 1771 1706 
6546 597 1706 1796 1745 
6547 374 1740 1751 375 
6548 374 1800 1751 1740 
6549 103 474 475 1475 
6550 474 87 472 1528 
6551 475 472 89 1487 
6552 1475 1528 1487 1304 
6553 472 1475 474 1528 
6554 472 1475 1528 1487 
6555 472 1475 1487 475 
6556 472 1475 475 474 
6557 373 1751 375 374 
6558 1444 116 442 1443 
6559 1445 442 153 1684 
6560 1445 1443 1684 1307 
6561 136 1751 374 1800 
6562 1444 1443 442 1445 
6563 1800 1751 1740 1309 
6564 1445 1684 1443 442 
6565 115 460 457 1708 
6566 460 123 459 1797 
6567 457 459 84 1567 
6568 1708 1797 1567 1317 
6569 1567 460 1797 1708 
6570 1567 460 1708 457 
6571 1567 460 457 459 
6572 1567 460 459 1797 
6573 1451 1438 1429 1305 
6574 374 375 67 1740 
6575 1437 425 1435 168 
6576 1437 77 1493 426 
6577 1429 1437 1451 1493 
6578 373 135 375 1751 
6579 1437 77 426 415 
6580 136 1751 1800 602 
6581 1638 1502 1518 1377 
6582 1389 1316 1589 1638 
6583 1377 1589 1292 1519 
6584 1638 1518 1519 1377 
6585 1638 1502 1377 1389 
6586 1389 1638 1589 1377 
6587 1638 1502 1389 1683 
6588 1377 1519 1638 1589 
6589 1632 176 1798 271 
6590 292 56 320 1632 
6591 271 1432 1632 320 
6592 1798 1632 1431 1306 
6593 1632 176 271 292 
6594 292 1632 320 271 
6595 271 1798 1632 1431 
6596 271 1432 320 143 
6597 1297 1507 1504 1480 
6598 1507 1307 1508 1582 
6599 1504 1508 1304 1409 
6600 1480 1582 1409 1328 
6601 1507 1504 1480 1582 
6602 1507 1582 1508 1504 
6603 1504 1480 1582 1409 
6604 1504 1409 1582 1508 
6605 71 1754 1785 1755 
6606 1721 1661 1302 1728 
6607 1785 1721 1327 1775 
6608 1755 1728 1775 1324 
6609 1754 1785 1755 1728 
6610 1754 1728 1721 1785 
6611 1785 1755 1728 1775 
6612 1785 1775 1728 1721 
6613 1632 176 292 287 
6614 287 48 290 1531 
6615 292 290 56 1632 
6616 1798 1531 1632 1306 
6617 1632 287 1531 1798 
6618 1632 176 287 1798 
6619 1632 287 292 290 
6620 1632 287 290 1531 
6621 59 312 1714 1597 
6622 374 1800 1789 377 
6623 1714 1677 1312 1678 
6624 1597 1677 1678 1321 
6625 312 1714 1597 1677 
6626 374 1740 1789 1800 
6627 1714 1597 1677 1678 
6628 378 1789 377 374 
6629 1301 1625 1547 1697 
6630 1625 1317 1500 1627 
6631 1547 1500 1291 1406 
6632 1697 1627 1406 1320 
6633 1625 1547 1697 1627 
6634 1625 1627 1500 1547 
6635 1547 1697 1627 1406 
6636 1547 1406 1627 1500 
6637 156 339 306 1689 
6638 339 60 311 1700 
6639 306 311 155 1592 
6640 1700 1593 1592 1689 
6641 1592 339 1700 1689 
6642 1592 339 1689 306 
6643 1592 339 306 311 
6644 1592 339 311 1700 
6645 1327 1759 1785 1775 
6646 1759 73 393 1774 
6647 1785 393 71 1755 
6648 1775 1774 1755 1324 
6649 1759 1785 1775 1774 
6650 1759 1774 393 1785 
6651 1785 1775 1774 1755 
6652 1785 1755 1774 393 
6653 143 268 271 1431 
6654 268 43 265 1485 
6655 271 265 176 1798 
6656 1431 1485 1798 1306 
6657 265 1431 1485 1798 
6658 265 1431 1798 271 
6659 265 1431 271 268 
6660 265 1431 268 1485 
6661 186 462 463 1737 
6662 462 85 417 1499 
6663 463 417 161 1616 
6664 1737 1499 1616 1317 
6665 462 463 1737 1499 
6666 462 1499 417 463 
6667 463 1737 1499 1616 
6668 463 1616 1499 417 
6669 172 214 623 1526 
6670 214 169 597 1745 
6671 623 597 117 1796 
6672 1526 1745 1796 1318 
6673 214 623 1526 1745 
6674 214 1745 597 623 
6675 623 1526 1745 1796 
6676 623 1796 1745 597 
6677 169 598 596 1771 
6678 598 135 595 1770 
6679 1771 111 1799 595 
6680 1799 1769 1319 1706 
6681 595 1771 598 1770 
6682 595 1771 1770 1799 
6683 1771 111 595 596 
6684 595 1771 596 598 
6685 76 405 406 1416 
6686 405 73 403 1758 
6687 406 403 75 1784 
6688 1416 1758 1784 1305 
6689 405 406 1416 1758 
6690 405 1758 403 406 
6691 406 1416 1758 1784 
6692 406 1784 1758 403 
6693 112 602 599 1640 
6694 602 136 603 1800 
6695 599 603 137 1423 
6696 1640 1800 1423 1309 
6697 1423 602 1800 1640 
6698 1423 602 1640 599 
6699 1423 602 599 603 
6700 1423 602 603 1800 
6701 96 501 520 1790 
6702 501 165 521 1748 
6703 520 521 105 1780 
6704 1790 1748 1780 1325 
6705 501 520 1790 1748 
6706 501 1748 521 520 
6707 520 1790 1748 1780 
6708 520 1780 1748 521 
6709 146 1398 1402 370 
6710 1398 1311 1401 1622 
6711 1402 1401 1323 1622 
6712 378 374 1740 1789 
6713 1398 1402 370 1622 
6714 1398 1622 1401 1402 
6715 1740 1789 1800 1309 
6716 374 377 136 1800 
6717 1290 1417 1515 1514 
6718 1417 1305 1783 1753 
6719 1515 1783 1328 1457 
6720 1514 1753 1457 1329 
6721 1417 1515 1514 1753 
6722 1417 1753 1783 1515 
6723 1515 1514 1753 1457 
6724 1515 1457 1753 1783 
6725 1315 1710 1663 1610 
6726 1710 1329 1791 1514 
6727 1663 1791 1324 1483 
6728 1610 1514 1483 1290 
6729 1710 1663 1610 1514 
6730 1710 1514 1791 1663 
6731 1663 1610 1514 1483 
6732 1663 1483 1514 1791 
6733 1474 144 553 552 
6734 552 103 554 1474 
6735 553 554 133 1450 
6736 1481 1474 1450 1323 
6737 1474 144 552 1473 
6738 552 1474 554 553 
6739 553 1481 1474 1450 
6740 553 1450 1474 554 
6741 1301 1697 1548 1577 
6742 1697 1320 1407 1749 
6743 1548 1407 1303 1683 
6744 1577 1749 1683 1325 
6745 1697 1548 1577 1749 
6746 1697 1749 1407 1548 
6747 1548 1577 1749 1683 
6748 1548 1683 1749 1407 
6749 107 527 528 1705 
6750 527 104 523 1617 
6751 528 523 98 1709 
6752 1617 1576 1517 1709 
6753 527 528 1705 1617 
6754 527 1617 523 528 
6755 528 1705 1617 1709 
6756 528 1709 1617 523 
6757 114 1685 346 1757 
6758 1778 1596 1685 1315 
6759 346 1611 126 1583 
6760 1757 1596 1583 1321 
6761 1611 1757 1685 1596 
6762 1611 1757 1596 1583 
6763 1611 1757 1583 346 
6764 1611 1757 346 1685 
6765 71 387 384 1755 
6766 387 82 386 1731 
6767 384 386 69 1661 
6768 1755 1663 1731 1661 
6769 387 384 1755 1731 
6770 387 1731 386 384 
6771 384 1755 1731 1661 
6772 384 1661 1731 386 
6773 108 542 543 1463 
6774 542 106 538 1788 
6775 543 538 101 1539 
6776 1463 1788 1539 1310 
6777 538 1463 542 1788 
6778 538 1463 1788 1539 
6779 538 1463 1539 543 
6780 538 1463 543 542 
6781 123 460 612 1797 
6782 460 115 613 1708 
6783 612 1736 613 131 
6784 1797 1708 1734 1317 
6785 460 612 1797 1708 
6786 460 1708 613 612 
6787 612 1797 1708 1734 
6788 1734 1708 1736 1625 
6789 161 412 461 1616 
6790 412 84 459 1567 
6791 461 459 123 1797 
6792 1616 1567 1797 1317 
6793 412 461 1616 1567 
6794 412 1567 459 461 
6795 461 1616 1567 1797 
6796 461 1797 1567 459 
6797 128 592 589 1711 
6798 592 133 591 1450 
6799 589 591 110 1580 
6800 1711 1450 1580 1323 
6801 1580 592 1450 1711 
6802 1580 592 1711 589 
6803 1580 592 589 591 
6804 1580 592 591 1450 
6805 104 1742 561 525 
6806 561 112 563 1742 
6807 525 563 188 1612 
6808 1520 1617 1319 1517 
6809 104 1742 525 1617 
6810 561 1742 563 525 
6811 525 1617 1742 1612 
6812 525 1612 1742 563 
6813 145 605 558 1476 
6814 605 113 447 1503 
6815 1503 192 447 558 
6816 1476 1503 1762 1304 
6817 605 558 1476 1503 
6818 605 1503 447 558 
6819 558 1476 1503 1762 
6820 1503 192 558 1762 
6821 47 266 243 1766 
6822 266 176 265 1798 
6823 243 265 43 1485 
6824 1766 1798 1485 1306 
6825 266 243 1766 1798 
6826 266 1798 265 243 
6827 243 1766 1798 1485 
6828 243 1485 1798 265 
6829 59 313 326 1714 
6830 313 58 327 1795 
6831 326 327 119 1469 
6832 1714 1795 1469 1312 
6833 327 1714 313 1795 
6834 327 1714 1795 1469 
6835 327 1714 1469 326 
6836 327 1714 326 313 
6837 1297 1397 1621 1399 
6838 1397 146 197 1398 
6839 1621 197 22 1471 
6840 1399 1398 1471 1311 
6841 1397 1621 1399 1398 
6842 1397 1398 197 1621 
6843 1621 1399 1398 1471 
6844 1621 1471 1398 197 
6845 1 195 199 1772 
6846 195 51 200 1690 
6847 199 200 154 1726 
6848 1772 1690 1726 1297 
6849 200 1772 1690 1726 
6850 200 1772 1726 199 
6851 200 1772 199 195 
6852 200 1772 195 1690 
6853 48 287 282 1531 
6854 287 176 266 1798 
6855 282 266 47 1766 
6856 1531 1798 1766 1306 
6857 266 1531 287 1798 
6858 266 1531 1798 1766 
6859 266 1531 1766 282 
6860 266 1531 282 287 
6861 78 423 428 1428 
6862 423 79 429 1494 
6863 428 429 80 1782 
6864 1428 1494 1782 1307 
6865 429 1428 423 1494 
6866 429 1428 1494 1782 
6867 429 1428 1782 428 
6868 429 1428 428 423 
6869 81 439 433 1643 
6870 439 113 438 1506 
6871 433 438 80 1782 
6872 1643 1506 1782 1307 
6873 439 433 1643 1506 
6874 439 1506 438 433 
6875 433 1643 1506 1782 
6876 433 1782 1506 438 
6877 8 215 222 1794 
6878 215 44 225 1670 
6879 222 225 50 1671 
6880 1794 1670 1671 1326 
6881 215 222 1794 1670 
6882 215 1670 225 222 
6883 222 1794 1670 1671 
6884 222 1671 1670 225 
6885 142 357 358 1449 
6886 357 183 250 1338 
6887 358 250 64 1715 
6888 1449 1338 1715 1314 
6889 357 358 1449 1338 
6890 357 1338 250 358 
6891 358 1449 1338 1715 
6892 358 1715 1338 250 
6893 106 571 540 1788 
6894 571 121 573 1649 
6895 540 573 164 1619 
6896 1788 1649 1619 1310 
6897 571 540 1788 1649 
6898 571 1649 573 540 
6899 540 1788 1649 1619 
6900 540 1619 1649 573 
6901 177 238 235 1653 
6902 238 65 230 1652 
6903 235 230 12 1801 
6904 1653 1652 1801 1322 
6905 238 235 1653 1652 
6906 238 1652 230 235 
6907 235 1653 1652 1801 
6908 235 1801 1652 230 
6909 172 624 626 1526 
6910 624 171 551 1793 
6911 626 551 185 1385 
6912 1526 1793 1385 1318 
6913 1385 624 1793 1526 
6914 1385 624 1526 626 
6915 1385 624 626 551 
6916 1385 624 551 1793 
6917 64 1735 361 1715 
6918 1735 1311 1624 1767 
6919 361 1624 175 1767 
6920 378 190 377 1789 
6921 1735 361 1715 1767 
6922 1735 1767 1624 361 
6923 67 378 374 1740 
6924 521 1749 1765 567 
6925 9 1645 224 1647 
6926 224 148 223 1647 
6927 9 223 8 1794 
6928 1671 1647 1794 1326 
6929 9 1645 1647 1671 
6930 224 1647 223 9 
6931 9 1671 1647 1794 
6932 9 1794 1647 223 
6933 63 355 304 1792 
6934 355 140 354 1719 
6935 304 354 156 1688 
6936 1792 1719 1688 1308 
6937 1688 355 1719 1792 
6938 1688 355 1792 304 
6939 1688 355 304 354 
6940 1688 355 354 1719 
6941 57 309 321 1604 
6942 309 60 322 1700 
6943 321 322 61 1605 
6944 1604 1700 1605 1313 
6945 1605 309 1700 1604 
6946 1605 309 1604 321 
6947 1605 309 321 322 
6948 1605 309 322 1700 
6949 1324 1775 1555 1791 
6950 1775 1327 1667 1776 
6951 1555 1667 1305 1753 
6952 1791 1776 1753 1329 
6953 1753 1775 1776 1791 
6954 1753 1775 1791 1555 
6955 1753 1775 1555 1667 
6956 1753 1775 1667 1776 
6957 54 308 291 1725 
6958 308 57 307 1604 
6959 291 307 56 1639 
6960 1725 1604 1639 1313 
6961 1639 308 1604 1725 
6962 1639 308 1725 291 
6963 1639 308 291 307 
6964 1639 308 307 1604 
6965 175 361 362 1624 
6966 361 64 255 1735 
6967 1735 149 255 362 
6968 1624 1735 1779 1311 
6969 361 362 1624 1735 
6970 361 1735 255 362 
6971 362 1624 1735 1779 
6972 1735 149 362 1779 
6973 1451 1438 1305 1436 
6974 1437 425 168 426 
6975 1429 1493 1307 1536 
6976 1438 1435 1536 1291 
6977 1536 1437 1435 1438 
6978 1536 1437 1438 1429 
6979 1536 1437 1429 1493 
6980 1536 1437 1493 1435 
6981 67 226 378 1740 
6982 226 148 379 1703 
6983 1703 190 379 378 
6984 1740 1703 1789 1309 
6985 226 378 1740 1703 
6986 226 1703 379 378 
6987 378 1740 1703 1789 
6988 1703 190 378 1789 
6989 150 330 281 1491 
6990 330 130 329 1527 
6991 281 329 58 1795 
6992 1491 1527 1795 1312 
6993 329 1491 330 1527 
6994 329 1491 1527 1795 
6995 329 1491 1795 281 
6996 329 1491 281 330 
6997 63 302 350 1792 
6998 302 118 351 1384 
6999 350 351 138 1633 
7000 1792 1384 1633 1308 
7001 1633 302 1384 1792 
7002 1633 302 1792 350 
7003 1633 302 350 351 
7004 1633 302 351 1384 
7005 67 1738 217 1739 
7006 1738 1299 1716 1495 
7007 217 1716 6 1717 
7008 1739 1495 1717 1326 
7009 1716 1739 1738 1495 
7010 1716 1739 1495 1717 
7011 1716 1739 1717 217 
7012 1716 1739 217 1738 
7013 107 1704 575 1705 
7014 1704 1318 1796 1706 
7015 574 1796 1706 575 
7016 521 1747 1765 1749 
7017 1704 575 1705 1706 
7018 1704 1706 1796 575 
7019 568 1765 567 521 
7020 568 521 1747 1765 
7021 1294 1559 1635 1532 
7022 1559 1305 1667 1753 
7023 1635 1667 1327 1776 
7024 1532 1753 1776 1329 
7025 1776 1559 1753 1532 
7026 1776 1559 1532 1635 
7027 1776 1559 1635 1667 
7028 1776 1559 1667 1753 
7029 94 503 497 1672 
7030 503 95 502 1707 
7031 497 502 93 1687 
7032 1672 1707 1687 1316 
7033 502 1672 503 1707 
7034 502 1672 1707 1687 
7035 502 1672 1687 497 
7036 502 1672 497 503 
7037 1327 1785 1759 1787 
7038 1785 71 393 389 
7039 1759 393 73 394 
7040 1787 389 394 72 
7041 1785 1759 1787 389 
7042 1785 389 393 1759 
7043 1759 1787 389 394 
7044 1759 394 389 393 
7045 92 500 498 1696 
7046 500 96 499 1790 
7047 498 499 94 1673 
7048 1696 1790 1673 1325 
7049 499 1696 500 1790 
7050 499 1696 1790 1673 
7051 499 1696 1673 498 
7052 499 1696 498 500 
7053 124 481 646 1781 
7054 481 167 647 1512 
7055 646 647 194 1565 
7056 1781 1512 1565 1320 
7057 481 646 1781 1512 
7058 481 1512 647 646 
7059 646 1781 1512 1565 
7060 646 1565 1512 647 
7061 112 594 602 1640 
7062 594 135 373 1751 
7063 136 1751 602 373 
7064 1640 1751 1800 1309 
7065 594 602 1640 1751 
7066 594 1751 373 602 
7067 602 1640 1751 1800 
7068 136 1751 373 374 
7069 72 389 390 1787 
7070 389 71 385 1785 
7071 390 385 70 1786 
7072 1787 1785 1786 1327 
7073 389 390 1787 1785 
7074 389 1785 385 390 
7075 390 1787 1785 1786 
7076 390 1786 1785 385 
7077 363 1623 655 1570 
7078 655 129 659 1570 
7079 363 659 184 1802 
7080 1802 1380 1314 1767 
7081 363 1623 1570 1767 
7082 655 1570 659 363 
7083 363 1767 1570 1802 
7084 363 1802 1570 659 
7085 129 588 659 1570 
7086 588 164 637 1569 
7087 659 637 184 1802 
7088 1802 1380 1767 1570 
7089 637 1570 588 1569 
7090 637 1570 1569 1802 
7091 637 1570 1802 659 
7092 637 1570 659 588 
7093 1304 1508 1418 1409 
7094 1508 1307 1536 1582 
7095 1418 1536 1291 1511 
7096 1409 1582 1511 1328 
7097 1508 1418 1409 1582 
7098 1508 1582 1536 1418 
7099 1418 1409 1582 1511 
7100 1418 1511 1582 1536 
7101 1601 171 548 547 
7102 547 115 458 1693 
7103 548 458 102 1601 
7104 1793 1387 1693 1601 
7105 1601 547 1693 1793 
7106 1601 171 547 1793 
7107 1601 547 548 458 
7108 1601 547 458 1693 
7109 124 491 479 1781 
7110 491 165 490 1747 
7111 479 490 90 1557 
7112 1781 1747 1557 1320 
7113 1557 491 1747 1781 
7114 1557 491 1781 479 
7115 1557 491 479 490 
7116 1557 491 490 1747 
7117 146 657 658 1402 
7118 657 144 656 1481 
7119 658 656 128 1711 
7120 1402 1481 1711 1323 
7121 656 1402 657 1481 
7122 656 1402 1481 1711 
7123 656 1402 1711 658 
7124 656 1402 658 657 
7125 55 279 312 1677 
7126 279 58 313 1795 
7127 312 313 59 1714 
7128 1677 1795 1714 1312 
7129 1714 279 1795 1677 
7130 1714 279 1677 312 
7131 1714 279 312 313 
7132 1714 279 313 1795 
7133 72 390 391 1787 
7134 390 70 392 1786 
7135 391 392 160 1773 
7136 1787 1786 1773 1327 
7137 390 391 1787 1786 
7138 390 1786 392 391 
7139 391 1787 1786 1773 
7140 391 1773 1786 392 
7141 45 280 278 1490 
7142 280 58 279 1795 
7143 278 279 55 1677 
7144 1490 1795 1677 1312 
7145 279 1490 280 1795 
7146 279 1490 1795 1677 
7147 279 1490 1677 278 
7148 279 1490 278 280 
7149 150 281 261 1491 
7150 281 58 280 1795 
7151 261 280 45 1490 
7152 1491 1795 1490 1312 
7153 1490 281 1795 1491 
7154 1490 281 1491 261 
7155 1490 281 261 280 
7156 1490 281 280 1795 
7157 101 538 514 1539 
7158 538 106 537 1788 
7159 514 537 100 1620 
7160 1539 1788 1620 1310 
7161 537 1539 538 1788 
7162 537 1539 1788 1620 
7163 537 1539 1620 514 
7164 537 1539 514 538 
7165 169 596 597 1771 
7166 1771 111 596 574 
7167 574 1796 575 117 
7168 1799 1769 1706 1771 
7169 1771 111 574 1799 
7170 574 1771 1799 1706 
7171 574 1771 1706 597 
7172 574 1771 597 596 
7173 12 13 235 1801 
7174 13 14 236 1447 
7175 235 236 177 1653 
7176 1801 1447 1653 1322 
7177 13 235 1801 1447 
7178 13 1447 236 235 
7179 235 1801 1447 1653 
7180 235 1653 1447 236 
7181 67 226 1740 1739 
7182 226 148 1703 1647 
7183 1740 1703 1309 1608 
7184 1739 1647 1608 1326 
7185 1703 1739 1740 226 
7186 1703 1739 226 1647 
7187 1703 1739 1647 1608 
7188 1703 1739 1608 1740 
7189 72 401 399 1787 
7190 401 83 400 1656 
7191 399 400 74 1655 
7192 1787 1656 1655 1327 
7193 1655 401 1656 1787 
7194 1655 401 1787 399 
7195 1655 401 399 400 
7196 1655 401 400 1656 
7197 80 429 433 1782 
7198 429 79 434 1494 
7199 433 434 81 1643 
7200 1782 1494 1643 1307 
7201 1643 429 1494 1782 
7202 1643 429 1782 433 
7203 1643 429 433 434 
7204 1643 429 434 1494 
7205 87 474 446 1528 
7206 474 103 476 1475 
7207 446 476 192 1762 
7208 1528 1475 1762 1304 
7209 1762 474 1475 1528 
7210 1762 474 1528 446 
7211 1762 474 446 476 
7212 1762 474 476 1475 
7213 162 495 506 1331 
7214 495 93 504 1687 
7215 506 504 99 1712 
7216 1331 1687 1712 1316 
7217 495 506 1331 1687 
7218 495 1687 504 506 
7219 506 1331 1687 1712 
7220 506 1712 1687 504 
7221 100 537 539 1620 
7222 537 106 540 1788 
7223 539 540 164 1619 
7224 1620 1788 1619 1310 
7225 540 1620 537 1788 
7226 540 1620 1788 1619 
7227 540 1620 1619 539 
7228 540 1620 539 537 
7229 12 230 11 1801 
7230 230 65 229 1652 
7231 11 229 10 1645 
7232 1801 1652 1645 1322 
7233 230 11 1801 1652 
7234 230 1652 229 11 
7235 11 1801 1652 1645 
7236 11 1645 1652 229 
7237 59 332 315 1597 
7238 332 114 331 1757 
7239 1757 62 315 1803 
7240 1597 1757 1803 1321 
7241 332 315 1597 1757 
7242 332 1757 331 315 
7243 315 1597 1757 1803 
7244 1757 62 1803 345 
7245 1768 12 1801 13 
7246 234 47 233 1768 
7247 13 233 14 1447 
7248 1801 1768 1447 1322 
7249 1768 12 13 234 
7250 234 1768 233 13 
7251 13 1801 1768 1447 
7252 13 1447 1768 233 
7253 1290 1483 1417 1514 
7254 1483 1324 1555 1791 
7255 1417 1555 1305 1753 
7256 1514 1791 1753 1329 
7257 1555 1514 1483 1791 
7258 1555 1514 1791 1753 
7259 1555 1514 1753 1417 
7260 1555 1514 1417 1483 
7261 1757 62 345 331 
7262 331 114 346 1757 
7263 345 346 126 1583 
7264 1803 1757 1583 1321 
7265 1757 62 331 315 
7266 331 1757 346 345 
7267 345 1803 1757 1583 
7268 345 1583 1757 346 
7269 46 227 228 1581 
7270 227 12 11 1801 
7271 11 1701 228 1581 
7272 1581 1801 1645 1322 
7273 11 1581 227 1801 
7274 11 1581 1801 1645 
7275 11 1701 1581 1645 
7276 11 1581 228 227 
7277 164 573 637 1569 
7278 573 121 636 1650 
7279 637 636 184 1802 
7280 1569 1650 1802 1314 
7281 636 1569 573 1650 
7282 636 1569 1650 1802 
7283 636 1569 1802 637 
7284 636 1569 637 573 
7285 612 1736 131 642 
7286 642 132 641 1734 
7287 612 641 123 1797 
7288 1747 1765 1749 1320 
7289 521 567 105 1749 
7290 642 1734 641 612 
7291 568 189 567 1765 
7292 612 1797 1734 641 
7293 184 360 363 1802 
7294 360 64 361 1715 
7295 363 361 175 1767 
7296 1802 1715 1767 1314 
7297 360 363 1802 1715 
7298 360 1715 361 363 
7299 363 1802 1715 1767 
7300 363 1767 1715 361 
7301 53 300 303 1600 
7302 300 63 304 1792 
7303 303 304 156 1688 
7304 1600 1792 1688 1308 
7305 1688 300 1792 1600 
7306 1688 300 1600 303 
7307 1688 300 303 304 
7308 1688 300 304 1792 
7309 59 315 312 1597 
7310 315 62 314 1803 
7311 312 314 55 1677 
7312 1597 1803 1677 1321 
7313 314 1597 315 1803 
7314 314 1597 1803 1677 
7315 314 1597 1677 312 
7316 314 1597 312 315 
7317 193 1622 653 372 
7318 1391 1623 1657 1622 
7319 653 1657 127 654 
7320 372 1623 654 175 
7321 1622 653 372 1623 
7322 1622 1623 1657 653 
7323 653 372 1623 654 
7324 653 654 1623 1657 
7325 152 298 316 1724 
7326 298 55 314 1677 
7327 316 314 62 1803 
7328 1724 1677 1803 1321 
7329 314 1724 298 1677 
7330 314 1724 1677 1803 
7331 314 1724 1803 316 
7332 314 1724 316 298 
7333 1780 98 519 518 
7334 518 96 520 1790 
7335 519 520 105 1780 
7336 1761 1790 1780 1325 
7337 1780 518 1790 1761 
7338 1780 98 518 1761 
7339 1780 518 519 520 
7340 1780 518 520 1790 
7341 99 505 512 1712 
7342 505 95 513 1707 
7343 512 513 100 1729 
7344 1712 1707 1729 1316 
7345 1729 505 1707 1712 
7346 1729 505 1712 512 
7347 1729 505 512 513 
7348 1729 505 513 1707 
7349 126 346 607 1611 
7350 346 114 608 1685 
7351 607 608 179 1778 
7352 1778 1596 1315 1610 
7353 608 1611 346 1685 
7354 608 1611 1685 1778 
7355 608 1611 1778 607 
7356 608 1611 607 346 
7357 151 576 577 1713 
7358 576 117 575 1796 
7359 577 575 107 1704 
7360 1713 1796 1704 1318 
7361 1704 576 1796 1713 
7362 1704 576 1713 577 
7363 1704 576 577 575 
7364 1704 576 575 1796 
7365 46 237 227 1581 
7366 237 47 234 1768 
7367 1768 12 234 227 
7368 1581 1768 1801 1322 
7369 237 227 1581 1768 
7370 237 1768 234 227 
7371 227 1581 1768 1801 
7372 1768 12 227 1801 
7373 149 252 262 1779 
7374 252 20 259 1513 
7375 262 259 66 1470 
7376 1779 1513 1470 1311 
7377 259 1779 252 1513 
7378 259 1779 1513 1470 
7379 259 1779 1470 262 
7380 259 1779 262 252 
7381 189 648 660 1765 
7382 648 194 662 1565 
7383 660 662 132 1627 
7384 1765 1565 1627 1320 
7385 648 660 1765 1565 
7386 648 1565 662 660 
7387 660 1765 1565 1627 
7388 660 1627 1565 662 
7389 353 1540 456 1634 
7390 456 83 402 1656 
7391 1634 160 402 353 
7392 1634 1656 1773 1327 
7393 402 1634 456 1656 
7394 402 1634 1656 1773 
7395 352 1634 160 1719 
7396 402 1634 353 456 
7397 1302 1721 1728 1396 
7398 1721 1327 1775 1776 
7399 1728 1775 1324 1791 
7400 1396 1776 1791 1329 
7401 1721 1728 1396 1776 
7402 1721 1776 1775 1728 
7403 1728 1396 1776 1791 
7404 1728 1791 1776 1775 
7405 1722 70 392 382 
7406 382 140 356 1722 
7407 392 356 160 1773 
7408 1786 1722 1773 1327 
7409 1722 70 382 1777 
7410 382 1722 356 392 
7411 392 1786 1722 1773 
7412 392 1773 1722 356 
7413 137 603 581 1423 
7414 603 136 638 1800 
7415 581 638 122 1594 
7416 1423 1800 1594 1309 
7417 638 1423 603 1800 
7418 638 1423 1800 1594 
7419 638 1423 1594 581 
7420 638 1423 581 603 
7421 111 595 562 1799 
7422 595 135 594 1770 
7423 562 594 112 1742 
7424 1799 1770 1742 1319 
7425 595 562 1799 1770 
7426 595 1770 594 562 
7427 562 1799 1770 1742 
7428 562 1742 1770 594 
7429 1318 1706 1694 1541 
7430 1706 1319 1576 1516 
7431 1694 1576 1301 1549 
7432 1541 1516 1549 1330 
7433 1706 1694 1541 1516 
7434 1706 1516 1576 1694 
7435 1694 1541 1516 1549 
7436 1694 1549 1516 1576 
7437 179 448 449 1778 
7438 448 158 388 1760 
7439 449 388 82 1730 
7440 1778 1760 1730 1315 
7441 1730 448 1760 1778 
3 2 4 4961
7442 720 1851 1853 1854 
7443 1851 1821 1852 1855 
7444 959 2151 2269 958 
7445 1854 1855 1853 1807 
7446 1851 1853 1854 1855 
7447 1851 1855 1852 1853 
7448 959 2151 958 954 
7449 959 2151 954 2248 
7450 1848 1856 1858 1859 
7451 1993 1857 1856 1860 
7452 1858 1857 1810 1860 
7453 959 2151 2248 2269 
7454 1856 1858 1859 1860 
7455 1856 1860 1857 1858 
7456 2248 2269 2151 1837 
7457 954 958 682 2151 
7458 1840 1861 1863 1864 
7459 1861 1804 1862 1866 
7460 1863 1862 1817 1865 
7461 1864 1866 1865 1822 
7462 1865 1861 1866 1864 
7463 1865 1861 1864 1863 
7464 1865 1861 1863 1862 
7465 1865 1861 1862 1866 
7466 1806 1867 1869 1870 
7467 1867 1816 1868 1871 
7468 1869 1868 1804 1862 
7469 2174 1862 1871 1870 
7470 1867 1869 1870 1871 
7471 1867 1871 1868 1869 
7472 1869 1870 1871 1862 
7473 1869 1862 1871 1868 
7474 1848 1872 1874 1858 
7475 1872 1816 1873 1875 
7476 959 684 958 2269 
7477 1919 1858 1874 1875 
7478 1872 1874 1858 1875 
7479 1872 1875 1873 1874 
7480 683 959 954 2248 
7481 2203 916 2283 2343 
7482 720 1851 1854 1152 
7483 1851 1821 1855 1877 
7484 1854 1855 1807 1876 
7485 1851 803 1877 1876 
7486 1851 803 1876 1152 
7487 1876 1851 1152 1854 
7488 1876 1851 1854 1855 
7489 1876 1851 1855 1877 
7490 765 944 888 1878 
7491 944 798 943 1880 
7492 888 943 678 1879 
7493 1878 1880 1879 1841 
7494 1879 944 1880 1878 
7495 1879 944 1878 888 
7496 1879 944 888 943 
7497 1879 944 943 1880 
7498 2203 916 2343 917 
7499 1868 1816 1875 1871 
7500 1858 1881 1868 1875 
7501 1862 1871 1881 1817 
7502 2203 916 917 911 
7503 2203 916 911 2283 
7504 1868 1862 1871 1881 
7505 1868 1881 1871 1875 
7506 1840 1861 1864 1882 
7507 1861 1804 1866 1884 
7508 1864 1866 1822 1883 
7509 1882 1884 1883 1812 
7510 1883 1861 1884 1882 
7511 1883 1861 1882 1864 
7512 1883 1861 1864 1866 
7513 1883 1861 1866 1884 
7514 3 1885 826 822 
7515 1885 1823 1886 1887 
7516 1147 1890 1886 825 
7517 822 1887 825 768 
7518 825 1885 1887 822 
7519 825 1885 822 826 
7520 1890 825 762 826 
7521 825 1885 1886 1887 
7522 3 826 1885 1888 
7523 1890 825 826 1885 
7524 1885 1886 1823 1889 
7525 1888 1890 1889 1815 
7526 826 1885 1888 1890 
7527 1890 825 1885 1886 
7528 1885 1888 1890 1889 
7529 1885 1889 1890 1886 
7530 2203 2343 2283 1847 
7531 1860 1813 1857 1893 
7532 1860 1857 1810 1892 
7533 1891 1893 1892 1826 
7534 911 916 673 2283 
7535 917 685 916 2343 
7536 1860 1891 1893 1892 
7537 1860 1892 1893 1857 
7538 724 1055 1058 1894 
7539 1055 701 1056 1896 
7540 1058 1056 812 1895 
7541 1894 1896 1895 1842 
7542 1055 1058 1894 1896 
7543 1055 1896 1056 1058 
7544 1058 1894 1896 1895 
7545 1058 1895 1896 1056 
7546 677 917 911 2203 
7547 1919 1898 1897 1901 
7548 1899 1898 1837 1900 
7549 1897 1901 1900 1819 
7550 1174 2149 1895 1175 
7551 1897 1898 1900 1901 
7552 1897 1900 1898 1899 
7553 2211 2255 2328 1019 
7554 712 1902 1903 1904 
7555 1902 1807 1853 1906 
7556 1903 1853 1845 1905 
7557 1904 1906 1905 1820 
7558 1902 1903 1904 1906 
7559 1902 1906 1853 1903 
7560 1903 1904 1906 1905 
7561 1903 1905 1906 1853 
7562 727 1186 1182 1907 
7563 1186 754 1029 1909 
7564 1182 1029 742 1908 
7565 1186 1843 1909 1908 
7566 1186 1843 1908 1907 
7567 1908 1186 1907 1182 
7568 1908 1186 1182 1029 
7569 1908 1186 1029 1909 
7570 712 1902 1904 1095 
7571 1902 1807 1906 1910 
7572 1174 1894 1895 2149 
7573 1090 1910 1095 1904 
7574 1902 1904 1095 1910 
7575 1902 1910 1906 1904 
7576 1058 1895 1175 1174 
7577 1058 1174 1894 1895 
7578 1805 1911 1913 1914 
7579 1911 1820 1912 1905 
7580 1913 1912 717 1915 
7581 1914 1905 1915 1845 
7582 1915 1911 1914 1913 
7583 1915 1911 1913 1912 
7584 1915 1911 1912 1905 
7585 1915 1911 1905 1914 
7586 1858 1881 1875 1810 
7587 1857 1813 1916 1917 
7588 1868 1916 1804 1862 
7589 1881 1917 1862 1817 
7590 1857 1868 1881 1917 
7591 1857 1917 1916 1868 
7592 1868 1881 1917 1862 
7593 1868 1862 1917 1916 
7594 1894 1895 2149 1842 
7595 1898 1919 1858 1901 
7596 1897 1901 1819 1918 
7597 1897 1919 1918 1828 
7598 1174 1175 816 2149 
7599 1058 812 1175 1895 
7600 724 1058 1174 1894 
7601 1897 1918 1919 1901 
7602 1804 1920 1884 1922 
7603 2135 1921 1920 1924 
7604 1884 1921 1812 1923 
7605 1953 1922 1923 1924 
7606 1921 1922 1920 1924 
7607 1921 1922 1924 1923 
7608 1921 1922 1923 1884 
7609 1921 1922 1884 1920 
7610 716 1129 1926 1927 
7611 1129 725 1925 1929 
7612 1950 1928 1925 1967 
7613 1927 1929 1928 1822 
7614 1925 1927 1129 1929 
7615 1925 1927 1929 1928 
7616 1925 1927 1928 1926 
7617 1925 1927 1926 1129 
7618 716 1927 1926 1930 
7619 1927 1822 1928 1932 
7620 1926 1928 1806 1931 
7621 1955 1932 1930 1931 
7622 1928 1930 1927 1932 
7623 1928 1930 1932 1931 
7624 1928 1930 1931 1926 
7625 1928 1930 1926 1927 
7626 690 1933 1935 1936 
7627 1933 1819 1934 1918 
7628 1935 1934 1809 1937 
7629 1936 1918 1937 1828 
7630 1933 1935 1936 1918 
7631 1933 1918 1934 1935 
7632 1935 1936 1918 1937 
7633 1935 1937 1918 1934 
7634 803 1876 1283 1877 
7635 1876 1807 1938 1855 
7636 1283 1938 780 1939 
7637 1877 1855 1939 1821 
7638 1938 1877 1876 1855 
7639 1938 1877 1855 1939 
7640 1938 1877 1939 1283 
7641 1938 1877 1283 1876 
7642 1090 1910 1904 1940 
7643 1910 1807 1906 1942 
7644 1904 1906 1820 1941 
7645 1940 1942 1941 1824 
7646 1906 1940 1910 1942 
7647 1906 1940 1942 1941 
7648 1906 1940 1941 1904 
7649 1906 1940 1904 1910 
7650 1848 1872 1858 1943 
7651 1872 1816 1875 1868 
7652 1858 1881 1810 1857 
7653 2341 827 2228 1890 
7654 1872 1858 1943 1868 
7655 1872 1868 1875 1858 
7656 762 2341 1890 827 
7657 2341 827 1150 1263 
7658 2341 827 1263 2228 
7659 1919 1898 1810 1944 
7660 1897 1919 1828 1944 
7661 1263 2228 827 781 
7662 762 2341 827 1150 
7663 1958 1890 2341 2228 
7664 812 2341 1150 1263 
7665 842 2247 2245 937 
7666 761 1147 1886 1227 
7667 1147 1890 825 762 
7668 842 2247 937 935 
7669 1227 825 1887 768 
7670 1147 1886 1227 825 
7671 842 2247 935 2335 
7672 1886 1227 825 1887 
7673 842 2247 2335 2245 
7674 1805 1913 1911 1945 
7675 1117 1913 1946 1912 
7676 1963 1911 1912 1946 
7677 2335 2245 2247 1834 
7678 1913 1911 1945 1946 
7679 1913 1946 1912 1911 
7680 935 937 764 2247 
7681 842 763 937 2245 
7682 1806 1869 1867 1947 
7683 1869 1804 1868 1949 
7684 1867 1868 1816 1948 
7685 1947 1949 1948 1850 
7686 1868 1947 1869 1949 
7687 1868 1947 1949 1948 
7688 1868 1947 1948 1867 
7689 1868 1947 1867 1869 
7690 726 1131 1132 1950 
7691 1131 716 1129 1926 
7692 1132 1129 725 1925 
7693 1950 1928 1967 1806 
7694 1131 1132 1950 1926 
7695 1131 1926 1129 1132 
7696 1132 1950 1926 1925 
7697 1132 1925 1926 1129 
7698 1805 1951 1921 1924 
7699 1951 1814 1952 1953 
7700 1921 1952 1812 1923 
7701 1953 1922 1924 1836 
7702 1952 1924 1951 1953 
7703 1952 1924 1953 1923 
7704 1952 1924 1923 1921 
7705 1952 1924 1921 1951 
7706 716 1926 1954 1930 
7707 676 842 935 2335 
7708 1954 1931 1824 1955 
7709 1955 1932 1931 2317 
7710 1926 1954 1930 1931 
7711 1248 2139 2166 980 
7712 1954 1930 1931 1955 
7713 1248 2138 2166 2139 
7714 1815 1956 1957 1958 
7715 1956 1807 1938 1959 
7716 1247 2166 980 1248 
7717 1958 1959 1957 1842 
7718 1956 1957 1958 1959 
7719 1956 1959 1938 1957 
7720 1247 1248 2138 2166 
7721 2138 2166 2139 1833 
7722 720 1851 1152 1113 
7723 1851 1821 1877 1960 
7724 1851 803 1152 1151 
7725 1851 784 1960 1151 
7726 1851 784 1151 1113 
7727 1151 1851 1113 1152 
7728 1851 803 1151 1877 
7729 1151 1851 1877 1960 
7730 1141 1963 1961 1144 
7731 1248 980 744 2139 
7732 1144 1962 747 1964 
7733 1963 1961 1964 1820 
7734 1247 745 980 2166 
7735 748 1247 1248 2138 
7736 1144 1963 1961 1964 
7737 1144 1964 1961 1962 
7738 1268 2321 2130 1267 
7739 1963 1911 1946 1961 
7740 1141 1963 1144 718 
7741 1965 1946 1966 1827 
7742 1268 2321 1267 1269 
7743 1268 2321 1269 2071 
7744 1961 1965 1946 1966 
7745 1961 1966 1946 1963 
7746 1950 1928 1806 1926 
7747 1928 1822 1929 1968 
7748 1268 2321 2071 2130 
7749 1967 1968 1925 1843 
7750 1928 1925 1967 1968 
7751 1928 1968 1929 1925 
7752 2071 2130 2321 1832 
7753 1269 1267 766 2321 
7754 687 1897 970 1899 
7755 1919 1898 1944 1897 
7756 970 1944 688 1969 
7757 2269 1898 1899 1969 
7758 1969 1897 1898 1899 
7759 1969 1897 1899 970 
7760 1969 1897 970 1944 
7761 1969 1897 1944 1898 
7762 1806 1928 1870 1869 
7763 1928 1822 1865 1866 
7764 2174 1862 1870 1865 
7765 1869 1866 1862 1804 
7766 1928 1870 1869 1866 
7767 1928 1866 1865 1870 
7768 1870 1869 1866 1862 
7769 1870 1862 1866 1865 
7770 1838 1970 1971 1972 
7771 1268 776 1267 2130 
7772 1971 1886 761 1147 
7773 1147 1890 762 1972 
7774 1970 1971 1972 1886 
7775 795 1268 1269 2071 
7776 1971 1972 1886 1147 
7777 782 2186 2184 1170 
7778 1170 1976 2186 2184 
7779 1132 726 1950 1973 
7780 1950 1928 1926 1925 
7781 1925 1973 1967 1843 
7782 1217 2186 1219 1170 
7783 1132 1973 1950 1925 
7784 1217 1170 1976 2186 
7785 1925 1967 1973 1950 
7786 786 1098 1083 1974 
7787 1098 720 1097 1854 
7788 1083 1097 709 1910 
7789 1974 1854 1910 1807 
7790 1910 1098 1854 1974 
7791 1910 1098 1974 1083 
7792 1910 1098 1083 1097 
7793 1910 1098 1097 1854 
7794 1071 1974 1083 1942 
7795 1974 1807 1910 1942 
7796 1082 1910 709 1940 
7797 1976 2186 2184 1822 
7798 782 2186 1170 1219 
7799 1974 1942 1910 1083 
7800 1217 741 1219 2186 
7801 1082 1910 1940 1942 
7802 806 1118 1143 1975 
7803 1118 718 1144 1963 
7804 1143 1144 747 1964 
7805 1975 1963 1964 1820 
7806 1964 1118 1963 1975 
7807 1964 1118 1975 1143 
7808 1964 1118 1143 1144 
7809 1964 1118 1144 1963 
7810 1946 718 1963 1966 
7811 1963 1911 1961 1820 
7812 1117 1913 1912 717 
7813 733 1217 1170 1976 
7814 1946 718 1966 1134 
7815 1963 1946 1912 1117 
7816 935 2335 2210 933 
7817 935 2247 2210 2335 
7818 733 1976 1977 1978 
7819 1976 1822 1883 1864 
7820 1977 1883 1812 1882 
7821 1978 1864 1882 1840 
7822 1883 1978 1977 1976 
7823 1883 1978 1976 1864 
7824 1883 1978 1864 1882 
7825 1883 1978 1882 1977 
7826 803 1155 1283 1876 
7827 1155 787 1288 1979 
7828 1283 1288 780 1938 
7829 1876 1979 1938 1807 
7830 1938 1155 1979 1876 
7831 1938 1155 1876 1283 
7832 1938 1155 1283 1288 
7833 1938 1155 1288 1979 
7834 4 831 24 1980 
7835 831 763 830 1982 
7836 24 830 25 1981 
7837 1980 1982 1981 1840 
7838 1981 831 1982 1980 
7839 1981 831 1980 24 
7840 1981 831 24 830 
7841 1981 831 830 1982 
7842 785 1983 1984 1985 
7843 1983 1805 1951 1945 
7844 1984 1951 1814 1986 
7845 1985 1945 1986 1827 
7846 1951 1985 1984 1983 
7847 1951 1985 1983 1945 
7848 1951 1985 1945 1986 
7849 1951 1985 1986 1984 
7850 934 2210 933 935 
7851 868 767 1987 1990 
7852 1988 1987 1811 1989 
7853 2285 1989 1990 1988 
7854 934 935 2247 2210 
7855 868 1990 1987 1988 
7856 2247 2210 2335 1834 
7857 1988 1989 1990 1987 
7858 1848 1856 1859 1991 
7859 1993 1857 1860 1813 
7860 1859 1860 1808 1992 
7861 1991 1993 1992 1836 
7862 1856 1859 1991 1993 
7863 1856 1993 1860 1859 
7864 1859 1991 1993 1992 
7865 1859 1992 1993 1860 
7866 733 1977 1976 1994 
7867 1977 1812 1883 1995 
7868 1976 1883 1822 1932 
7869 1994 1995 1932 1830 
7870 1883 1994 1977 1995 
7871 1883 1994 1995 1932 
7872 1883 1994 1932 1976 
7873 1883 1994 1976 1977 
7874 739 1996 1201 1997 
7875 1996 1812 1977 1995 
7876 1201 1977 733 1994 
7877 2284 1995 1997 1994 
7878 1977 1997 1996 1995 
7879 1977 1997 1995 1994 
7880 1977 1997 1994 1201 
7881 1977 1997 1201 1996 
7882 785 1983 1163 1999 
7883 1983 1805 1998 2001 
7884 1163 1998 793 2000 
7885 1999 2001 2000 1825 
7886 1998 1999 1983 2001 
7887 1998 1999 2001 2000 
7888 1998 1999 2000 1163 
7889 1998 1999 1163 1983 
7890 1848 1872 1943 2002 
7891 1872 1816 1868 1948 
7892 1943 1868 1804 1949 
7893 2002 1948 1949 1850 
7894 1872 1943 2002 1948 
7895 1872 1948 1868 1943 
7896 1943 2002 1948 1949 
7897 1943 1949 1948 1868 
7898 1838 1970 1972 2003 
7899 1970 1823 1886 1889 
7900 1147 1890 1972 1886 
7901 2003 1889 1890 1815 
7902 1886 2003 1972 1970 
7903 1886 2003 1970 1889 
7904 1886 2003 1889 1890 
7905 1886 2003 1890 1972 
7906 935 933 676 2335 
7907 1988 35 2004 2007 
7908 1988 2004 1839 2006 
7909 2005 2007 2006 1833 
7910 934 749 933 2210 
7911 764 934 935 2247 
7912 1988 2005 2007 2006 
7913 1988 2006 2007 2004 
7914 690 1935 993 1936 
7915 1935 1809 2008 1937 
7916 993 2008 691 2009 
7917 1936 1937 2009 1828 
7918 2009 1935 1937 1936 
7919 2009 1935 1936 993 
7920 2009 1935 993 2008 
7921 2009 1935 2008 1937 
7922 1077 2010 1076 2011 
7923 1088 716 1926 1954 
7924 2010 1926 1806 1931 
7925 2011 1954 1931 1824 
7926 1077 2010 2011 1954 
7927 1088 1954 1926 2010 
7928 2010 2011 1954 1931 
7929 2010 1931 1954 1926 
7930 720 1851 1113 1853 
7931 1851 1821 1960 1852 
7932 1851 784 1113 2012 
7933 1853 1852 2012 1845 
7934 2012 1851 1852 1853 
7935 2012 1851 1853 1113 
7936 1851 784 2012 1960 
7937 2012 1851 1960 1852 
7938 747 1964 1962 2013 
7939 1964 1820 1961 2014 
7940 2014 1812 1962 1995 
7941 2013 2014 1995 1830 
7942 1964 1962 2013 2014 
7943 1964 2014 1961 1962 
7944 1962 2013 2014 1995 
7945 2014 1812 1995 1884 
7946 810 1145 1141 2015 
7947 1145 747 1144 1962 
7948 1141 1963 718 1966 
7949 2015 1962 1961 1812 
7950 1144 2015 1145 1962 
7951 1144 2015 1962 1961 
7952 1144 2015 1961 1141 
7953 1144 2015 1141 1145 
7954 1809 2016 2017 1970 
7955 2016 761 1149 1971 
7956 1189 2333 2295 1190 
7957 1970 1971 2017 1838 
7958 2016 2017 1970 1971 
7959 2016 1971 1149 2017 
7960 1189 2315 2295 2333 
7961 1191 2295 1190 1189 
7962 785 1984 1983 1999 
7963 1984 1814 1951 2018 
7964 1983 1951 1805 2001 
7965 1999 2018 2001 1825 
7966 1951 1999 1984 2018 
7967 1951 1999 2018 2001 
7968 1951 1999 2001 1983 
7969 1951 1999 1983 1984 
7970 1999 924 2018 2019 
7971 1191 1189 2315 2295 
7972 1252 1984 785 1999 
7973 2019 2018 1999 1825 
7974 2315 2295 2333 1835 
7975 1189 1190 769 2333 
7976 1999 924 2019 1252 
7977 1999 924 1252 1984 
7978 793 1163 1164 1998 
7979 1163 785 1157 1983 
7980 1164 1157 722 2020 
7981 1998 1983 2020 1805 
7982 1163 1164 1998 1983 
7983 1163 1983 1157 1164 
7984 1164 1998 1983 2020 
7985 1164 2020 1983 1157 
7986 1848 1856 1991 1943 
7987 1993 1857 1813 1916 
7988 1991 1993 1836 1922 
7989 1943 1916 1922 1804 
7990 1922 1856 1943 1991 
7991 1922 1856 1991 1993 
7992 1922 1856 1993 1916 
7993 1922 1856 1916 1943 
7994 740 1215 1216 2021 
7995 1215 733 1201 1977 
7996 1216 1201 739 1996 
7997 2021 1977 1996 1812 
7998 1201 2021 1215 1977 
7999 1201 2021 1977 1996 
8000 1201 2021 1996 1216 
8001 1201 2021 1216 1215 
8002 2015 1142 1210 2022 
8003 2015 1812 1961 1965 
8004 1141 1963 1966 1961 
8005 2212 1965 2022 1966 
8006 1966 2015 1965 2022 
8007 1142 2015 810 1141 
8008 1966 2015 1141 1961 
8009 1966 2015 1961 1965 
8010 799 1165 1161 2023 
8011 1165 793 1164 1998 
8012 1161 1164 722 2020 
8013 2023 1998 2020 1805 
8014 1165 1161 2023 1998 
8015 1165 1998 1164 1161 
8016 1161 2023 1998 2020 
8017 1161 2020 1998 1164 
8018 740 1215 2021 2024 
8019 1215 733 1977 1978 
8020 2021 1977 1812 1882 
8021 2024 1978 1882 1840 
8022 1215 2021 2024 1978 
8023 1215 1978 1977 2021 
8024 2021 2024 1978 1882 
8025 2021 1882 1978 1977 
8026 721 2025 1156 2026 
8027 2025 1805 1983 1945 
8028 1156 1983 785 1985 
8029 2026 1945 1985 1827 
8030 1985 2025 1945 2026 
8031 1985 2025 2026 1156 
8032 1985 2025 1156 1983 
8033 1985 2025 1983 1945 
8034 1812 1952 1921 1965 
8035 1952 1814 1951 1986 
8036 1921 1951 1805 1945 
8037 1921 1827 1965 1986 
8038 1952 1921 1965 1986 
8039 1952 1986 1951 1921 
8040 1921 1827 1986 1945 
8041 1921 1945 1986 1951 
8042 1807 1942 2028 2029 
8043 2118 2031 2027 1942 
8044 2028 2027 704 2030 
8045 2029 2031 2030 1831 
8046 2027 2029 1942 2031 
8047 2027 2029 2031 2030 
8048 2027 2029 2030 2028 
8049 2027 2029 2028 1942 
8050 780 1938 1288 1957 
8051 1938 1807 1979 1959 
8052 1288 1979 787 2032 
8053 1957 1959 2032 1842 
8054 2032 1938 1959 1957 
8055 2032 1938 1957 1288 
8056 2032 1938 1288 1979 
8057 2032 1938 1979 1959 
8058 787 1155 1153 1979 
8059 1155 803 1152 1876 
8060 1153 1152 720 1854 
8061 1979 1876 1854 1807 
8062 1155 1153 1979 1876 
8063 1155 1876 1152 1153 
8064 1153 1979 1876 1854 
8065 1153 1854 1876 1152 
8066 668 889 865 2033 
8067 2033 802 893 2035 
8068 2033 790 2034 893 
8069 2162 2035 2033 2034 
8070 2033 802 2035 2085 
8071 893 2033 2035 2034 
8072 2033 790 893 865 
8073 893 2033 865 889 
8074 738 2036 2038 1078 
8075 2036 1806 2037 2010 
8076 2202 2037 2010 2038 
8077 1191 743 1190 2295 
8078 2036 2038 1078 2010 
8079 2036 2010 2037 2038 
8080 728 1191 1189 2315 
8081 855 2274 2323 32 
8082 1806 1867 2040 1947 
8083 1867 1816 2039 1948 
8084 2257 2041 2040 2039 
8085 1947 1948 2041 1850 
8086 2039 1947 2040 1867 
8087 2039 1947 1867 1948 
8088 2039 1947 1948 2041 
8089 2039 1947 2041 2040 
8090 729 1196 1198 2042 
8091 1196 735 1199 2044 
8092 1198 1199 746 2043 
8093 2042 2044 2043 1809 
8094 1196 1198 2042 2044 
8095 1196 2044 1199 1198 
8096 1198 2042 2044 2043 
8097 1198 2043 2044 1199 
8098 734 2045 1000 2046 
8099 2045 1809 1935 1934 
8100 1000 1935 690 1933 
8101 2046 1934 1933 1819 
8102 1933 2045 1934 2046 
8103 1933 2045 2046 1000 
8104 1933 2045 1000 1935 
8105 1933 2045 1935 1934 
8106 2328 2255 2211 2243 
8107 930 809 929 2047 
8108 877 929 675 2047 
8109 855 2274 32 856 
8110 855 2274 856 2252 
8111 930 2047 929 877 
8112 855 2274 2252 2323 
8113 2252 2323 2274 1839 
8114 786 1072 1073 1974 
8115 1072 704 1061 2028 
8116 1073 1061 801 2028 
8117 856 32 31 2274 
8118 1072 1073 1974 2028 
8119 1072 2028 1061 1073 
8120 855 33 32 2323 
8121 674 855 856 2252 
8122 1815 1957 1956 2048 
8123 1957 780 1938 1939 
8124 1956 1938 1807 1855 
8125 2048 1939 1855 1821 
8126 1938 2048 1956 1957 
8127 1938 2048 1957 1939 
8128 1938 2048 1939 1855 
8129 1938 2048 1855 1956 
8130 1055 2201 1894 1054 
8131 1988 1839 2004 2049 
8132 1055 2201 1054 1050 
8133 2285 1989 1988 2049 
8134 1055 2201 1050 1896 
8135 1055 2201 1896 1894 
8136 1896 1894 2201 1842 
8137 1050 1054 702 2201 
8138 1807 2028 1942 1974 
8139 2028 704 2027 1072 
8140 1055 724 1054 1894 
8141 2027 1974 1071 1942 
8142 2027 1974 1942 2028 
8143 2027 1974 2028 1072 
8144 701 1055 1050 1896 
8145 1140 2159 2026 1159 
8146 39 2050 2052 2053 
8147 1140 2159 1159 1158 
8148 2052 2051 1811 2054 
8149 2179 2054 2050 2053 
8150 1140 2159 1158 2212 
8151 1140 2159 2212 2026 
8152 2052 2053 2050 2054 
8153 2052 2054 2050 2051 
8154 2056 774 2055 1162 
8155 1271 776 1273 2056 
8156 1162 1273 799 2023 
8157 2131 2055 2023 2056 
8158 2056 774 1162 1271 
8159 1271 2056 1273 1162 
8160 1162 2055 2056 2023 
8161 1162 2023 2056 1273 
8162 716 1104 1927 1930 
8163 1104 723 2057 2058 
8164 1927 2057 1822 1932 
8165 1930 2058 1932 1830 
8166 1104 1927 1930 2058 
8167 1104 2058 2057 1927 
8168 1927 1930 2058 1932 
8169 1927 1932 2058 2057 
8170 801 2059 2061 2028 
8171 2059 1831 2060 2029 
8172 2061 2060 1842 1959 
8173 2028 2029 1959 1807 
8174 2059 2061 2028 2029 
8175 2059 2029 2060 2061 
8176 2061 2028 2029 1959 
8177 2061 1959 2029 2060 
8178 712 1902 1095 1096 
8179 1902 1807 1910 1854 
8180 1095 1910 709 1097 
8181 1902 720 1854 1097 
8182 1902 720 1097 1096 
8183 1097 1902 1096 1095 
8184 1097 1902 1095 1910 
8185 1097 1902 1910 1854 
8186 793 1998 1256 2000 
8187 2071 2064 1832 2062 
8188 1256 2062 759 2063 
8189 2000 2064 2063 1825 
8190 1998 1256 2000 2064 
8191 2071 2064 2062 1256 
8192 1256 2000 2064 2063 
8193 1256 2063 2064 2062 
8194 924 2019 1252 757 
8195 924 751 1214 2065 
8196 1252 1214 785 1984 
8197 2018 2065 1984 1814 
8198 1984 924 2065 2018 
8199 1999 924 1984 2018 
8200 1984 924 1252 1214 
8201 1984 924 1214 2065 
8202 801 2059 2028 1061 
8203 2059 1831 2029 2030 
8204 2212 2026 2159 1827 
8205 2059 704 2030 2028 
8206 2059 704 2028 1061 
8207 2059 2030 2029 2028 
8208 1158 1159 732 2159 
8209 1140 721 1159 2026 
8210 738 2036 1078 1238 
8211 2036 1806 2010 2066 
8212 1078 2010 788 1185 
8213 1238 2066 1185 807 
8214 1185 2036 2066 1238 
8215 1185 2036 1238 1078 
8216 1185 2036 1078 2010 
8217 1185 2036 2010 2066 
8218 738 2036 1238 2067 
8219 2036 1806 2066 2069 
8220 1238 2066 807 2068 
8221 2339 2069 2067 2068 
8222 2068 2036 2069 2067 
8223 2068 2036 2067 1238 
8224 2068 2036 1238 2066 
8225 2068 2036 2066 2069 
8226 731 1140 1158 2212 
8227 1925 725 1179 1929 
8228 1968 1179 752 2070 
8229 1968 1929 2070 1822 
8230 741 1978 1218 2277 
8231 1925 1929 1179 1968 
8232 1218 1978 1217 1215 
8233 1968 2070 1929 1179 
8234 799 1278 1165 2023 
8235 1278 795 1261 2071 
8236 1165 1261 793 1998 
8237 2023 2071 1998 1832 
8238 1261 2023 1278 2071 
8239 1261 2023 2071 1998 
8240 1261 2023 1998 1165 
8241 1261 2023 1165 1278 
8242 799 1161 1162 2023 
8243 1161 722 1138 2020 
8244 1162 1138 774 2055 
8245 2023 2020 2055 1805 
8246 2055 1161 2020 2023 
8247 2055 1161 2023 1162 
8248 2055 1161 1162 1138 
8249 2055 1161 1138 2020 
8250 718 1116 1117 1963 
8251 1116 713 1114 2072 
8252 1117 1114 717 1912 
8253 1963 2072 1912 1820 
8254 1912 1116 2072 1963 
8255 1912 1116 1963 1117 
8256 1912 1116 1117 1114 
8257 1912 1116 1114 2072 
8258 729 998 999 2042 
8259 998 690 1000 1935 
8260 999 1000 734 2045 
8261 2042 1935 2045 1809 
8262 998 999 2042 1935 
8263 998 1935 1000 999 
8264 999 2042 1935 2045 
8265 999 2045 1935 1000 
8266 1820 1964 2073 2014 
8267 1964 747 1205 2013 
8268 2073 1205 783 2074 
8269 2014 2013 2074 1830 
8270 1964 2073 2014 2013 
8271 1964 2013 1205 2073 
8272 2073 2014 2013 2074 
8273 2073 2074 2013 1205 
8274 805 2017 2076 1038 
8275 2017 1809 2075 2078 
8276 2076 2075 1844 2077 
8277 1038 2078 2077 773 
8278 2017 2076 1038 2078 
8279 2017 2078 2075 2076 
8280 2076 1038 2078 2077 
8281 2076 2077 2078 2075 
8282 39 876 2052 2050 
8283 1218 1978 1215 2024 
8284 2175 2051 2052 2079 
8285 2050 2079 2051 1823 
8286 876 2052 2050 2079 
8287 1218 1978 2024 2277 
8288 2052 2050 2079 2051 
8289 2024 2277 1978 1840 
8290 2080 1230 2082 2081 
8291 1215 1217 733 1978 
8292 2081 2080 1810 2083 
8293 2082 2083 2153 2080 
8294 2080 1230 2081 989 
8295 741 1978 2277 2186 
8296 2081 2082 2080 2083 
8297 740 1218 1215 2024 
8298 1808 2084 2035 2086 
8299 2084 1833 2085 2088 
8300 2035 2085 802 2087 
8301 2086 2088 2087 1837 
8302 2087 2084 2088 2086 
8303 2087 2084 2086 2035 
8304 2087 2084 2035 2085 
8305 2087 2084 2085 2088 
8306 2103 2062 1832 2064 
8307 2328 2255 2316 1019 
8308 2062 1258 759 2063 
8309 2064 1990 2063 1825 
8310 2103 2062 2064 1990 
8311 930 2062 2047 1990 
8312 2062 2064 1990 2063 
8313 2062 2063 1990 1258 
8314 788 1088 1133 2010 
8315 1088 716 1131 1926 
8316 1133 1131 726 1950 
8317 2010 1926 1950 1806 
8318 1088 1133 2010 1926 
8319 1088 1926 1131 1133 
8320 1133 2010 1926 1950 
8321 1133 1950 1926 1131 
8322 1077 2010 1954 1088 
8323 1077 707 1086 2089 
8324 1088 1086 716 1954 
8325 2011 2089 1954 1824 
8326 1954 1077 2089 2011 
8327 1077 2010 1088 788 
8328 1954 1077 1088 1086 
8329 1954 1077 1086 2089 
8330 738 2036 2067 2038 
8331 2036 1806 2069 2037 
8332 2067 2069 1849 2090 
8333 2038 2037 2090 1831 
8334 2090 2036 2038 2067 
8335 2090 2036 2067 2069 
8336 2090 2036 2069 2037 
8337 2090 2036 2037 2038 
8338 721 2025 2026 1135 
8339 2025 1805 1945 1913 
8340 2026 1945 1827 1946 
8341 1117 1913 717 1135 
8342 1946 2025 1135 2026 
8343 1946 2025 2026 1945 
8344 1946 2025 1945 1913 
8345 1946 2025 1913 1135 
8346 1111 2329 2260 1127 
8347 1953 2093 1952 1923 
8348 1923 1952 1812 2092 
8349 1952 1834 1923 2093 
8350 1111 2012 2260 2329 
8351 1128 2260 1127 1111 
8352 1923 1834 2092 2091 
8353 1952 1834 2093 2134 
8354 693 2094 2095 1003 
8355 2094 1809 1937 2008 
8356 2095 1937 1828 2009 
8357 1003 2008 2009 691 
8358 2094 2095 1003 2008 
8359 2094 2008 1937 2095 
8360 2095 1003 2008 2009 
8361 2095 2009 2008 1937 
8362 1850 2096 2097 2098 
8363 2096 1823 1970 1889 
8364 2097 1970 1838 2003 
8365 2098 1889 2003 1815 
8366 2003 2096 2098 2097 
8367 2003 2096 2097 1970 
8368 2003 2096 1970 1889 
8369 2003 2096 1889 2098 
8370 734 2045 2046 2099 
8371 2045 1809 1934 2101 
8372 2046 1934 1819 2100 
8373 2099 2101 2100 1823 
8374 1934 2099 2045 2101 
8375 1934 2099 2101 2100 
8376 1934 2099 2100 2046 
8377 1934 2099 2046 2045 
8378 2316 2255 2328 2243 
8379 877 675 2102 2047 
8380 1987 2102 1811 2103 
8381 1128 1111 2012 2260 
8382 2012 2260 2329 1845 
8383 877 2047 2102 1987 
8384 1111 1127 715 2329 
8385 1987 2103 2047 2102 
8386 688 990 971 1944 
8387 990 811 989 2081 
8388 2170 989 770 2080 
8389 2170 2081 2080 1810 
8390 990 971 1944 2081 
8391 990 2081 989 971 
8392 2170 2081 1810 1944 
8393 2170 989 2080 2081 
8394 712 1902 1096 1903 
8395 1902 1807 1854 1853 
8396 1902 720 1096 1853 
8397 1128 775 1127 2260 
8398 1902 1096 1903 1853 
8399 1902 720 1853 1854 
8400 784 1128 1111 2012 
8401 2186 1864 2240 2185 
8402 2033 802 2085 889 
8403 2162 2035 2034 1808 
8404 889 2033 668 2104 
8405 2085 2084 2104 1833 
8406 2033 2085 2035 2084 
8407 2033 2085 2084 2104 
8408 2033 2085 2104 889 
8409 2033 802 889 893 
8410 691 997 1005 2008 
8411 997 729 1006 2042 
8412 1005 1006 773 2078 
8413 2008 2042 2078 1809 
8414 1006 2008 997 2042 
8415 1006 2008 2042 2078 
8416 1006 2008 2078 1005 
8417 1006 2008 1005 997 
8418 767 867 868 1987 
8419 867 37 36 2105 
8420 868 36 35 1988 
8421 1987 2105 1988 1811 
8422 36 1987 867 2105 
8423 36 1987 2105 1988 
8424 36 1987 1988 868 
8425 36 1987 868 867 
8426 1820 2106 1906 2108 
8427 2106 1804 2107 1920 
8428 1906 2107 1807 2109 
8429 2108 1920 2109 1846 
8430 2109 2106 1920 2108 
8431 2109 2106 2108 1906 
8432 2109 2106 1906 2107 
8433 2109 2106 2107 1920 
8434 759 2062 1256 1260 
8435 2071 2064 1256 1998 
8436 1256 1998 793 1261 
8437 1260 2071 1261 795 
8438 2062 1256 1260 2071 
8439 2071 2064 1998 1832 
8440 1256 1260 2071 1261 
8441 1256 1261 2071 1998 
8442 716 1104 1129 1927 
8443 1104 723 1130 2057 
8444 1129 1130 725 1929 
8445 1927 2057 1929 1822 
8446 1130 1927 1104 2057 
8447 1130 1927 2057 1929 
8448 1130 1927 1929 1129 
8449 1130 1927 1129 1104 
8450 1850 2110 2111 2041 
8451 2110 1831 2060 1818 
8452 2111 2060 1842 2112 
8453 1064 2202 2030 1065 
8454 2112 2110 1818 2041 
8455 2112 2110 2041 2111 
8456 2112 2110 2111 2060 
8457 2112 2110 2060 1818 
8458 780 1957 1281 1939 
8459 1957 1815 2113 2048 
8460 1281 2113 779 2114 
8461 1939 2048 2114 1821 
8462 2113 1939 1957 2048 
8463 2113 1939 2048 2114 
8464 2113 1939 2114 1281 
8465 2113 1939 1281 1957 
8466 688 987 990 1944 
8467 987 772 991 2115 
8468 990 991 811 2081 
8469 1944 2115 2081 1810 
8470 987 990 1944 2115 
8471 987 2115 991 990 
8472 990 1944 2115 2081 
8473 990 2081 2115 991 
8474 1831 2110 2029 2117 
8475 2110 1850 2116 1949 
8476 2029 2116 1807 2107 
8477 2107 1949 1869 2117 
8478 2116 2117 2029 2110 
8479 2116 2117 2110 1949 
8480 2116 2117 1949 2107 
8481 2116 2117 2107 2029 
8482 788 1133 1185 2010 
8483 1133 726 1183 1950 
8484 1185 1183 807 2066 
8485 2010 1950 2066 1806 
8486 2066 1133 1950 2010 
8487 2066 1133 2010 1185 
8488 2066 1133 1185 1183 
8489 2066 1133 1183 1950 
8490 2027 706 2118 1071 
8491 1070 704 1072 2027 
8492 1071 1974 1072 786 
8493 2118 2031 1942 1824 
8494 2027 706 1071 1070 
8495 1070 2027 1072 1071 
8496 1071 2118 2027 1942 
8497 2027 1974 1072 1071 
8498 680 2119 2121 902 
8499 2119 1808 2120 2123 
8500 2121 2120 1829 2122 
8501 902 2123 2122 670 
8502 2119 2121 902 2123 
8503 2119 2123 2120 2121 
8504 2121 902 2123 2122 
8505 2121 2122 2123 2120 
8506 2253 981 978 2272 
8507 1893 1813 2124 2126 
8508 915 2124 815 2125 
8509 1893 2126 2125 1829 
8510 2253 981 979 978 
8511 2253 981 2164 979 
8512 2125 1893 915 2124 
8513 2125 1893 2124 2126 
8514 2186 2277 2240 1864 
8515 2011 1824 1931 2031 
8516 2010 1931 1806 2037 
8517 2202 2037 2038 1831 
8518 900 2240 2185 2186 
8519 2011 2031 1931 2010 
8520 900 2186 2277 2240 
8521 2010 2037 2031 1931 
8522 2316 2255 2315 1019 
8523 1987 1811 1989 2103 
8524 1990 1989 1825 2064 
8525 2103 2062 1990 2047 
8526 1987 1990 2047 2103 
8527 1987 2103 1989 1990 
8528 2103 2062 2047 1832 
8529 1990 2064 2103 1989 
8530 735 2044 1197 2127 
8531 2044 1809 2045 2101 
8532 1197 2045 734 2099 
8533 2127 2101 2099 1823 
8534 2045 2127 2044 2101 
8535 2045 2127 2101 2099 
8536 2045 2127 2099 1197 
8537 2045 2127 1197 2044 
8538 1837 2128 1900 1898 
8539 2128 1848 2129 1858 
8540 1900 2129 1819 1901 
8541 1898 1858 1919 1810 
8542 1901 2128 1898 1900 
8543 1901 2128 1900 2129 
8544 1901 2128 2129 1858 
8545 1901 2128 1858 1898 
8546 722 1137 1138 2020 
8547 1137 717 1124 1913 
8548 1138 1124 774 2055 
8549 2020 1913 2055 1805 
8550 2055 1137 1913 2020 
8551 2055 1137 2020 1138 
8552 2055 1137 1138 1124 
8553 2055 1137 1124 1913 
8554 776 1273 2056 2130 
8555 2277 2240 1864 1840 
8556 2131 2055 2056 1914 
8557 2130 2023 2131 1832 
8558 1273 2056 2130 2023 
8559 2186 2185 1822 1864 
8560 2056 2130 2023 2131 
8561 900 817 2185 2240 
8562 794 2132 2022 2133 
8563 2132 1812 1965 2092 
8564 2212 1965 1966 1827 
8565 2210 2092 2133 2134 
8566 2132 2022 2133 2092 
8567 2132 2092 1965 2022 
8568 2022 2133 2092 2134 
8569 2022 2134 2092 1965 
8570 2135 1921 1924 1805 
8571 741 900 2186 2277 
8572 1911 2106 1820 2108 
8573 2135 1920 2108 1846 
8574 823 1890 2228 827 
8575 823 1890 827 826 
8576 1921 2108 2135 1920 
8577 1921 2108 1920 2106 
8578 1840 1861 1882 2136 
8579 1861 1804 1884 1916 
8580 1882 1884 1812 1923 
8581 2136 1916 1923 1813 
8582 1923 1861 1916 2136 
8583 1923 1861 2136 1882 
8584 1923 1861 1882 1884 
8585 1923 1861 1884 1916 
8586 802 957 893 2035 
8587 957 681 905 2137 
8588 893 905 790 2034 
8589 2035 2137 2034 1808 
8590 905 2035 957 2137 
8591 905 2035 2137 2034 
8592 905 2035 2034 893 
8593 905 2035 893 957 
8594 725 1177 1132 1925 
8595 1177 727 1176 1907 
8596 1132 1176 726 1973 
8597 1925 1907 1973 1843 
8598 1973 1177 1907 1925 
8599 1973 1177 1925 1132 
8600 1973 1177 1132 1176 
8601 1973 1177 1176 1907 
8602 805 2017 1038 1250 
8603 2017 1809 2078 2043 
8604 1038 2078 773 1200 
8605 1250 2043 1200 746 
8606 2017 1038 1250 2043 
8607 2017 2043 2078 1038 
8608 1038 1250 2043 1200 
8609 1038 1200 2043 2078 
8610 2181 1229 1234 2081 
8611 1229 811 991 2081 
8612 1234 991 772 2115 
8613 823 1890 826 1888 
8614 823 1890 1888 2228 
8615 1229 2081 991 1234 
8616 1888 2228 1890 1815 
8617 1234 2115 2081 991 
8618 748 1248 880 2138 
8619 1248 744 892 2139 
8620 880 892 808 2007 
8621 2138 2139 2007 1833 
8622 892 2138 1248 2139 
8623 892 2138 2139 2007 
8624 892 2138 2007 880 
8625 892 2138 880 1248 
8626 742 2140 1181 1908 
8627 2140 1806 1950 1967 
8628 1181 1950 726 1973 
8629 1908 1967 1973 1843 
8630 1973 2140 1967 1908 
8631 1973 2140 1908 1181 
8632 1973 2140 1181 1950 
8633 1973 2140 1950 1967 
8634 2106 1812 1921 1961 
8635 1961 1820 1911 2106 
8636 2135 1921 1805 1911 
8637 1884 2106 1920 1804 
8638 2106 1812 1961 2014 
8639 1961 2106 1911 1921 
8640 1921 1884 2106 1920 
8641 1921 2108 2106 1911 
8642 37 36 2105 2141 
8643 36 35 1988 2007 
8644 2105 1988 1811 2005 
8645 2141 2007 2005 1833 
8646 1988 2141 2105 36 
8647 1988 2141 36 2007 
8648 1988 2141 2007 2005 
8649 1988 2141 2005 2105 
8650 681 2137 957 2142 
8651 2137 1808 2035 2086 
8652 957 2035 802 2087 
8653 2142 2086 2087 1837 
8654 2035 2142 2137 2086 
8655 2035 2142 2086 2087 
8656 2035 2142 2087 957 
8657 2035 2142 957 2137 
8658 670 2123 859 904 
8659 2123 1808 2034 2137 
8660 859 2034 790 905 
8661 904 2137 905 681 
8662 2034 904 2123 2137 
8663 2034 904 2137 905 
8664 2034 904 905 859 
8665 2034 904 859 2123 
8666 690 985 1933 1936 
8667 826 827 762 1890 
8668 1933 1897 1819 1918 
8669 1936 1897 1918 1828 
8670 985 1933 1936 1897 
8671 823 781 827 2228 
8672 1933 1936 1897 1918 
8673 3 823 826 1888 
8674 1843 1968 1925 1907 
8675 1968 752 1179 1178 
8676 1925 1179 725 1177 
8677 1907 1178 1177 727 
8678 1177 1968 1907 1925 
8679 1177 1968 1925 1179 
8680 1177 1968 1179 1178 
8681 1177 1968 1178 1907 
8682 783 1092 2073 2144 
8683 1940 2144 1941 2143 
8684 2073 2143 1820 1941 
8685 2067 1235 2291 2339 
8686 2144 2143 1089 1092 
8687 2144 2143 1092 2073 
8688 2067 1235 2339 1236 
8689 2067 1235 1236 1068 
8690 2067 1235 1068 2291 
8691 987 772 2115 2145 
8692 1944 2115 1810 1919 
8693 1944 2145 1919 1828 
8694 2067 2339 2291 1849 
8695 987 2145 2115 1944 
8696 1068 1235 792 2291 
8697 1944 1919 2145 2115 
8698 1829 2146 2126 2147 
8699 2146 1836 1993 1953 
8700 2126 1993 1813 1923 
8701 1953 2093 1923 2147 
8702 1923 2146 2147 2126 
8703 1923 2146 2126 1993 
8704 1923 2146 1993 1953 
8705 1923 2146 1953 2147 
8706 801 2059 1061 1062 
8707 2059 1831 2030 2148 
8708 2059 704 1061 1060 
8709 1062 2148 1060 702 
8710 1060 2059 2148 1062 
8711 1060 2059 1062 1061 
8712 2059 704 1060 2030 
8713 1060 2059 2030 2148 
8714 690 993 1935 998 
8715 993 691 2008 997 
8716 1935 2008 1809 2042 
8717 998 997 2042 729 
8718 993 1935 998 997 
8719 993 997 2008 1935 
8720 1935 998 997 2042 
8721 1935 2042 997 2008 
8722 693 2094 1003 1004 
8723 2094 1809 2008 2078 
8724 1003 2008 691 1005 
8725 1004 2078 1005 773 
8726 2008 1004 2094 2078 
8727 2008 1004 2078 1005 
8728 2008 1004 1005 1003 
8729 2008 1004 1003 2094 
8730 780 1288 1287 1957 
8731 1288 787 1173 2032 
8732 1287 1173 816 2149 
8733 1957 2032 2149 1842 
8734 1288 1287 1957 2032 
8735 1288 2032 1173 1287 
8736 1287 1957 2032 2149 
8737 1287 2149 2032 1173 
8738 682 2150 2151 2152 
8739 2150 1808 2086 1891 
8740 2151 2086 1837 1892 
8741 2152 1891 1892 1826 
8742 2150 2151 2152 1891 
8743 2150 1891 2086 2151 
8744 2151 2152 1891 1892 
8745 2151 1892 1891 2086 
8746 1893 2153 2207 2155 
8747 2155 2203 2154 2157 
8748 912 2156 2155 2154 
8749 1893 2157 2156 1813 
8750 2153 2155 1893 2157 
8751 2155 2203 2157 2153 
8752 2155 1893 2157 2156 
8753 2155 2156 2157 2154 
8754 785 1984 1160 1985 
8755 1984 1814 2158 1986 
8756 1985 732 2159 2158 
8757 1985 1986 2159 1827 
8758 2158 1985 1984 1986 
8759 2158 1985 1986 2159 
8760 1985 732 2158 1160 
8761 2158 1985 1160 1984 
8762 680 2119 902 903 
8763 2119 1808 2123 2137 
8764 902 2123 670 904 
8765 903 2137 904 681 
8766 2123 903 2119 2137 
8767 2123 903 2137 904 
8768 2123 903 904 902 
8769 2123 903 902 2119 
8770 801 1171 1073 2028 
8771 1171 787 1154 1979 
8772 1073 1154 786 1974 
8773 2028 1979 1974 1807 
8774 1154 2028 1171 1979 
8775 1154 2028 1979 1974 
8776 1154 2028 1974 1073 
8777 1154 2028 1073 1171 
8778 1831 2110 2117 2037 
8779 2110 1850 1949 1947 
8780 2107 1869 1949 1804 
8781 2117 1806 2037 1947 
8782 2110 2117 2037 1947 
8783 2110 1947 1949 2117 
8784 2117 1806 1947 1869 
8785 2117 1869 1947 1949 
8786 668 2033 865 2160 
8787 2162 2035 1808 2084 
8788 2033 790 865 2161 
8789 2160 2162 2161 1839 
8790 2161 2033 2162 2160 
8791 2161 2033 2160 865 
8792 2033 790 2161 2034 
8793 2161 2033 2034 2162 
8794 791 2163 1224 2165 
8795 2163 1819 2164 2167 
8796 1224 2164 745 2166 
8797 2165 2167 2166 1833 
8798 2164 2165 2163 2167 
8799 2164 2165 2167 2166 
8800 2164 2165 2166 1224 
8801 2164 2165 1224 2163 
8802 729 999 1196 2042 
8803 999 734 1197 2045 
8804 1196 1197 735 2044 
8805 2042 2045 2044 1809 
8806 999 1196 2042 2045 
8807 999 2045 1197 1196 
8808 1196 2042 2045 2044 
8809 1196 2044 2045 1197 
8810 774 2055 1124 2168 
8811 2055 1805 1913 1914 
8812 1124 1913 717 1915 
8813 2168 1914 1915 1845 
8814 1915 2055 1914 2168 
8815 1915 2055 2168 1124 
8816 1915 2055 1124 1913 
8817 1915 2055 1913 1914 
8818 783 1091 1092 2144 
8819 1091 708 1089 2169 
8820 1940 2144 2143 1089 
8821 1955 2169 2144 1941 
8822 1089 2144 1091 2169 
8823 1940 2144 1089 2169 
8824 2144 2143 2073 1941 
8825 1089 2144 1092 1091 
8826 688 1944 971 1969 
8827 2170 2081 1944 971 
8828 2170 989 2081 971 
8829 2269 1898 1969 2170 
8830 2170 1944 1898 1969 
8831 2170 1944 1969 971 
8832 2170 989 971 770 
8833 2170 1810 2080 1892 
8834 717 1912 1114 1915 
8835 1912 1820 2072 1905 
8836 1912 1109 1905 2072 
8837 1236 755 1235 2339 
8838 1912 1109 2072 1114 
8839 1912 1109 1114 1915 
8840 738 1236 1068 2067 
8841 842 2245 2313 830 
8842 729 1198 1006 2042 
8843 1198 746 1200 2043 
8844 1006 1200 773 2078 
8845 2042 2043 2078 1809 
8846 1198 1006 2042 2043 
8847 1198 2043 1200 1006 
8848 1006 2042 2043 2078 
8849 1006 2078 2043 1200 
8850 787 1153 1154 1979 
8851 1153 720 1098 1854 
8852 1154 1098 786 1974 
8853 1979 1854 1974 1807 
8854 1098 1979 1854 1974 
8855 1098 1979 1974 1154 
8856 1098 1979 1154 1153 
8857 1098 1979 1153 1854 
8858 1805 1911 1914 2135 
8859 1911 1820 1905 2108 
8860 1914 1905 1845 2171 
8861 2135 2108 2171 1846 
8862 1911 1914 2135 2108 
8863 1911 2108 1905 1914 
8864 1914 2135 2108 2171 
8865 1914 2171 2108 1905 
8866 1919 1858 1875 1810 
8867 1875 1816 1873 2172 
8868 1874 1873 1809 1937 
8869 1919 2172 1937 1828 
8870 1873 1919 1875 2172 
8871 1873 1919 2172 1937 
8872 1873 1919 1937 1874 
8873 1873 1919 1874 1875 
8874 752 2070 2173 1968 
8875 2070 1822 1865 1968 
8876 2173 1865 1817 2174 
8877 842 2335 2313 2245 
8878 836 2313 830 842 
8879 2070 1968 1865 2173 
8880 836 842 2335 2313 
8881 2173 2174 1968 1865 
8882 783 2144 2073 2074 
8883 1955 2169 1941 1824 
8884 2073 1941 1820 2014 
8885 2074 1955 2014 1830 
8886 2014 2144 2074 2073 
8887 2014 2144 2073 1941 
8888 2014 2144 1941 1955 
8889 2014 2144 1955 2074 
8890 2091 2335 2245 2313 
8891 2005 2052 2051 1811 
8892 2079 2051 1823 2176 
8893 2175 2005 2176 1833 
8894 842 830 763 2245 
8895 836 25 830 2313 
8896 2175 2051 2079 2176 
8897 2175 2051 2176 2005 
8898 676 836 842 2335 
8899 2080 1826 1892 2153 
8900 2080 1892 1810 2083 
8901 2082 2153 2083 1847 
8902 844 2276 2122 853 
8903 844 2282 2122 2276 
8904 849 2122 853 844 
8905 2080 2083 2153 1892 
8906 776 2056 1271 2177 
8907 2131 2055 1914 1805 
8908 2056 774 1271 2168 
8909 2221 2168 2177 1845 
8910 2221 2168 1845 1914 
8911 2168 2056 2177 1271 
8912 2056 774 2168 2055 
8913 2168 2056 2055 1914 
8914 39 40 2050 2053 
8915 40 41 2178 2179 
8916 849 844 2282 2122 
8917 1878 2054 2179 2053 
8918 40 2050 2053 2179 
8919 40 2179 2178 2050 
8920 2282 2122 2276 1829 
8921 844 853 679 2276 
8922 1813 1917 1857 2157 
8923 1917 1817 1881 2180 
8924 1857 1881 1810 2083 
8925 2157 2180 2083 1847 
8926 1917 1857 2157 2180 
8927 1917 2180 1881 1857 
8928 1857 2157 2180 2083 
8929 1857 2083 2180 1881 
8930 1230 2081 989 811 
8931 1230 736 1231 2082 
8932 989 1231 770 2080 
8933 849 670 853 2122 
8934 29 849 844 2282 
8935 2080 1230 989 1231 
8936 2220 1029 1909 1908 
8937 2080 1230 1231 2082 
8938 2181 1229 2081 2209 
8939 2081 1810 2115 2183 
8940 1234 2115 772 2182 
8941 2181 2183 2182 1835 
8942 2115 2181 2081 2183 
8943 2115 2181 2183 2182 
8944 2115 2181 2182 1234 
8945 2115 2181 1234 2081 
8946 782 2186 1219 1245 
8947 1219 741 900 2186 
8948 1245 900 817 2185 
8949 2184 2186 2185 1822 
8950 782 2186 1245 2184 
8951 1219 2186 900 1245 
8952 1245 2184 2186 2185 
8953 1245 2185 2186 900 
8954 739 1203 1241 1996 
8955 1203 747 1145 1962 
8956 1241 1145 810 2015 
8957 1996 1962 2015 1812 
8958 2015 1203 1962 1996 
8959 2015 1203 1996 1241 
8960 2015 1203 1241 1145 
8961 2015 1203 1145 1962 
8962 39 40 881 2050 
8963 40 41 882 2178 
8964 881 882 671 2187 
8965 2050 2178 2187 1823 
8966 882 2050 40 2178 
8967 882 2050 2178 2187 
8968 882 2050 2187 881 
8969 882 2050 881 40 
8970 1820 2073 1964 1975 
8971 2073 783 1205 1103 
8972 1964 1205 747 1143 
8973 1975 1103 1143 806 
8974 2073 1964 1975 1103 
8975 2073 1103 1205 1964 
8976 1964 1975 1103 1143 
8977 1964 1143 1103 1205 
8978 682 2150 2152 950 
8979 2150 1808 1891 2119 
8980 2152 1891 1826 2119 
8981 2220 1029 1908 1030 
8982 2150 2152 950 2119 
8983 2150 2119 1891 2152 
8984 2220 1029 1030 1028 
8985 2220 1029 1028 1909 
8986 1829 2146 2147 2188 
8987 2146 1836 1953 2190 
8988 2147 1953 1814 2189 
8989 2188 2190 2189 1839 
8990 2189 2146 2190 2188 
8991 2189 2146 2188 2147 
8992 2189 2146 2147 1953 
8993 2189 2146 1953 2190 
8994 813 906 907 2191 
8995 906 671 887 2187 
8996 907 887 768 1887 
8997 2191 2187 1887 1823 
8998 887 2191 906 2187 
8999 887 2191 2187 1887 
9000 887 2191 1887 907 
9001 887 2191 907 906 
9002 674 2192 923 2193 
9003 2220 1908 1909 1843 
9004 924 2019 757 923 
9005 2193 2018 2019 1825 
9006 2192 923 2193 2018 
9007 1028 1029 754 1909 
9008 923 2193 2018 2019 
9009 1030 742 1029 1908 
9010 2315 2255 2316 2243 
9011 1901 1819 1934 2129 
9012 696 1030 1028 2220 
9013 1858 2129 1874 1848 
9014 1901 1874 1858 2129 
9015 1901 2129 1934 1874 
9016 994 2009 2238 992 
9017 994 2009 992 995 
9018 716 1954 1087 1930 
9019 1954 1824 2194 1955 
9020 1087 2194 711 2195 
9021 1930 1955 2195 1830 
9022 2194 1930 1954 1955 
9023 2194 1930 1955 2195 
9024 2194 1930 2195 1087 
9025 2194 1930 1087 1954 
9026 801 1171 2028 2061 
9027 1171 787 1979 2032 
9028 2028 1979 1807 1959 
9029 2061 2032 1959 1842 
9030 1979 2061 1171 2032 
9031 1979 2061 2032 1959 
9032 1979 2061 1959 2028 
9033 1979 2061 2028 1171 
9034 739 1203 1996 1997 
9035 1203 747 1962 2013 
9036 1996 1962 1812 1995 
9037 2284 1995 1994 1830 
9038 1962 1997 1203 2013 
9039 1962 1997 2013 1995 
9040 1962 1997 1995 1996 
9041 1962 1997 1996 1203 
9042 1815 2113 2048 2196 
9043 2113 779 2114 2198 
9044 2048 2114 1821 2197 
9045 2196 2198 2197 1841 
9046 2113 2048 2196 2198 
9047 2113 2198 2114 2048 
9048 2048 2196 2198 2197 
9049 2048 2197 2198 2114 
9050 994 2009 995 2281 
9051 2094 1816 1873 2200 
9052 2094 1873 1809 2075 
9053 2199 2200 2075 1844 
9054 1828 994 2281 2009 
9055 1828 994 2009 2238 
9056 2094 2199 2200 2075 
9057 2094 2075 2200 1873 
9058 801 2059 1062 2061 
9059 2059 1831 2148 2060 
9060 1062 2148 702 2201 
9061 2061 2060 2201 1842 
9062 2201 2059 2060 2061 
9063 2201 2059 2061 1062 
9064 2201 2059 1062 2148 
9065 2201 2059 2148 2060 
9066 672 841 914 2156 
9067 841 815 915 2124 
9068 914 915 797 1893 
9069 2156 2124 1893 1813 
9070 841 914 2156 2124 
9071 841 2124 915 914 
9072 914 2156 2124 1893 
9073 914 1893 2124 915 
9074 704 2027 1065 2030 
9075 2118 2031 1824 2011 
9076 1069 2202 2011 705 
9077 2030 2031 2202 1831 
9078 2202 2027 2031 2030 
9079 2202 2027 2030 1065 
9080 1069 2202 705 1065 
9081 2202 2027 2011 2031 
9082 995 992 691 2009 
9083 912 2156 2154 672 
9084 2203 2157 2153 1847 
9085 2155 2203 2153 677 
9086 994 689 992 2238 
9087 2155 2203 677 2154 
9088 692 994 995 2281 
9089 677 2155 2154 912 
9090 815 2124 838 2125 
9091 2124 1813 2204 2126 
9092 838 2204 27 2205 
9093 2125 2126 2205 1829 
9094 2204 2125 2124 2126 
9095 2204 2125 2126 2205 
9096 2204 2125 2205 838 
9097 2204 2125 838 2124 
9098 886 2102 675 2206 
9099 873 39 2052 2053 
9100 2102 2052 1811 2054 
9101 1878 2054 2053 2206 
9102 886 2102 2206 2053 
9103 2053 2102 2206 2054 
9104 2053 2102 2054 2052 
9105 2053 2102 2052 873 
9106 791 2163 1223 1224 
9107 2163 1819 2046 2164 
9108 1223 2046 734 1222 
9109 1224 2164 1222 745 
9110 1222 2163 2164 1224 
9111 1222 2163 1224 1223 
9112 1222 2163 1223 2046 
9113 1222 2163 2046 2164 
9114 912 2156 672 914 
9115 1262 2047 2321 928 
9116 2155 797 2207 1893 
9117 1893 2207 2153 1826 
9118 2156 914 2155 1893 
9119 1262 2071 2321 2047 
9120 2155 797 1893 914 
9121 1269 2321 928 1262 
9122 761 2016 1225 1226 
9123 2016 1809 2043 2044 
9124 2016 746 1199 2043 
9125 1226 2044 1199 735 
9126 1199 2016 2044 1226 
9127 1199 2016 1226 1225 
9128 2016 746 2043 1250 
9129 1199 2016 2043 2044 
9130 41 2208 2178 2179 
9131 2208 1815 1889 2196 
9132 2178 1889 1823 2050 
9133 2179 2054 1841 2196 
9134 2050 2208 2196 2179 
9135 2050 2208 2179 2178 
9136 2050 2208 2178 1889 
9137 2050 2208 1889 2196 
9138 2181 1229 2209 737 
9139 1230 2081 811 1229 
9140 1269 1262 2071 2321 
9141 2209 2082 2083 1847 
9142 973 2081 2209 2082 
9143 2071 2321 2047 1832 
9144 2081 2209 2082 2083 
9145 1262 928 809 2047 
9146 794 2022 1209 2133 
9147 1269 766 928 2321 
9148 1209 2134 749 2210 
9149 2210 2092 2134 1834 
9150 2022 1209 2133 2134 
9151 795 1269 1262 2071 
9152 1209 2133 2134 2210 
9153 958 2170 2269 961 
9154 39 881 876 2050 
9155 881 671 885 2187 
9156 876 885 804 2079 
9157 2050 2187 2079 1823 
9158 2079 881 2187 2050 
9159 2079 881 2050 876 
9160 2079 881 876 885 
9161 2079 881 885 2187 
9162 668 2104 2033 2160 
9163 2104 1833 2084 2006 
9164 2162 2035 2084 2033 
9165 2160 2006 2162 1839 
9166 2104 2033 2160 2006 
9167 2104 2006 2084 2033 
9168 2033 2160 2006 2162 
9169 2033 2162 2006 2084 
9170 1816 2094 2172 2211 
9171 2094 693 2095 1008 
9172 958 2170 961 960 
9173 2211 1008 2172 694 
9174 2094 2172 2211 1008 
9175 2094 1008 2095 2172 
9176 958 2170 960 2151 
9177 958 2170 2151 2269 
9178 1805 1911 1921 1945 
9179 1963 1911 1820 1912 
9180 1921 1961 1812 1965 
9181 1921 1827 1945 1946 
9182 1911 1921 1945 1946 
9183 1911 1946 1961 1921 
9184 1921 1827 1946 1965 
9185 1921 1965 1946 1961 
9186 794 1208 1209 2022 
9187 1208 731 1206 2212 
9188 1209 1206 749 2134 
9189 2212 1965 1827 2134 
9190 1206 2022 1208 2212 
9191 1206 2022 2212 2134 
9192 1206 2022 2134 1209 
9193 1206 2022 1209 1208 
9194 2170 1810 1892 1898 
9195 2151 2269 2170 1837 
9196 960 961 770 2170 
9197 1898 1892 2170 1837 
9198 958 684 961 2269 
9199 682 958 960 2151 
9200 2170 1810 1898 1944 
9201 1033 2322 2339 1032 
9202 789 2213 846 2214 
9203 2213 1829 2205 2216 
9204 846 2205 27 2215 
9205 2335 2216 2214 2215 
9206 2215 2213 2216 2214 
9207 2215 2213 2214 846 
9208 2215 2213 846 2205 
9209 2215 2213 2205 2216 
9210 670 2123 2122 2217 
9211 2217 1808 2120 2162 
9212 2122 2120 1829 2188 
9213 2274 2162 2217 2188 
9214 2217 1808 2162 2034 
9215 2120 2217 2162 2188 
9216 2120 2217 2188 2122 
9217 2120 2217 2122 2123 
9218 789 2218 2213 2214 
9219 2218 1814 2147 2093 
9220 2213 2147 1829 2216 
9221 2214 2093 2216 1834 
9222 2216 2218 2214 2213 
9223 2216 2218 2213 2147 
9224 2216 2218 2147 2093 
9225 2216 2218 2093 2214 
9226 742 2140 1908 2219 
9227 2140 1806 1967 2069 
9228 1908 1967 1843 2220 
9229 2219 2069 2220 1849 
9230 1967 2219 2140 2069 
9231 1967 2219 2069 2220 
9232 1967 2219 2220 1908 
9233 1967 2219 1908 2140 
9234 785 1163 1252 1999 
9235 1163 793 1257 2000 
9236 1252 1257 757 2019 
9237 1999 2000 2019 1825 
9238 1257 1999 1163 2000 
9239 1257 1999 2000 2019 
9240 1257 1999 2019 1252 
9241 1257 1999 1252 1163 
9242 1090 1910 1940 709 
9243 1904 1820 2143 1941 
9244 1089 2143 1090 710 
9245 1033 2322 1032 1022 
9246 1940 2143 1941 1904 
9247 1940 2143 1904 1090 
9248 1033 2322 1022 2318 
9249 1033 2322 2318 2339 
9250 1832 2221 2130 2222 
9251 2221 1845 2177 1852 
9252 2319 2177 1266 2223 
9253 2222 1852 2223 1821 
9254 2177 2222 2130 2221 
9255 2177 2222 2221 1852 
9256 2177 2222 1852 2223 
9257 2319 2177 2223 2222 
9258 1811 1989 2225 1988 
9259 1989 1825 2224 2049 
9260 2225 2224 1836 2190 
9261 1988 2049 2190 1839 
9262 2190 1989 1988 2225 
9263 2190 1989 2225 2224 
9264 2190 1989 2224 2049 
9265 2190 1989 2049 1988 
9266 740 2021 1239 2226 
9267 2021 1812 2132 2092 
9268 1239 2132 794 2133 
9269 2247 2092 2226 2133 
9270 2132 2226 2021 2092 
9271 2132 2226 2092 2133 
9272 2132 2226 2133 1239 
9273 2132 2226 1239 2021 
9274 2318 2339 2322 1849 
9275 1957 1815 1958 2228 
9276 2149 1958 2227 1957 
9277 1285 2228 2227 781 
9278 1022 1032 696 2322 
9279 1033 755 1032 2339 
9280 1957 1285 2228 2227 
9281 1957 2227 2228 1958 
9282 677 2155 912 913 
9283 912 2156 914 2155 
9284 2155 797 914 913 
9285 2175 2052 2105 875 
9286 941 2155 2153 677 
9287 912 2155 914 913 
9288 941 2155 677 913 
9289 2155 797 913 2207 
9290 1816 1871 1867 2229 
9291 2174 1862 1865 1817 
9292 1867 1870 1806 1967 
9293 1870 1843 2229 2174 
9294 1870 2229 1871 2174 
9295 1870 1843 2174 1968 
9296 1870 2229 1967 1867 
9297 1870 2229 1867 1871 
9298 802 2085 890 2087 
9299 2085 1833 2139 2088 
9300 2085 744 2230 2139 
9301 2087 2088 2230 1837 
9302 2230 2085 2088 2087 
9303 2230 2085 2087 890 
9304 2085 744 2139 891 
9305 2230 2085 2139 2088 
9306 2253 981 2272 2164 
9307 2164 2272 2253 1819 
9308 818 1033 1022 2318 
9309 1228 1887 2191 907 
9310 1228 2127 2191 1887 
9311 1220 2191 907 1228 
9312 1220 1228 2127 2191 
9313 2127 2191 1887 1823 
9314 27 2205 2204 2215 
9315 2205 1829 2126 2216 
9316 2204 2126 1813 2091 
9317 2335 2216 2215 2091 
9318 2205 2204 2215 2216 
9319 2205 2216 2126 2204 
9320 2204 2215 2216 2091 
9321 2204 2091 2216 2126 
9322 1810 1919 2115 2183 
9323 1919 1828 2145 2231 
9324 2115 2145 772 2182 
9325 2183 2231 2182 1835 
9326 1919 2115 2183 2231 
9327 1919 2231 2145 2115 
9328 2115 2183 2231 2182 
9329 2115 2182 2231 2145 
9330 1848 1872 2002 1874 
9331 1872 1816 1948 1873 
9332 2002 1948 1850 2232 
9333 1874 1873 2232 1809 
9334 2232 1872 1874 2002 
9335 2232 1872 2002 1948 
9336 2232 1872 1948 1873 
9337 2232 1872 1873 1874 
9338 1833 2088 2234 2139 
9339 2088 1837 2233 2230 
9340 2234 2233 686 965 
9341 2234 744 2139 2230 
9342 2088 2234 2139 2230 
9343 2088 2230 2233 2234 
9344 2234 744 2230 965 
9345 2234 965 2230 2233 
9346 1142 2015 1141 1966 
9347 1141 718 1139 1966 
9348 1142 1139 731 2212 
9349 2212 1965 2134 2022 
9350 1142 2015 1966 2022 
9351 1141 1966 1139 1142 
9352 1142 2022 1966 2212 
9353 1142 2212 1966 1139 
9354 693 2094 1004 2199 
9355 2094 1809 2078 2075 
9356 1004 2078 773 2077 
9357 2199 2075 2077 1844 
9358 2077 2094 2075 2199 
9359 2077 2094 2199 1004 
9360 2077 2094 1004 2078 
9361 2077 2094 2078 2075 
9362 702 2235 2201 2148 
9363 1064 2278 2030 2202 
9364 2201 2112 1842 2060 
9365 2148 1818 2060 1831 
9366 2060 2235 2148 2201 
9367 2060 2235 2201 2112 
9368 2060 2235 2112 1818 
9369 2060 2235 1818 2148 
9370 41 2208 2179 820 
9371 2208 1815 2196 2236 
9372 2179 2196 1841 1879 
9373 820 2236 1879 678 
9374 1879 2208 2236 820 
9375 1879 2208 820 2179 
9376 1879 2208 2179 2196 
9377 1879 2208 2196 2236 
9378 1809 2017 2016 2043 
9379 2017 805 1149 1250 
9380 2016 1149 761 1225 
9381 2016 746 1250 1225 
9382 2017 2016 2043 1250 
9383 2017 1250 1149 2016 
9384 2016 746 1225 1199 
9385 2016 1225 1250 1149 
9386 924 2019 923 2018 
9387 923 674 922 2192 
9388 924 922 751 2065 
9389 2018 2192 2065 1814 
9390 923 924 2018 2192 
9391 923 2192 922 924 
9392 924 2018 2192 2065 
9393 924 2065 2192 922 
9394 778 1277 1284 2237 
9395 1277 784 1151 1960 
9396 1284 1151 803 1877 
9397 2237 1960 1877 1821 
9398 1877 1277 1960 2237 
9399 1877 1277 2237 1284 
9400 1877 1277 1284 1151 
9401 1877 1277 1151 1960 
9402 739 1241 1240 1996 
9403 1241 810 1210 2015 
9404 1240 1210 794 2132 
9405 1996 2015 2132 1812 
9406 2132 1241 2015 1996 
9407 2132 1241 1996 1240 
9408 2132 1241 1240 1210 
9409 2132 1241 1210 2015 
9410 687 983 970 1897 
9411 983 689 982 2238 
9412 970 982 688 1944 
9413 1897 2238 1944 1828 
9414 982 1897 983 2238 
9415 982 1897 2238 1944 
9416 982 1897 1944 970 
9417 982 1897 970 983 
9418 1817 1865 2239 1863 
9419 1865 1822 2185 1864 
9420 2239 2185 817 2240 
9421 1863 1864 2240 1840 
9422 2240 1865 1863 2239 
9423 2240 1865 2239 2185 
9424 2240 1865 2185 1864 
9425 2240 1865 1864 1863 
9426 1228 907 768 1887 
9427 2017 1809 1970 2075 
9428 2017 1970 1838 2241 
9429 2076 2075 2241 1844 
9430 1220 813 907 2191 
9431 735 1220 1228 2127 
9432 2017 2076 2075 2241 
9433 2017 2241 2075 1970 
9434 713 1116 1102 2072 
9435 1116 718 1118 1963 
9436 1102 1118 806 1975 
9437 2072 1963 1975 1820 
9438 1116 1102 2072 1963 
9439 1116 1963 1118 1102 
9440 1102 2072 1963 1975 
9441 1102 1975 1963 1118 
9442 1809 1934 1874 1937 
9443 1934 1819 1901 1918 
9444 1919 1858 1901 1874 
9445 1937 1918 1919 1828 
9446 1934 1874 1937 1918 
9447 1934 1918 1901 1874 
9448 1874 1937 1918 1919 
9449 1874 1919 1918 1901 
9450 1811 2225 2005 1988 
9451 2225 1836 2242 2190 
9452 2005 2242 1833 2006 
9453 1988 2190 2006 1839 
9454 2242 1988 2225 2190 
9455 2242 1988 2190 2006 
9456 2242 1988 2006 2005 
9457 2242 1988 2005 2225 
9458 1837 2128 1898 2086 
9459 2128 1848 1858 1859 
9460 1898 1858 1810 1860 
9461 2086 1859 1860 1808 
9462 2128 1898 2086 1859 
9463 2128 1859 1858 1898 
9464 1898 2086 1859 1860 
9465 1898 1860 1859 1858 
9466 720 1113 1096 1853 
9467 1113 784 1112 2012 
9468 1096 1112 712 1903 
9469 1853 2012 1903 1845 
9470 1112 1853 1113 2012 
9471 1112 1853 2012 1903 
9472 1112 1853 1903 1096 
9473 1112 1853 1096 1113 
9474 739 1240 1216 1996 
9475 1240 794 1239 2132 
9476 1216 1239 740 2021 
9477 1996 2132 2021 1812 
9478 1240 1216 1996 2132 
9479 1240 2132 1239 1216 
9480 1216 1996 2132 2021 
9481 1216 2021 2132 1239 
9482 1810 1881 1875 2183 
9483 1881 1817 1871 2244 
9484 1875 1871 1816 2243 
9485 2183 2244 2243 1835 
9486 1881 1875 2183 2244 
9487 1881 2244 1871 1875 
9488 1875 2183 2244 2243 
9489 1875 2243 2244 1871 
9490 740 2021 2226 2024 
9491 2021 1812 2092 1882 
9492 2210 2092 1834 2247 
9493 2024 1882 2245 1840 
9494 2021 2226 2024 1882 
9495 2021 1882 2092 2226 
9496 2226 2024 1882 2245 
9497 2226 2245 1882 2092 
9498 1146 2342 1972 1150 
9499 1231 736 940 2082 
9500 2153 2080 2338 940 
9501 2175 2052 875 2079 
9502 1146 2342 1150 1057 
9503 1231 2082 940 2080 
9504 1146 2342 1057 2336 
9505 2080 2153 2082 940 
9506 708 1081 1089 2169 
9507 1081 709 1090 1940 
9508 1089 2143 710 1092 
9509 2169 1940 1941 1824 
9510 1081 1089 2169 1940 
9511 1081 1940 1090 1089 
9512 1940 2144 2169 1941 
9513 1940 2143 1090 1089 
9514 1077 1076 2010 788 
9515 1076 705 2011 2202 
9516 1146 2342 2336 1972 
9517 2202 2037 1831 2031 
9518 1076 2011 2010 2202 
9519 2336 1972 2342 1838 
9520 2011 2010 2202 2031 
9521 1057 1150 812 2342 
9522 1146 762 1150 1972 
9523 2094 1809 1873 1937 
9524 2094 1873 1816 2172 
9525 2095 1937 2172 1828 
9526 719 1146 1057 2336 
9527 892 2104 2139 891 
9528 2094 2095 1937 2172 
9529 2094 2172 1937 1873 
9530 1921 2108 1911 2135 
9531 1924 1836 1922 2246 
9532 892 2104 891 871 
9533 2135 2246 1920 1846 
9534 1924 1920 2135 2246 
9535 1924 2246 1922 1920 
9536 892 2104 871 2007 
9537 892 2104 2007 2139 
9538 2133 764 2226 2247 
9539 1243 740 1239 2226 
9540 1244 1239 794 2133 
9541 2247 2092 1834 2245 
9542 2226 764 1244 1243 
9543 1243 2226 1239 1244 
9544 2133 764 2247 934 
9545 1244 2133 2226 1239 
9546 683 956 966 2248 
9547 956 802 890 2087 
9548 966 890 744 2230 
9549 2248 2087 2230 1837 
9550 956 966 2248 2087 
9551 956 2087 890 966 
9552 966 2248 2087 2230 
9553 966 2230 2087 890 
9554 716 1086 1087 1954 
9555 1086 707 1084 2089 
9556 1087 1084 711 2194 
9557 1954 2089 2194 1824 
9558 1084 1954 1086 2089 
9559 1084 1954 2089 2194 
9560 1084 1954 2194 1087 
9561 1084 1954 1087 1086 
9562 756 2249 2250 2251 
9563 2249 1829 2147 2188 
9564 2250 2147 1814 2189 
9565 2251 2188 2189 1839 
9566 2147 2251 2250 2249 
9567 2147 2251 2249 2188 
9568 2147 2251 2188 2189 
9569 2147 2251 2189 2250 
9570 1814 2018 2192 2189 
9571 2018 1825 2193 2049 
9572 2192 2193 674 2252 
9573 2189 2049 2252 1839 
9574 2193 2189 2192 2018 
9575 2193 2189 2018 2049 
9576 2193 2189 2049 2252 
9577 2193 2189 2252 2192 
9578 1071 1974 786 1083 
9579 1082 1910 1942 1083 
9580 1071 1082 706 2118 
9581 1942 1940 2118 1824 
9582 1082 1910 1083 709 
9583 1082 1942 1940 2118 
9584 1082 1942 2118 1071 
9585 1082 1942 1071 1083 
9586 1833 2234 2088 2167 
9587 2234 686 2233 2253 
9588 2088 2233 1837 1900 
9589 2167 2253 1900 1819 
9590 1900 2234 2253 2167 
9591 1900 2234 2167 2088 
9592 1900 2234 2088 2233 
9593 1900 2234 2233 2253 
9594 702 2235 1050 2201 
9595 2235 1818 2254 2112 
9596 1050 2254 701 1896 
9597 2201 2112 1896 1842 
9598 1896 2235 2112 2201 
9599 1896 2235 2201 1050 
9600 1896 2235 1050 2254 
9601 1896 2235 2254 2112 
9602 789 2218 854 2213 
9603 2218 1814 2250 2147 
9604 854 2250 756 2249 
9605 2213 2147 2249 1829 
9606 2249 2218 2147 2213 
9607 2249 2218 2213 854 
9608 2249 2218 854 2250 
9609 2249 2218 2250 2147 
9610 1835 2231 2255 2243 
9611 2007 2139 2104 1833 
9612 2255 2172 694 2211 
9613 2243 2172 2211 1816 
9614 2231 2255 2243 2172 
9615 871 891 668 2104 
9616 2255 2243 2172 2211 
9617 892 744 891 2139 
9618 1806 2040 1867 2069 
9619 2257 2041 2039 2270 
9620 1867 2039 1816 2256 
9621 2040 1849 2257 2256 
9622 2040 1849 2256 2069 
9623 2256 2040 2069 1867 
9624 2256 2040 1867 2039 
9625 2256 2040 2039 2257 
9626 1817 2239 2258 1863 
9627 2239 817 898 2240 
9628 2258 898 669 1980 
9629 1863 2240 1980 1840 
9630 2239 2258 1863 2240 
9631 2239 2240 898 2258 
9632 2258 1863 2240 1980 
9633 2258 1980 2240 898 
9634 1835 2255 2231 2259 
9635 2255 694 2172 1010 
9636 808 892 871 2007 
9637 2255 814 2231 2259 
9638 2255 814 2259 1021 
9639 2255 1010 2172 2231 
9640 2203 938 2343 2082 
9641 2203 938 2082 939 
9642 35 2007 862 2004 
9643 2007 1833 2104 2006 
9644 862 2104 668 2160 
9645 2004 2006 2160 1839 
9646 2160 2007 2006 2004 
9647 2160 2007 2004 862 
9648 2160 2007 862 2104 
9649 2160 2007 2104 2006 
9650 703 1059 1064 2278 
9651 1076 705 1074 2011 
9652 1077 1074 707 2089 
9653 2203 938 939 917 
9654 2203 938 917 2343 
9655 1076 2011 1074 1077 
9656 2203 2082 2343 1847 
9657 1077 2089 2011 1074 
9658 1266 2177 2130 776 
9659 2177 775 2223 2260 
9660 917 938 685 2343 
9661 2177 2260 1852 1845 
9662 2177 775 2260 1126 
9663 939 736 938 2082 
9664 2223 2177 2260 1852 
9665 677 939 917 2203 
9666 1813 1857 1893 2157 
9667 1857 1810 1892 2083 
9668 1893 1892 1826 2153 
9669 2157 2083 2153 1847 
9670 2153 1857 2083 2157 
9671 2153 1857 2157 1893 
9672 2153 1857 1893 1892 
9673 2153 1857 1892 2083 
9674 1810 2183 2081 2083 
9675 2183 1835 2181 2261 
9676 2181 1229 737 1234 
9677 2083 2261 2209 1847 
9678 2183 2081 2083 2261 
9679 2183 2261 2181 2081 
9680 2081 2083 2261 2209 
9681 2081 2209 2261 2181 
9682 1955 2169 1824 2194 
9683 2144 783 1093 2074 
9684 2194 1093 711 2195 
9685 1955 2074 2195 1830 
9686 2144 2194 1955 2074 
9687 2144 2074 1093 2194 
9688 2194 1955 2074 2195 
9689 2194 2195 2074 1093 
9690 792 2262 1042 2264 
9691 1059 2030 1065 1064 
9692 1042 2263 700 2265 
9693 2264 1818 2265 1831 
9694 2263 2264 2262 1818 
9695 2263 2264 1818 2265 
9696 2263 2264 2265 1042 
9697 2263 2264 1042 2262 
9698 1838 2097 2241 1970 
9699 2097 1850 2266 2232 
9700 2241 2266 1844 2075 
9701 1970 2232 2075 1809 
9702 2097 2241 1970 2232 
9703 2097 2232 2266 2241 
9704 2241 1970 2232 2075 
9705 2241 2075 2232 2266 
9706 804 875 876 2079 
9707 875 37 38 2105 
9708 876 38 39 2052 
9709 2005 2052 1811 2105 
9710 2175 2051 2005 2052 
9711 2052 875 2079 876 
9712 2052 875 876 38 
9713 2052 875 38 2105 
9714 767 877 867 1987 
9715 877 675 874 2102 
9716 867 874 37 2105 
9717 1987 2102 2105 1811 
9718 874 1987 877 2102 
9719 874 1987 2102 2105 
9720 874 1987 2105 867 
9721 874 1987 867 877 
9722 1804 1920 1949 2107 
9723 1920 1846 2267 2109 
9724 1949 2267 1850 2116 
9725 2107 2109 2116 1807 
9726 1920 1949 2107 2109 
9727 1920 2109 2267 1949 
9728 1949 2107 2109 2116 
9729 1949 2116 2109 2267 
9730 1811 2103 2102 2054 
9731 2103 1832 2047 2268 
9732 2102 2047 675 2206 
9733 2054 2268 2206 1841 
9734 2206 2103 2268 2054 
9735 2206 2103 2054 2102 
9736 2206 2103 2102 2047 
9737 2206 2103 2047 2268 
9738 1816 1873 2200 1948 
9739 1873 1809 2075 2232 
9740 2200 2075 1844 2266 
9741 1948 2232 2266 1850 
9742 2266 1873 2232 1948 
9743 2266 1873 1948 2200 
9744 2266 1873 2200 2075 
9745 2266 1873 2075 2232 
9746 687 970 967 1899 
9747 970 688 969 1969 
9748 1899 684 2269 1969 
9749 2269 1898 2170 1837 
9750 970 967 1899 1969 
9751 970 1969 969 967 
9752 1899 684 1969 967 
9753 1969 684 2269 961 
9754 1848 1856 1943 1858 
9755 1993 1857 1916 1856 
9756 1943 1916 1804 1868 
9757 1858 1881 1857 1868 
9758 1868 1856 1858 1943 
9759 1868 1856 1943 1916 
9760 1868 1856 1916 1857 
9761 1868 1856 1857 1858 
9762 1844 2266 2241 2270 
9763 2266 1850 2097 2041 
9764 2241 2097 1838 2271 
9765 2270 2041 2271 1818 
9766 2271 2266 2270 2241 
9767 2271 2266 2241 2097 
9768 2271 2266 2097 2041 
9769 2271 2266 2041 2270 
9770 1832 2221 2131 2130 
9771 2221 2168 1914 2056 
9772 2131 2055 1805 2023 
9773 2130 2177 2056 776 
9774 2056 2221 2177 2130 
9775 2056 2221 2130 2131 
9776 2056 2221 2131 1914 
9777 2221 2168 2056 2177 
9778 39 38 873 2052 
9779 38 37 874 2105 
9780 873 874 675 2102 
9781 2052 2105 2102 1811 
9782 874 2052 38 2105 
9783 874 2052 2105 2102 
9784 874 2052 2102 873 
9785 874 2052 873 38 
9786 1816 2200 2039 1948 
9787 2200 1844 2270 2266 
9788 2257 2041 2270 1818 
9789 1948 2266 2041 1850 
9790 2200 2039 1948 2266 
9791 2200 2266 2270 2039 
9792 2039 1948 2266 2041 
9793 2039 2041 2266 2270 
9794 1840 1861 2136 1863 
9795 1861 1804 1916 1862 
9796 2136 1916 1813 1917 
9797 1863 1862 1917 1817 
9798 1917 1861 1863 2136 
9799 1917 1861 2136 1916 
9800 1917 1861 1916 1862 
9801 1917 1861 1862 1863 
9802 771 986 977 2272 
9803 986 690 985 1933 
9804 977 985 687 1897 
9805 2272 1933 1897 1819 
9806 986 977 2272 1933 
9807 986 1933 985 977 
9808 977 2272 1933 1897 
9809 977 1897 1933 985 
9810 31 2273 851 2274 
9811 2273 1829 2249 2188 
9812 851 2249 756 2251 
9813 2274 2188 2251 1839 
9814 2251 2273 2188 2274 
9815 2251 2273 2274 851 
9816 2251 2273 851 2249 
9817 2251 2273 2249 2188 
9818 761 2016 1226 1886 
9819 2016 1809 2044 2101 
9820 1226 2044 735 2127 
9821 1970 2127 1823 2101 
9822 1970 2127 2101 2016 
9823 2127 2016 1886 1226 
9824 2127 2016 1226 2044 
9825 2127 2016 2044 2101 
9826 682 2150 950 951 
9827 2150 1808 2119 2137 
9828 950 2119 680 903 
9829 951 2137 903 681 
9830 903 2150 2137 951 
9831 903 2150 951 950 
9832 903 2150 950 2119 
9833 903 2150 2119 2137 
9834 814 1011 2231 2259 
9835 1011 772 2145 2182 
9836 1191 2296 2315 1193 
9837 2259 2182 2231 1835 
9838 1011 2231 2259 2182 
9839 1011 2182 2145 2231 
9840 1191 2296 1193 1192 
9841 1191 2296 1192 2295 
9842 710 1101 1092 2143 
9843 1101 806 1103 1975 
9844 1092 1103 783 2073 
9845 2143 1975 2073 1820 
9846 2073 1101 1975 2143 
9847 2073 1101 2143 1092 
9848 2073 1101 1092 1103 
9849 2073 1101 1103 1975 
9850 2040 1831 2037 2110 
9851 2110 1850 1947 2041 
9852 2037 1947 1806 2040 
9853 1059 1064 2278 2030 
9854 2040 2110 2041 1818 
9855 2040 1831 2110 1818 
9856 2040 2110 2037 1947 
9857 2040 2110 1947 2041 
9858 37 2105 875 2141 
9859 2175 2052 2005 2105 
9860 875 2079 804 2175 
9861 2141 2005 2175 1833 
9862 2175 2105 2141 875 
9863 2141 2105 2175 2005 
9864 877 930 1987 767 
9865 1987 930 877 2047 
9866 682 2150 951 2151 
9867 2150 1808 2137 2086 
9868 951 2137 681 2142 
9869 2151 2086 2142 1837 
9870 2142 2150 2086 2151 
9871 2142 2150 2151 951 
9872 2142 2150 951 2137 
9873 2142 2150 2137 2086 
9874 2117 1806 1869 1931 
9875 2037 1831 2031 2117 
9876 1931 2031 1824 2107 
9877 1987 930 1990 767 
9878 2117 1806 1931 2037 
9879 2037 2117 2031 1931 
9880 1931 1869 2117 2107 
9881 1931 2107 2117 2031 
9882 804 2079 908 2175 
9883 2079 1823 2275 2176 
9884 908 2275 791 2165 
9885 2175 2176 2165 1833 
9886 2165 2079 2176 2175 
9887 2165 2079 2175 908 
9888 2165 2079 908 2275 
9889 2165 2079 2275 2176 
9890 679 948 848 2276 
9891 948 797 915 1893 
9892 848 915 815 2125 
9893 2276 1893 2125 1829 
9894 2125 948 1893 2276 
9895 2125 948 2276 848 
9896 2125 948 848 915 
9897 2125 948 915 1893 
9898 4 828 832 1980 
9899 828 669 833 1980 
9900 832 833 741 2277 
9901 1191 2296 2295 2315 
9902 2305 2295 2296 2315 
9903 828 1980 833 832 
9904 1192 1193 800 2296 
9905 832 2277 1980 833 
9906 41 883 820 2179 
9907 883 765 888 1878 
9908 820 888 678 1879 
9909 2179 1878 1879 1841 
9910 888 2179 883 1878 
9911 888 2179 1878 1879 
9912 888 2179 1879 820 
9913 888 2179 820 883 
9914 703 1053 1051 2278 
9915 1053 792 1042 2264 
9916 1051 1042 700 2265 
9917 2278 2264 2265 1831 
9918 1053 1051 2278 2264 
9919 1053 2264 1042 1051 
9920 1051 2278 2264 2265 
9921 1051 2265 2264 1042 
9922 1191 728 1193 2315 
9923 2119 1808 1891 2120 
9924 2119 1891 1826 1893 
9925 2121 2120 1893 1829 
9926 743 1191 1192 2295 
9927 2233 959 2248 2269 
9928 2119 2121 2120 1893 
9929 2119 1893 2120 1891 
9930 752 2173 1119 1968 
9931 2173 1817 2279 2174 
9932 1119 2279 753 2280 
9933 1968 2174 2280 1843 
9934 2280 2173 2174 1968 
9935 2280 2173 1968 1119 
9936 2280 2173 1119 2279 
9937 2280 2173 2279 2174 
9938 1807 1942 2029 2107 
9939 1942 1824 2031 2107 
9940 2029 2031 1831 2117 
9941 2233 959 2269 963 
9942 2233 959 963 964 
9943 1942 2107 2031 2029 
9944 2233 959 964 2248 
9945 2029 2117 2107 2031 
9946 814 1009 1010 2231 
9947 1009 692 1007 2281 
9948 1010 1007 694 2172 
9949 2231 2281 2172 1828 
9950 2172 1009 2281 2231 
9951 2172 1009 2231 1010 
9952 2172 1009 1010 1007 
9953 2172 1009 1007 2281 
9954 690 984 985 1936 
9955 984 689 983 2238 
9956 985 983 687 1897 
9957 1936 2238 1897 1828 
9958 983 1936 984 2238 
9959 983 1936 2238 1897 
9960 983 1936 1897 985 
9961 983 1936 985 984 
9962 703 1051 1052 2278 
9963 1051 700 1049 2265 
9964 1052 1049 702 2148 
9965 2278 2265 2148 1831 
9966 1051 1052 2278 2265 
9967 1051 2265 1049 1052 
9968 1052 2278 2265 2148 
9969 1052 2148 2265 1049 
9970 791 2163 2165 2275 
9971 2163 1819 2167 2100 
9972 2165 2167 1833 2176 
9973 2275 2100 2176 1823 
9974 2176 2163 2275 2165 
9975 2176 2163 2165 2167 
9976 2176 2163 2167 2100 
9977 2176 2163 2100 2275 
9978 789 854 845 2213 
9979 854 756 852 2249 
9980 845 852 29 2282 
9981 2213 2249 2282 1829 
9982 854 845 2213 2249 
9983 854 2249 852 845 
9984 845 2213 2249 2282 
9985 845 2282 2249 852 
9986 2154 677 912 911 
9987 911 673 895 2283 
9988 912 895 672 2154 
9989 2203 2157 1847 2283 
9990 2154 911 2283 2203 
9991 2154 677 911 2203 
9992 2154 911 912 895 
9993 2154 911 895 2283 
9994 670 2123 2217 859 
9995 2217 1808 2034 2123 
9996 2274 2162 2188 1839 
9997 859 2034 2161 790 
9998 2123 2217 859 2034 
9999 2217 1808 2123 2120 
10000 2217 859 2034 2161 
10001 2217 2161 2034 2162 
10002 739 1201 1202 1997 
10003 1201 733 1169 1994 
10004 1997 730 2284 1169 
10005 2284 1995 1830 2013 
10006 1169 1997 1201 1994 
10007 1169 1997 1994 2284 
10008 1997 730 1169 1202 
10009 1169 1997 1202 1201 
10010 758 2285 863 2286 
10011 2285 1989 2049 1825 
10012 863 1988 35 2004 
10013 2286 2049 2004 1839 
10014 2004 2285 2049 2286 
10015 2004 2285 2286 863 
10016 2004 2285 863 1988 
10017 2004 2285 1988 2049 
10018 721 2025 1135 1136 
10019 2025 1805 1913 2020 
10020 1135 1913 717 1137 
10021 1136 2020 1137 722 
10022 1137 2025 2020 1136 
10023 1137 2025 1136 1135 
10024 1137 2025 1135 1913 
10025 1137 2025 1913 2020 
10026 1832 2221 2222 2287 
10027 2221 1845 1852 2171 
10028 2222 1852 1821 2288 
10029 2287 2171 2288 1846 
10030 2221 2222 2287 2171 
10031 2221 2171 1852 2222 
10032 2222 2287 2171 2288 
10033 2222 2288 2171 1852 
10034 886 2102 2053 873 
10035 2053 765 1878 886 
10036 873 884 39 2053 
10037 1878 2054 2206 1841 
10038 2053 886 1878 2206 
10039 886 2102 873 675 
10040 2053 886 873 884 
10041 2053 765 886 884 
10042 785 1160 1984 1214 
10043 1160 732 2158 1213 
10044 1984 2158 1814 2065 
10045 1214 1213 2065 751 
10046 1160 1984 1214 1213 
10047 1160 1213 2158 1984 
10048 1984 1214 1213 2065 
10049 1984 2065 1213 2158 
10050 692 1002 1007 2281 
10051 1002 693 1008 2095 
10052 1007 1008 694 2172 
10053 2281 2095 2172 1828 
10054 1002 1007 2281 2095 
10055 1002 2095 1008 1007 
10056 1007 2281 2095 2172 
10057 1007 2172 2095 1008 
10058 1845 2171 1853 1852 
10059 2171 1846 2109 2288 
10060 1853 2109 1807 1855 
10061 1852 2288 1855 1821 
10062 1855 2171 2288 1852 
10063 1855 2171 1852 1853 
10064 1855 2171 1853 2109 
10065 1855 2171 2109 2288 
10066 733 1976 1168 1994 
10067 1976 1822 2057 1932 
10068 1168 2057 723 2058 
10069 1994 1932 2058 1830 
10070 2058 1976 1932 1994 
10071 2058 1976 1994 1168 
10072 2058 1976 1168 2057 
10073 2058 1976 2057 1932 
10074 732 2158 1213 1211 
10075 2158 1814 2065 2289 
10076 1213 2065 751 1212 
10077 1211 2289 1212 750 
10078 1212 2158 2289 1211 
10079 1212 2158 1211 1213 
10080 1212 2158 1213 2065 
10081 1212 2158 2065 2289 
10082 27 838 26 2204 
10083 838 815 837 2124 
10084 26 837 25 2290 
10085 2204 2124 2290 1813 
10086 838 26 2204 2124 
10087 838 2124 837 26 
10088 26 2204 2124 2290 
10089 26 2290 2124 837 
10090 803 1283 1284 1877 
10091 1283 780 1282 1939 
10092 1284 1282 778 2237 
10093 1877 1939 2237 1821 
10094 1282 1877 1283 1939 
10095 1282 1877 1939 2237 
10096 1282 1877 2237 1284 
10097 1282 1877 1284 1283 
10098 792 2262 2264 2291 
10099 2278 2030 2202 1831 
10100 2264 1818 1831 2090 
10101 2291 2257 2090 1849 
10102 2262 2264 2291 2257 
10103 2262 2257 1818 2264 
10104 2264 2291 2257 2090 
10105 2264 2090 2257 1818 
10106 817 2239 1122 2185 
10107 2239 1817 2173 1865 
10108 1122 2173 752 2070 
10109 2185 1865 2070 1822 
10110 2173 2185 2239 1865 
10111 2173 2185 1865 2070 
10112 2173 2185 2070 1122 
10113 2173 2185 1122 2239 
10114 1815 2048 1956 2292 
10115 2048 1821 1855 2288 
10116 1956 1855 1807 2109 
10117 2267 2288 1846 2292 
10118 2048 1956 2292 2288 
10119 2048 2288 1855 1956 
10120 2267 2288 2292 1956 
10121 1956 2109 2288 1855 
10122 1810 1860 1892 1898 
10123 1860 1808 1891 2086 
10124 2233 2269 2248 1837 
10125 1898 2086 1892 1837 
10126 1860 1892 1898 2086 
10127 1860 2086 1891 1892 
10128 964 959 683 2248 
10129 963 684 959 2269 
10130 777 1880 2293 1279 
10131 1880 1841 2197 2198 
10132 2293 2197 1821 2114 
10133 1279 2198 2114 779 
10134 1880 2293 1279 2198 
10135 1880 2198 2197 2293 
10136 2293 1279 2198 2114 
10137 2293 2114 2198 2197 
10138 31 30 851 2273 
10139 30 29 852 2282 
10140 851 852 756 2249 
10141 2273 2282 2249 1829 
10142 2249 30 2282 2273 
10143 2249 30 2273 851 
10144 2249 30 851 852 
10145 2249 30 852 2282 
10146 1117 1913 1135 1946 
10147 1135 721 1134 2026 
10148 1946 718 1134 1117 
10149 1946 2026 1966 1827 
10150 1134 1946 1135 2026 
10151 1134 1946 2026 1966 
10152 1946 718 1117 1963 
10153 1134 1946 1117 1135 
10154 2217 31 857 2274 
10155 857 790 859 2161 
10156 850 859 670 2217 
10157 2274 2162 1839 2161 
10158 2217 857 2161 2274 
10159 2217 31 2274 2273 
10160 2217 857 850 859 
10161 2217 857 859 2161 
10162 1845 1853 2171 1905 
10163 1853 1807 2109 1906 
10164 2171 2109 1846 2108 
10165 1905 1906 2108 1820 
10166 1853 2171 1905 1906 
10167 1853 1906 2109 2171 
10168 2171 1905 1906 2108 
10169 2171 2108 1906 2109 
10170 777 1880 1279 1270 
10171 686 963 964 2233 
10172 1279 2198 779 947 
10173 1270 1880 947 798 
10174 1922 1991 2331 2246 
10175 1922 1943 2331 1991 
10176 1279 1270 1880 947 
10177 1279 947 1880 2198 
10178 35 863 868 1988 
10179 863 758 872 2285 
10180 868 872 767 1990 
10181 2285 1989 1825 1990 
10182 872 1988 863 2285 
10183 872 1988 2285 1990 
10184 872 1988 1990 868 
10185 872 1988 868 863 
10186 743 2294 2295 1192 
10187 2294 1817 2244 2296 
10188 2305 2295 2315 1835 
10189 1920 2331 2246 1922 
10190 2294 2295 1192 2296 
10191 2294 2296 2244 2295 
10192 1920 1922 1943 2331 
10193 1943 2331 1991 1848 
10194 716 1087 1104 1930 
10195 1087 711 1105 2195 
10196 1104 1105 723 2058 
10197 1930 2195 2058 1830 
10198 1105 1930 1087 2195 
10199 1105 1930 2195 2058 
10200 1105 1930 2058 1104 
10201 1105 1930 1104 1087 
10202 669 2297 2258 1980 
10203 2297 1813 1917 2136 
10204 2258 1917 1817 1863 
10205 1980 2136 1863 1840 
10206 1863 2297 1980 2258 
10207 1863 2297 2258 1917 
10208 1863 2297 1917 2136 
10209 1863 2297 2136 1980 
10210 683 955 956 2248 
10211 955 681 957 2142 
10212 956 957 802 2087 
10213 2248 2142 2087 1837 
10214 955 956 2248 2142 
10215 955 2142 957 956 
10216 956 2248 2142 2087 
10217 956 2087 2142 957 
10218 710 1090 1094 2143 
10219 1090 1910 709 1095 
10220 1094 1095 712 1904 
10221 1922 2246 1836 1991 
10222 1090 1094 2143 1904 
10223 1090 1904 1095 1094 
10224 1920 1846 2246 2331 
10225 1804 1920 1922 1943 
10226 2217 31 2273 850 
10227 850 670 2122 2217 
10228 2273 2122 1829 2188 
10229 2274 2162 2161 2217 
10230 2217 31 850 857 
10231 850 2217 2122 2273 
10232 2273 2274 2217 2188 
10233 2273 2188 2217 2122 
10234 1266 2177 776 1272 
10235 1272 775 1274 2223 
10236 1266 1274 777 2293 
10237 2225 2326 2331 2330 
10238 2225 1991 2331 2326 
10239 1272 2223 1274 1266 
10240 2246 2331 2330 2225 
10241 1266 2293 2223 1274 
10242 760 2298 918 2299 
10243 2298 1817 2258 2180 
10244 897 2283 918 2258 
10245 2299 2180 2283 1847 
10246 2258 2299 2298 2180 
10247 2258 2299 2180 2283 
10248 2258 2299 2283 918 
10249 2258 2299 918 2298 
10250 1816 2200 2301 2256 
10251 2200 1844 2300 2303 
10252 2301 2300 695 2302 
10253 2256 2303 2302 1849 
10254 2200 2301 2256 2303 
10255 2200 2303 2300 2301 
10256 2301 2256 2303 2302 
10257 2301 2302 2303 2300 
10258 2304 749 2134 2210 
10259 2246 2225 1991 2331 
10260 1207 2159 732 2304 
10261 2210 2134 2304 1834 
10262 1991 2331 2326 1848 
10263 2225 2330 1811 2326 
10264 2304 749 2210 932 
10265 1207 2304 2134 2159 
10266 2246 1846 2330 2331 
10267 2296 1817 2244 2174 
10268 2305 2295 1835 2244 
10269 2296 2174 2305 1843 
10270 1836 2246 2225 1991 
10271 1190 2333 2181 1232 
10272 1190 2295 2181 2333 
10273 2296 2305 2174 2244 
10274 2174 1862 1817 1871 
10275 1865 1822 1928 1968 
10276 1870 1928 1806 1967 
10277 1870 1843 1968 1967 
10278 1865 1870 2174 1968 
10279 1865 1968 1928 1870 
10280 1870 1843 1967 2229 
10281 1870 1967 1968 1928 
10282 1849 2302 2306 2303 
10283 2302 695 1024 2300 
10284 2306 1024 698 2307 
10285 2303 2300 2307 1844 
10286 2302 2306 2303 2300 
10287 2302 2300 1024 2306 
10288 2306 2303 2300 2307 
10289 2306 2307 2300 1024 
10290 701 2254 1045 2309 
10291 2254 1818 2308 2271 
10292 1045 2308 699 2310 
10293 2309 2271 2310 1838 
10294 2308 2309 2254 2271 
10295 2308 2309 2271 2310 
10296 2308 2309 2310 1045 
10297 2308 2309 1045 2254 
10298 1833 2242 2084 2006 
10299 2242 1836 1992 2190 
10300 2084 1992 1808 2162 
10301 2006 2190 2162 1839 
10302 2162 2242 2190 2006 
10303 2162 2242 2006 2084 
10304 2162 2242 2084 1992 
10305 2162 2242 1992 2190 
10306 792 1041 1042 2262 
10307 1041 698 1039 2262 
10308 1042 1039 700 2263 
10309 975 2181 1232 1190 
10310 975 1190 2295 2181 
10311 1041 2262 1039 1042 
10312 2295 2181 2333 1835 
10313 1042 2263 2262 1039 
10314 669 2154 2258 2297 
10315 2258 1817 1917 2180 
10316 2297 1917 1813 2157 
10317 1190 1232 769 2333 
10318 2258 2157 1917 2297 
10319 2258 1917 2157 2180 
10320 975 737 1232 2181 
10321 1990 930 1987 2047 
10322 760 920 918 2298 
10323 2298 714 897 2239 
10324 897 2283 2258 894 
10325 2298 2239 2258 1817 
10326 2298 714 2239 1120 
10327 897 2298 2239 2258 
10328 897 2298 2258 918 
10329 897 2298 918 920 
10330 1818 2271 2254 2112 
10331 2271 1838 2309 2311 
10332 2254 2309 701 1896 
10333 2112 2311 1896 1842 
10334 2271 2254 2112 2311 
10335 2271 2311 2309 2254 
10336 2254 2112 2311 1896 
10337 2254 1896 2311 2309 
10338 732 2158 1211 2304 
10339 2158 1814 2289 2093 
10340 2304 750 2312 2289 
10341 2304 2093 2312 1834 
10342 2289 2304 2158 2093 
10343 2289 2304 2093 2312 
10344 2304 750 2289 1211 
10345 2289 2304 1211 2158 
10346 1815 2292 1956 2098 
10347 2267 2288 1956 2109 
10348 1956 2109 1807 2116 
10349 2098 2267 2116 1850 
10350 2292 1956 2098 2267 
10351 2267 2288 2109 1846 
10352 1956 2098 2267 2116 
10353 1956 2116 2267 2109 
10354 674 860 2192 2252 
10355 860 756 2250 2251 
10356 2192 2250 1814 2189 
10357 2252 2251 2189 1839 
10358 860 2192 2252 2251 
10359 860 2251 2250 2192 
10360 2192 2252 2251 2189 
10361 2192 2189 2251 2250 
10362 27 2204 26 2215 
10363 2204 1813 2290 2091 
10364 26 2290 25 2313 
10365 2091 2335 2313 2215 
10366 2313 2204 2091 2215 
10367 2313 2204 2215 26 
10368 2313 2204 26 2290 
10369 2313 2204 2290 2091 
10370 1850 2096 2098 2002 
10371 2096 1823 1889 2314 
10372 2096 2292 2314 1889 
10373 743 975 1190 2295 
10374 2096 2292 1889 2098 
10375 2096 2292 2098 2002 
10376 697 2199 2340 1014 
10377 1014 2300 2199 2340 
10378 756 921 860 2250 
10379 921 751 922 2065 
10380 860 922 674 2192 
10381 2250 2065 2192 1814 
10382 2192 921 2065 2250 
10383 2192 921 2250 860 
10384 2192 921 860 922 
10385 2192 921 922 2065 
10386 734 1000 1001 2046 
10387 1000 690 986 1933 
10388 1001 986 771 2272 
10389 2046 1933 2272 1819 
10390 1000 1001 2046 1933 
10391 1000 1933 986 1001 
10392 1001 2046 1933 2272 
10393 1001 2272 1933 986 
10394 1013 2199 1015 1014 
10395 2315 1835 2243 2305 
10396 2328 2243 2229 2316 
10397 2316 2305 2229 1843 
10398 1013 1014 2300 2199 
10399 2315 2305 2243 2316 
10400 2300 2199 2340 1844 
10401 2316 2229 2305 2243 
10402 702 2235 2148 1049 
10403 1064 1065 705 2202 
10404 2148 1818 1831 2265 
10405 1049 2263 2265 700 
10406 2265 2235 2263 1049 
10407 2265 2235 1049 2148 
10408 2265 2235 2148 1818 
10409 2265 2235 1818 2263 
10410 728 1193 2315 2316 
10411 697 2199 1014 1015 
10412 2305 2295 2244 2296 
10413 2316 2296 2305 1843 
10414 1193 2315 2316 2296 
10415 1013 693 1015 2199 
10416 2315 2316 2296 2305 
10417 695 1013 1014 2300 
10418 686 2253 968 2233 
10419 2253 1819 1897 1900 
10420 968 1897 687 1899 
10421 2233 1900 1899 1837 
10422 1899 2253 1900 2233 
10423 1899 2253 2233 968 
10424 1899 2253 968 1897 
10425 1899 2253 1897 1900 
10426 789 936 2218 2214 
10427 2218 750 2289 2312 
10428 2218 2289 1814 2093 
10429 2214 2312 2093 1834 
10430 936 2218 2214 2312 
10431 2218 750 2312 936 
10432 2218 2214 2312 2093 
10433 2218 2093 2312 2289 
10434 700 1040 1044 2263 
10435 1040 699 1045 2308 
10436 1044 1045 701 2254 
10437 2263 2308 2254 1818 
10438 1040 1044 2263 2308 
10439 1040 2308 1045 1044 
10440 1044 2263 2308 2254 
10441 1044 2254 2308 1045 
10442 791 2163 2275 1223 
10443 2163 1819 2100 2046 
10444 2275 2100 1823 2099 
10445 1223 2046 2099 734 
10446 2099 2163 1223 2275 
10447 2099 2163 2275 2100 
10448 2099 2163 2100 2046 
10449 2099 2163 2046 1223 
10450 792 1041 2262 2291 
10451 1041 698 2262 2306 
10452 1048 2017 2310 1036 
10453 2291 2306 2257 1849 
10454 1041 2262 2291 2306 
10455 1048 2336 2310 2017 
10456 2262 2291 2306 2257 
10457 1047 2310 1036 1048 
10458 1806 1931 1928 1869 
10459 1955 1932 2317 1830 
10460 1928 1932 1822 1866 
10461 1869 2317 1866 1804 
10462 1866 1931 2317 1869 
10463 1866 1931 1869 1928 
10464 1866 1931 1928 1932 
10465 1866 1931 1932 2317 
10466 1850 2096 2002 2232 
10467 2096 1823 2314 2101 
10468 2002 2314 1848 1874 
10469 2232 2101 1874 1809 
10470 1874 2096 2101 2232 
10471 1874 2096 2232 2002 
10472 1874 2096 2002 2314 
10473 1874 2096 2314 2101 
10474 698 2307 2262 2306 
10475 2307 1844 2270 2303 
10476 2262 2270 1818 2257 
10477 2306 2303 2257 1849 
10478 2307 2262 2306 2303 
10479 2307 2303 2270 2262 
10480 2262 2306 2303 2257 
10481 2262 2257 2303 2270 
10482 1849 2306 2302 2318 
10483 2306 698 1024 1026 
10484 2302 1024 695 1023 
10485 2302 818 2318 1026 
10486 2306 2302 2318 1026 
10487 2306 1026 1024 2302 
10488 2302 818 1026 1023 
10489 2302 1023 1026 1024 
10490 1266 2177 1272 2223 
10491 2223 1821 2293 2222 
10492 1266 2293 777 2319 
10493 2268 2130 2319 2222 
10494 2319 2177 2222 2130 
10495 2319 2177 2130 1266 
10496 2319 2223 1266 2293 
10497 2319 2223 2293 2222 
10498 732 2158 2304 2159 
10499 2158 1814 2093 1986 
10500 2304 2093 1834 2134 
10501 2159 1986 2134 1827 
10502 2158 2304 2159 1986 
10503 2158 1986 2093 2304 
10504 2304 2159 1986 2134 
10505 2304 2134 1986 2093 
10506 1813 1893 1860 2126 
10507 979 978 686 2253 
10508 1860 1891 1808 2120 
10509 2126 1893 2120 1829 
10510 981 771 978 2272 
10511 2120 1893 2126 1860 
10512 2120 1893 1860 1891 
10513 745 981 979 2164 
10514 740 2226 1242 2024 
10515 1047 1048 2336 2310 
10516 1242 2245 763 1982 
10517 2024 2245 1982 1840 
10518 2226 1242 2024 2245 
10519 2336 2310 2017 1838 
10520 1242 2024 2245 1982 
10521 1048 1036 805 2017 
10522 784 1960 1128 2012 
10523 1960 1821 2223 1852 
10524 1276 2260 2223 775 
10525 2012 1852 2260 1845 
10526 2260 1960 1852 2012 
10527 2260 1960 2012 1128 
10528 1276 2260 775 1128 
10529 2260 1960 2223 1852 
10530 777 1880 1265 2319 
10531 1880 1841 2320 2268 
10532 1265 2320 766 2321 
10533 2268 2130 2222 1832 
10534 2320 2319 1880 2268 
10535 2320 2319 2268 2321 
10536 2320 2319 2321 1265 
10537 2320 2319 1265 1880 
10538 2302 818 1023 1022 
10539 1022 696 1018 2322 
10540 1023 1018 695 2302 
10541 2318 2322 2302 1849 
10542 2302 1022 2322 2318 
10543 2302 818 1022 2318 
10544 2302 1022 1023 1018 
10545 2302 1022 1018 2322 
10546 1815 2113 2196 2236 
10547 2113 779 2198 946 
10548 2196 2198 1841 1879 
10549 2236 946 1879 678 
10550 2198 2236 2196 2113 
10551 2198 2236 2113 946 
10552 2198 2236 946 1879 
10553 2198 2236 1879 2196 
10554 753 1119 1120 2279 
10555 1119 752 1121 2173 
10556 1120 1121 714 2239 
10557 2279 2173 2239 1817 
10558 1119 1120 2279 2173 
10559 1119 2173 1121 1120 
10560 1120 2279 2173 2239 
10561 1120 2239 2173 1121 
10562 688 982 987 1944 
10563 982 689 988 2238 
10564 987 988 772 2145 
10565 1944 2238 2145 1828 
10566 988 1944 982 2238 
10567 988 1944 2238 2145 
10568 988 1944 2145 987 
10569 988 1944 987 982 
10570 1841 2206 2320 2268 
10571 2206 675 927 2047 
10572 2320 927 766 2321 
10573 2268 2047 2321 1832 
10574 2321 2206 2268 2320 
10575 2321 2206 2320 927 
10576 2321 2206 927 2047 
10577 2321 2206 2047 2268 
10578 1824 1955 1931 2107 
10579 1955 1932 1830 1930 
10580 1047 699 1036 2310 
10581 2107 2317 1869 1804 
10582 1955 1931 2107 2317 
10583 719 1047 1048 2336 
10584 1931 2107 2317 1869 
10585 1127 2329 2168 1125 
10586 1109 2072 1114 713 
10587 2072 1820 1904 1905 
10588 1100 1904 712 1903 
10589 1127 2260 2168 2329 
10590 1126 2168 1125 1127 
10591 2072 1905 1904 1100 
10592 1126 1127 2260 2168 
10593 1100 1903 1905 1904 
10594 743 2294 1192 976 
10595 2279 2294 1817 2298 
10596 1192 2296 800 1246 
10597 2294 760 2298 1246 
10598 2294 760 1246 976 
10599 1246 2294 976 1192 
10600 1246 2294 1192 2296 
10601 2279 2294 2298 1246 
10602 739 1202 1203 1997 
10603 1997 730 1202 1204 
10604 1203 1204 747 2013 
10605 2284 1995 2013 1997 
10606 1997 730 1204 2284 
10607 1204 1997 2284 2013 
10608 1204 1997 2013 1203 
10609 1204 1997 1203 1202 
10610 801 1063 1171 2061 
10611 1063 724 1172 1894 
10612 1171 1172 787 2032 
10613 2061 1894 2032 1842 
10614 1172 2061 1063 1894 
10615 1172 2061 1894 2032 
10616 1172 2061 2032 1171 
10617 1172 2061 1171 1063 
10618 752 1119 1178 1968 
10619 1119 753 1187 2280 
10620 1178 1187 727 1907 
10621 1968 2280 1907 1843 
10622 1119 1178 1968 2280 
10623 1119 2280 1187 1178 
10624 1178 1968 2280 1907 
10625 1178 1907 2280 1187 
10626 742 2140 2219 1184 
10627 2140 1806 2069 2066 
10628 2339 2069 2068 2219 
10629 1184 2066 2068 807 
10630 2068 2140 1184 2219 
10631 2068 2140 2219 2069 
10632 2068 2140 2069 2066 
10633 2068 2140 2066 1184 
10634 35 862 34 2004 
10635 862 668 861 2160 
10636 34 861 33 2323 
10637 2004 2160 2323 1839 
10638 862 34 2004 2160 
10639 862 2160 861 34 
10640 34 2004 2160 2323 
10641 34 2323 2160 861 
10642 686 964 965 2233 
10643 964 683 966 2248 
10644 965 966 744 2230 
10645 2233 2248 2230 1837 
10646 2230 964 2248 2233 
10647 2230 964 2233 965 
10648 2230 964 965 966 
10649 2230 964 966 2248 
10650 2260 2168 2329 1845 
10651 2062 759 1258 1259 
10652 1990 930 1258 767 
10653 2062 809 930 2047 
10654 1127 1125 715 2329 
10655 930 2062 1990 1258 
10656 1126 774 1125 2168 
10657 930 2062 1258 1259 
10658 1812 1923 2092 1882 
10659 1923 1813 2091 2136 
10660 2092 2091 1834 2245 
10661 1882 2136 2245 1840 
10662 2091 1882 1923 2136 
10663 2091 1882 2136 2245 
10664 2091 1882 2245 2092 
10665 2091 1882 2092 1923 
10666 1816 2094 2211 2301 
10667 2094 693 1008 1013 
10668 2211 1008 694 1012 
10669 2301 1013 1012 695 
10670 1008 2301 2211 2094 
10671 1008 2301 2094 1013 
10672 1008 2301 1013 1012 
10673 1008 2301 1012 2211 
10674 777 1880 2319 2293 
10675 1880 1841 2268 2197 
10676 2268 2130 1832 2321 
10677 2293 2197 2222 1821 
10678 1880 2319 2293 2197 
10679 1880 2197 2268 2319 
10680 2319 2293 2197 2222 
10681 2319 2222 2197 2268 
10682 780 1281 1282 1939 
10683 1281 779 1280 2114 
10684 1282 1280 778 2237 
10685 1939 2114 2237 1821 
10686 1280 1939 1281 2114 
10687 1280 1939 2114 2237 
10688 1280 1939 2237 1282 
10689 1280 1939 1282 1281 
10690 743 2294 976 2324 
10691 2294 1817 2298 2180 
10692 2294 760 976 2299 
10693 2324 2180 2299 1847 
10694 2299 2294 2180 2324 
10695 2299 2294 2324 976 
10696 2294 760 2299 2298 
10697 2299 2294 2298 2180 
10698 737 973 1229 2209 
10699 973 736 1230 2082 
10700 973 2081 2082 1230 
10701 775 1126 1127 2260 
10702 973 2081 1230 1229 
10703 973 2081 1229 2209 
10704 2341 1972 2003 2342 
10705 2341 1972 2342 1150 
10706 694 2211 1019 2255 
10707 2062 809 2047 1262 
10708 1019 2316 728 2315 
10709 2255 2243 2315 1835 
10710 2189 2224 2018 2049 
10711 2189 2224 1953 2018 
10712 2189 2224 2190 1953 
10713 2189 2190 2049 1839 
10714 27 846 28 2205 
10715 846 789 845 2213 
10716 28 845 29 2282 
10717 2205 2213 2282 1829 
10718 846 28 2205 2213 
10719 846 2213 845 28 
10720 28 2205 2213 2282 
10721 28 2282 2213 845 
10722 2292 1889 2098 1815 
10723 2325 1823 2051 2314 
10724 2325 2051 1811 2326 
10725 762 2341 1150 1972 
10726 2341 1972 1890 2003 
10727 2325 1823 2314 1889 
10728 762 2341 1972 1890 
10729 2325 2326 2314 2051 
10730 2342 2003 1838 1972 
10731 2258 669 898 896 
10732 2239 898 817 899 
10733 2239 896 899 714 
10734 1958 1890 2228 1815 
10735 2258 896 898 2239 
10736 812 2341 2342 1150 
10737 2239 899 896 898 
10738 2304 749 932 1207 
10739 1207 732 1211 2304 
10740 2304 750 1211 932 
10741 2210 2304 2312 1834 
10742 2304 749 1207 2134 
10743 1207 2304 1211 932 
10744 932 2210 2304 2312 
10745 2304 750 932 2312 
10746 1815 2113 2236 2228 
10747 2113 779 946 945 
10748 2236 946 678 824 
10749 2228 945 824 781 
10750 824 2113 2228 2236 
10751 824 2113 2236 946 
10752 824 2113 946 945 
10753 824 2113 945 2228 
10754 699 2310 2308 2327 
10755 2310 1838 2271 2241 
10756 2308 2271 1818 2270 
10757 2327 2241 2270 1844 
10758 2310 2308 2327 2241 
10759 2310 2241 2271 2308 
10760 2308 2327 2241 2270 
10761 2308 2270 2241 2271 
10762 782 1166 1167 2184 
10763 1166 725 1130 1929 
10764 1167 1130 723 2057 
10765 2184 1929 2057 1822 
10766 2057 1166 1929 2184 
10767 2057 1166 2184 1167 
10768 2057 1166 1167 1130 
10769 2057 1166 1130 1929 
10770 784 1128 1960 1277 
10771 1276 2260 1128 1960 
10772 1960 2223 1821 2237 
10773 1277 1276 2237 778 
10774 1128 1960 1277 1276 
10775 1276 2260 1960 2223 
10776 1960 1277 1276 2237 
10777 1960 2237 1276 2223 
10778 699 2308 1034 2327 
10779 2308 1818 2262 2270 
10780 1034 2262 698 2307 
10781 2327 2270 2307 1844 
10782 2307 2308 2270 2327 
10783 2307 2308 2327 1034 
10784 2307 2308 1034 2262 
10785 2307 2308 2262 2270 
10786 782 1167 1170 2184 
10787 1167 723 1168 2057 
10788 1170 1168 733 1976 
10789 2184 2057 1976 1822 
10790 1976 1167 2057 2184 
10791 1976 1167 2184 1170 
10792 1976 1167 1170 1168 
10793 1976 1167 1168 2057 
10794 696 2328 1018 2322 
10795 2328 1816 2301 2256 
10796 1018 2301 695 2302 
10797 2322 2256 2302 1849 
10798 2302 2328 2256 2322 
10799 2302 2328 2322 1018 
10800 2302 2328 1018 2301 
10801 2302 2328 2301 2256 
10802 756 854 1251 2250 
10803 854 789 936 2218 
10804 2218 750 936 1251 
10805 2250 2218 2289 1814 
10806 854 1251 2250 2218 
10807 854 2218 936 1251 
10808 1251 2250 2218 2289 
10809 2218 750 1251 2289 
10810 2255 814 1021 1010 
10811 1010 694 1019 2255 
10812 1021 1019 728 2315 
10813 2259 2255 2315 1835 
10814 2255 814 1010 2231 
10815 1010 2255 1019 1021 
10816 1021 2259 2255 2315 
10817 1021 2315 2255 1019 
10818 1955 2169 2194 2144 
10819 2194 711 1093 1085 
10820 2144 1093 783 1091 
10821 2169 1085 1091 708 
10822 2194 2144 2169 1085 
10823 2194 1085 1093 2144 
10824 2144 2169 1085 1091 
10825 2144 1091 1085 1093 
10826 1816 2172 1875 2243 
10827 2172 1828 1919 2231 
10828 1875 1919 1810 2183 
10829 2243 2231 2183 1835 
10830 2172 1875 2243 2231 
10831 2172 2231 1919 1875 
10832 1875 2243 2231 2183 
10833 1875 2183 2231 1919 
10834 804 908 878 2175 
10835 908 791 1249 2165 
10836 2175 748 2138 2165 
10837 2175 2165 2138 1833 
10838 908 878 2175 2165 
10839 908 2165 1249 878 
10840 2175 748 2165 878 
10841 2165 748 2138 1247 
10842 2178 887 2187 1887 
10843 1253 753 2279 2280 
10844 2296 2279 1817 2174 
10845 2296 2280 2174 1843 
10846 2178 887 1887 821 
10847 1253 2280 2279 2296 
10848 2178 887 821 882 
10849 2296 2174 2280 2279 
10850 715 1115 1109 2329 
10851 1115 717 1114 1915 
10852 1109 2072 713 1100 
10853 2329 1915 1905 1845 
10854 1115 1109 2329 1915 
10855 1115 1915 1114 1109 
10856 1109 2329 1915 1905 
10857 1912 1109 1915 1905 
10858 704 1065 2027 1070 
10859 1069 2202 1065 2027 
10860 2118 2031 2011 2027 
10861 2027 706 1070 1069 
10862 1065 2027 1070 1069 
10863 1069 2202 2027 2011 
10864 2027 706 1069 2118 
10865 2027 2118 1069 2011 
10866 1814 1986 1952 2093 
10867 1986 1827 1965 2134 
10868 1952 1965 1812 2092 
10869 1952 1834 2134 2092 
10870 1986 1952 2093 2134 
10871 1986 2134 1965 1952 
10872 1952 1834 2092 1923 
10873 1952 2092 2134 1965 
10874 1805 2001 1951 1924 
10875 2001 1825 2018 2224 
10876 1951 2018 1814 1953 
10877 1924 2224 1953 1836 
10878 2001 1951 1924 2224 
10879 2001 2224 2018 1951 
10880 1951 1924 2224 1953 
10881 1951 1953 2224 2018 
10882 725 1166 1179 1929 
10883 1166 782 1180 2184 
10884 1179 1180 752 2070 
10885 1929 2184 2070 1822 
10886 2070 1166 2184 1929 
10887 2070 1166 1929 1179 
10888 2070 1166 1179 1180 
10889 2070 1166 1180 2184 
10890 25 2290 829 1981 
10891 2290 1813 2297 2136 
10892 829 2297 669 1980 
10893 1981 2136 1980 1840 
10894 2297 1981 2290 2136 
10895 2297 1981 2136 1980 
10896 2297 1981 1980 829 
10897 2297 1981 829 2290 
10898 1028 2328 696 2220 
10899 2178 887 882 2187 
10900 2328 2243 2211 1816 
10901 2220 2316 2229 1843 
10902 1028 2328 2220 2316 
10903 2178 1887 2187 1823 
10904 2328 2220 2316 2229 
10905 882 887 671 2187 
10906 795 1262 1260 2071 
10907 2062 809 1262 1259 
10908 1260 1259 759 2062 
10909 2071 2047 2062 1832 
10910 2062 1262 2047 2071 
10911 2062 1262 2071 1260 
10912 2062 1262 1260 1259 
10913 2062 809 1259 930 
10914 35 869 862 2007 
10915 869 808 871 2007 
10916 862 871 668 2104 
10917 821 768 887 1887 
10918 41 821 882 2178 
10919 869 2007 871 862 
10920 2208 1885 1889 1888 
10921 862 2104 2007 871 
10922 702 2235 1049 1050 
10923 2235 1818 2263 2254 
10924 1049 2263 700 1044 
10925 1050 2254 1044 701 
10926 1044 2235 2254 1050 
10927 1044 2235 1050 1049 
10928 1044 2235 1049 2263 
10929 1044 2235 2263 2254 
10930 2292 1889 2196 2325 
10931 2325 1811 2330 2326 
10932 2292 2330 1846 2331 
10933 2314 2326 2331 1848 
10934 2331 2325 2326 2314 
10935 2331 2325 2314 2292 
10936 2331 2325 2292 2330 
10937 2331 2325 2330 2326 
10938 1832 2332 2287 2103 
10939 2332 1836 2246 2225 
10940 2287 2246 1846 2330 
10941 2103 2225 2330 1811 
10942 2330 2332 2103 2287 
10943 2330 2332 2287 2246 
10944 2330 2332 2246 2225 
10945 2330 2332 2225 2103 
10946 735 1197 1220 2127 
10947 1197 734 1221 2099 
10948 1220 1221 813 2191 
10949 2127 2099 2191 1823 
10950 1197 1220 2127 2099 
10951 1197 2099 1221 1220 
10952 1220 2127 2099 2191 
10953 1220 2191 2099 1221 
10954 686 968 963 2233 
10955 968 687 967 1899 
10956 1899 684 967 963 
10957 2233 1899 2269 1837 
10958 968 963 2233 1899 
10959 968 1899 967 963 
10960 963 2233 1899 2269 
10961 1899 684 963 2269 
10962 1813 2126 1923 2091 
10963 2126 1829 2147 2216 
10964 1953 2093 2147 1814 
10965 1923 1834 2091 2216 
10966 2126 1923 2091 2216 
10967 2126 2216 2147 1923 
10968 1923 1834 2216 2093 
10969 1923 2093 2216 2147 
10970 1811 2051 2325 2054 
10971 2325 1823 1889 2050 
10972 2292 2196 1889 1815 
10973 2179 2054 2196 2050 
10974 2051 2325 2054 2050 
10975 2325 1823 2050 2051 
10976 2325 2054 2050 2196 
10977 2325 2196 2050 1889 
10978 1832 2332 2103 2064 
10979 2332 1836 2225 2224 
10980 2103 2225 1811 1989 
10981 2064 2224 1989 1825 
10982 1989 2332 2224 2064 
10983 1989 2332 2064 2103 
10984 1989 2332 2103 2225 
10985 1989 2332 2225 2224 
10986 698 1034 1039 2262 
10987 1034 699 1040 2308 
10988 1039 1040 700 2263 
10989 2262 2308 2263 1818 
10990 1034 1039 2262 2308 
10991 1034 2308 1040 1039 
10992 1039 2262 2308 2263 
10993 1039 2263 2308 1040 
10994 1832 2332 2064 2131 
10995 2332 1836 2224 1924 
10996 2064 2224 1825 2001 
10997 2131 1924 2001 1805 
10998 2001 2332 2131 2064 
10999 2001 2332 2064 2224 
11000 2001 2332 2224 1924 
11001 2001 2332 1924 2131 
11002 671 909 885 2187 
11003 909 791 908 2275 
11004 885 908 804 2079 
11005 2187 2275 2079 1823 
11006 908 2187 909 2275 
11007 908 2187 2275 2079 
11008 908 2187 2079 885 
11009 908 2187 885 909 
11010 2149 1958 1957 1842 
11011 1957 780 1285 1287 
11012 2227 1285 781 1286 
11013 2227 816 2149 1287 
11014 1957 2227 2149 1287 
11015 1957 1287 1285 2227 
11016 2227 816 1287 1286 
11017 2227 1286 1287 1285 
11018 733 1168 1169 1994 
11019 1168 723 1106 2058 
11020 1169 1106 730 2284 
11021 1994 2058 2284 1830 
11022 1106 1994 1168 2058 
11023 1106 1994 2058 2284 
11024 1106 1994 2284 1169 
11025 1106 1994 1169 1168 
11026 669 2154 2297 839 
11027 2297 1813 2156 2157 
11028 839 2156 672 2154 
11029 2208 1885 1888 42 
11030 2208 1885 42 2178 
11031 2154 2297 2156 2157 
11032 2208 1885 2178 1889 
11033 2258 2154 894 2283 
11034 724 1174 1172 1894 
11035 1174 816 1173 2149 
11036 1172 1173 787 2032 
11037 1894 2149 2032 1842 
11038 1174 1172 1894 2149 
11039 1174 2149 1173 1172 
11040 1172 1894 2149 2032 
11041 1172 2032 2149 1173 
11042 2177 775 1126 1272 
11043 1272 776 1271 2177 
11044 1126 1271 774 2168 
11045 2260 2177 2168 1845 
11046 2177 775 1272 2223 
11047 1272 2177 1271 1126 
11048 1126 2260 2177 2168 
11049 1126 2168 2177 1271 
11050 680 2119 949 2121 
11051 2119 1826 2207 1893 
11052 949 2207 797 1893 
11053 2178 1889 1885 1823 
11054 2119 949 2121 1893 
11055 2119 1893 2207 949 
11056 42 1888 3 1885 
11057 2208 1815 1888 1889 
11058 814 1195 1011 2259 
11059 1195 769 1233 2333 
11060 1011 1233 772 2182 
11061 2259 2333 2182 1835 
11062 2182 1195 2333 2259 
11063 2182 1195 2259 1011 
11064 2182 1195 1011 1233 
11065 2182 1195 1233 2333 
11066 780 1957 1285 1281 
11067 1957 1815 2228 2113 
11068 1285 2228 781 945 
11069 1281 2113 945 779 
11070 1957 1285 1281 2113 
11071 1957 2113 2228 1285 
11072 1285 1281 2113 945 
11073 1285 945 2113 2228 
11074 1808 1992 2084 1859 
11075 1992 1836 2242 1991 
11076 2084 2242 1833 2334 
11077 1859 1991 2334 1848 
11078 2242 1859 2084 1992 
11079 2242 1859 1992 1991 
11080 2242 1859 1991 2334 
11081 2242 1859 2334 2084 
11082 41 2208 42 2178 
11083 2022 794 1210 2132 
11084 2015 1210 1142 810 
11085 1965 2132 2015 1812 
11086 855 2286 2252 866 
11087 855 2286 866 864 
11088 2022 1965 2132 2015 
11089 2022 2015 2132 1210 
11090 1816 2094 2301 2200 
11091 2094 693 1013 2199 
11092 2301 1013 695 2300 
11093 2200 2199 2300 1844 
11094 2094 2301 2200 2199 
11095 2094 2199 1013 2301 
11096 2301 2200 2199 2300 
11097 2301 2300 2199 1013 
11098 41 2208 820 42 
11099 2208 1815 2236 1888 
11100 820 2236 678 819 
11101 42 1888 819 3 
11102 819 2208 1888 42 
11103 819 2208 42 820 
11104 819 2208 820 2236 
11105 819 2208 2236 1888 
11106 679 901 948 2276 
11107 901 680 949 2121 
11108 948 949 797 1893 
11109 2276 2121 1893 1829 
11110 901 948 2276 2121 
11111 901 2121 949 948 
11112 948 2276 2121 1893 
11113 948 1893 2121 949 
11114 728 1027 1193 2316 
11115 1027 754 1194 1909 
11116 1193 1194 800 2296 
11117 2316 1909 2296 1843 
11118 2296 1027 1909 2316 
11119 2296 1027 2316 1193 
11120 2296 1027 1193 1194 
11121 2296 1027 1194 1909 
11122 1832 2332 2131 2287 
11123 2332 1836 1924 2246 
11124 2131 1924 1805 2135 
11125 2287 2246 2135 1846 
11126 2135 2332 2246 2287 
11127 2135 2332 2287 2131 
11128 2135 2332 2131 1924 
11129 2135 2332 1924 2246 
11130 2085 744 891 890 
11131 890 802 889 2085 
11132 891 889 668 2104 
11133 2139 2085 2104 1833 
11134 2085 744 890 2230 
11135 890 2085 889 891 
11136 891 2139 2085 2104 
11137 891 2104 2085 889 
11138 2215 676 847 2335 
11139 847 789 846 2214 
11140 835 846 27 2215 
11141 2335 2216 2091 1834 
11142 2215 847 2214 2335 
11143 2215 676 2335 836 
11144 2215 847 835 846 
11145 2215 847 846 2214 
11146 794 1209 1244 2133 
11147 1209 749 934 2210 
11148 2133 764 934 1244 
11149 2210 2092 2247 2133 
11150 934 2133 1209 2210 
11151 934 2133 2210 2247 
11152 2133 764 1244 2226 
11153 934 2133 1244 1209 
11154 688 971 969 1969 
11155 971 770 961 2170 
11156 1969 684 961 969 
11157 2269 1898 1837 1899 
11158 961 1969 971 2170 
11159 961 1969 2170 2269 
11160 1969 684 969 967 
11161 961 1969 969 971 
11162 25 837 840 2290 
11163 837 815 841 2124 
11164 840 841 672 2156 
11165 2290 2124 2156 1813 
11166 837 840 2290 2124 
11167 837 2124 841 840 
11168 840 2290 2124 2156 
11169 840 2156 2124 841 
11170 743 2294 2324 2295 
11171 2294 1817 2180 2244 
11172 2324 2180 1847 2261 
11173 2295 2244 2261 1835 
11174 2294 2324 2295 2244 
11175 2294 2244 2180 2324 
11176 2324 2295 2244 2261 
11177 2324 2261 2244 2180 
11178 800 1253 1246 2296 
11179 1253 753 1123 2279 
11180 1246 1123 760 2298 
11181 2279 2294 1246 2296 
11182 1253 1246 2296 2279 
11183 1253 2279 1123 1246 
11184 2279 2294 2296 1817 
11185 1246 2298 2279 1123 
11186 814 1011 1009 2231 
11187 1011 772 996 2145 
11188 1009 996 692 2281 
11189 2231 2145 2281 1828 
11190 996 2231 1011 2145 
11191 996 2231 2145 2281 
11192 996 2231 2281 1009 
11193 996 2231 1009 1011 
11194 715 1109 1110 2329 
11195 1109 2072 1100 1905 
11196 1110 1100 712 1903 
11197 2329 1905 1903 1845 
11198 1109 1110 2329 1905 
11199 1109 1905 1100 1110 
11200 1110 2329 1905 1903 
11201 1110 1903 1905 1100 
11202 817 899 1122 2239 
11203 899 714 1121 2239 
11204 1122 1121 752 2173 
11205 855 2286 864 2323 
11206 855 2286 2323 2252 
11207 899 2239 1121 1122 
11208 2323 2252 2286 1839 
11209 1122 2173 2239 1121 
11210 742 2140 1184 1181 
11211 2140 1806 2066 1950 
11212 1184 2066 807 1183 
11213 1181 1950 1183 726 
11214 1183 2140 1950 1181 
11215 1183 2140 1181 1184 
11216 1183 2140 1184 2066 
11217 1183 2140 2066 1950 
11218 750 1212 1251 2289 
11219 1212 751 921 2065 
11220 1251 921 756 2250 
11221 2289 2065 2250 1814 
11222 921 2289 1212 2065 
11223 921 2289 2065 2250 
11224 921 2289 2250 1251 
11225 921 2289 1251 1212 
11226 1841 2320 2206 1878 
11227 2320 766 927 926 
11228 2206 927 675 886 
11229 1878 926 886 765 
11230 2320 2206 1878 926 
11231 2320 926 927 2206 
11232 2206 1878 926 886 
11233 2206 886 926 927 
11234 864 866 758 2286 
11235 1156 785 1160 1985 
11236 2022 1210 794 1208 
11237 2212 1142 1208 731 
11238 855 674 866 2252 
11239 33 855 864 2323 
11240 2022 2212 1142 1208 
11241 2022 1208 1142 1210 
11242 769 1232 1233 2333 
11243 1232 737 1234 2181 
11244 1233 1234 772 2182 
11245 2333 2181 2182 1835 
11246 1232 1233 2333 2181 
11247 1232 2181 1234 1233 
11248 1233 2333 2181 2182 
11249 1233 2182 2181 1234 
11250 745 2164 979 2166 
11251 2164 1819 2253 2167 
11252 979 2253 686 2234 
11253 2166 2167 2234 1833 
11254 2234 2164 2167 2166 
11255 2234 2164 2166 979 
11256 2234 2164 979 2253 
11257 2234 2164 2253 2167 
11258 738 1068 2038 2067 
11259 1068 792 2264 2291 
11260 2038 2264 1831 2090 
11261 2067 2291 2090 1849 
11262 2264 2067 1068 2291 
11263 2264 2067 2291 2090 
11264 2264 2067 2090 2038 
11265 2264 2067 2038 1068 
11266 815 838 848 2125 
11267 838 27 843 2205 
11268 848 843 679 2276 
11269 2125 2205 2276 1829 
11270 843 2125 838 2205 
11271 843 2125 2205 2276 
11272 843 2125 2276 848 
11273 843 2125 848 838 
11274 761 1148 1149 1971 
11275 1148 719 1048 2336 
11276 1149 1048 805 2017 
11277 1971 2336 2017 1838 
11278 1048 1971 1148 2336 
11279 1048 1971 2336 2017 
11280 1048 1971 2017 1149 
11281 1048 1971 1149 1148 
11282 1820 1941 1906 2106 
11283 1941 1824 1942 2107 
11284 1906 1942 1807 2107 
11285 938 2343 2209 972 
11286 1941 1906 2106 2107 
11287 1941 2107 1942 1906 
11288 938 2082 2209 2343 
11289 973 2209 972 938 
11290 1805 2131 1998 2001 
11291 2131 1832 1998 2064 
11292 973 938 2082 2209 
11293 2001 2064 2000 1825 
11294 2131 1998 2001 2064 
11295 2082 2209 2343 1847 
11296 1998 2001 2064 2000 
11297 938 972 685 2343 
11298 806 1101 1102 1975 
11299 1101 710 1099 2143 
11300 1102 1099 713 2072 
11301 1975 2143 2072 1820 
11302 1099 1975 1101 2143 
11303 1099 1975 2143 2072 
11304 1099 1975 2072 1102 
11305 1099 1975 1102 1101 
11306 1809 1934 2101 1874 
11307 1934 1819 2100 2129 
11308 2101 2100 1823 2314 
11309 1874 2129 2314 1848 
11310 1934 2101 1874 2129 
11311 1934 2129 2100 2101 
11312 2101 1874 2129 2314 
11313 2101 2314 2129 2100 
11314 710 1094 1099 2143 
11315 1094 712 1100 1904 
11316 1099 1100 713 2072 
11317 2143 1904 2072 1820 
11318 1099 1904 2143 1094 
11319 1099 1904 1094 1100 
11320 1099 1904 1100 2072 
11321 1099 1904 2072 2143 
11322 1829 2146 2188 2120 
11323 2146 1836 2190 1992 
11324 2188 2190 1839 2162 
11325 2120 1992 2162 1808 
11326 1992 2188 2120 2162 
11327 1992 2188 2162 2190 
11328 1992 2188 2190 2146 
11329 1992 2188 2146 2120 
11330 668 865 861 2160 
11331 865 790 858 2161 
11332 861 858 33 2323 
11333 2160 2161 2323 1839 
11334 858 2160 865 2161 
11335 858 2160 2161 2323 
11336 858 2160 2323 861 
11337 858 2160 861 865 
11338 25 2313 2290 1981 
11339 2335 2216 1834 2214 
11340 2290 2091 1813 2136 
11341 1981 2245 2136 1840 
11342 2091 1981 2290 2313 
11343 2091 1981 2313 2245 
11344 2091 1981 2245 2136 
11345 2091 1981 2136 2290 
11346 1833 2242 2005 2334 
11347 2242 1836 2225 1991 
11348 2005 2225 1811 2326 
11349 2334 1991 2326 1848 
11350 2326 2242 2334 2005 
11351 2326 2242 2005 2225 
11352 2326 2242 2225 1991 
11353 2326 2242 1991 2334 
11354 781 823 824 2228 
11355 823 3 819 1888 
11356 824 819 678 2236 
11357 2228 1888 2236 1815 
11358 823 824 2228 1888 
11359 823 1888 819 824 
11360 824 2228 1888 2236 
11361 824 2236 1888 819 
11362 973 737 972 2209 
11363 1998 1832 2131 2023 
11364 1998 2131 1805 2023 
11365 736 973 938 2082 
11366 833 2240 1980 898 
11367 833 2240 898 900 
11368 833 2240 900 2277 
11369 833 2240 2277 1980 
11370 682 960 2152 2151 
11371 960 770 2080 2170 
11372 2152 2080 1826 1892 
11373 2151 2170 1892 1837 
11374 960 2152 2151 2170 
11375 960 2170 2080 2152 
11376 2152 2151 2170 1892 
11377 2152 1892 2170 2080 
11378 2341 1175 812 1895 
11379 1263 781 1286 2227 
11380 2227 816 1286 1175 
11381 2149 1958 1842 1895 
11382 2341 1175 1895 2227 
11383 1263 2227 1286 1175 
11384 1175 1895 2227 2149 
11385 2227 816 1175 2149 
11386 792 1053 1068 2264 
11387 1053 703 1066 2278 
11388 1068 1066 738 2038 
11389 2264 2278 2038 1831 
11390 1066 2264 1053 2278 
11391 1066 2264 2278 2038 
11392 1066 2264 2038 1068 
11393 1066 2264 1068 1053 
11394 677 2153 939 2203 
11395 2277 1980 2240 1840 
11396 939 940 736 2082 
11397 2203 2153 2082 1847 
11398 900 898 817 2240 
11399 833 669 898 1980 
11400 939 2203 2153 2082 
11401 939 2082 2153 940 
11402 1815 1956 1958 2098 
11403 1956 1807 1959 2116 
11404 1958 1959 1842 2111 
11405 2098 2116 2111 1850 
11406 2111 1956 2116 2098 
11407 2111 1956 2098 1958 
11408 2111 1956 1958 1959 
11409 2111 1956 1959 2116 
11410 721 2025 1136 1156 
11411 2025 1805 2020 1983 
11412 1136 2020 722 1157 
11413 1156 1983 1157 785 
11414 1157 2025 1983 1156 
11415 1157 2025 1156 1136 
11416 1157 2025 1136 2020 
11417 1157 2025 2020 1983 
11418 37 870 36 2141 
11419 870 808 869 2007 
11420 36 869 35 2007 
11421 741 833 900 2277 
11422 870 36 2141 2007 
11423 870 2007 869 36 
11424 1267 2319 2130 1266 
11425 1267 2319 1266 1265 
11426 1837 2128 2086 2088 
11427 2128 1848 1859 2334 
11428 2086 1859 1808 2084 
11429 2088 2334 2084 1833 
11430 2084 2128 2334 2088 
11431 2084 2128 2088 2086 
11432 2084 2128 2086 1859 
11433 2084 2128 1859 2334 
11434 1267 2319 1265 2321 
11435 1953 1922 1836 1993 
11436 1267 2319 2321 2130 
11437 1953 2093 1814 1952 
11438 2268 2130 2321 2319 
11439 1265 1266 777 2319 
11440 1267 776 1266 2130 
11441 766 1267 1265 2321 
11442 776 1268 1273 2130 
11443 1268 795 1278 2071 
11444 1273 1278 799 2023 
11445 2130 2071 2023 1832 
11446 2023 1268 2071 2130 
11447 2023 1268 2130 1273 
11448 2023 1268 1273 1278 
11449 2023 1268 1278 2071 
11450 1837 2128 2088 1900 
11451 2128 1848 2334 2129 
11452 2088 2334 1833 2167 
11453 1900 2129 2167 1819 
11454 2167 2128 2129 1900 
11455 2167 2128 1900 2088 
11456 2167 2128 2088 2334 
11457 2167 2128 2334 2129 
11458 1820 1961 2014 2106 
11459 2106 1812 2014 1884 
11460 2014 1995 1830 2317 
11461 2106 1884 2317 1804 
11462 2106 1812 1884 1921 
11463 2014 1812 1961 1962 
11464 2014 2106 1884 2317 
11465 2014 2317 1884 1995 
11466 674 923 866 2193 
11467 923 757 925 2019 
11468 866 925 758 2285 
11469 2193 2019 2285 1825 
11470 925 2193 923 2019 
11471 925 2193 2019 2285 
11472 925 2193 2285 866 
11473 925 2193 866 923 
11474 709 1081 1082 1940 
11475 1081 708 1080 2169 
11476 1082 1080 706 2118 
11477 1940 2169 2118 1824 
11478 1080 1940 1081 2169 
11479 1080 1940 2169 2118 
11480 1080 1940 2118 1082 
11481 1080 1940 1082 1081 
11482 706 1075 1069 2118 
11483 1075 707 1074 2089 
11484 1069 1074 705 2011 
11485 2118 2089 2011 1824 
11486 2011 1075 2089 2118 
11487 2011 1075 2118 1069 
11488 2011 1075 1069 1074 
11489 2011 1075 1074 2089 
11490 1850 2111 2110 2116 
11491 2111 1842 2060 1959 
11492 2110 2060 1831 2029 
11493 2116 1959 2029 1807 
11494 2060 2116 2110 2111 
11495 2060 2116 2111 1959 
11496 2060 2116 1959 2029 
11497 2060 2116 2029 2110 
11498 674 2193 866 2252 
11499 2193 1825 2285 2049 
11500 866 2285 758 2286 
11501 2252 2049 2286 1839 
11502 2286 2193 2049 2252 
11503 2286 2193 2252 866 
11504 2286 2193 866 2285 
11505 2286 2193 2285 2049 
11506 694 1012 1017 2211 
11507 1012 695 1018 2301 
11508 1017 1018 696 2328 
11509 2211 2301 2328 1816 
11510 1012 1017 2211 2301 
11511 1012 2301 1018 1017 
11512 1017 2211 2301 2328 
11513 1017 2328 2301 1018 
11514 735 1228 1226 2127 
11515 1228 768 1227 1887 
11516 1226 1227 761 1886 
11517 2127 1887 1886 1823 
11518 1227 2127 1228 1887 
11519 1227 2127 1887 1886 
11520 1227 2127 1886 1226 
11521 1227 2127 1226 1228 
11522 703 1052 1059 2278 
11523 1052 702 1060 2148 
11524 1059 1060 704 2030 
11525 2278 2148 2030 1831 
11526 1052 1059 2278 2148 
11527 1052 2148 1060 1059 
11528 1059 2278 2148 2030 
11529 1059 2030 2148 1060 
11530 707 1079 1084 2089 
11531 1079 708 1085 2169 
11532 1084 1085 711 2194 
11533 2089 2169 2194 1824 
11534 2194 1079 2169 2089 
11535 2194 1079 2089 1084 
11536 2194 1079 1084 1085 
11537 2194 1079 1085 2169 
11538 777 1274 1275 2293 
11539 1274 775 1276 2223 
11540 1275 1276 778 2237 
11541 2293 2223 2237 1821 
11542 1274 1275 2293 2223 
11543 1274 2223 1276 1275 
11544 1275 2293 2223 2237 
11545 1275 2237 2223 1276 
11546 2018 2224 1825 2049 
11547 2325 1811 2054 2330 
11548 2196 2054 1841 2337 
11549 2292 2330 2337 1846 
11550 2337 2325 2330 2292 
11551 2337 2325 2292 2196 
11552 2337 2325 2196 2054 
11553 2337 2325 2054 2330 
11554 738 1067 1078 2038 
11555 1067 705 1076 2202 
11556 1078 1076 788 2010 
11557 2202 2037 2031 2010 
11558 2010 1067 2202 2038 
11559 2010 1067 2038 1078 
11560 2010 1067 1078 1076 
11561 2010 1067 1076 2202 
11562 805 2017 1036 2076 
11563 2017 1838 2310 2241 
11564 1036 2310 699 2327 
11565 2076 2241 2327 1844 
11566 2310 2076 2017 2241 
11567 2310 2076 2241 2327 
11568 2310 2076 2327 1036 
11569 2310 2076 1036 2017 
11570 677 941 939 2153 
11571 941 796 940 2338 
11572 1985 732 1159 2159 
11573 2153 2338 2080 1826 
11574 940 941 2338 2153 
11575 940 941 2153 939 
11576 1159 2026 1985 2159 
11577 1156 1985 1160 1159 
11578 745 1222 981 2164 
11579 1222 734 1001 2046 
11580 981 1001 771 2272 
11581 2164 2046 2272 1819 
11582 1001 2164 1222 2046 
11583 1001 2164 2046 2272 
11584 1001 2164 2272 981 
11585 1001 2164 981 1222 
11586 1823 2176 2051 2314 
11587 2176 1833 2005 2334 
11588 2051 2005 1811 2326 
11589 2314 2334 2326 1848 
11590 2176 2051 2314 2334 
11591 2176 2334 2005 2051 
11592 2051 2314 2334 2326 
11593 2051 2326 2334 2005 
11594 694 1017 1019 2211 
11595 1017 696 1020 2328 
11596 1019 1020 728 2316 
11597 2328 2243 1816 2229 
11598 1017 1019 2211 2328 
11599 1017 2328 1020 1019 
11600 1953 1836 2224 2190 
11601 1019 2316 2328 1020 
11602 686 978 968 2253 
11603 978 771 977 2272 
11604 968 977 687 1897 
11605 2253 2272 1897 1819 
11606 978 968 2253 2272 
11607 978 2272 977 968 
11608 968 2253 2272 1897 
11609 968 1897 2272 977 
11610 933 2335 2312 931 
11611 1970 2127 2016 1886 
11612 1970 2101 1809 2016 
11613 1971 1886 2016 761 
11614 933 2210 2312 2335 
11615 932 2312 931 933 
11616 1970 1971 1886 2016 
11617 1970 2127 1886 1823 
11618 1829 2146 2120 2126 
11619 2146 1836 1992 1993 
11620 2120 1992 1808 1860 
11621 2126 1993 1860 1813 
11622 2146 2120 2126 1993 
11623 2146 1993 1992 2120 
11624 2120 2126 1993 1860 
11625 2120 1860 1993 1992 
11626 669 2154 839 894 
11627 839 672 895 2154 
11628 894 895 673 2283 
11629 2203 2157 2283 2154 
11630 669 2154 894 2258 
11631 839 2154 895 894 
11632 2258 2154 2283 2157 
11633 894 2283 2154 895 
11634 718 1134 1139 1966 
11635 1134 721 1140 2026 
11636 1139 1140 731 2212 
11637 1966 2026 2212 1827 
11638 1140 1966 1134 2026 
11639 1140 1966 2026 2212 
11640 1140 1966 2212 1139 
11641 1140 1966 1139 1134 
11642 758 863 864 2286 
11643 863 35 34 2004 
11644 864 34 33 2323 
11645 2286 2004 2323 1839 
11646 863 864 2286 2004 
11647 863 2004 34 864 
11648 864 2286 2004 2323 
11649 864 2323 2004 34 
11650 932 933 2210 2312 
11651 1953 1922 1993 1923 
11652 1923 1993 1813 1916 
11653 1884 1922 1916 1804 
11654 2210 2312 2335 1834 
11655 933 931 676 2335 
11656 1923 1884 1922 1916 
11657 1923 1916 1922 1993 
11658 696 2220 2328 2322 
11659 932 750 931 2312 
11660 2328 2229 1816 2256 
11661 2322 2220 2256 1849 
11662 749 932 933 2210 
11663 2038 1064 2202 2278 
11664 2328 2322 2220 2256 
11665 2328 2256 2220 2229 
11666 745 979 980 2166 
11667 979 686 965 2234 
11668 2234 744 965 980 
11669 2166 2234 2139 1833 
11670 979 980 2166 2234 
11671 979 2234 965 980 
11672 980 2166 2234 2139 
11673 2234 744 980 2139 
11674 1850 2096 2232 2097 
11675 2096 1823 2101 1970 
11676 2232 2101 1809 1970 
11677 2038 1064 2278 1066 
11678 2096 2232 2097 1970 
11679 2096 1970 2101 2232 
11680 2038 1064 1066 1067 
11681 2038 1064 1067 2202 
11682 753 1120 1123 2279 
11683 2298 714 1120 920 
11684 1123 920 760 2298 
11685 2279 2239 2298 1817 
11686 2298 1120 2239 2279 
11687 2298 1120 2279 1123 
11688 2298 1120 1123 920 
11689 2298 714 920 897 
11690 2154 2297 839 2156 
11691 897 2283 894 673 
11692 2038 2278 2202 1831 
11693 2157 2283 2180 1847 
11694 2258 2154 2157 2297 
11695 1067 1064 705 2202 
11696 2258 2157 2283 2180 
11697 1066 703 1064 2278 
11698 1819 2167 2100 2129 
11699 2167 1833 2176 2334 
11700 2100 2176 1823 2314 
11701 2129 2334 2314 1848 
11702 2167 2100 2129 2334 
11703 2167 2334 2176 2100 
11704 2100 2129 2334 2314 
11705 2100 2314 2334 2176 
11706 25 829 2290 840 
11707 829 669 2297 839 
11708 2290 2297 1813 2156 
11709 840 839 2156 672 
11710 2156 829 840 2290 
11711 2156 829 2290 2297 
11712 2156 829 2297 839 
11713 2156 829 839 840 
11714 770 962 960 2080 
11715 962 796 953 2338 
11716 960 953 682 2152 
11717 2080 2338 2152 1826 
11718 2152 962 2338 2080 
11719 2152 962 2080 960 
11720 2152 962 960 953 
11721 2152 962 953 2338 
11722 1028 2328 2316 1020 
11723 1028 754 1027 1909 
11724 1020 1027 728 2316 
11725 2220 1909 2316 1843 
11726 2316 1028 1909 2220 
11727 1028 2328 1020 696 
11728 2316 1028 1020 1027 
11729 2316 1028 1027 1909 
11730 2292 1889 2325 2314 
11731 2314 1848 2331 2002 
11732 2292 2331 1846 2267 
11733 2098 2002 2267 1850 
11734 2096 2292 2002 2314 
11735 2314 2002 2331 2292 
11736 2292 2098 2002 2267 
11737 2292 2267 2002 2331 
11738 1812 1883 1995 1884 
11739 1883 1822 1932 1866 
11740 1995 1932 1830 2317 
11741 1884 1866 2317 1804 
11742 2317 1883 1884 1995 
11743 2317 1883 1995 1932 
11744 2317 1883 1932 1866 
11745 2317 1883 1866 1884 
11746 674 856 860 2252 
11747 856 31 851 2274 
11748 860 851 756 2251 
11749 2252 2274 2251 1839 
11750 2251 856 2274 2252 
11751 2251 856 2252 860 
11752 2251 856 860 851 
11753 2251 856 851 2274 
11754 770 1231 962 2080 
11755 1156 1159 2026 1985 
11756 962 940 796 2338 
11757 1814 1953 2018 2189 
11758 1231 962 2080 940 
11759 2026 1985 2159 1827 
11760 962 2080 940 2338 
11761 1985 732 1160 1159 
11762 1820 2014 1941 2106 
11763 2014 1830 1955 2317 
11764 1941 1955 1824 2107 
11765 2106 2317 2107 1804 
11766 2014 1941 2106 2317 
11767 2014 2317 1955 1941 
11768 1941 2106 2317 2107 
11769 1941 2107 2317 1955 
11770 691 1003 995 2009 
11771 1003 693 1002 2095 
11772 995 1002 692 2281 
11773 2009 2095 2281 1828 
11774 1003 995 2009 2095 
11775 1003 2095 1002 995 
11776 995 2009 2095 2281 
11777 995 2281 2095 1002 
11778 1806 2037 2040 2069 
11779 2040 1831 1818 2090 
11780 1059 704 1065 2030 
11781 2040 1849 2069 2090 
11782 2037 2040 2069 2090 
11783 2040 1831 2090 2037 
11784 2040 1849 2090 2257 
11785 2040 2257 2090 1818 
11786 779 1279 1280 2114 
11787 1279 777 1275 2293 
11788 1280 1275 778 2237 
11789 2114 2293 2237 1821 
11790 1275 2114 1279 2293 
11791 1275 2114 2293 2237 
11792 1275 2114 2237 1280 
11793 1275 2114 1280 1279 
11794 818 1043 1033 2318 
11795 1043 792 1235 2291 
11796 1033 1235 755 2339 
11797 2318 2291 2339 1849 
11798 1043 1033 2318 2291 
11799 1043 2291 1235 1033 
11800 1033 2318 2291 2339 
11801 1033 2339 2291 1235 
11802 675 929 927 2047 
11803 929 809 928 2047 
11804 927 928 766 2321 
11805 738 1066 1067 2038 
11806 944 1880 2320 1264 
11807 929 2047 928 927 
11808 944 1878 2320 1880 
11809 927 2321 2047 928 
11810 2215 676 836 835 
11811 835 27 26 2215 
11812 836 26 25 2313 
11813 2091 2335 1834 2245 
11814 2215 676 835 847 
11815 835 2215 26 836 
11816 836 2335 2215 2313 
11817 836 2313 2215 26 
11818 3 822 42 1885 
11819 822 768 821 1887 
11820 42 821 41 2178 
11821 1885 1887 2178 1823 
11822 821 1885 822 1887 
11823 821 1885 1887 2178 
11824 821 1885 2178 42 
11825 821 1885 42 822 
11826 715 1125 1115 2329 
11827 1125 774 1124 2168 
11828 1115 1124 717 1915 
11829 2329 2168 1915 1845 
11830 1915 1125 2168 2329 
11831 1915 1125 2329 1115 
11832 1915 1125 1115 1124 
11833 1915 1125 1124 2168 
11834 817 1122 1245 2185 
11835 1122 752 1180 2070 
11836 1245 1180 782 2184 
11837 2185 2070 2184 1822 
11838 1180 2185 1122 2070 
11839 1180 2185 2070 2184 
11840 1180 2185 2184 1245 
11841 1180 2185 1245 1122 
11842 759 1255 1256 2063 
11843 1255 757 1257 2019 
11844 1256 1257 793 2000 
11845 2063 2019 2000 1825 
11846 2000 1255 2019 2063 
11847 2000 1255 2063 1256 
11848 2000 1255 1256 1257 
11849 2000 1255 1257 2019 
11850 1815 2196 2048 2292 
11851 2196 1841 2197 2337 
11852 2048 2197 1821 2288 
11853 2292 2337 2288 1846 
11854 2196 2048 2292 2337 
11855 2196 2337 2197 2048 
11856 2048 2292 2337 2288 
11857 2048 2288 2337 2197 
11858 41 40 883 2179 
11859 40 39 884 2053 
11860 2053 765 884 883 
11861 1878 2054 1841 2179 
11862 40 883 2179 2053 
11863 40 2053 884 883 
11864 883 2179 2053 1878 
11865 2053 765 883 1878 
11866 719 1046 1047 2336 
11867 1046 701 1045 2309 
11868 1047 1045 699 2310 
11869 2336 2309 2310 1838 
11870 1046 1047 2336 2309 
11871 1046 2309 1045 1047 
11872 1047 2336 2309 2310 
11873 1047 2310 2309 1045 
11874 792 1043 1041 2291 
11875 1043 818 1026 2318 
11876 1041 1026 698 2306 
11877 2291 2318 2306 1849 
11878 2306 1043 2318 2291 
11879 2306 1043 2291 1041 
11880 2306 1043 1041 1026 
11881 2306 1043 1026 2318 
11882 2165 748 1247 1249 
11883 1249 791 1224 2165 
11884 1247 1224 745 2166 
11885 2138 2165 2166 1833 
11886 2165 748 1249 878 
11887 1249 2165 1224 1247 
11888 1247 2138 2165 2166 
11889 1247 2166 2165 1224 
11890 731 1158 1206 2212 
11891 1158 732 1207 2159 
11892 1206 1207 749 2134 
11893 2212 2159 2134 1827 
11894 1158 1206 2212 2159 
11895 1158 2159 1207 1206 
11896 1206 2212 2159 2134 
11897 1206 2134 2159 1207 
11898 734 1223 1221 2099 
11899 1223 791 910 2275 
11900 1221 910 813 2191 
11901 2099 2275 2191 1823 
11902 910 2099 1223 2275 
11903 910 2099 2275 2191 
11904 910 2099 2191 1221 
11905 910 2099 1221 1223 
11906 801 1062 1063 2061 
11907 1062 702 1054 2201 
11908 1063 1054 724 1894 
11909 2061 2201 1894 1842 
11910 1062 1063 2061 2201 
11911 1062 2201 1054 1063 
11912 1063 2061 2201 1894 
11913 1063 1894 2201 1054 
11914 1816 2243 1871 2229 
11915 2243 1835 2244 2305 
11916 1871 2244 1817 2174 
11917 2229 2305 2174 1843 
11918 2243 1871 2229 2305 
11919 2243 2305 2244 1871 
11920 1871 2229 2305 2174 
11921 1871 2174 2305 2244 
11922 1817 2244 1881 2180 
11923 2244 1835 2183 2261 
11924 1881 2183 1810 2083 
11925 2180 2261 2083 1847 
11926 2244 1881 2180 2261 
11927 2244 2261 2183 1881 
11928 1881 2180 2261 2083 
11929 1881 2083 2261 2183 
11930 690 993 984 1936 
11931 993 691 992 2009 
11932 984 992 689 2238 
11933 1936 2009 2238 1828 
11934 992 1936 993 2009 
11935 992 1936 2009 2238 
11936 992 1936 2238 984 
11937 992 1936 984 993 
11938 1816 2229 1867 2256 
11939 2229 1843 1967 2220 
11940 1867 1967 1806 2069 
11941 2256 2220 2069 1849 
11942 2229 1867 2256 2220 
11943 2229 2220 1967 1867 
11944 1867 2256 2220 2069 
11945 1867 2069 2220 1967 
11946 743 975 2295 2324 
11947 975 737 2181 2209 
11948 2295 2181 1835 2261 
11949 2324 2209 2261 1847 
11950 2181 2324 2295 975 
11951 2181 2324 975 2209 
11952 2181 2324 2209 2261 
11953 2181 2324 2261 2295 
11954 759 1258 1254 2063 
11955 1258 767 872 1990 
11956 1254 872 758 2285 
11957 2063 1990 2285 1825 
11958 1258 1254 2063 1990 
11959 1258 1990 872 1254 
11960 1254 2063 1990 2285 
11961 1254 2285 1990 872 
11962 714 896 897 2239 
11963 896 669 894 2258 
11964 897 2283 673 918 
11965 926 2320 1264 944 
11966 896 897 2239 2258 
11967 896 2258 894 897 
11968 926 944 1878 2320 
11969 1878 2320 1880 1841 
11970 680 950 952 2119 
11971 950 682 953 2152 
11972 952 953 796 2338 
11973 952 1826 2152 2338 
11974 950 952 2119 2152 
11975 950 2152 953 952 
11976 952 1826 2338 2207 
11977 952 2338 2152 953 
11978 697 1035 1025 2340 
11979 1035 699 1034 2327 
11980 1025 1034 698 2307 
11981 2340 2327 2307 1844 
11982 1035 1025 2340 2327 
11983 1035 2327 1034 1025 
11984 1025 2340 2327 2307 
11985 1025 2307 2327 1034 
11986 742 1908 1030 2219 
11987 944 1264 798 1880 
11988 1030 2220 696 2322 
11989 2219 2220 2322 1849 
11990 1908 1030 2219 2220 
11991 926 766 1264 2320 
11992 1030 2219 2220 2322 
11993 765 926 944 1878 
11994 2077 697 2340 1037 
11995 1016 773 1038 2077 
11996 1037 1038 805 2076 
11997 2340 2077 2076 1844 
11998 2077 697 1037 1016 
11999 1016 2077 1038 1037 
12000 1037 2340 2077 2076 
12001 1037 2076 2077 1038 
12002 784 1111 1112 2012 
12003 1111 715 1110 2329 
12004 1112 1110 712 1903 
12005 2012 2329 1903 1845 
12006 1110 2012 1111 2329 
12007 1110 2012 2329 1903 
12008 1110 2012 1903 1112 
12009 1110 2012 1112 1111 
12010 783 1205 1108 2074 
12011 1205 747 1204 2013 
12012 1108 1204 730 2284 
12013 2074 2013 2284 1830 
12014 1205 1108 2074 2013 
12015 1205 2013 1204 1108 
12016 1108 2074 2013 2284 
12017 1108 2284 2013 1204 
12018 740 1242 2226 1243 
12019 1242 763 2245 937 
12020 2247 2092 2245 2226 
12021 2226 764 1243 937 
12022 1242 2226 1243 937 
12023 1242 937 2245 2226 
12024 2226 764 937 2247 
12025 2226 2247 937 2245 
12026 941 2155 913 2207 
12027 913 797 942 2207 
12028 941 942 796 2338 
12029 2153 2207 2338 1826 
12030 941 2155 2207 2153 
12031 913 2207 942 941 
12032 941 2153 2207 2338 
12033 941 2338 2207 942 
12034 800 1194 1253 2296 
12035 1194 754 1188 1909 
12036 1253 1188 753 2280 
12037 2296 1909 2280 1843 
12038 1188 2296 1194 1909 
12039 1188 2296 1909 2280 
12040 1188 2296 2280 1253 
12041 1188 2296 1253 1194 
12042 2341 1175 2227 1263 
12043 1958 1890 1815 2003 
12044 1263 2228 781 2227 
12045 2149 1958 1895 2227 
12046 2227 2341 1958 1895 
12047 2341 1175 1263 812 
12048 2227 2341 1263 2228 
12049 2227 2341 2228 1958 
12050 2257 2041 1818 2040 
12051 2270 1844 2200 2303 
12052 2039 2200 1816 2256 
12053 2257 2303 2256 1849 
12054 2270 2039 2257 2303 
12055 2270 2303 2200 2039 
12056 2039 2257 2303 2256 
12057 2039 2256 2303 2200 
12058 683 954 955 2248 
12059 954 682 951 2151 
12060 955 951 681 2142 
12061 2248 2151 2142 1837 
12062 2142 954 2151 2248 
12063 2142 954 2248 955 
12064 2142 954 955 951 
12065 2142 954 951 2151 
12066 1821 2197 2222 2288 
12067 2197 1841 2268 2337 
12068 2222 2268 1832 2287 
12069 2288 2337 2287 1846 
12070 2197 2222 2288 2337 
12071 2197 2337 2268 2222 
12072 2222 2288 2337 2287 
12073 2222 2287 2337 2268 
12074 4 832 831 1980 
12075 832 741 834 2277 
12076 831 834 763 1982 
12077 1980 2277 1982 1840 
12078 1982 832 2277 1980 
12079 1982 832 1980 831 
12080 1982 832 831 834 
12081 1982 832 834 2277 
12082 693 1004 1015 2199 
12083 1004 773 1016 2077 
12084 2077 697 1016 1015 
12085 2199 2077 2340 1844 
12086 1004 1015 2199 2077 
12087 1004 2077 1016 1015 
12088 697 2199 1015 2077 
12089 697 2199 2077 2340 
12090 1832 2221 2287 2131 
12091 2221 1845 2171 1914 
12092 2287 2171 1846 2135 
12093 2131 1914 2135 1805 
12094 2135 2221 2131 2287 
12095 2135 2221 2287 2171 
12096 2135 2221 2171 1914 
12097 2135 2221 1914 2131 
12098 779 946 947 2198 
12099 946 678 943 1879 
12100 947 943 798 1880 
12101 2198 1879 1880 1841 
12102 943 2198 946 1879 
12103 943 2198 1879 1880 
12104 943 2198 1880 947 
12105 943 2198 947 946 
12106 777 1265 1880 1270 
12107 1265 766 2320 1264 
12108 32 2274 2161 857 
12109 1270 1264 1880 798 
12110 1265 1880 1270 1264 
12111 1265 1264 2320 1880 
12112 32 2323 2161 2274 
12113 858 2161 857 32 
12114 701 2309 1056 1896 
12115 2309 1838 2342 2311 
12116 1056 2342 812 1895 
12117 1896 2311 1895 1842 
12118 2342 1896 2309 2311 
12119 2342 1896 2311 1895 
12120 2342 1896 1895 1056 
12121 2342 1896 1056 2309 
12122 29 844 28 2282 
12123 844 679 843 2276 
12124 28 843 27 2205 
12125 2282 2276 2205 1829 
12126 2205 844 2276 2282 
12127 2205 844 2282 28 
12128 2205 844 28 843 
12129 2205 844 843 2276 
12130 2219 755 2068 2339 
12131 1237 807 1184 2068 
12132 1031 1184 742 2219 
12133 2339 2069 2219 1849 
12134 2068 755 1031 1237 
12135 1237 2068 1184 1031 
12136 2219 755 2339 1032 
12137 1031 2219 2068 1184 
12138 707 1075 1079 2089 
12139 1075 706 1080 2118 
12140 1079 1080 708 2169 
12141 2089 2118 2169 1824 
12142 1075 1079 2089 2118 
12143 1075 2118 1080 1079 
12144 1079 2089 2118 2169 
12145 1079 2169 2118 1080 
12146 37 875 879 2141 
12147 875 804 878 2175 
12148 2175 748 878 879 
12149 2141 2175 2138 1833 
12150 875 879 2141 2175 
12151 875 2175 878 879 
12152 879 2141 2175 2138 
12153 2175 748 879 2138 
12154 727 1182 1176 1907 
12155 1182 742 1181 1908 
12156 1176 1181 726 1973 
12157 1907 1908 1973 1843 
12158 1973 1182 1908 1907 
12159 1973 1182 1907 1176 
12160 1973 1182 1176 1181 
12161 1973 1182 1181 1908 
12162 697 1037 1035 2340 
12163 1037 805 1036 2076 
12164 1035 1036 699 2327 
12165 2340 2076 2327 1844 
12166 1037 1035 2340 2076 
12167 1037 2076 1036 1035 
12168 1035 2340 2076 2327 
12169 1035 2327 2076 1036 
12170 740 1242 1218 2024 
12171 1242 763 834 1982 
12172 1218 834 741 2277 
12173 2024 1982 2277 1840 
12174 834 2024 1242 1982 
12175 834 2024 1982 2277 
12176 834 2024 2277 1218 
12177 834 2024 1218 1242 
12178 692 996 994 2281 
12179 996 772 988 2145 
12180 994 988 689 2238 
12181 1828 994 2238 2145 
12182 996 994 2281 2145 
12183 996 2145 988 994 
12184 1828 994 2145 2281 
12185 994 2238 2145 988 
12186 789 847 936 2214 
12187 847 676 931 2335 
12188 936 931 750 2312 
12189 2214 2335 2312 1834 
12190 931 2214 847 2335 
12191 931 2214 2335 2312 
12192 931 2214 2312 936 
12193 931 2214 936 847 
12194 738 1238 1236 2067 
12195 1238 807 1237 2068 
12196 2068 755 1237 1236 
12197 2339 2069 1849 2067 
12198 1238 1236 2067 2068 
12199 1238 2068 1237 1236 
12200 1236 2067 2068 2339 
12201 2068 755 1236 2339 
12202 719 1148 1146 2336 
12203 1148 761 1147 1971 
12204 1146 1147 762 1972 
12205 2336 1971 1972 1838 
12206 1148 1146 2336 1971 
12207 1148 1971 1147 1146 
12208 1146 2336 1971 1972 
12209 1146 1972 1971 1147 
12210 1832 2268 2103 2287 
12211 2268 1841 2054 2337 
12212 2103 2054 1811 2330 
12213 2287 2337 2330 1846 
12214 2330 2268 2337 2287 
12215 2330 2268 2287 2103 
12216 2330 2268 2103 2054 
12217 2330 2268 2054 2337 
12218 730 1106 1107 2284 
12219 1106 723 1105 2058 
12220 1107 1105 711 2195 
12221 2284 2058 2195 1830 
12222 1106 1107 2284 2058 
12223 1106 2058 1105 1107 
12224 1107 2284 2058 2195 
12225 1107 2195 2058 1105 
12226 812 2341 1895 2342 
12227 1958 1890 2003 2341 
12228 1895 1958 1842 2311 
12229 2342 2003 2311 1838 
12230 2311 2341 2003 2342 
12231 2311 2341 2342 1895 
12232 2311 2341 1895 1958 
12233 2311 2341 1958 2003 
12234 31 850 30 2273 
12235 850 670 849 2122 
12236 30 849 29 2282 
12237 2273 2122 2282 1829 
12238 849 2273 850 2122 
12239 849 2273 2122 2282 
12240 849 2273 2282 30 
12241 849 2273 30 850 
12242 25 829 24 1981 
12243 829 669 828 1980 
12244 24 828 4 1980 
12245 858 32 2323 2161 
12246 829 24 1981 1980 
12247 829 1980 828 24 
12248 2323 2161 2274 1839 
12249 32 857 31 2274 
12250 759 1254 1255 2063 
12251 1254 758 925 2285 
12252 1255 925 757 2019 
12253 2063 2285 2019 1825 
12254 925 2063 1254 2285 
12255 925 2063 2285 2019 
12256 925 2063 2019 1255 
12257 925 2063 1255 1254 
12258 2219 755 1032 1031 
12259 1031 742 1030 2219 
12260 1032 1030 696 2322 
12261 2339 2219 2322 1849 
12262 2219 755 1031 2068 
12263 1031 2219 1030 1032 
12264 1032 2339 2219 2322 
12265 1032 2322 2219 1030 
12266 796 942 952 2338 
12267 942 797 949 2207 
12268 952 949 680 2119 
12269 952 1826 2207 2119 
12270 942 952 2338 2207 
12271 942 2207 949 952 
12272 952 1826 2119 2152 
12273 952 2119 2207 949 
12274 743 974 975 2324 
12275 974 685 972 2343 
12276 975 972 737 2209 
12277 2324 2343 2209 1847 
12278 972 2324 974 2343 
12279 972 2324 2343 2209 
12280 972 2324 2209 975 
12281 972 2324 975 974 
12282 695 1014 1024 2300 
12283 1014 697 1025 2340 
12284 1024 1025 698 2307 
12285 2300 2340 2307 1844 
12286 1025 2300 1014 2340 
12287 1025 2300 2340 2307 
12288 1025 2300 2307 1024 
12289 1025 2300 1024 1014 
12290 760 919 976 2299 
12291 919 685 974 2343 
12292 976 974 743 2324 
12293 2299 2343 2324 1847 
12294 974 2299 919 2343 
12295 974 2299 2343 2324 
12296 974 2299 2324 976 
12297 974 2299 976 919 
12298 679 853 901 2276 
12299 853 670 902 2122 
12300 901 902 680 2121 
12301 2276 2122 2121 1829 
12302 2121 853 2122 2276 
12303 2121 853 2276 901 
12304 2121 853 901 902 
12305 2121 853 902 2122 
12306 719 1057 1046 2336 
12307 1057 812 1056 2342 
12308 1046 1056 701 2309 
12309 2336 2342 2309 1838 
12310 1057 1046 2336 2342 
12311 1057 2342 1056 1046 
12312 1046 2336 2342 2309 
12313 1046 2309 2342 1056 
12314 1815 1958 2003 2098 
12315 1958 1842 2311 2111 
12316 2003 2311 1838 2097 
12317 2098 2111 2097 1850 
12318 1958 2003 2098 2111 
12319 1958 2111 2311 2003 
12320 2003 2098 2111 2097 
12321 2003 2097 2111 2311 
12322 791 909 910 2275 
12323 909 671 906 2187 
12324 910 906 813 2191 
12325 2275 2187 2191 1823 
12326 906 2275 909 2187 
12327 906 2275 2187 2191 
12328 906 2275 2191 910 
12329 906 2275 910 909 
12330 741 1978 2186 1217 
12331 2186 1822 1976 1864 
12332 1217 1976 733 1978 
12333 2277 1864 1978 1840 
12334 1978 2186 1864 2277 
12335 741 1978 1217 1218 
12336 1978 2186 1217 1976 
12337 1978 2186 1976 1864 
12338 1804 1920 1943 1949 
12339 1920 1846 2331 2267 
12340 1943 2331 1848 2002 
12341 1949 2267 2002 1850 
12342 1920 1943 1949 2267 
12343 1920 2267 2331 1943 
12344 1943 1949 2267 2002 
12345 1943 2002 2267 2331 
12346 763 2245 830 1982 
12347 858 790 857 2161 
12348 830 2313 25 1981 
12349 1982 2245 1981 1840 
12350 33 858 32 2323 
12351 2189 2224 2049 2190 
12352 830 1982 2245 1981 
12353 830 1981 2245 2313 
12354 783 1108 1093 2074 
12355 1108 730 1107 2284 
12356 1093 1107 711 2195 
12357 2074 2284 2195 1830 
12358 1107 2074 1108 2284 
12359 1107 2074 2284 2195 
12360 1107 2074 2195 1093 
12361 1107 2074 1093 1108 
12362 727 1187 1186 1907 
12363 1187 753 1188 2280 
12364 1186 1188 754 1909 
12365 1186 1843 1907 2280 
12366 1187 1186 1907 2280 
12367 1187 2280 1188 1186 
12368 1186 1843 2280 1909 
12369 1186 1909 2280 1188 
12370 814 1021 1195 2259 
12371 1021 728 1189 2315 
12372 1195 1189 769 2333 
12373 2259 2315 2333 1835 
12374 1189 2259 1021 2315 
12375 1189 2259 2315 2333 
12376 1189 2259 2333 1195 
12377 1189 2259 1195 1021 
12378 760 918 919 2299 
12379 918 673 916 2283 
12380 919 916 685 2343 
12381 2299 2283 2343 1847 
12382 916 2299 918 2283 
12383 916 2299 2283 2343 
12384 916 2299 2343 919 
12385 916 2299 919 918 
12386 37 879 870 2141 
12387 879 748 880 2138 
12388 870 880 808 2007 
12389 2141 2138 2007 1833 
12390 880 2141 879 2138 
12391 880 2141 2138 2007 
12392 880 2141 2007 870 
12393 880 2141 870 879 
12394 1838 2311 2271 2097 
12395 2311 1842 2112 2111 
12396 2271 2112 1818 2041 
12397 2097 2111 2041 1850 
12398 2311 2271 2097 2111 
12399 2311 2111 2112 2271 
12400 2271 2097 2111 2041 
12401 2271 2041 2111 2112 
12402 721 1156 1159 2026 
$EndElements
