72	0	61	1	0.5	0.5	0.5
61	11	61	1	0.5	0.5	0.5
64.111894	18.66667	61	1	0.5	0.5	0.5
72	0	73	1	0.5	0.5	0.5
61	11	73	1	0.5	0.5	0.5
64.111894	18.66667	73	1	0.5	0.5	0.5
64.111894	27.33333	61	1	0.5	0.5	0.5
61	35	61	1	0.5	0.5	0.5
72	46	61	1	0.5	0.5	0.5
64.111894	27.33333	73	1	0.5	0.5	0.5
61	35	73	1	0.5	0.5	0.5
72	46	73	1	0.5	0.5	0.5
71.0412868	0.04185832	61	1	0.5	0.5	0.5
70.08987	0.1671147	61	1	0.5	0.5	0.5
69.152991	0.3748159	61	1	0.5	0.5	0.5
68.237778	0.6633812	61	1	0.5	0.5	0.5
67.351199	1.030614	61	1	0.5	0.5	0.5
66.5	1.473721	61	1	0.5	0.5	0.5
65.690659	1.989328	61	1	0.5	0.5	0.5
64.929336	2.573511	61	1	0.5	0.5	0.5
64.221825	3.221825	61	1	0.5	0.5	0.5
63.573511	3.929336	61	1	0.5	0.5	0.5
62.989328	4.690659	61	1	0.5	0.5	0.5
62.473721	5.5	61	1	0.5	0.5	0.5
62.030614	6.351199	61	1	0.5	0.5	0.5
61.66338	7.237778	61	1	0.5	0.5	0.5
61.37482	8.152991	61	1	0.5	0.5	0.5
61.16711	9.08987	61	1	0.5	0.5	0.5
61.04186	10.04129	61	1	0.5	0.5	0.5
71.5201867	0.01046956	61	1	0.5	0.5	0.5
70.564212	0.09410652	61	1	0.5	0.5	0.5
69.619164	0.2607439	61	1	0.5	0.5	0.5
68.692236	0.5091135	61	1	0.5	0.5	0.5
67.790482	0.8373251	61	1	0.5	0.5	0.5
66.920765	1.242881	61	1	0.5	0.5	0.5
66.089704	1.722694	61	1	0.5	0.5	0.5
65.303624	2.273113	61	1	0.5	0.5	0.5
64.568508	2.889949	61	1	0.5	0.5	0.5
63.889949	3.568508	61	1	0.5	0.5	0.5
63.273113	4.303624	61	1	0.5	0.5	0.5
62.722694	5.089704	61	1	0.5	0.5	0.5
62.242881	5.920765	61	1	0.5	0.5	0.5
61.83733	6.790482	61	1	0.5	0.5	0.5
61.50911	7.692236	61	1	0.5	0.5	0.5
61.26074	8.619164	61	1	0.5	0.5	0.5
61.09411	9.564212	61	1	0.5	0.5	0.5
61.01047	10.52019	61	1	0.5	0.5	0.5
61.04036	11.94138	61	1	0.5	0.5	0.5
61.16113	12.87585	61	1	0.5	0.5	0.5
61.36143	13.79656	61	1	0.5	0.5	0.5
61.63979	14.69675	61	1	0.5	0.5	0.5
61.99416	15.56981	61	1	0.5	0.5	0.5
62.421955	16.40935	61	1	0.5	0.5	0.5
62.920025	17.20919	61	1	0.5	0.5	0.5
63.48472	17.96348	61	1	0.5	0.5	0.5
61.01009	11.47112	61	1	0.5	0.5	0.5
61.09073	12.40991	61	1	0.5	0.5	0.5
61.25141	13.33835	61	1	0.5	0.5	0.5
61.49096	14.24964	61	1	0.5	0.5	0.5
61.80762	15.13708	61	1	0.5	0.5	0.5
62.199065	15.99416	61	1	0.5	0.5	0.5
62.662422	16.81461	61	1	0.5	0.5	0.5
63.194292	17.59238	61	1	0.5	0.5	0.5
63.790774	18.32179	61	1	0.5	0.5	0.5
72	0	72	1	0.5	0.5	0.5
72	0	71	1	0.5	0.5	0.5
72	0	70	1	0.5	0.5	0.5
72	0	69	1	0.5	0.5	0.5
72	0	68	1	0.5	0.5	0.5
72	0	67	1	0.5	0.5	0.5
72	0	66	1	0.5	0.5	0.5
72	0	65	1	0.5	0.5	0.5
72	0	64	1	0.5	0.5	0.5
72	0	63	1	0.5	0.5	0.5
72	0	62	1	0.5	0.5	0.5
72	0	72.5	1	0.5	0.5	0.5
72	0	71.5	1	0.5	0.5	0.5
72	0	70.5	1	0.5	0.5	0.5
72	0	69.5	1	0.5	0.5	0.5
72	0	68.5	1	0.5	0.5	0.5
72	0	67.5	1	0.5	0.5	0.5
72	0	66.5	1	0.5	0.5	0.5
72	0	65.5	1	0.5	0.5	0.5
72	0	64.5	1	0.5	0.5	0.5
72	0	63.5	1	0.5	0.5	0.5
72	0	62.5	1	0.5	0.5	0.5
72	0	61.5	1	0.5	0.5	0.5
61	11	72	1	0.5	0.5	0.5
61	11	71	1	0.5	0.5	0.5
61	11	70	1	0.5	0.5	0.5
61	11	69	1	0.5	0.5	0.5
61	11	68	1	0.5	0.5	0.5
61	11	67	1	0.5	0.5	0.5
61	11	66	1	0.5	0.5	0.5
61	11	65	1	0.5	0.5	0.5
61	11	64	1	0.5	0.5	0.5
61	11	63	1	0.5	0.5	0.5
61	11	62	1	0.5	0.5	0.5
61	11	72.5	1	0.5	0.5	0.5
61	11	71.5	1	0.5	0.5	0.5
61	11	70.5	1	0.5	0.5	0.5
61	11	69.5	1	0.5	0.5	0.5
61	11	68.5	1	0.5	0.5	0.5
61	11	67.5	1	0.5	0.5	0.5
61	11	66.5	1	0.5	0.5	0.5
61	11	65.5	1	0.5	0.5	0.5
61	11	64.5	1	0.5	0.5	0.5
61	11	63.5	1	0.5	0.5	0.5
61	11	62.5	1	0.5	0.5	0.5
61	11	61.5	1	0.5	0.5	0.5
71.0412868	0.04185832	73	1	0.5	0.5	0.5
70.08987	0.1671147	73	1	0.5	0.5	0.5
69.152991	0.3748159	73	1	0.5	0.5	0.5
68.237778	0.6633812	73	1	0.5	0.5	0.5
67.351199	1.030614	73	1	0.5	0.5	0.5
66.5	1.473721	73	1	0.5	0.5	0.5
65.690659	1.989328	73	1	0.5	0.5	0.5
64.929336	2.573511	73	1	0.5	0.5	0.5
64.221825	3.221825	73	1	0.5	0.5	0.5
63.573511	3.929336	73	1	0.5	0.5	0.5
62.989328	4.690659	73	1	0.5	0.5	0.5
62.473721	5.5	73	1	0.5	0.5	0.5
62.030614	6.351199	73	1	0.5	0.5	0.5
61.66338	7.237778	73	1	0.5	0.5	0.5
61.37482	8.152991	73	1	0.5	0.5	0.5
61.16711	9.08987	73	1	0.5	0.5	0.5
61.04186	10.04129	73	1	0.5	0.5	0.5
71.5201867	0.01046956	73	1	0.5	0.5	0.5
70.564212	0.09410652	73	1	0.5	0.5	0.5
69.619164	0.2607439	73	1	0.5	0.5	0.5
68.692236	0.5091135	73	1	0.5	0.5	0.5
67.790482	0.8373251	73	1	0.5	0.5	0.5
66.920765	1.242881	73	1	0.5	0.5	0.5
66.089704	1.722694	73	1	0.5	0.5	0.5
65.303624	2.273113	73	1	0.5	0.5	0.5
64.568508	2.889949	73	1	0.5	0.5	0.5
63.889949	3.568508	73	1	0.5	0.5	0.5
63.273113	4.303624	73	1	0.5	0.5	0.5
62.722694	5.089704	73	1	0.5	0.5	0.5
62.242881	5.920765	73	1	0.5	0.5	0.5
61.83733	6.790482	73	1	0.5	0.5	0.5
61.50911	7.692236	73	1	0.5	0.5	0.5
61.26074	8.619164	73	1	0.5	0.5	0.5
61.09411	9.564212	73	1	0.5	0.5	0.5
61.01047	10.52019	73	1	0.5	0.5	0.5
64.111894	18.66667	72	1	0.5	0.5	0.5
64.111894	18.66667	71	1	0.5	0.5	0.5
64.111894	18.66667	70	1	0.5	0.5	0.5
64.111894	18.66667	69	1	0.5	0.5	0.5
64.111894	18.66667	68	1	0.5	0.5	0.5
64.111894	18.66667	67	1	0.5	0.5	0.5
64.111894	18.66667	66	1	0.5	0.5	0.5
64.111894	18.66667	65	1	0.5	0.5	0.5
64.111894	18.66667	64	1	0.5	0.5	0.5
64.111894	18.66667	63	1	0.5	0.5	0.5
64.111894	18.66667	62	1	0.5	0.5	0.5
64.111894	18.66667	72.5	1	0.5	0.5	0.5
64.111894	18.66667	71.5	1	0.5	0.5	0.5
64.111894	18.66667	70.5	1	0.5	0.5	0.5
64.111894	18.66667	69.5	1	0.5	0.5	0.5
64.111894	18.66667	68.5	1	0.5	0.5	0.5
64.111894	18.66667	67.5	1	0.5	0.5	0.5
64.111894	18.66667	66.5	1	0.5	0.5	0.5
64.111894	18.66667	65.5	1	0.5	0.5	0.5
64.111894	18.66667	64.5	1	0.5	0.5	0.5
64.111894	18.66667	63.5	1	0.5	0.5	0.5
64.111894	18.66667	62.5	1	0.5	0.5	0.5
64.111894	18.66667	61.5	1	0.5	0.5	0.5
61.04036	11.94138	73	1	0.5	0.5	0.5
61.16113	12.87585	73	1	0.5	0.5	0.5
61.36143	13.79656	73	1	0.5	0.5	0.5
61.63979	14.69675	73	1	0.5	0.5	0.5
61.99416	15.56981	73	1	0.5	0.5	0.5
62.421955	16.40935	73	1	0.5	0.5	0.5
62.920025	17.20919	73	1	0.5	0.5	0.5
63.48472	17.96348	73	1	0.5	0.5	0.5
61.01009	11.47112	73	1	0.5	0.5	0.5
61.09073	12.40991	73	1	0.5	0.5	0.5
61.25141	13.33835	73	1	0.5	0.5	0.5
61.49096	14.24964	73	1	0.5	0.5	0.5
61.80762	15.13708	73	1	0.5	0.5	0.5
62.199065	15.99416	73	1	0.5	0.5	0.5
62.662422	16.81461	73	1	0.5	0.5	0.5
63.194292	17.59238	73	1	0.5	0.5	0.5
63.790774	18.32179	73	1	0.5	0.5	0.5
63.678257	19.57238	61	1	0.5	0.5	0.5
63.348217	20.52076	61	1	0.5	0.5	0.5
63.12588	21.5	61	1	0.5	0.5	0.5
63.014016	22.49792	61	1	0.5	0.5	0.5
63.014016	23.50208	61	1	0.5	0.5	0.5
63.12588	24.5	61	1	0.5	0.5	0.5
63.348217	25.47924	61	1	0.5	0.5	0.5
63.678257	26.42762	61	1	0.5	0.5	0.5
63.882434	19.11347	61	1	0.5	0.5	0.5
63.5	20.04196	61	1	0.5	0.5	0.5
63.223381	21.00728	61	1	0.5	0.5	0.5
63.05602	21.9974	61	1	0.5	0.5	0.5
63	23	61	1	0.5	0.5	0.5
63.05602	24.0026	61	1	0.5	0.5	0.5
63.223381	24.99272	61	1	0.5	0.5	0.5
63.5	25.95804	61	1	0.5	0.5	0.5
63.882434	26.88653	61	1	0.5	0.5	0.5
63.48472	28.03652	61	1	0.5	0.5	0.5
62.920025	28.79081	61	1	0.5	0.5	0.5
62.421955	29.59065	61	1	0.5	0.5	0.5
61.99416	30.43019	61	1	0.5	0.5	0.5
61.63979	31.30325	61	1	0.5	0.5	0.5
61.36143	32.20344	61	1	0.5	0.5	0.5
61.16113	33.12415	61	1	0.5	0.5	0.5
61.04036	34.05862	61	1	0.5	0.5	0.5
63.790774	27.67821	61	1	0.5	0.5	0.5
63.194292	28.40762	61	1	0.5	0.5	0.5
62.662422	29.18539	61	1	0.5	0.5	0.5
62.199065	30.00584	61	1	0.5	0.5	0.5
61.80762	30.86292	61	1	0.5	0.5	0.5
61.49096	31.75036	61	1	0.5	0.5	0.5
61.25141	32.66165	61	1	0.5	0.5	0.5
61.09073	33.59009	61	1	0.5	0.5	0.5
61.01009	34.52888	61	1	0.5	0.5	0.5
61.04186	35.95871	61	1	0.5	0.5	0.5
61.16711	36.91013	61	1	0.5	0.5	0.5
61.37482	37.84701	61	1	0.5	0.5	0.5
61.66338	38.76222	61	1	0.5	0.5	0.5
62.030614	39.6488	61	1	0.5	0.5	0.5
62.473721	40.5	61	1	0.5	0.5	0.5
62.989328	41.30934	61	1	0.5	0.5	0.5
63.573511	42.07066	61	1	0.5	0.5	0.5
64.221825	42.77817	61	1	0.5	0.5	0.5
64.929336	43.42649	61	1	0.5	0.5	0.5
65.690659	44.01067	61	1	0.5	0.5	0.5
66.5	44.52628	61	1	0.5	0.5	0.5
67.351199	44.96939	61	1	0.5	0.5	0.5
68.237778	45.33662	61	1	0.5	0.5	0.5
69.152991	45.62518	61	1	0.5	0.5	0.5
70.08987	45.83289	61	1	0.5	0.5	0.5
71.0412868	45.95814	61	1	0.5	0.5	0.5
61.01047	35.47981	61	1	0.5	0.5	0.5
61.09411	36.43579	61	1	0.5	0.5	0.5
61.26074	37.38084	61	1	0.5	0.5	0.5
61.50911	38.30776	61	1	0.5	0.5	0.5
61.83733	39.20952	61	1	0.5	0.5	0.5
62.242881	40.07923	61	1	0.5	0.5	0.5
62.722694	40.9103	61	1	0.5	0.5	0.5
63.273113	41.69638	61	1	0.5	0.5	0.5
63.889949	42.43149	61	1	0.5	0.5	0.5
64.568508	43.11005	61	1	0.5	0.5	0.5
65.303624	43.72689	61	1	0.5	0.5	0.5
66.089704	44.27731	61	1	0.5	0.5	0.5
66.920765	44.75712	61	1	0.5	0.5	0.5
67.790482	45.16267	61	1	0.5	0.5	0.5
68.692236	45.49089	61	1	0.5	0.5	0.5
69.619164	45.73926	61	1	0.5	0.5	0.5
70.564212	45.90589	61	1	0.5	0.5	0.5
71.5201867	45.98953	61	1	0.5	0.5	0.5
64.111894	27.33333	72	1	0.5	0.5	0.5
64.111894	27.33333	71	1	0.5	0.5	0.5
64.111894	27.33333	70	1	0.5	0.5	0.5
64.111894	27.33333	69	1	0.5	0.5	0.5
64.111894	27.33333	68	1	0.5	0.5	0.5
64.111894	27.33333	67	1	0.5	0.5	0.5
64.111894	27.33333	66	1	0.5	0.5	0.5
64.111894	27.33333	65	1	0.5	0.5	0.5
64.111894	27.33333	64	1	0.5	0.5	0.5
64.111894	27.33333	63	1	0.5	0.5	0.5
64.111894	27.33333	62	1	0.5	0.5	0.5
64.111894	27.33333	72.5	1	0.5	0.5	0.5
64.111894	27.33333	71.5	1	0.5	0.5	0.5
64.111894	27.33333	70.5	1	0.5	0.5	0.5
64.111894	27.33333	69.5	1	0.5	0.5	0.5
64.111894	27.33333	68.5	1	0.5	0.5	0.5
64.111894	27.33333	67.5	1	0.5	0.5	0.5
64.111894	27.33333	66.5	1	0.5	0.5	0.5
64.111894	27.33333	65.5	1	0.5	0.5	0.5
64.111894	27.33333	64.5	1	0.5	0.5	0.5
64.111894	27.33333	63.5	1	0.5	0.5	0.5
64.111894	27.33333	62.5	1	0.5	0.5	0.5
64.111894	27.33333	61.5	1	0.5	0.5	0.5
61	35	72	1	0.5	0.5	0.5
61	35	71	1	0.5	0.5	0.5
61	35	70	1	0.5	0.5	0.5
61	35	69	1	0.5	0.5	0.5
61	35	68	1	0.5	0.5	0.5
61	35	67	1	0.5	0.5	0.5
61	35	66	1	0.5	0.5	0.5
61	35	65	1	0.5	0.5	0.5
61	35	64	1	0.5	0.5	0.5
61	35	63	1	0.5	0.5	0.5
61	35	62	1	0.5	0.5	0.5
61	35	72.5	1	0.5	0.5	0.5
61	35	71.5	1	0.5	0.5	0.5
61	35	70.5	1	0.5	0.5	0.5
61	35	69.5	1	0.5	0.5	0.5
61	35	68.5	1	0.5	0.5	0.5
61	35	67.5	1	0.5	0.5	0.5
61	35	66.5	1	0.5	0.5	0.5
61	35	65.5	1	0.5	0.5	0.5
61	35	64.5	1	0.5	0.5	0.5
61	35	63.5	1	0.5	0.5	0.5
61	35	62.5	1	0.5	0.5	0.5
61	35	61.5	1	0.5	0.5	0.5
63.48472	28.03652	73	1	0.5	0.5	0.5
62.920025	28.79081	73	1	0.5	0.5	0.5
62.421955	29.59065	73	1	0.5	0.5	0.5
61.99416	30.43019	73	1	0.5	0.5	0.5
61.63979	31.30325	73	1	0.5	0.5	0.5
61.36143	32.20344	73	1	0.5	0.5	0.5
61.16113	33.12415	73	1	0.5	0.5	0.5
61.04036	34.05862	73	1	0.5	0.5	0.5
63.790774	27.67821	73	1	0.5	0.5	0.5
63.194292	28.40762	73	1	0.5	0.5	0.5
62.662422	29.18539	73	1	0.5	0.5	0.5
62.199065	30.00584	73	1	0.5	0.5	0.5
61.80762	30.86292	73	1	0.5	0.5	0.5
61.49096	31.75036	73	1	0.5	0.5	0.5
61.25141	32.66165	73	1	0.5	0.5	0.5
61.09073	33.59009	73	1	0.5	0.5	0.5
61.01009	34.52888	73	1	0.5	0.5	0.5
72	46	72	1	0.5	0.5	0.5
72	46	71	1	0.5	0.5	0.5
72	46	70	1	0.5	0.5	0.5
72	46	69	1	0.5	0.5	0.5
72	46	68	1	0.5	0.5	0.5
72	46	67	1	0.5	0.5	0.5
72	46	66	1	0.5	0.5	0.5
72	46	65	1	0.5	0.5	0.5
72	46	64	1	0.5	0.5	0.5
72	46	63	1	0.5	0.5	0.5
72	46	62	1	0.5	0.5	0.5
72	46	72.5	1	0.5	0.5	0.5
72	46	71.5	1	0.5	0.5	0.5
72	46	70.5	1	0.5	0.5	0.5
72	46	69.5	1	0.5	0.5	0.5
72	46	68.5	1	0.5	0.5	0.5
72	46	67.5	1	0.5	0.5	0.5
72	46	66.5	1	0.5	0.5	0.5
72	46	65.5	1	0.5	0.5	0.5
72	46	64.5	1	0.5	0.5	0.5
72	46	63.5	1	0.5	0.5	0.5
72	46	62.5	1	0.5	0.5	0.5
72	46	61.5	1	0.5	0.5	0.5
61.04186	35.95871	73	1	0.5	0.5	0.5
61.16711	36.91013	73	1	0.5	0.5	0.5
61.37482	37.84701	73	1	0.5	0.5	0.5
61.66338	38.76222	73	1	0.5	0.5	0.5
62.030614	39.6488	73	1	0.5	0.5	0.5
62.473721	40.5	73	1	0.5	0.5	0.5
62.989328	41.30934	73	1	0.5	0.5	0.5
63.573511	42.07066	73	1	0.5	0.5	0.5
64.221825	42.77817	73	1	0.5	0.5	0.5
64.929336	43.42649	73	1	0.5	0.5	0.5
65.690659	44.01067	73	1	0.5	0.5	0.5
66.5	44.52628	73	1	0.5	0.5	0.5
67.351199	44.96939	73	1	0.5	0.5	0.5
68.237778	45.33662	73	1	0.5	0.5	0.5
69.152991	45.62518	73	1	0.5	0.5	0.5
70.08987	45.83289	73	1	0.5	0.5	0.5
71.0412868	45.95814	73	1	0.5	0.5	0.5
61.01047	35.47981	73	1	0.5	0.5	0.5
61.09411	36.43579	73	1	0.5	0.5	0.5
61.26074	37.38084	73	1	0.5	0.5	0.5
61.50911	38.30776	73	1	0.5	0.5	0.5
61.83733	39.20952	73	1	0.5	0.5	0.5
62.242881	40.07923	73	1	0.5	0.5	0.5
62.722694	40.9103	73	1	0.5	0.5	0.5
63.273113	41.69638	73	1	0.5	0.5	0.5
63.889949	42.43149	73	1	0.5	0.5	0.5
64.568508	43.11005	73	1	0.5	0.5	0.5
65.303624	43.72689	73	1	0.5	0.5	0.5
66.089704	44.27731	73	1	0.5	0.5	0.5
66.920765	44.75712	73	1	0.5	0.5	0.5
67.790482	45.16267	73	1	0.5	0.5	0.5
68.692236	45.49089	73	1	0.5	0.5	0.5
69.619164	45.73926	73	1	0.5	0.5	0.5
70.564212	45.90589	73	1	0.5	0.5	0.5
71.5201867	45.98953	73	1	0.5	0.5	0.5
63.678257	19.57238	73	1	0.5	0.5	0.5
63.348217	20.52076	73	1	0.5	0.5	0.5
63.12588	21.5	73	1	0.5	0.5	0.5
63.014016	22.49792	73	1	0.5	0.5	0.5
63.014016	23.50208	73	1	0.5	0.5	0.5
63.12588	24.5	73	1	0.5	0.5	0.5
63.348217	25.47924	73	1	0.5	0.5	0.5
63.678257	26.42762	73	1	0.5	0.5	0.5
63.882434	19.11347	73	1	0.5	0.5	0.5
63.5	20.04196	73	1	0.5	0.5	0.5
63.223381	21.00728	73	1	0.5	0.5	0.5
63.05602	21.9974	73	1	0.5	0.5	0.5
63	23	73	1	0.5	0.5	0.5
63.05602	24.0026	73	1	0.5	0.5	0.5
63.223381	24.99272	73	1	0.5	0.5	0.5
63.5	25.95804	73	1	0.5	0.5	0.5
63.882434	26.88653	73	1	0.5	0.5	0.5
64.612916	2.849479	72.17668	1	0.5	0.5	0.5
62.767584	5.019824	61.8462452	1	0.5	0.5	0.5
66.051269	1.747292	61.8458368	1	0.5	0.5	0.5
61.03419	10.13336	67.500123	1	0.5	0.5	0.5
71.1687269	0.03145474	67.501186	1	0.5	0.5	0.5
62.757788	5.034975	72.1565	1	0.5	0.5	0.5
66.910898	1.248024	72.1672	1	0.5	0.5	0.5
71.1439343	0.03336189	64.502412	1	0.5	0.5	0.5
61.04399	10.01718	64.431513	1	0.5	0.5	0.5
61.5134	7.678679	72.18566	1	0.5	0.5	0.5
68.692236	0.5091135	61.830995	1	0.5	0.5	0.5
61.51376	7.677535	61.8143218	1	0.5	0.5	0.5
61.02779	10.21862	69.480196	1	0.5	0.5	0.5
71.150555	0.03284708	69.503217	1	0.5	0.5	0.5
64.60618	2.855589	61.8179876	1	0.5	0.5	0.5
68.630575	0.5287548	72.1591	1	0.5	0.5	0.5
61.03409	10.13465	71.5	1	0.5	0.5	0.5
71.1474426	0.03308859	71.47732	1	0.5	0.5	0.5
71.1346458	0.03409091	62.5	1	0.5	0.5	0.5
61.03859	10.07937	62.520792	1	0.5	0.5	0.5
61.0342	10.13323	66.499884	1	0.5	0.5	0.5
61.13675	9.270921	67.000022	1	0.5	0.5	0.5
61.13607	9.275165	67.998664	1	0.5	0.5	0.5
61.30693	8.419655	67.503767	1	0.5	0.5	0.5
61.30743	8.417569	66.498542	1	0.5	0.5	0.5
61.54496	7.58062	67.002684	1	0.5	0.5	0.5
61.54576	7.578175	65.997572	1	0.5	0.5	0.5
61.84866	6.763229	66.501527	1	0.5	0.5	0.5
61.84808	6.764621	67.506473	1	0.5	0.5	0.5
62.215155	5.974385	67.005346	1	0.5	0.5	0.5
62.216049	5.972644	66.000225	1	0.5	0.5	0.5
62.643719	5.215538	66.50417	1	0.5	0.5	0.5
62.642906	5.216853	67.509237	1	0.5	0.5	0.5
63.129958	4.494437	67.008044	1	0.5	0.5	0.5
63.130941	4.493097	66.002925	1	0.5	0.5	0.5
63.672687	3.8128	66.50685	1	0.5	0.5	0.5
63.671675	3.813972	67.511956	1	0.5	0.5	0.5
64.266529	3.177377	67.01075	1	0.5	0.5	0.5
64.267638	3.176281	66.005624	1	0.5	0.5	0.5
64.909895	2.589863	66.509537	1	0.5	0.5	0.5
64.90869	2.590879	67.514662	1	0.5	0.5	0.5
65.596453	2.056031	67.013455	1	0.5	0.5	0.5
65.595191	2.056934	68.018575	1	0.5	0.5	0.5
66.323037	1.578106	67.517362	1	0.5	0.5	0.5
66.324373	1.577301	66.512236	1	0.5	0.5	0.5
67.086509	1.158374	67.016149	1	0.5	0.5	0.5
67.087905	1.157677	66.011024	1	0.5	0.5	0.5
67.085095	1.15908	68.021254	1	0.5	0.5	0.5
64.911013	2.58892	65.504431	1	0.5	0.5	0.5
64.9075	2.591882	68.519791	1	0.5	0.5	0.5
61.30465	8.429121	68.479276	1	0.5	0.5	0.5
64.268741	3.175192	65.000494	1	0.5	0.5	0.5
67.880803	0.8003817	66.514931	1	0.5	0.5	0.5
67.882254	0.7997957	65.509815	1	0.5	0.5	0.5
65.593909	2.057853	69.023695	1	0.5	0.5	0.5
67.089277	1.156992	65.005888	1	0.5	0.5	0.5
68.700927	0.5063774	66.013729	1	0.5	0.5	0.5
64.912213	2.587909	64.49927	1	0.5	0.5	0.5
68.699435	0.5068463	67.018851	1	0.5	0.5	0.5
68.70243	0.5059049	65.008598	1	0.5	0.5	0.5
64.906305	2.59289	69.524913	1	0.5	0.5	0.5
65.592642	2.058761	70.028825	1	0.5	0.5	0.5
64.269842	3.174103	63.995366	1	0.5	0.5	0.5
64.264311	3.179571	69.021	1	0.5	0.5	0.5
64.263202	3.180668	70.026126	1	0.5	0.5	0.5
63.66965	3.816319	69.522208	1	0.5	0.5	0.5
63.668633	3.817498	70.527338	1	0.5	0.5	0.5
63.127251	4.498128	70.023426	1	0.5	0.5	0.5
63.674747	3.810412	64.496587	1	0.5	0.5	0.5
63.675763	3.809236	63.491459	1	0.5	0.5	0.5
63.13278	4.49059	63.992669	1	0.5	0.5	0.5
66.320365	1.579716	69.527612	1	0.5	0.5	0.5
61.30803	8.415105	65.494022	1	0.5	0.5	0.5
61.54633	7.576441	64.992401	1	0.5	0.5	0.5
61.30854	8.412988	64.488492	1	0.5	0.5	0.5
61.54681	7.57496	63.987281	1	0.5	0.5	0.5
61.85006	6.759859	64.491185	1	0.5	0.5	0.5
61.85066	6.758424	63.486059	1	0.5	0.5	0.5
61.26099	8.618063	63.483571	1	0.5	0.5	0.5
69.519298	0.2833719	65.518257	1	0.5	0.5	0.5
64.914907	2.585639	63.50468	1	0.5	0.5	0.5
65.600252	2.053312	63.998073	1	0.5	0.5	0.5
69.527634	0.2814458	64.513845	1	0.5	0.5	0.5
68.70218	0.5059835	64.003216	1	0.5	0.5	0.5
69.544816	0.2774971	63.50226	1	0.5	0.5	0.5
66.29047	1.597805	70.524867	1	0.5	0.5	0.5
67.21595	1.094806	70.160905	1	0.5	0.5	0.5
65.59559	2.056649	71.13637	1	0.5	0.5	0.5
63.128174	4.49687	69.0183	1	0.5	0.5	0.5
62.641336	5.219394	69.519519	1	0.5	0.5	0.5
62.6354	5.229015	70.5084	1	0.5	0.5	0.5
62.213199	5.978194	70.020726	1	0.5	0.5	0.5
62.212487	5.979582	71.02585	1	0.5	0.5	0.5
61.84646	6.76849	70.521939	1	0.5	0.5	0.5
61.8471	6.766956	69.516836	1	0.5	0.5	0.5
61.47231	7.81132	69.90949	1	0.5	0.5	0.5
62.217468	5.969883	63.989962	1	0.5	0.5	0.5
62.218183	5.968493	62.984843	1	0.5	0.5	0.5
63.05625	4.596146	62.861825	1	0.5	0.5	0.5
63.718167	3.760439	62.519122	1	0.5	0.5	0.5
65.657628	2.012546	62.876732	1	0.5	0.5	0.5
66.328382	1.574887	63.496861	1	0.5	0.5	0.5
64.290759	3.153497	71.16844	1	0.5	0.5	0.5
63.679336	3.805102	71.42654	1	0.5	0.5	0.5
61.84918	6.761986	62.481367	1	0.5	0.5	0.5
61.84587	6.769905	71.52471	1	0.5	0.5	0.5
68.703751	0.50549	62.981934	1	0.5	0.5	0.5
67.885145	0.7986292	63.49956	1	0.5	0.5	0.5
69.546336	0.277149	62.497135	1	0.5	0.5	0.5
67.788953	0.8379586	71.1738	1	0.5	0.5	0.5
67.886591	0.7980458	62.494435	1	0.5	0.5	0.5
62.211775	5.98097	72.03098	1	0.5	0.5	0.5
62.218895	5.96711	61.9797174	1	0.5	0.5	0.5
61.10063	9.515483	63.485734	1	0.5	0.5	0.5
61.137	9.269308	65.995428	1	0.5	0.5	0.5
61.54287	7.587027	68.007344	1	0.5	0.5	0.5
62.216764	5.971252	64.995068	1	0.5	0.5	0.5
62.644607	5.214101	65.499008	1	0.5	0.5	0.5
62.645436	5.212761	64.493876	1	0.5	0.5	0.5
61.84941	6.761424	65.496342	1	0.5	0.5	0.5
61.23635	8.731996	69.69754	1	0.5	0.5	0.5
61.54446	7.582153	69.012901	1	0.5	0.5	0.5
61.84682	6.767628	68.511129	1	0.5	0.5	0.5
62.642138	5.218096	68.514408	1	0.5	0.5	0.5
62.214101	5.976437	68.010589	1	0.5	0.5	0.5
62.213834	5.976958	69.015548	1	0.5	0.5	0.5
63.12907	4.495648	68.013132	1	0.5	0.5	0.5
64.265403	3.178491	68.015908	1	0.5	0.5	0.5
63.670652	3.815157	68.517038	1	0.5	0.5	0.5
63.673726	3.811596	65.501742	1	0.5	0.5	0.5
66.321694	1.578915	68.522451	1	0.5	0.5	0.5
63.131864	4.491838	64.997762	1	0.5	0.5	0.5
67.097257	1.153015	69.040367	1	0.5	0.5	0.5
67.903278	0.7913334	69.523008	1	0.5	0.5	0.5
67.883238	0.7993984	64.504827	1	0.5	0.5	0.5
62.632419	5.233856	63.495914	1	0.5	0.5	0.5
61.53284	7.617898	62.983713	1	0.5	0.5	0.5
67.879334	0.800975	67.520021	1	0.5	0.5	0.5
68.697901	0.507329	68.023958	1	0.5	0.5	0.5
69.504805	0.2867372	67.51806	1	0.5	0.5	0.5
69.52393	0.2823007	68.527775	1	0.5	0.5	0.5
69.538478	0.2789503	66.511842	1	0.5	0.5	0.5
70.366402	0.1219782	66.012924	1	0.5	0.5	0.5
66.325708	1.576497	65.50715	1	0.5	0.5	0.5
66.32699	1.575725	64.50201	1	0.5	0.5	0.5
65.59767	2.055159	66.008343	1	0.5	0.5	0.5
65.598891	2.054286	65.003166	1	0.5	0.5	0.5
64.297663	3.14672	63.02946	1	0.5	0.5	0.5
64.911496	2.588513	70.52985	1	0.5	0.5	0.5
61.54342	7.585331	71.02315	1	0.5	0.5	0.5
61.2941	8.473416	71.51126	1	0.5	0.5	0.5
63.069059	4.578296	71.14448	1	0.5	0.5	0.5
67.888523	0.7972672	68.523911	1	0.5	0.5	0.5
67.090542	1.156361	64.000792	1	0.5	0.5	0.5
67.092073	1.155598	62.995709	1	0.5	0.5	0.5
67.004973	1.199505	61.974461	1	0.5	0.5	0.5
68.703736	0.5054946	69.028201	1	0.5	0.5	0.5
69.490692	0.290034	69.535463	1	0.5	0.5	0.5
71.1346737	0.03408871	70.500048	1	0.5	0.5	0.5
70.270281	0.1368479	71	1	0.5	0.5	0.5
70.406556	0.116024	72.0581	1	0.5	0.5	0.5
69.461266	0.296971	71.50825	1	0.5	0.5	0.5
71.1346458	0.03409091	63.5	1	0.5	0.5	0.5
71.1541238	0.03257125	68.502058	1	0.5	0.5	0.5
61.03535	10.11887	65.491263	1	0.5	0.5	0.5
61.04671	9.987333	70.549863	1	0.5	0.5	0.5
61.03409	10.13465	68.5	1	0.5	0.5	0.5
61.13763	9.265368	64.989712	1	0.5	0.5	0.5
68.694654	0.5083514	70.034116	1	0.5	0.5	0.5
61.31132	8.401536	62.493104	1	0.5	0.5	0.5
65.301849	2.274475	61.8361785	1	0.5	0.5	0.5
67.750627	0.8539256	72.15813	1	0.5	0.5	0.5
66.068715	1.736099	72.16468	1	0.5	0.5	0.5
65.303624	2.273113	72.16901	1	0.5	0.5	0.5
61.16199	9.119146	70.628396	1	0.5	0.5	0.5
63.273113	4.303624	61.8030771	1	0.5	0.5	0.5
66.917552	1.244554	71.20685	1	0.5	0.5	0.5
71.1755131	0.03094255	65.472251	1	0.5	0.5	0.5
63.273113	4.303624	72.2116	1	0.5	0.5	0.5
61.16117	9.123872	69.012937	1	0.5	0.5	0.5
70.396948	0.1174348	61.9305015	1	0.5	0.5	0.5
61.10035	9.517529	72.29356	1	0.5	0.5	0.5
61.10116	9.511624	61.7331041	1	0.5	0.5	0.5
70.342108	0.1256544	66.984512	1	0.5	0.5	0.5
70.336157	0.1265633	65.014447	1	0.5	0.5	0.5
71.1833224	0.03035836	66.499724	1	0.5	0.5	0.5
69.471731	0.2944942	70.552179	1	0.5	0.5	0.5
70.329658	0.1275597	68.023005	1	0.5	0.5	0.5
70.311676	0.1303375	70.040935	1	0.5	0.5	0.5
70.320916	0.1289063	69.031878	1	0.5	0.5	0.5
68.654324	0.5211426	71.00289	1	0.5	0.5	0.5
64.827485	2.660035	62.591735	1	0.5	0.5	0.5
70.332604	0.1271075	64.117951	1	0.5	0.5	0.5
64.922739	2.579051	71.39684	1	0.5	0.5	0.5
63.889949	3.568508	61.7001855	1	0.5	0.5	0.5
66.378515	1.5449	62.648381	1	0.5	0.5	0.5
61.31942	8.368407	70.538856	1	0.5	0.5	0.5
63.889949	3.568508	72.30663	1	0.5	0.5	0.5
61.25235	8.657354	61.7057808	1	0.5	0.5	0.5
61.1414	9.241953	62.573838	1	0.5	0.5	0.5
61.26074	8.619164	72.32557	1	0.5	0.5	0.5
67.790482	0.8373251	61.6736679	1	0.5	0.5	0.5
62.59796	5.290215	62.645663	1	0.5	0.5	0.5
62.608535	5.272838	71.32936	1	0.5	0.5	0.5
61.83733	6.790482	61.6630511	1	0.5	0.5	0.5
61.83733	6.790482	72.34165	1	0.5	0.5	0.5
67.968951	0.7652236	70.360443	1	0.5	0.5	0.5
70.342925	0.1255298	63.187108	1	0.5	0.5	0.5
69.579809	0.2695444	61.6844159	1	0.5	0.5	0.5
66.26354	1.614212	71.35367	1	0.5	0.5	0.5
69.536746	0.2793479	72.29915	1	0.5	0.5	0.5
61.01867	10.35944	63.5	1	0.5	0.5	0.5
61.11152	9.437642	69.916861	1	0.5	0.5	0.5
61.138	9.263068	71.47089	1	0.5	0.5	0.5
61.15061	9.185941	64.222738	1	0.5	0.5	0.5
71.1930161	0.02964098	72.20675	1	0.5	0.5	0.5
71.1994693	0.02916819	61.7752775	1	0.5	0.5	0.5
61.02172	10.30904	72.29695	1	0.5	0.5	0.5
61.02172	10.30904	61.7030487	1	0.5	0.5	0.5
64.197643	3.246084	62.311594	1	0.5	0.5	0.5
61.3515	8.241496	69.195884	1	0.5	0.5	0.5
64.450307	2.999866	71.67256	1	0.5	0.5	0.5
64.087633	3.358374	71.73754	1	0.5	0.5	0.5
64.243097	3.200612	72.24165	1	0.5	0.5	0.5
67.500619	0.9622927	70.667354	1	0.5	0.5	0.5
67.066183	1.168548	70.683878	1	0.5	0.5	0.5
67.348808	1.03173	71.19033	1	0.5	0.5	0.5
62.909449	4.806303	62.354035	1	0.5	0.5	0.5
63.163471	4.448988	62.332451	1	0.5	0.5	0.5
63.013211	4.656686	61.8246611	1	0.5	0.5	0.5
68.206612	0.6747779	71.66645	1	0.5	0.5	0.5
68.642447	0.524942	71.581	1	0.5	0.5	0.5
68.21832	0.6704844	71.08835	1	0.5	0.5	0.5
63.978428	3.473089	71.29749	1	0.5	0.5	0.5
63.783791	3.686047	71.86658	1	0.5	0.5	0.5
62.910555	4.80468	71.65049	1	0.5	0.5	0.5
63.008012	4.664058	72.18405	1	0.5	0.5	0.5
63.170018	4.440166	71.67804	1	0.5	0.5	0.5
67.878792	0.801194	70.767123	1	0.5	0.5	0.5
67.589371	0.9229789	70.260674	1	0.5	0.5	0.5
67.769782	0.845924	71.66597	1	0.5	0.5	0.5
68.187133	0.6819554	72.15862	1	0.5	0.5	0.5
62.681791	5.154405	62.245954	1	0.5	0.5	0.5
62.820543	4.938848	62.753744	1	0.5	0.5	0.5
65.853018	1.877796	62.361284	1	0.5	0.5	0.5
65.671068	2.003077	61.8410076	1	0.5	0.5	0.5
65.478424	2.141725	62.356455	1	0.5	0.5	0.5
69.970071	0.1889229	62.213818	1	0.5	0.5	0.5
69.943233	0.1939966	62.842121	1	0.5	0.5	0.5
70.369932	0.1214487	62.558805	1	0.5	0.5	0.5
70.765094	0.06953767	62.215251	1	0.5	0.5	0.5
70.737957	0.07263765	62.843554	1	0.5	0.5	0.5
67.330003	1.040526	71.68249	1	0.5	0.5	0.5
67.326606	1.042119	72.16267	1	0.5	0.5	0.5
66.914225	1.246288	71.68703	1	0.5	0.5	0.5
65.83007	1.893301	71.65052	1	0.5	0.5	0.5
65.448713	2.163675	71.65269	1	0.5	0.5	0.5
65.680463	1.996476	72.16684	1	0.5	0.5	0.5
62.832217	4.921204	71.23692	1	0.5	0.5	0.5
62.682402	5.15343	71.74293	1	0.5	0.5	0.5
70.723382	0.07433079	72.52905	1	0.5	0.5	0.5
70.248027	0.1404149	72.52905	1	0.5	0.5	0.5
66.165809	1.674647	71.75917	1	0.5	0.5	0.5
65.925535	1.829347	71.24502	1	0.5	0.5	0.5
66.274	1.607826	61.4229184	1	0.5	0.5	0.5
66.52127	1.461472	61.9101489	1	0.5	0.5	0.5
66.750696	1.333315	61.4872305	1	0.5	0.5	0.5
61.04015	10.06097	71.02493	1	0.5	0.5	0.5
61.07735	9.69782	71.48545	1	0.5	0.5	0.5
61.08635	9.624443	71.01038	1	0.5	0.5	0.5
61.09571	9.552092	70.589129	1	0.5	0.5	0.5
61.14976	9.191067	71.04964	1	0.5	0.5	0.5
66.013504	1.771681	62.762557	1	0.5	0.5	0.5
66.214007	1.644665	62.247109	1	0.5	0.5	0.5
61.67132	7.216042	62.147844	1	0.5	0.5	0.5
61.52326	7.647703	62.399017	1	0.5	0.5	0.5
61.68213	7.186661	62.73254	1	0.5	0.5	0.5
61.17151	9.065111	63.484653	1	0.5	0.5	0.5
61.19669	8.929145	63.028705	1	0.5	0.5	0.5
61.12015	9.37859	63.029786	1	0.5	0.5	0.5
61.66964	7.220634	71.85519	1	0.5	0.5	0.5
61.68659	7.174628	71.27393	1	0.5	0.5	0.5
61.52831	7.631972	71.60441	1	0.5	0.5	0.5
67.177347	1.113544	61.4872305	1	0.5	0.5	0.5
71.1171303	0.03548719	72.60337	1	0.5	0.5	0.5
70.799009	0.06575927	72.13242	1	0.5	0.5	0.5
68.697993	0.5073002	62.406465	1	0.5	0.5	0.5
69.122777	0.3829576	62.739535	1	0.5	0.5	0.5
69.116952	0.3845379	62.164065	1	0.5	0.5	0.5
70.243234	0.1411892	61.4652507	1	0.5	0.5	0.5
70.71856	0.07489532	61.4652507	1	0.5	0.5	0.5
68.286603	0.645741	62.162715	1	0.5	0.5	0.5
68.292284	0.643705	62.738185	1	0.5	0.5	0.5
62.122887	6.158239	61.4898587	1	0.5	0.5	0.5
62.343483	5.732014	61.4898587	1	0.5	0.5	0.5
61.40945	8.026759	71.2672	1	0.5	0.5	0.5
61.3963	8.073992	71.84846	1	0.5	0.5	0.5
62.339754	5.738855	72.51549	1	0.5	0.5	0.5
62.119461	6.165236	72.51549	1	0.5	0.5	0.5
61.2856	8.509673	62.988337	1	0.5	0.5	0.5
61.21816	8.820089	62.533471	1	0.5	0.5	0.5
63.377078	4.170269	62.690474	1	0.5	0.5	0.5
63.491304	4.028479	62.1611	1	0.5	0.5	0.5
63.365538	4.184864	71.28551	1	0.5	0.5	0.5
63.472581	4.051394	71.81907	1	0.5	0.5	0.5
61.34438	8.269108	69.803515	1	0.5	0.5	0.5
61.40972	8.025795	69.552687	1	0.5	0.5	0.5
61.29111	8.486086	69.446712	1	0.5	0.5	0.5
61.27635	8.549849	70.118198	1	0.5	0.5	0.5
61.39221	8.08886	70.224173	1	0.5	0.5	0.5
66.747186	1.335221	70.342886	1	0.5	0.5	0.5
66.601121	1.416049	70.865859	1	0.5	0.5	0.5
64.766564	2.712817	71.78676	1	0.5	0.5	0.5
64.601172	2.860139	71.28264	1	0.5	0.5	0.5
65.061988	2.463959	62.213957	1	0.5	0.5	0.5
65.234806	2.326353	62.734233	1	0.5	0.5	0.5
62.612874	5.265728	72.57825	1	0.5	0.5	0.5
62.473033	5.501191	72.09374	1	0.5	0.5	0.5
61.40635	8.037806	62.153713	1	0.5	0.5	0.5
61.41482	8.007667	62.738408	1	0.5	0.5	0.5
62.61758	5.258032	61.4231226	1	0.5	0.5	0.5
62.481448	5.486637	61.9129813	1	0.5	0.5	0.5
69.043648	0.4047188	71.83367	1	0.5	0.5	0.5
69.055661	0.4013743	71.25557	1	0.5	0.5	0.5
70.797399	0.06593624	61.8528895	1	0.5	0.5	0.5
71.1203552	0.035228	61.3876387	1	0.5	0.5	0.5
66.688936	1.367109	62.311421	1	0.5	0.5	0.5
65.254106	2.311334	71.2666	1	0.5	0.5	0.5
65.111483	2.423967	71.78292	1	0.5	0.5	0.5
61.84324	6.77623	62.072209	1	0.5	0.5	0.5
61.66602	7.230535	61.7386864	1	0.5	0.5	0.5
61.06943	9.766005	63.958624	1	0.5	0.5	0.5
61.08939	9.600543	64.327126	1	0.5	0.5	0.5
61.12437	9.350523	63.854236	1	0.5	0.5	0.5
61.06598	9.797028	63.003263	1	0.5	0.5	0.5
61.02774	10.21934	63.010396	1	0.5	0.5	0.5
61.05151	9.936672	63.492867	1	0.5	0.5	0.5
61.20207	8.901276	63.853155	1	0.5	0.5	0.5
61.03	10.18821	63.965757	1	0.5	0.5	0.5
61.66581	7.231099	72.26365	1	0.5	0.5	0.5
61.84159	6.780191	71.93318	1	0.5	0.5	0.5
61.08196	9.659677	62.547315	1	0.5	0.5	0.5
61.16833	9.082998	61.7194425	1	0.5	0.5	0.5
61.12044	9.376664	62.153471	1	0.5	0.5	0.5
61.19292	8.948903	62.139809	1	0.5	0.5	0.5
69.921895	0.1980799	67.251286	1	0.5	0.5	0.5
69.915711	0.1992713	67.770532	1	0.5	0.5	0.5
70.335882	0.1266053	67.503758	1	0.5	0.5	0.5
69.545576	0.277323	62.999697	1	0.5	0.5	0.5
69.942467	0.1941424	63.344684	1	0.5	0.5	0.5
71.1346458	0.03409091	63	1	0.5	0.5	0.5
70.737957	0.07263765	63.343554	1	0.5	0.5	0.5
66.587389	1.423798	71.28026	1	0.5	0.5	0.5
66.584123	1.425645	71.76044	1	0.5	0.5	0.5
61.30773	8.416337	65.996282	1	0.5	0.5	0.5
61.21405	8.840513	65.744725	1	0.5	0.5	0.5
61.21381	8.841756	66.246985	1	0.5	0.5	0.5
66.484405	1.482741	72.16594	1	0.5	0.5	0.5
61.07791	9.693102	65.743346	1	0.5	0.5	0.5
61.13732	9.267338	65.49257	1	0.5	0.5	0.5
61.07815	9.691121	65.240488	1	0.5	0.5	0.5
61.21365	8.842557	66.749282	1	0.5	0.5	0.5
61.13687	9.270115	66.497725	1	0.5	0.5	0.5
61.21445	8.838557	65.241867	1	0.5	0.5	0.5
61.03955	10.06801	64.961388	1	0.5	0.5	0.5
61.08434	9.640466	64.710613	1	0.5	0.5	0.5
61.41538	8.005704	68.24331	1	0.5	0.5	0.5
61.41608	8.003237	68.746089	1	0.5	0.5	0.5
61.54366	7.58459	68.510122	1	0.5	0.5	0.5
66.703994	1.358822	64.753949	1	0.5	0.5	0.5
67.089909	1.156677	64.50334	1	0.5	0.5	0.5
66.704613	1.358482	64.251401	1	0.5	0.5	0.5
66.327686	1.575306	63.999435	1	0.5	0.5	0.5
66.705325	1.358091	63.748826	1	0.5	0.5	0.5
65.956948	1.808617	65.757747	1	0.5	0.5	0.5
65.957575	1.808205	65.255158	1	0.5	0.5	0.5
65.598281	2.054722	65.505755	1	0.5	0.5	0.5
61.68727	7.17278	67.756908	1	0.5	0.5	0.5
61.6867	7.174308	68.259237	1	0.5	0.5	0.5
61.84745	6.766125	68.008801	1	0.5	0.5	0.5
66.326349	1.576111	65.00458	1	0.5	0.5	0.5
65.958201	1.807794	64.752588	1	0.5	0.5	0.5
66.703337	1.359182	65.256519	1	0.5	0.5	0.5
61.6876	7.171904	68.762015	1	0.5	0.5	0.5
61.30579	8.424388	67.991522	1	0.5	0.5	0.5
61.41671	8.00102	67.755556	1	0.5	0.5	0.5
69.107962	0.3869837	65.765993	1	0.5	0.5	0.5
69.117458	0.3844005	66.262785	1	0.5	0.5	0.5
69.528887	0.2811568	66.01505	1	0.5	0.5	0.5
69.950936	0.1925333	66.262383	1	0.5	0.5	0.5
69.941268	0.1943708	65.76559	1	0.5	0.5	0.5
62.216407	5.971948	65.497647	1	0.5	0.5	0.5
62.422816	5.589128	65.749617	1	0.5	0.5	0.5
62.4232	5.588447	65.247038	1	0.5	0.5	0.5
63.962797	3.489783	67.261353	1	0.5	0.5	0.5
63.962256	3.490362	67.763932	1	0.5	0.5	0.5
64.265966	3.177934	67.513329	1	0.5	0.5	0.5
63.960674	3.492055	69.271604	1	0.5	0.5	0.5
63.961197	3.491495	68.769019	1	0.5	0.5	0.5
63.670151	3.815738	69.019623	1	0.5	0.5	0.5
62.642522	5.217474	68.011823	1	0.5	0.5	0.5
62.878449	4.852049	68.26377	1	0.5	0.5	0.5
62.878857	4.851443	67.761185	1	0.5	0.5	0.5
63.395584	4.14697	65.752333	1	0.5	0.5	0.5
63.39607	4.14636	65.249752	1	0.5	0.5	0.5
63.131403	4.492467	65.500343	1	0.5	0.5	0.5
62.880646	4.848791	65.750966	1	0.5	0.5	0.5
62.881082	4.848143	65.248385	1	0.5	0.5	0.5
65.95241	1.811602	69.275654	1	0.5	0.5	0.5
66.32103	1.579315	69.025031	1	0.5	0.5	0.5
65.953058	1.811176	68.773073	1	0.5	0.5	0.5
62.420972	5.592393	67.759913	1	0.5	0.5	0.5
62.420612	5.593029	68.262499	1	0.5	0.5	0.5
62.645022	5.213431	64.996442	1	0.5	0.5	0.5
62.881523	4.84749	64.745819	1	0.5	0.5	0.5
67.485791	0.9689524	62.745072	1	0.5	0.5	0.5
67.441361	0.9890655	62.234448	1	0.5	0.5	0.5
67.048475	1.177455	62.485085	1	0.5	0.5	0.5
67.156517	1.123732	69.600636	1	0.5	0.5	0.5
67.557023	0.9371996	69.841956	1	0.5	0.5	0.5
67.496636	0.9640791	69.281688	1	0.5	0.5	0.5
67.8959	0.7942976	69.023459	1	0.5	0.5	0.5
67.489382	0.9673372	68.782139	1	0.5	0.5	0.5
62.02526	6.362699	65.245705	1	0.5	0.5	0.5
62.02493	6.363409	65.748284	1	0.5	0.5	0.5
62.423588	5.587761	64.744472	1	0.5	0.5	0.5
63.674237	3.811004	64.999164	1	0.5	0.5	0.5
63.396557	4.145748	64.747174	1	0.5	0.5	0.5
63.965464	3.486929	64.74854	1	0.5	0.5	0.5
63.96493	3.4875	65.251118	1	0.5	0.5	0.5
64.581811	2.877779	67.262706	1	0.5	0.5	0.5
64.581226	2.878313	67.765285	1	0.5	0.5	0.5
68.290775	0.6442455	63.751388	1	0.5	0.5	0.5
67.884192	0.7990137	64.002194	1	0.5	0.5	0.5
68.289807	0.6445922	64.254022	1	0.5	0.5	0.5
66.762543	1.326891	69.844259	1	0.5	0.5	0.5
66.704512	1.358537	69.28399	1	0.5	0.5	0.5
63.392183	4.151241	69.270254	1	0.5	0.5	0.5
63.392661	4.150641	68.767669	1	0.5	0.5	0.5
65.59455	2.057394	68.521135	1	0.5	0.5	0.5
65.953717	1.810742	68.270513	1	0.5	0.5	0.5
62.878025	4.852678	68.766354	1	0.5	0.5	0.5
63.128622	4.496259	68.515716	1	0.5	0.5	0.5
64.910454	2.589392	66.006984	1	0.5	0.5	0.5
65.248487	2.3157	66.25894	1	0.5	0.5	0.5
65.249064	2.315251	65.756387	1	0.5	0.5	0.5
62.213967	5.976698	68.513068	1	0.5	0.5	0.5
62.420469	5.593284	68.764978	1	0.5	0.5	0.5
67.885868	0.7983374	62.996998	1	0.5	0.5	0.5
67.48508	0.9692725	63.247635	1	0.5	0.5	0.5
67.091308	1.15598	63.498251	1	0.5	0.5	0.5
66.706075	1.357679	63.246285	1	0.5	0.5	0.5
62.881956	4.846849	64.243273	1	0.5	0.5	0.5
62.875029	4.857126	63.744292	1	0.5	0.5	0.5
62.638922	5.223305	63.994895	1	0.5	0.5	0.5
68.700181	0.5066118	66.51629	1	0.5	0.5	0.5
69.116704	0.3846053	66.765346	1	0.5	0.5	0.5
63.094359	4.543255	63.427247	1	0.5	0.5	0.5
62.838784	4.911312	63.17887	1	0.5	0.5	0.5
62.022353	6.368956	69.768781	1	0.5	0.5	0.5
62.213516	5.977576	69.518137	1	0.5	0.5	0.5
62.022646	6.368326	69.266192	1	0.5	0.5	0.5
61.68844	7.169621	67.254578	1	0.5	0.5	0.5
61.54391	7.583823	67.505014	1	0.5	0.5	0.5
62.024518	6.364295	66.250876	1	0.5	0.5	0.5
61.84903	6.762327	65.998935	1	0.5	0.5	0.5
64.276969	3.16707	70.597284	1	0.5	0.5	0.5
64.595737	2.865083	70.849146	1	0.5	0.5	0.5
64.581438	2.878119	70.277988	1	0.5	0.5	0.5
61.68915	7.167708	66.249549	1	0.5	0.5	0.5
61.6895	7.166791	65.746957	1	0.5	0.5	0.5
64.586534	2.873468	63.750023	1	0.5	0.5	0.5
64.600965	2.860327	63.26707	1	0.5	0.5	0.5
64.28374	3.160399	63.512413	1	0.5	0.5	0.5
64.578932	2.880409	69.775519	1	0.5	0.5	0.5
64.9089	2.590701	70.027381	1	0.5	0.5	0.5
62.874006	4.858646	70.265913	1	0.5	0.5	0.5
62.846445	4.899801	70.82644	1	0.5	0.5	0.5
63.098065	4.538146	70.583953	1	0.5	0.5	0.5
61.69011	7.165142	64.741793	1	0.5	0.5	0.5
61.68981	7.165937	65.244372	1	0.5	0.5	0.5
61.84974	6.760642	64.993763	1	0.5	0.5	0.5
63.671163	3.814565	68.014497	1	0.5	0.5	0.5
63.961722	3.490934	68.266473	1	0.5	0.5	0.5
64.264857	3.179031	68.518454	1	0.5	0.5	0.5
62.880173	4.849491	66.253548	1	0.5	0.5	0.5
62.644163	5.214819	66.001589	1	0.5	0.5	0.5
68.286471	0.645788	67.269436	1	0.5	0.5	0.5
68.285715	0.6460595	67.77199	1	0.5	0.5	0.5
68.698668	0.5070877	67.521405	1	0.5	0.5	0.5
69.099255	0.3893601	67.771009	1	0.5	0.5	0.5
69.108726	0.3867756	68.275867	1	0.5	0.5	0.5
69.514366	0.2845147	68.022917	1	0.5	0.5	0.5
67.481535	0.9708688	65.76042	1	0.5	0.5	0.5
67.482234	0.9705539	65.257852	1	0.5	0.5	0.5
67.088591	1.157335	65.508456	1	0.5	0.5	0.5
65.246662	2.317119	67.766618	1	0.5	0.5	0.5
64.908095	2.59138	68.017227	1	0.5	0.5	0.5
65.246047	2.317597	68.269183	1	0.5	0.5	0.5
67.881528	0.8000887	66.012373	1	0.5	0.5	0.5
68.287953	0.6452569	66.26433	1	0.5	0.5	0.5
68.28869	0.6449928	65.761772	1	0.5	0.5	0.5
69.100031	0.389148	67.268455	1	0.5	0.5	0.5
67.480821	0.9711903	66.262978	1	0.5	0.5	0.5
65.247274	2.316643	67.264059	1	0.5	0.5	0.5
65.595822	2.056483	67.516015	1	0.5	0.5	0.5
66.700616	1.360678	67.266755	1	0.5	0.5	0.5
66.699923	1.361059	67.769308	1	0.5	0.5	0.5
67.085802	1.158727	67.518702	1	0.5	0.5	0.5
63.963325	3.489217	66.7588	1	0.5	0.5	0.5
64.267084	3.176829	66.508187	1	0.5	0.5	0.5
63.963858	3.488647	66.256237	1	0.5	0.5	0.5
65.245425	2.318081	68.771743	1	0.5	0.5	0.5
68.701678	0.5061411	65.511163	1	0.5	0.5	0.5
68.289431	0.644727	65.259207	1	0.5	0.5	0.5
64.583509	2.876229	65.755028	1	0.5	0.5	0.5
64.584081	2.875706	65.252462	1	0.5	0.5	0.5
64.26819	3.175736	65.503059	1	0.5	0.5	0.5
62.638367	5.224204	70.01396	1	0.5	0.5	0.5
62.419752	5.594554	69.770123	1	0.5	0.5	0.5
62.416976	5.599477	70.264563	1	0.5	0.5	0.5
62.879709	4.85018	66.756107	1	0.5	0.5	0.5
63.130449	4.493767	66.505484	1	0.5	0.5	0.5
64.582969	2.876722	66.257581	1	0.5	0.5	0.5
62.877163	4.853957	69.771473	1	0.5	0.5	0.5
63.127712	4.497499	69.520863	1	0.5	0.5	0.5
62.877599	4.85331	69.26891	1	0.5	0.5	0.5
62.025786	6.361568	62.733105	1	0.5	0.5	0.5
62.218539	5.967801	62.48228	1	0.5	0.5	0.5
62.026114	6.360863	62.230542	1	0.5	0.5	0.5
64.582393	2.877248	66.760143	1	0.5	0.5	0.5
65.954372	1.810311	67.767968	1	0.5	0.5	0.5
65.95502	1.809885	67.265409	1	0.5	0.5	0.5
64.906903	2.592386	69.022352	1	0.5	0.5	0.5
65.244808	2.318561	69.274304	1	0.5	0.5	0.5
69.108722	0.3867765	65.263428	1	0.5	0.5	0.5
64.911613	2.588414	65.00185	1	0.5	0.5	0.5
64.584661	2.875177	64.749882	1	0.5	0.5	0.5
62.212843	5.978888	70.523289	1	0.5	0.5	0.5
62.416593	5.600157	70.767126	1	0.5	0.5	0.5
63.39457	4.148242	66.757447	1	0.5	0.5	0.5
63.395088	4.147592	66.254887	1	0.5	0.5	0.5
69.523466	0.2824081	65.016051	1	0.5	0.5	0.5
69.11285	0.3856529	64.761222	1	0.5	0.5	0.5
65.244193	2.31904	69.776869	1	0.5	0.5	0.5
65.593275	2.058307	69.52626	1	0.5	0.5	0.5
64.580085	2.879356	68.770396	1	0.5	0.5	0.5
64.579508	2.879883	69.272956	1	0.5	0.5	0.5
64.585233	2.874655	64.247318	1	0.5	0.5	0.5
64.269291	3.174647	64.49793	1	0.5	0.5	0.5
62.022003	6.36971	70.271332	1	0.5	0.5	0.5
62.021675	6.370417	70.773895	1	0.5	0.5	0.5
69.112723	0.3856874	64.258531	1	0.5	0.5	0.5
68.702305	0.5059442	64.505907	1	0.5	0.5	0.5
65.951759	1.812031	69.778219	1	0.5	0.5	0.5
64.263757	3.180119	69.523563	1	0.5	0.5	0.5
64.91356	2.586774	64.001975	1	0.5	0.5	0.5
63.965993	3.486364	64.245976	1	0.5	0.5	0.5
61.84617	6.769198	71.02333	1	0.5	0.5	0.5
62.021353	6.371112	71.27528	1	0.5	0.5	0.5
61.84678	6.767723	70.019387	1	0.5	0.5	0.5
65.250937	2.313795	64.248671	1	0.5	0.5	0.5
65.252328	2.312715	63.751377	1	0.5	0.5	0.5
69.536224	0.279468	64.008053	1	0.5	0.5	0.5
69.12123	0.383377	63.752738	1	0.5	0.5	0.5
65.937174	1.821648	70.276846	1	0.5	0.5	0.5
66.305411	1.588749	70.026239	1	0.5	0.5	0.5
62.021025	6.37182	71.77784	1	0.5	0.5	0.5
62.212131	5.980276	71.52841	1	0.5	0.5	0.5
63.960142	3.492625	69.774167	1	0.5	0.5	0.5
65.628907	2.032883	63.437403	1	0.5	0.5	0.5
65.280156	2.291172	63.190706	1	0.5	0.5	0.5
69.122025	0.3831616	63.242097	1	0.5	0.5	0.5
68.702965	0.5057367	63.492575	1	0.5	0.5	0.5
65.959578	1.806888	63.747467	1	0.5	0.5	0.5
65.989021	1.78761	63.186796	1	0.5	0.5	0.5
63.357046	4.195637	63.176642	1	0.5	0.5	0.5
63.696929	3.784807	63.005291	1	0.5	0.5	0.5
63.966523	3.485796	63.743413	1	0.5	0.5	0.5
63.675255	3.809824	63.994023	1	0.5	0.5	0.5
65.594116	2.057705	70.582597	1	0.5	0.5	0.5
65.938687	1.820649	70.830618	1	0.5	0.5	0.5
63.972828	3.479062	70.84789	1	0.5	0.5	0.5
63.673982	3.811298	70.976938	1	0.5	0.5	0.5
63.397523	4.144535	63.742064	1	0.5	0.5	0.5
63.397039	4.145143	64.244628	1	0.5	0.5	0.5
63.669142	3.816909	70.024773	1	0.5	0.5	0.5
63.95961	3.493194	70.276732	1	0.5	0.5	0.5
61.64653	7.28441	69.713163	1	0.5	0.5	0.5
61.64625	7.285192	70.215714	1	0.5	0.5	0.5
67.087207	1.158025	66.513586	1	0.5	0.5	0.5
67.48011	0.9715107	66.76554	1	0.5	0.5	0.5
68.29155	0.643968	63.240747	1	0.5	0.5	0.5
66.701299	1.360302	66.764193	1	0.5	0.5	0.5
66.701983	1.359927	66.26163	1	0.5	0.5	0.5
64.909292	2.590371	67.0121	1	0.5	0.5	0.5
65.247896	2.316159	66.761496	1	0.5	0.5	0.5
66.323705	1.577703	67.014799	1	0.5	0.5	0.5
63.672181	3.813386	67.009403	1	0.5	0.5	0.5
63.391698	4.151852	69.772817	1	0.5	0.5	0.5
62.0266	6.359818	63.235451	1	0.5	0.5	0.5
61.84992	6.760205	62.983713	1	0.5	0.5	0.5
68.287217	0.6455206	66.766891	1	0.5	0.5	0.5
65.955671	1.809456	66.762846	1	0.5	0.5	0.5
63.394088	4.148848	67.26	1	0.5	0.5	0.5
61.85036	6.759141	63.988622	1	0.5	0.5	0.5
62.025942	6.361232	64.240573	1	0.5	0.5	0.5
62.02627	6.360527	63.738011	1	0.5	0.5	0.5
63.391213	4.152461	70.275382	1	0.5	0.5	0.5
62.643312	5.216195	67.006704	1	0.5	0.5	0.5
62.879277	4.850821	67.258641	1	0.5	0.5	0.5
62.217826	5.969188	63.487403	1	0.5	0.5	0.5
62.4224	5.589863	66.252198	1	0.5	0.5	0.5
61.69038	7.164412	64.239233	1	0.5	0.5	0.5
61.69065	7.163683	63.73667	1	0.5	0.5	0.5
62.421919	5.590715	66.754758	1	0.5	0.5	0.5
62.421539	5.591389	67.257291	1	0.5	0.5	0.5
62.215602	5.973514	66.502785	1	0.5	0.5	0.5
61.41938	7.991614	64.237886	1	0.5	0.5	0.5
61.39107	8.092997	63.735426	1	0.5	0.5	0.5
61.28427	8.515412	63.986032	1	0.5	0.5	0.5
61.54657	7.575701	64.489841	1	0.5	0.5	0.5
62.024105	6.365183	66.753436	1	0.5	0.5	0.5
61.41916	7.992364	64.740447	1	0.5	0.5	0.5
61.41886	7.993411	65.243211	1	0.5	0.5	0.5
61.30828	8.414047	64.991257	1	0.5	0.5	0.5
61.54604	7.577308	65.494987	1	0.5	0.5	0.5
61.84837	6.763925	67.004	1	0.5	0.5	0.5
62.023788	6.365867	67.255909	1	0.5	0.5	0.5
66.705192	1.358164	68.781409	1	0.5	0.5	0.5
63.393133	4.150048	68.265085	1	0.5	0.5	0.5
61.41862	7.994289	65.745797	1	0.5	0.5	0.5
61.68871	7.168914	66.752105	1	0.5	0.5	0.5
69.095216	0.3904653	69.281832	1	0.5	0.5	0.5
68.699195	0.506922	69.531158	1	0.5	0.5	0.5
69.090625	0.3917233	69.784789	1	0.5	0.5	0.5
62.023302	6.366913	67.758531	1	0.5	0.5	0.5
62.214628	5.975411	67.507967	1	0.5	0.5	0.5
63.979869	3.471554	63.260459	1	0.5	0.5	0.5
65.246872	2.316955	70.279338	1	0.5	0.5	0.5
61.50726	7.698134	70.466321	1	0.5	0.5	0.5
61.68685	7.173909	70.772545	1	0.5	0.5	0.5
63.360467	4.191294	70.835909	1	0.5	0.5	0.5
61.41827	7.995508	66.248057	1	0.5	0.5	0.5
61.54536	7.579397	66.500128	1	0.5	0.5	0.5
69.111676	0.3859722	68.777988	1	0.5	0.5	0.5
69.507308	0.2861544	69.031619	1	0.5	0.5	0.5
62.417874	5.597884	63.742938	1	0.5	0.5	0.5
62.418258	5.597203	63.240378	1	0.5	0.5	0.5
64.002026	3.448019	62.774291	1	0.5	0.5	0.5
65.248303	2.315842	70.833109	1	0.5	0.5	0.5
61.41792	7.996745	66.750613	1	0.5	0.5	0.5
61.41762	7.997778	67.253225	1	0.5	0.5	0.5
62.420093	5.593949	69.267534	1	0.5	0.5	0.5
62.423967	5.587091	64.241919	1	0.5	0.5	0.5
65.249657	2.31479	65.253799	1	0.5	0.5	0.5
63.132322	4.491214	64.495215	1	0.5	0.5	0.5
61.30718	8.418612	67.001154	1	0.5	0.5	0.5
62.025617	6.36193	64.743126	1	0.5	0.5	0.5
67.4843	0.9696237	63.750176	1	0.5	0.5	0.5
67.483362	0.9700457	64.25281	1	0.5	0.5	0.5
65.597061	2.055595	66.510899	1	0.5	0.5	0.5
61.53981	7.596422	63.485497	1	0.5	0.5	0.5
61.38513	8.114777	63.233642	1	0.5	0.5	0.5
66.702666	1.359551	65.759087	1	0.5	0.5	0.5
67.478667	0.9721612	67.770638	1	0.5	0.5	0.5
67.479388	0.9718362	67.268085	1	0.5	0.5	0.5
67.880068	0.8006783	67.017476	1	0.5	0.5	0.5
61.6828	7.18485	63.234886	1	0.5	0.5	0.5
63.129514	4.495043	67.510588	1	0.5	0.5	0.5
66.322366	1.57851	68.019906	1	0.5	0.5	0.5
63.964401	3.488066	65.753683	1	0.5	0.5	0.5
64.580652	2.878838	68.26785	1	0.5	0.5	0.5
67.882746	0.799597	65.007321	1	0.5	0.5	0.5
67.482718	0.9703359	64.755358	1	0.5	0.5	0.5
63.673206	3.812198	66.004296	1	0.5	0.5	0.5
68.289931	0.644548	64.756713	1	0.5	0.5	0.5
69.521638	0.2828305	67.014951	1	0.5	0.5	0.5
62.217116	5.970568	64.492515	1	0.5	0.5	0.5
62.641737	5.218745	69.016964	1	0.5	0.5	0.5
65.956297	1.809045	66.26029	1	0.5	0.5	0.5
66.32504	1.576899	66.009693	1	0.5	0.5	0.5
62.022616	6.368391	68.260859	1	0.5	0.5	0.5
63.39362	4.149436	67.762544	1	0.5	0.5	0.5
66.699236	1.361437	68.271852	1	0.5	0.5	0.5
67.883928	0.7991201	68.021966	1	0.5	0.5	0.5
68.290378	0.6443876	68.273935	1	0.5	0.5	0.5
68.700819	0.5064114	68.52608	1	0.5	0.5	0.5
61.21301	8.845716	67.751215	1	0.5	0.5	0.5
61.21206	8.85049	68.23897	1	0.5	0.5	0.5
61.21344	8.843609	67.251894	1	0.5	0.5	0.5
67.091175	1.156046	68.530811	1	0.5	0.5	0.5
67.483185	0.9701257	68.272582	1	0.5	0.5	0.5
65.9589	1.807334	64.250042	1	0.5	0.5	0.5
68.300745	0.6406798	69.275605	1	0.5	0.5	0.5
68.293258	0.6433567	68.776056	1	0.5	0.5	0.5
61.68772	7.171563	69.264868	1	0.5	0.5	0.5
61.50776	7.696539	69.461195	1	0.5	0.5	0.5
61.84696	6.767292	69.013983	1	0.5	0.5	0.5
62.022493	6.368656	68.763338	1	0.5	0.5	0.5
65.250277	2.314309	64.751218	1	0.5	0.5	0.5
65.599571	2.053799	64.50062	1	0.5	0.5	0.5
68.296263	0.6422816	69.778562	1	0.5	0.5	0.5
61.13641	9.273043	67.499343	1	0.5	0.5	0.5
70.338386	0.1262225	71.52905	1	0.5	0.5	0.5
69.864273	0.2093249	71.25412	1	0.5	0.5	0.5
69.931931	0.1961539	71.78317	1	0.5	0.5	0.5
61.07696	9.701066	66.749953	1	0.5	0.5	0.5
61.07706	9.700255	66.247656	1	0.5	0.5	0.5
61.07695	9.701129	67.250073	1	0.5	0.5	0.5
61.0767	9.703262	67.749394	1	0.5	0.5	0.5
70.70782	0.07616043	71.23866	1	0.5	0.5	0.5
70.776296	0.06827785	71.76771	1	0.5	0.5	0.5
61.21466	8.837489	64.739102	1	0.5	0.5	0.5
61.00853	10.56699	71.75	1	0.5	0.5	0.5
61.00853	10.56699	71.25	1	0.5	0.5	0.5
61.00853	10.56699	68.75	1	0.5	0.5	0.5
61.00853	10.56699	68.25	1	0.5	0.5	0.5
71.5716422	0.008343636	64.251206	1	0.5	0.5	0.5
71.5716422	0.008343636	64.751206	1	0.5	0.5	0.5
71.5749601	0.008214838	69.251609	1	0.5	0.5	0.5
71.5749601	0.008214838	69.751609	1	0.5	0.5	0.5
71.5669873	0.008526032	63.25	1	0.5	0.5	0.5
71.5669873	0.008526032	63.75	1	0.5	0.5	0.5
71.5734004	0.00827526	71.23866	1	0.5	0.5	0.5
71.5734004	0.00827526	71.73866	1	0.5	0.5	0.5
71.5669873	0.008526032	62.25	1	0.5	0.5	0.5
71.5669873	0.008526032	62.75	1	0.5	0.5	0.5
61.00965	10.53928	62.760396	1	0.5	0.5	0.5
61.00965	10.53928	62.260396	1	0.5	0.5	0.5
61.011	10.5081	64.715757	1	0.5	0.5	0.5
61.011	10.5081	64.215757	1	0.5	0.5	0.5
61.00855	10.56628	66.749942	1	0.5	0.5	0.5
61.00855	10.56628	66.249942	1	0.5	0.5	0.5
61.00855	10.56634	67.750062	1	0.5	0.5	0.5
61.00855	10.56634	67.250062	1	0.5	0.5	0.5
61.00695	10.60906	69.740098	1	0.5	0.5	0.5
61.00695	10.60906	69.240098	1	0.5	0.5	0.5
71.584066	0.007866498	67.250593	1	0.5	0.5	0.5
71.584066	0.007866498	67.750593	1	0.5	0.5	0.5
71.5670013	0.008525481	70.250024	1	0.5	0.5	0.5
71.5670013	0.008525481	70.750024	1	0.5	0.5	0.5
71.5767485	0.008145828	68.251029	1	0.5	0.5	0.5
71.5767485	0.008145828	68.751029	1	0.5	0.5	0.5
61.00884	10.55908	65.745632	1	0.5	0.5	0.5
61.00884	10.55908	65.245632	1	0.5	0.5	0.5
61.01168	10.49313	70.774931	1	0.5	0.5	0.5
61.01168	10.49313	70.274931	1	0.5	0.5	0.5
61.0342	10.1333	67.000004	1	0.5	0.5	0.5
71.141058	0.03358679	70.988683	1	0.5	0.5	0.5
70.701461	0.07691456	70.750024	1	0.5	0.5	0.5
71.1426141	0.03346502	70.001633	1	0.5	0.5	0.5
61.03477	10.12605	65.995574	1	0.5	0.5	0.5
71.1614252	0.03201056	68.001622	1	0.5	0.5	0.5
71.13929	0.03372541	64.001206	1	0.5	0.5	0.5
61.03414	10.134	68.000062	1	0.5	0.5	0.5
61.03086	10.17663	68.990098	1	0.5	0.5	0.5
71.5874663	0.007738359	65.736126	1	0.5	0.5	0.5
71.1794177	0.03064976	65.985988	1	0.5	0.5	0.5
71.5913792	0.007592209	66.249862	1	0.5	0.5	0.5
71.1523394	0.03270902	69.002638	1	0.5	0.5	0.5
61.03664	10.10293	70.015029	1	0.5	0.5	0.5
61.07662	9.703902	68.249332	1	0.5	0.5	0.5
70.754526	0.07073674	67.242849	1	0.5	0.5	0.5
70.74827	0.07145154	67.762095	1	0.5	0.5	0.5
69.48121	0.2922599	70.043821	1	0.5	0.5	0.5
69.890106	0.2042439	70.296557	1	0.5	0.5	0.5
69.899666	0.2023801	69.788199	1	0.5	0.5	0.5
69.081233	0.3943034	70.293147	1	0.5	0.5	0.5
61.28107	8.529269	62.099442	1	0.5	0.5	0.5
70.73018	0.07353871	69.772076	1	0.5	0.5	0.5
70.734824	0.07300002	69.267548	1	0.5	0.5	0.5
70.316296	0.1296209	69.536406	1	0.5	0.5	0.5
65.113969	2.421971	61.4180892	1	0.5	0.5	0.5
65.494692	2.129771	61.4180892	1	0.5	0.5	0.5
67.99307	0.7557573	72.57907	1	0.5	0.5	0.5
67.550036	0.9402874	72.57907	1	0.5	0.5	0.5
64.411793	3.036388	61.4089938	1	0.5	0.5	0.5
64.766383	2.712975	61.4089938	1	0.5	0.5	0.5
62.876971	4.854242	61.4231226	1	0.5	0.5	0.5
65.869769	1.86653	61.4229184	1	0.5	0.5	0.5
68.464166	0.5837686	61.4154975	1	0.5	0.5	0.5
68.921881	0.4394516	61.4154975	1	0.5	0.5	0.5
61.44161	7.91448	61.4071609	1	0.5	0.5	0.5
61.58625	7.456867	61.4071609	1	0.5	0.5	0.5
67.129835	1.136862	72.5836	1	0.5	0.5	0.5
66.704247	1.358683	72.5836	1	0.5	0.5	0.5
68.89083	0.4485517	72.57955	1	0.5	0.5	0.5
68.433541	0.5942144	72.57955	1	0.5	0.5	0.5
61.58606	7.457435	72.59283	1	0.5	0.5	0.5
61.44144	7.915056	72.59283	1	0.5	0.5	0.5
62.871934	4.861725	72.57825	1	0.5	0.5	0.5
66.282852	1.602435	72.58234	1	0.5	0.5	0.5
65.878378	1.860758	72.58234	1	0.5	0.5	0.5
65.495594	2.129109	72.5845	1	0.5	0.5	0.5
65.114842	2.421271	72.5845	1	0.5	0.5	0.5
64.76981	2.709985	72.58834	1	0.5	0.5	0.5
64.415086	3.033252	72.58834	1	0.5	0.5	0.5
71.5874663	0.007738359	65.236126	1	0.5	0.5	0.5
61.14836	9.199474	68.5058	1	0.5	0.5	0.5
61.22731	8.775339	68.746107	1	0.5	0.5	0.5
70.351278	0.1242602	65.513686	1	0.5	0.5	0.5
69.926245	0.1972439	65.266352	1	0.5	0.5	0.5
69.938867	0.1948285	66.748177	1	0.5	0.5	0.5
61.22321	8.795292	71.06983	1	0.5	0.5	0.5
61.30663	8.42088	71.02506	1	0.5	0.5	0.5
61.23416	8.742404	70.583626	1	0.5	0.5	0.5
70.770115	0.06897155	65.742587	1	0.5	0.5	0.5
70.774006	0.06853445	66.256324	1	0.5	0.5	0.5
71.5913792	0.007592209	66.749862	1	0.5	0.5	0.5
71.1760245	0.03090412	67.000455	1	0.5	0.5	0.5
61.24728	8.680731	69.10441	1	0.5	0.5	0.5
61.32766	8.335205	68.83758	1	0.5	0.5	0.5
61.42417	7.974795	70.781004	1	0.5	0.5	0.5
70.722268	0.07446102	70.270492	1	0.5	0.5	0.5
61.08075	9.669574	69.246566	1	0.5	0.5	0.5
61.08593	9.627787	68.756468	1	0.5	0.5	0.5
61.93157	6.569786	61.3315255	1	0.5	0.5	0.5
62.019615	6.374859	61.8213842	1	0.5	0.5	0.5
69.56307	0.2733337	62.090775	1	0.5	0.5	0.5
69.133519	0.3800524	61.7577054	1	0.5	0.5	0.5
68.237778	0.6633812	61.7523315	1	0.5	0.5	0.5
67.838491	0.8175721	62.084051	1	0.5	0.5	0.5
62.403621	5.623243	71.68017	1	0.5	0.5	0.5
70.740995	0.07228726	68.262531	1	0.5	0.5	0.5
70.325287	0.1282322	68.527441	1	0.5	0.5	0.5
70.736601	0.07279432	68.766968	1	0.5	0.5	0.5
64.952376	2.554232	72.17284	1	0.5	0.5	0.5
64.948026	2.557864	61.827083	1	0.5	0.5	0.5
70.732771	0.07323783	63.808976	1	0.5	0.5	0.5
70.737399	0.07270214	64.310181	1	0.5	0.5	0.5
69.928681	0.1967765	64.315898	1	0.5	0.5	0.5
69.937339	0.1951201	63.810106	1	0.5	0.5	0.5
69.904255	0.2014884	69.283671	1	0.5	0.5	0.5
62.402458	5.62532	62.31269	1	0.5	0.5	0.5
63.129109	4.495594	61.4015385	1	0.5	0.5	0.5
63.421271	4.114842	61.4015385	1	0.5	0.5	0.5
61.19699	8.927593	69.355238	1	0.5	0.5	0.5
71.1597228	0.03214085	64.987331	1	0.5	0.5	0.5
70.761798	0.06991055	66.742118	1	0.5	0.5	0.5
66.353429	1.55986	63.072621	1	0.5	0.5	0.5
66.731697	1.343656	62.822045	1	0.5	0.5	0.5
71.596236	0.007412743	72.10337	1	0.5	0.5	0.5
71.596236	0.007412743	72.60337	1	0.5	0.5	0.5
71.599469	0.007294466	61.3876387	1	0.5	0.5	0.5
71.599469	0.007294466	61.8876387	1	0.5	0.5	0.5
70.754917	0.07069226	65.243349	1	0.5	0.5	0.5
61.17123	9.066683	72.30956	1	0.5	0.5	0.5
61.19457	8.940202	71.89823	1	0.5	0.5	0.5
61.11843	9.390188	71.88222	1	0.5	0.5	0.5
61.19744	8.925238	70.162968	1	0.5	0.5	0.5
62.016342	6.381929	72.18631	1	0.5	0.5	0.5
61.93157	6.569786	72.67082	1	0.5	0.5	0.5
69.930446	0.1964383	64.764146	1	0.5	0.5	0.5
70.354254	0.1238095	66.498718	1	0.5	0.5	0.5
69.869547	0.2082823	70.776089	1	0.5	0.5	0.5
70.290976	0.133573	70.520467	1	0.5	0.5	0.5
62.402078	5.625998	62.815253	1	0.5	0.5	0.5
62.615147	5.26201	63.070789	1	0.5	0.5	0.5
62.404002	5.622563	71.17761	1	0.5	0.5	0.5
62.621942	5.250911	70.918882	1	0.5	0.5	0.5
69.925351	0.1974155	68.27539	1	0.5	0.5	0.5
69.466498	0.2957313	71.03021	1	0.5	0.5	0.5
69.921008	0.1982505	68.779826	1	0.5	0.5	0.5
67.936094	0.7782258	69.941725	1	0.5	0.5	0.5
63.421271	4.114842	72.6058	1	0.5	0.5	0.5
63.129109	4.495594	72.6058	1	0.5	0.5	0.5
61.14405	9.225643	64.606225	1	0.5	0.5	0.5
64.871099	2.622723	63.048208	1	0.5	0.5	0.5
64.558594	2.899045	62.810597	1	0.5	0.5	0.5
64.917116	2.58378	70.963345	1	0.5	0.5	0.5
61.13163	9.303371	72.64678	1	0.5	0.5	0.5
61.06797	9.779058	72.64678	1	0.5	0.5	0.5
61.0683	9.776096	61.3665521	1	0.5	0.5	0.5
61.13209	9.300427	61.3665521	1	0.5	0.5	0.5
61.22264	8.798048	64.355615	1	0.5	0.5	0.5
61.27717	8.546234	71.91842	1	0.5	0.5	0.5
61.37666	8.146124	72.25562	1	0.5	0.5	0.5
61.44283	7.910317	69.104392	1	0.5	0.5	0.5
61.00467	10.67958	63.25	1	0.5	0.5	0.5
61.00467	10.67958	63.75	1	0.5	0.5	0.5
61.06268	9.827384	69.698529	1	0.5	0.5	0.5
61.13521	9.280578	69.464899	1	0.5	0.5	0.5
71.1702276	0.03134112	71.84203	1	0.5	0.5	0.5
64.506832	2.946899	62.451664	1	0.5	0.5	0.5
64.247493	3.196242	62.670527	1	0.5	0.5	0.5
70.739184	0.07249601	64.75843	1	0.5	0.5	0.5
68.674483	0.5147276	70.518503	1	0.5	0.5	0.5
69.060842	0.3999363	70.777535	1	0.5	0.5	0.5
61.00543	10.65435	61.8515243	1	0.5	0.5	0.5
61.00543	10.65435	61.3515243	1	0.5	0.5	0.5
61.00543	10.65435	72.64848	1	0.5	0.5	0.5
61.00543	10.65435	72.14848	1	0.5	0.5	0.5
64.053996	3.393356	61.3500927	1	0.5	0.5	0.5
64.239873	3.203819	61.7590865	1	0.5	0.5	0.5
64.053996	3.393356	72.65331	1	0.5	0.5	0.5
61.03097	10.1751	61.3515243	1	0.5	0.5	0.5
61.03097	10.1751	72.64848	1	0.5	0.5	0.5
61.16819	9.083802	69.807201	1	0.5	0.5	0.5
61.31061	8.40445	61.3528904	1	0.5	0.5	0.5
61.37176	8.164431	61.7600513	1	0.5	0.5	0.5
61.20882	8.866814	71.49107	1	0.5	0.5	0.5
61.31524	8.385455	72.66279	1	0.5	0.5	0.5
68.013182	0.7479134	61.336834	1	0.5	0.5	0.5
64.716176	2.757069	62.204861	1	0.5	0.5	0.5
64.399403	3.048212	62.064791	1	0.5	0.5	0.5
61.74791	7.013182	61.3315255	1	0.5	0.5	0.5
61.74791	7.013182	72.67082	1	0.5	0.5	0.5
63.573511	3.929336	61.7516313	1	0.5	0.5	0.5
63.729762	3.747196	61.3500927	1	0.5	0.5	0.5
69.970008	0.1889348	72.17863	1	0.5	0.5	0.5
69.812588	0.2196832	72.64958	1	0.5	0.5	0.5
68.329555	0.6304371	70.197279	1	0.5	0.5	0.5
68.309619	0.6375152	70.681667	1	0.5	0.5	0.5
67.394166	1.010691	61.8240645	1	0.5	0.5	0.5
67.569786	0.9315737	61.336834	1	0.5	0.5	0.5
61.13559	9.278209	70.272628	1	0.5	0.5	0.5
61.07566	9.71208	70.233362	1	0.5	0.5	0.5
63.729762	3.747196	72.65331	1	0.5	0.5	0.5
63.573511	3.929336	72.25912	1	0.5	0.5	0.5
61.20756	8.873185	61.3528904	1	0.5	0.5	0.5
61.21136	8.854006	72.66279	1	0.5	0.5	0.5
69.344439	0.3253573	72.64958	1	0.5	0.5	0.5
69.365874	0.3200478	61.3422079	1	0.5	0.5	0.5
63.803496	3.663971	62.109654	1	0.5	0.5	0.5
70.334381	0.1268352	64.566199	1	0.5	0.5	0.5
71.1670539	0.03158166	62.137639	1	0.5	0.5	0.5
69.834234	0.2153137	61.3422079	1	0.5	0.5	0.5
70.337765	0.1263174	63.65253	1	0.5	0.5	0.5
69.080996	0.3943688	72.22913	1	0.5	0.5	0.5
69.498991	0.288093	71.9037	1	0.5	0.5	0.5
69.986942	0.1857688	61.8074587	1	0.5	0.5	0.5
66.276999	1.605999	70.939269	1	0.5	0.5	0.5
61.06619	9.795092	62.126948	1	0.5	0.5	0.5
61.02756	10.22182	71.89848	1	0.5	0.5	0.5
61.02956	10.19416	62.11192	1	0.5	0.5	0.5
63.953794	3.499429	62.415358	1	0.5	0.5	0.5
61.06287	9.82562	71.89678	1	0.5	0.5	0.5
64.042163	3.405737	62.00589	1	0.5	0.5	0.5
61.05388	9.912574	72.29525	1	0.5	0.5	0.5
61.05418	9.909609	61.7180764	1	0.5	0.5	0.5
61.79725	15.11142	61.8286102	1	0.5	0.5	0.5
61.80157	15.12214	72.19579	1	0.5	0.5	0.5
63.564538	18.05996	67.503452	1	0.5	0.5	0.5
61.03406	11.86499	66.498833	1	0.5	0.5	0.5
61.03419	11.86664	69.499882	1	0.5	0.5	0.5
63.568623	18.06483	64.498369	1	0.5	0.5	0.5
63.533215	18.02236	69.5	1	0.5	0.5	0.5
61.03397	11.86386	64.498092	1	0.5	0.5	0.5
61.25141	13.33835	72.18405	1	0.5	0.5	0.5
62.648906	16.79284	61.7952184	1	0.5	0.5	0.5
62.648713	16.79253	72.20406	1	0.5	0.5	0.5
61.25141	13.33835	61.815945	1	0.5	0.5	0.5
63.533215	18.02236	71.5	1	0.5	0.5	0.5
61.02918	11.80073	62.513348	1	0.5	0.5	0.5
63.533215	18.02236	62.5	1	0.5	0.5	0.5
61.02911	11.79977	71.48582	1	0.5	0.5	0.5
61.0338	11.86164	70.499173	1	0.5	0.5	0.5
61.13649	12.72746	70.000276	1	0.5	0.5	0.5
61.13659	12.72808	68.995195	1	0.5	0.5	0.5
61.30723	13.58159	69.49636	1	0.5	0.5	0.5
61.307	13.58066	68.491065	1	0.5	0.5	0.5
61.54474	14.41872	68.992161	1	0.5	0.5	0.5
61.54427	14.41727	67.986959	1	0.5	0.5	0.5
61.84754	15.23409	68.487995	1	0.5	0.5	0.5
61.84688	15.23252	67.48285	1	0.5	0.5	0.5
61.54373	14.41561	66.981817	1	0.5	0.5	0.5
61.8462	15.23088	66.47772	1	0.5	0.5	0.5
61.54318	14.41392	65.97669	1	0.5	0.5	0.5
61.84552	15.22925	65.472589	1	0.5	0.5	0.5
61.54263	14.41224	64.971566	1	0.5	0.5	0.5
62.212133	16.01973	65.973612	1	0.5	0.5	0.5
61.84821	15.2357	69.493088	1	0.5	0.5	0.5
62.211321	16.01814	64.968485	1	0.5	0.5	0.5
62.214531	16.0244	68.988994	1	0.5	0.5	0.5
62.215368	16.02603	69.994102	1	0.5	0.5	0.5
61.30674	13.57959	65.47668	1	0.5	0.5	0.5
61.30642	13.57823	64.469637	1	0.5	0.5	0.5
61.54249	14.41181	63.966017	1	0.5	0.5	0.5
62.639228	16.77719	65.469505	1	0.5	0.5	0.5
62.620649	16.74698	66.465184	1	0.5	0.5	0.5
61.30944	13.59073	70.487953	1	0.5	0.5	0.5
62.609736	16.72913	64.472322	1	0.5	0.5	0.5
62.203907	16.00366	63.960404	1	0.5	0.5	0.5
61.85238	15.24568	70.483252	1	0.5	0.5	0.5
61.13646	12.72726	67.990944	1	0.5	0.5	0.5
61.30705	13.58086	63.481641	1	0.5	0.5	0.5
62.600608	16.71414	63.459652	1	0.5	0.5	0.5
63.098402	17.46232	65.976388	1	0.5	0.5	0.5
62.642971	16.78325	69.490007	1	0.5	0.5	0.5
62.642035	16.78174	68.484882	1	0.5	0.5	0.5
62.5941	16.70342	70.499206	1	0.5	0.5	0.5
62.19861	15.99327	62.963367	1	0.5	0.5	0.5
61.58792	14.54804	62.853116	1	0.5	0.5	0.5
61.13582	12.72324	63.971082	1	0.5	0.5	0.5
61.54663	14.42448	69.996326	1	0.5	0.5	0.5
61.30733	13.58203	67.486509	1	0.5	0.5	0.5
62.213745	16.02287	67.983899	1	0.5	0.5	0.5
62.209518	16.01462	66.980116	1	0.5	0.5	0.5
62.629834	16.76194	67.479282	1	0.5	0.5	0.5
61.30695	13.58045	66.480334	1	0.5	0.5	0.5
61.13656	12.72789	65.981308	1	0.5	0.5	0.5
61.84344	15.22425	64.468279	1	0.5	0.5	0.5
61.86862	15.2843	63.486539	1	0.5	0.5	0.5
61.03413	11.8659	68.499327	1	0.5	0.5	0.5
63.570653	18.06726	70.539814	1	0.5	0.5	0.5
63.564578	18.06	63.458222	1	0.5	0.5	0.5
63.549689	18.04218	68.499288	1	0.5	0.5	0.5
61.14857	12.8018	71.13934	1	0.5	0.5	0.5
61.54598	14.42248	71.00248	1	0.5	0.5	0.5
62.20352	16.0029	70.9963	1	0.5	0.5	0.5
61.03392	11.86321	67.5	1	0.5	0.5	0.5
61.13688	12.72991	66.985393	1	0.5	0.5	0.5
61.03356	11.85856	65.5	1	0.5	0.5	0.5
61.13736	12.73293	64.974627	1	0.5	0.5	0.5
61.0332	11.85396	63.5	1	0.5	0.5	0.5
61.14828	12.80005	62.846918	1	0.5	0.5	0.5
62.184977	15.96642	61.8623274	1	0.5	0.5	0.5
61.48641	14.23488	72.19479	1	0.5	0.5	0.5
62.187346	15.9711	72.14511	1	0.5	0.5	0.5
61.48131	14.21825	61.8288889	1	0.5	0.5	0.5
61.09073	12.40991	72.22416	1	0.5	0.5	0.5
63.194292	17.59238	61.7758406	1	0.5	0.5	0.5
62.996618	17.31974	62.661181	1	0.5	0.5	0.5
63.194292	17.59238	72.22416	1	0.5	0.5	0.5
62.995729	17.31847	71.3253	1	0.5	0.5	0.5
61.09073	12.40991	61.7758406	1	0.5	0.5	0.5
63.577367	18.07526	66.543879	1	0.5	0.5	0.5
63.072908	17.42705	65.02424	1	0.5	0.5	0.5
63.053257	17.39967	70.028954	1	0.5	0.5	0.5
63.065514	17.41677	68.987016	1	0.5	0.5	0.5
63.068937	17.42154	66.976366	1	0.5	0.5	0.5
63.068545	17.42099	67.980499	1	0.5	0.5	0.5
63.585766	18.08524	65.500218	1	0.5	0.5	0.5
63.054228	17.40103	63.937108	1	0.5	0.5	0.5
61.36767	13.82022	71.39157	1	0.5	0.5	0.5
61.32526	13.65518	62.610844	1	0.5	0.5	0.5
61.86594	15.27794	71.34992	1	0.5	0.5	0.5
61.87725	15.30465	62.646826	1	0.5	0.5	0.5
62.565478	16.65595	71.43197	1	0.5	0.5	0.5
62.567187	16.6588	62.561553	1	0.5	0.5	0.5
63.65602	18.16784	72.3071	1	0.5	0.5	0.5
63.65602	18.16784	61.6929042	1	0.5	0.5	0.5
61.02076	11.67544	61.6929042	1	0.5	0.5	0.5
61.02076	11.67544	72.3071	1	0.5	0.5	0.5
61.63978	14.69673	71.65171	1	0.5	0.5	0.5
63.275155	17.69904	70.932559	1	0.5	0.5	0.5
63.024402	17.35914	70.677129	1	0.5	0.5	0.5
63.305546	17.73843	70.284384	1	0.5	0.5	0.5
61.68873	14.83116	62.340863	1	0.5	0.5	0.5
61.53331	14.38356	62.341003	1	0.5	0.5	0.5
61.62966	14.66824	61.8287495	1	0.5	0.5	0.5
63.272746	17.6959	63.059702	1	0.5	0.5	0.5
63.303159	17.73535	63.697665	1	0.5	0.5	0.5
63.025331	17.36045	63.299145	1	0.5	0.5	0.5
61.19666	13.07071	71.6617	1	0.5	0.5	0.5
61.16113	12.87585	72.20411	1	0.5	0.5	0.5
61.11789	12.60611	71.68175	1	0.5	0.5	0.5
61.83679	15.20823	62.237718	1	0.5	0.5	0.5
61.72562	14.92901	62.749971	1	0.5	0.5	0.5
61.19649	13.06984	62.331432	1	0.5	0.5	0.5
61.11776	12.60524	62.311379	1	0.5	0.5	0.5
61.16113	12.87585	61.7958928	1	0.5	0.5	0.5
62.789779	17.0143	70.912255	1	0.5	0.5	0.5
62.817078	17.0559	70.26408	1	0.5	0.5	0.5
61.24606	13.3136	71.26546	1	0.5	0.5	0.5
61.30683	13.57994	71.78781	1	0.5	0.5	0.5
62.793632	17.0202	63.060417	1	0.5	0.5	0.5
62.820991	17.06183	63.69838	1	0.5	0.5	0.5
61.28717	13.49704	62.213395	1	0.5	0.5	0.5
61.22828	13.22937	62.728881	1	0.5	0.5	0.5
63.548875	18.0412	62.979111	1	0.5	0.5	0.5
63.257855	17.67644	62.580591	1	0.5	0.5	0.5
63.551904	18.04483	71.01991	1	0.5	0.5	0.5
63.257385	17.67583	71.41265	1	0.5	0.5	0.5
61.07734	12.30215	71.31258	1	0.5	0.5	0.5
61.05567	12.10527	71.85499	1	0.5	0.5	0.5
61.0773	12.30176	62.680133	1	0.5	0.5	0.5
61.05572	12.10575	62.144595	1	0.5	0.5	0.5
62.19542	15.987	71.57071	1	0.5	0.5	0.5
62.020622	15.62731	71.74751	1	0.5	0.5	0.5
62.028139	15.64349	71.17311	1	0.5	0.5	0.5
62.191785	15.97985	62.412847	1	0.5	0.5	0.5
62.031984	15.65174	62.805096	1	0.5	0.5	0.5
62.025626	15.63809	62.254577	1	0.5	0.5	0.5
62.378957	16.3325	71.21413	1	0.5	0.5	0.5
62.370322	16.31689	71.78854	1	0.5	0.5	0.5
61.44714	14.10439	62.73198	1	0.5	0.5	0.5
61.39955	13.93775	62.219867	1	0.5	0.5	0.5
62.834677	17.0825	64.748281	1	0.5	0.5	0.5
62.825829	17.06915	64.204715	1	0.5	0.5	0.5
63.063559	17.41405	64.480674	1	0.5	0.5	0.5
61.07641	12.29425	65.740654	1	0.5	0.5	0.5
61.07671	12.29678	65.237314	1	0.5	0.5	0.5
61.13696	12.73041	65.477968	1	0.5	0.5	0.5
62.369858	16.31605	62.21194	1	0.5	0.5	0.5
62.377143	16.32922	62.76246	1	0.5	0.5	0.5
61.03376	11.86121	64.999046	1	0.5	0.5	0.5
61.07702	12.29942	64.73636	1	0.5	0.5	0.5
61.07664	12.29625	67.745472	1	0.5	0.5	0.5
61.0768	12.29758	67.242697	1	0.5	0.5	0.5
61.13667	12.72858	67.488169	1	0.5	0.5	0.5
61.41982	14.00994	70.24214	1	0.5	0.5	0.5
61.5463	14.42348	70.499402	1	0.5	0.5	0.5
61.41953	14.00893	70.745216	1	0.5	0.5	0.5
61.68838	14.83022	69.242625	1	0.5	0.5	0.5
61.68944	14.83306	69.744707	1	0.5	0.5	0.5
61.54569	14.4216	69.494244	1	0.5	0.5	0.5
61.85029	15.24069	69.98817	1	0.5	0.5	0.5
61.69132	14.83813	70.239789	1	0.5	0.5	0.5
61.07656	12.29557	70.249725	1	0.5	0.5	0.5
61.14247	12.76464	70.569809	1	0.5	0.5	0.5
61.08106	12.33295	70.819258	1	0.5	0.5	0.5
61.41771	14.00251	69.24426	1	0.5	0.5	0.5
61.41853	14.00542	69.746343	1	0.5	0.5	0.5
62.420373	16.40655	68.234391	1	0.5	0.5	0.5
62.414664	16.39642	67.731591	1	0.5	0.5	0.5
62.635929	16.77184	67.982082	1	0.5	0.5	0.5
62.021368	15.62892	66.225666	1	0.5	0.5	0.5
62.210825	16.01718	66.476864	1	0.5	0.5	0.5
62.020162	15.62632	66.728918	1	0.5	0.5	0.5
62.409495	16.38723	66.219398	1	0.5	0.5	0.5
62.408091	16.38473	66.72265	1	0.5	0.5	0.5
62.201257	15.99846	63.461885	1	0.5	0.5	0.5
62.029776	15.647	63.723471	1	0.5	0.5	0.5
62.027315	15.64172	63.224953	1	0.5	0.5	0.5
61.21329	13.15565	68.241004	1	0.5	0.5	0.5
61.21342	13.15634	67.738726	1	0.5	0.5	0.5
61.30717	13.58134	67.988787	1	0.5	0.5	0.5
61.69096	14.83714	70.742865	1	0.5	0.5	0.5
61.84654	15.2317	66.980285	1	0.5	0.5	0.5
62.020536	15.62713	67.231483	1	0.5	0.5	0.5
62.211631	16.01875	67.482007	1	0.5	0.5	0.5
62.412392	16.39238	67.229699	1	0.5	0.5	0.5
61.54256	14.41203	64.468791	1	0.5	0.5	0.5
61.68496	14.821	64.217148	1	0.5	0.5	0.5
61.68504	14.8212	64.719922	1	0.5	0.5	0.5
61.68598	14.82374	65.222077	1	0.5	0.5	0.5
61.84448	15.22675	64.970434	1	0.5	0.5	0.5
61.41737	14.00131	68.239012	1	0.5	0.5	0.5
61.41756	14.00199	67.736734	1	0.5	0.5	0.5
62.398758	16.36807	70.246654	1	0.5	0.5	0.5
62.392423	16.35672	70.747753	1	0.5	0.5	0.5
62.209437	16.01447	70.495201	1	0.5	0.5	0.5
61.30685	13.58002	65.978507	1	0.5	0.5	0.5
61.21333	13.15586	66.230821	1	0.5	0.5	0.5
61.21324	13.15542	65.728994	1	0.5	0.5	0.5
61.30673	13.57954	63.975639	1	0.5	0.5	0.5
61.21264	13.15243	64.22036	1	0.5	0.5	0.5
61.21291	13.15375	63.726362	1	0.5	0.5	0.5
62.020997	15.62812	65.723101	1	0.5	0.5	0.5
62.020622	15.62731	65.220537	1	0.5	0.5	0.5
62.211727	16.01894	65.471049	1	0.5	0.5	0.5
61.41624	13.99735	64.217827	1	0.5	0.5	0.5
61.41661	13.99865	63.723829	1	0.5	0.5	0.5
61.41649	13.99823	65.224123	1	0.5	0.5	0.5
61.30658	13.57891	64.973158	1	0.5	0.5	0.5
61.4163	13.99756	64.720601	1	0.5	0.5	0.5
62.417756	16.40191	65.218995	1	0.5	0.5	0.5
62.418193	16.40268	65.721559	1	0.5	0.5	0.5
62.403942	16.37733	64.720403	1	0.5	0.5	0.5
62.624451	16.75318	64.970914	1	0.5	0.5	0.5
62.207612	16.0109	64.464444	1	0.5	0.5	0.5
62.399966	16.37023	64.216363	1	0.5	0.5	0.5
62.395686	16.36257	63.710028	1	0.5	0.5	0.5
62.605169	16.72164	63.965987	1	0.5	0.5	0.5
62.392846	16.35748	63.211509	1	0.5	0.5	0.5
62.629927	16.76209	65.967345	1	0.5	0.5	0.5
62.862391	17.12406	65.722947	1	0.5	0.5	0.5
62.85253	17.10932	66.220786	1	0.5	0.5	0.5
61.5429	14.41308	65.474128	1	0.5	0.5	0.5
61.41674	13.99909	65.726685	1	0.5	0.5	0.5
61.84586	15.23006	65.975155	1	0.5	0.5	0.5
61.43641	14.06766	63.167379	1	0.5	0.5	0.5
61.56498	14.48	63.409567	1	0.5	0.5	0.5
61.68629	14.82457	65.72464	1	0.5	0.5	0.5
61.6866	14.8254	66.227205	1	0.5	0.5	0.5
62.026238	15.6394	70.238677	1	0.5	0.5	0.5
62.020764	15.62762	70.739776	1	0.5	0.5	0.5
62.421684	16.40887	69.742054	1	0.5	0.5	0.5
62.618451	16.74339	69.994607	1	0.5	0.5	0.5
62.421233	16.40807	69.2395	1	0.5	0.5	0.5
62.420796	16.4073	68.736938	1	0.5	0.5	0.5
62.642503	16.7825	68.987444	1	0.5	0.5	0.5
61.6869	14.82623	66.729769	1	0.5	0.5	0.5
61.54345	14.41477	66.479253	1	0.5	0.5	0.5
62.023959	15.6345	69.743595	1	0.5	0.5	0.5
62.214949	16.02521	69.491548	1	0.5	0.5	0.5
62.023573	15.63367	69.241041	1	0.5	0.5	0.5
61.544	14.41644	67.484388	1	0.5	0.5	0.5
61.41732	14.00115	67.234163	1	0.5	0.5	0.5
61.68721	14.82707	67.232333	1	0.5	0.5	0.5
61.84787	15.2349	68.990541	1	0.5	0.5	0.5
62.023206	15.63288	68.738494	1	0.5	0.5	0.5
61.68752	14.82788	67.734904	1	0.5	0.5	0.5
61.68808	14.8294	68.740078	1	0.5	0.5	0.5
61.68781	14.82868	68.237477	1	0.5	0.5	0.5
61.84721	15.23331	67.985422	1	0.5	0.5	0.5
61.30714	13.58124	66.983422	1	0.5	0.5	0.5
61.4171	14.00037	66.731075	1	0.5	0.5	0.5
61.41686	13.99951	66.228512	1	0.5	0.5	0.5
62.019484	15.62486	64.718382	1	0.5	0.5	0.5
61.54451	14.41799	68.48956	1	0.5	0.5	0.5
62.016065	15.61747	64.214341	1	0.5	0.5	0.5
61.41757	14.00204	68.741613	1	0.5	0.5	0.5
61.21337	13.15606	68.74313	1	0.5	0.5	0.5
61.13652	12.72767	68.493069	1	0.5	0.5	0.5
61.30833	13.58616	69.992157	1	0.5	0.5	0.5
61.30712	13.58113	68.993712	1	0.5	0.5	0.5
62.022485	15.63133	67.733374	1	0.5	0.5	0.5
62.022844	15.6321	68.235947	1	0.5	0.5	0.5
62.214138	16.02363	68.486447	1	0.5	0.5	0.5
61.72168	14.91868	63.169828	1	0.5	0.5	0.5
61.69632	14.85151	63.726278	1	0.5	0.5	0.5
61.85599	15.25429	63.977409	1	0.5	0.5	0.5
62.625239	16.75446	66.972233	1	0.5	0.5	0.5
61.2134	13.15622	69.748318	1	0.5	0.5	0.5
61.21432	13.16083	70.244115	1	0.5	0.5	0.5
61.21346	13.15653	69.245777	1	0.5	0.5	0.5
61.13654	12.72777	69.497735	1	0.5	0.5	0.5
61.03399	11.8641	66.999416	1	0.5	0.5	0.5
61.07691	12.29847	66.742113	1	0.5	0.5	0.5
61.07686	12.29806	69.750079	1	0.5	0.5	0.5
61.07689	12.29837	69.247538	1	0.5	0.5	0.5
61.22178	13.19774	70.813648	1	0.5	0.5	0.5
61.03116	11.82735	63.006674	1	0.5	0.5	0.5
61.08049	12.32825	63.173459	1	0.5	0.5	0.5
61.07679	12.29745	66.240071	1	0.5	0.5	0.5
61.13672	12.7289	66.483351	1	0.5	0.5	0.5
63.839271	18.37581	66.27194	1	0.5	0.5	0.5
63.581565	18.08025	66.022049	1	0.5	0.5	0.5
63.843647	18.38064	65.750109	1	0.5	0.5	0.5
61.03141	11.8307	70.992496	1	0.5	0.5	0.5
61.07685	12.298	68.747261	1	0.5	0.5	0.5
61.0768	12.29759	68.245135	1	0.5	0.5	0.5
61.00845	11.43115	70.249587	1	0.5	0.5	0.5
61.00845	11.43115	70.749587	1	0.5	0.5	0.5
61.00728	11.40015	71.24291	1	0.5	0.5	0.5
61.00728	11.40015	71.74291	1	0.5	0.5	0.5
61.00855	11.43366	69.249941	1	0.5	0.5	0.5
61.00855	11.43366	69.749941	1	0.5	0.5	0.5
63.816211	18.35021	69.75	1	0.5	0.5	0.5
63.816211	18.35021	69.25	1	0.5	0.5	0.5
63.816211	18.35021	71.75	1	0.5	0.5	0.5
63.816211	18.35021	71.25	1	0.5	0.5	0.5
63.816211	18.35021	62.75	1	0.5	0.5	0.5
63.816211	18.35021	62.25	1	0.5	0.5	0.5
63.834712	18.37076	64.749185	1	0.5	0.5	0.5
63.834712	18.37076	64.249185	1	0.5	0.5	0.5
63.832601	18.36842	63.729111	1	0.5	0.5	0.5
63.832601	18.36842	63.229111	1	0.5	0.5	0.5
63.824826	18.35979	68.749644	1	0.5	0.5	0.5
63.824826	18.35979	68.249644	1	0.5	0.5	0.5
61.0085	11.43226	64.249046	1	0.5	0.5	0.5
61.0085	11.43226	64.749046	1	0.5	0.5	0.5
61.0073	11.40063	62.256674	1	0.5	0.5	0.5
61.0073	11.40063	62.756674	1	0.5	0.5	0.5
61.00852	11.43283	66.249416	1	0.5	0.5	0.5
61.00852	11.43283	66.749416	1	0.5	0.5	0.5
63.83258	18.3684	67.751726	1	0.5	0.5	0.5
63.83258	18.3684	67.251726	1	0.5	0.5	0.5
61.00854	11.43328	68.249663	1	0.5	0.5	0.5
61.00854	11.43328	68.749663	1	0.5	0.5	0.5
63.835771	18.37193	70.769907	1	0.5	0.5	0.5
63.835771	18.37193	70.269907	1	0.5	0.5	0.5
61.07644	12.29455	64.234587	1	0.5	0.5	0.5
61.13659	12.72808	64.472855	1	0.5	0.5	0.5
61.21369	13.15765	67.235951	1	0.5	0.5	0.5
61.21353	13.15686	66.732864	1	0.5	0.5	0.5
61.03399	11.86414	69.999527	1	0.5	0.5	0.5
61.00848	11.43194	67.25	1	0.5	0.5	0.5
61.00848	11.43194	67.75	1	0.5	0.5	0.5
61.21374	13.15792	65.225653	1	0.5	0.5	0.5
61.2136	13.15724	64.722132	1	0.5	0.5	0.5
63.541446	18.03227	68.999644	1	0.5	0.5	0.5
63.5666	18.06242	63.978296	1	0.5	0.5	0.5
63.557109	18.05107	68.00137	1	0.5	0.5	0.5
61.03416	11.86627	68.999604	1	0.5	0.5	0.5
63.551904	18.04483	70.019907	1	0.5	0.5	0.5
61.03403	11.86455	67.999663	1	0.5	0.5	0.5
61.07586	12.28962	63.735541	1	0.5	0.5	0.5
61.14198	12.76166	63.409	1	0.5	0.5	0.5
61.03381	11.86177	65.999416	1	0.5	0.5	0.5
61.03358	11.85891	63.999046	1	0.5	0.5	0.5
63.314909	17.7505	64.761304	1	0.5	0.5	0.5
63.305089	17.73784	64.217739	1	0.5	0.5	0.5
61.00839	11.42961	65.25	1	0.5	0.5	0.5
61.00839	11.42961	65.75	1	0.5	0.5	0.5
61.0083	11.4273	63.75	1	0.5	0.5	0.5
61.0083	11.4273	63.25	1	0.5	0.5	0.5
61.22059	13.19189	63.16428	1	0.5	0.5	0.5
61.98546	15.55071	72.17045	1	0.5	0.5	0.5
61.83346	15.20016	71.77285	1	0.5	0.5	0.5
61.42501	14.02813	71.79318	1	0.5	0.5	0.5
61.49458	14.26131	71.52164	1	0.5	0.5	0.5
61.56054	14.46665	71.92325	1	0.5	0.5	0.5
61.98199	15.54306	61.8454688	1	0.5	0.5	0.5
62.088723	15.77143	72.57256	1	0.5	0.5	0.5
62.302174	16.19155	72.57256	1	0.5	0.5	0.5
61.42165	14.01637	72.59739	1	0.5	0.5	0.5
61.56054	14.46666	72.59739	1	0.5	0.5	0.5
62.300937	16.18924	61.4311637	1	0.5	0.5	0.5
62.087586	15.76907	61.4311637	1	0.5	0.5	0.5
61.71848	14.91028	72.59789	1	0.5	0.5	0.5
61.89539	15.34704	72.59789	1	0.5	0.5	0.5
61.20379	13.10759	72.59203	1	0.5	0.5	0.5
61.30397	13.56805	72.59203	1	0.5	0.5	0.5
62.533395	16.60209	72.60203	1	0.5	0.5	0.5
62.782015	17.00239	72.60203	1	0.5	0.5	0.5
61.55781	14.45841	61.4144444	1	0.5	0.5	0.5
61.41927	14.008	61.4144444	1	0.5	0.5	0.5
62.782115	17.00255	61.3976092	1	0.5	0.5	0.5
62.533488	16.60225	61.3976092	1	0.5	0.5	0.5
61.8931	15.34174	61.4143051	1	0.5	0.5	0.5
61.71643	14.90488	61.4143051	1	0.5	0.5	0.5
61.30397	13.56805	61.4079725	1	0.5	0.5	0.5
61.20379	13.10759	61.4079725	1	0.5	0.5	0.5
63.839271	18.37581	66.77194	1	0.5	0.5	0.5
63.332465	17.77302	66.260134	1	0.5	0.5	0.5
63.336483	17.77816	65.738303	1	0.5	0.5	0.5
62.850297	17.10598	65.246872	1	0.5	0.5	0.5
63.083646	17.44194	66.476377	1	0.5	0.5	0.5
62.838583	17.08838	66.720775	1	0.5	0.5	0.5
63.843647	18.38064	65.250109	1	0.5	0.5	0.5
63.577188	18.07504	64.999294	1	0.5	0.5	0.5
62.912698	17.19846	72.21411	1	0.5	0.5	0.5
62.818454	17.05799	71.76468	1	0.5	0.5	0.5
63.093958	17.45619	71.77473	1	0.5	0.5	0.5
61.33794	13.70563	70.939764	1	0.5	0.5	0.5
61.45252	14.12262	71.19703	1	0.5	0.5	0.5
61.59197	14.55991	71.3271	1	0.5	0.5	0.5
61.85914	15.26181	70.916584	1	0.5	0.5	0.5
61.69707	14.85353	71.1762	1	0.5	0.5	0.5
62.912801	17.19861	61.7855295	1	0.5	0.5	0.5
63.094412	17.45682	62.218511	1	0.5	0.5	0.5
62.818981	17.05879	62.2282	1	0.5	0.5	0.5
63.361078	17.80948	71.86208	1	0.5	0.5	0.5
61.87293	15.29448	63.066683	1	0.5	0.5	0.5
62.409231	16.38676	72.17458	1	0.5	0.5	0.5
61.63449	14.68188	72.19529	1	0.5	0.5	0.5
62.408037	16.38463	61.8287729	1	0.5	0.5	0.5
61.35726	13.78068	61.822417	1	0.5	0.5	0.5
63.361078	17.80948	62.13792	1	0.5	0.5	0.5
61.35947	13.78909	72.18942	1	0.5	0.5	0.5
61.31609	13.61804	63.046243	1	0.5	0.5	0.5
61.06303	12.17591	72.61208	1	0.5	0.5	0.5
61.12343	12.64326	72.61208	1	0.5	0.5	0.5
63.055107	17.40226	72.61208	1	0.5	0.5	0.5
63.337519	17.77948	72.61208	1	0.5	0.5	0.5
63.337519	17.77948	61.3879203	1	0.5	0.5	0.5
63.055107	17.40226	61.3879203	1	0.5	0.5	0.5
61.12343	12.64326	61.3879203	1	0.5	0.5	0.5
61.06303	12.17591	61.3879203	1	0.5	0.5	0.5
63.570949	18.06761	67.023665	1	0.5	0.5	0.5
63.323094	17.76101	65.262229	1	0.5	0.5	0.5
63.316998	17.75318	66.760122	1	0.5	0.5	0.5
63.310872	17.7453	67.239909	1	0.5	0.5	0.5
63.310666	17.74503	67.741975	1	0.5	0.5	0.5
63.068741	17.42126	67.478433	1	0.5	0.5	0.5
63.301978	17.73383	68.743152	1	0.5	0.5	0.5
63.067029	17.41888	68.483758	1	0.5	0.5	0.5
63.303569	17.73588	68.239894	1	0.5	0.5	0.5
63.287671	17.71531	69.764477	1	0.5	0.5	0.5
63.059381	17.40822	69.507985	1	0.5	0.5	0.5
63.294097	17.72363	69.243508	1	0.5	0.5	0.5
63.085637	17.4447	65.500314	1	0.5	0.5	0.5
62.842926	17.09492	69.75948	1	0.5	0.5	0.5
62.848758	17.10367	69.238511	1	0.5	0.5	0.5
62.848265	17.10293	68.735949	1	0.5	0.5	0.5
62.849706	17.10509	68.232691	1	0.5	0.5	0.5
62.843444	17.09569	67.227824	1	0.5	0.5	0.5
62.843258	17.09541	67.729891	1	0.5	0.5	0.5
61.00519	11.33788	72.15355	1	0.5	0.5	0.5
61.00519	11.33788	72.65355	1	0.5	0.5	0.5
63.880125	18.42076	72.65355	1	0.5	0.5	0.5
63.880125	18.42076	72.15355	1	0.5	0.5	0.5
63.880125	18.42076	61.8464521	1	0.5	0.5	0.5
63.880125	18.42076	61.3464521	1	0.5	0.5	0.5
61.00519	11.33788	61.3464521	1	0.5	0.5	0.5
61.00519	11.33788	61.8464521	1	0.5	0.5	0.5
63.56975	18.06618	72.65355	1	0.5	0.5	0.5
61.02975	11.80847	72.65355	1	0.5	0.5	0.5
63.56975	18.06618	61.3464521	1	0.5	0.5	0.5
61.02975	11.80847	61.3464521	1	0.5	0.5	0.5
62.57976	16.67971	70.965587	1	0.5	0.5	0.5
62.774655	16.99108	71.37864	1	0.5	0.5	0.5
62.606847	16.72439	71.81801	1	0.5	0.5	0.5
62.583857	16.6865	63.010602	1	0.5	0.5	0.5
62.607807	16.72597	62.178386	1	0.5	0.5	0.5
62.775981	16.99312	62.611367	1	0.5	0.5	0.5
61.02476	11.73761	71.89646	1	0.5	0.5	0.5
63.594302	18.09537	62.096452	1	0.5	0.5	0.5
63.594302	18.09537	71.90355	1	0.5	0.5	0.5
61.02479	11.7381	62.103126	1	0.5	0.5	0.5
61.74874	14.98894	71.50081	1	0.5	0.5	0.5
61.04958	12.04326	72.26563	1	0.5	0.5	0.5
63.42033	17.88399	72.26563	1	0.5	0.5	0.5
63.42033	17.88399	61.7343724	1	0.5	0.5	0.5
61.04958	12.04326	61.7343724	1	0.5	0.5	0.5
61.71847	14.91027	71.92375	1	0.5	0.5	0.5
61.79716	30.88879	61.8287462	1	0.5	0.5	0.5
61.8017	30.87753	72.19586	1	0.5	0.5	0.5
63.410682	28.12806	67.496593	1	0.5	0.5	0.5
61.03406	34.13503	66.498836	1	0.5	0.5	0.5
61.03419	34.13337	69.499871	1	0.5	0.5	0.5
63.568631	27.93516	64.498373	1	0.5	0.5	0.5
61.03398	34.13611	64.49809	1	0.5	0.5	0.5
63.533215	27.97764	69.5	1	0.5	0.5	0.5
61.25141	32.66165	72.18405	1	0.5	0.5	0.5
62.648842	29.20726	61.7952886	1	0.5	0.5	0.5
62.648842	29.20726	72.20406	1	0.5	0.5	0.5
61.25141	32.66165	61.815945	1	0.5	0.5	0.5
63.533215	27.97764	71.5	1	0.5	0.5	0.5
61.02918	34.19925	62.51335	1	0.5	0.5	0.5
63.533215	27.97764	62.5	1	0.5	0.5	0.5
61.02911	34.20024	71.48582	1	0.5	0.5	0.5
61.0338	34.13836	70.499142	1	0.5	0.5	0.5
61.13649	33.27255	70.000272	1	0.5	0.5	0.5
61.13659	33.27192	68.995198	1	0.5	0.5	0.5
61.30724	32.41834	69.49637	1	0.5	0.5	0.5
61.30701	32.41933	68.491082	1	0.5	0.5	0.5
61.54476	31.58125	68.992162	1	0.5	0.5	0.5
61.54427	31.58272	67.986983	1	0.5	0.5	0.5
61.84754	30.7659	68.488018	1	0.5	0.5	0.5
61.84689	30.76746	67.482882	1	0.5	0.5	0.5
61.54373	31.58437	66.981843	1	0.5	0.5	0.5
61.84622	30.76908	66.477745	1	0.5	0.5	0.5
61.54319	31.58604	65.976713	1	0.5	0.5	0.5
61.84554	30.77071	65.472625	1	0.5	0.5	0.5
61.54265	31.58771	64.971589	1	0.5	0.5	0.5
62.212147	29.98024	65.973656	1	0.5	0.5	0.5
61.84821	30.7643	69.493104	1	0.5	0.5	0.5
62.211341	29.98182	64.968526	1	0.5	0.5	0.5
62.214533	29.9756	68.989029	1	0.5	0.5	0.5
62.215375	29.97396	69.994148	1	0.5	0.5	0.5
61.30675	32.42037	65.476699	1	0.5	0.5	0.5
61.30643	32.42173	64.469654	1	0.5	0.5	0.5
61.54251	31.58814	63.966045	1	0.5	0.5	0.5
62.639248	29.22278	65.469557	1	0.5	0.5	0.5
62.670368	29.17265	66.556682	1	0.5	0.5	0.5
61.30941	32.40938	70.487909	1	0.5	0.5	0.5
62.609761	29.27083	64.472374	1	0.5	0.5	0.5
62.203939	29.99628	63.960445	1	0.5	0.5	0.5
61.85235	30.75439	70.483297	1	0.5	0.5	0.5
61.13646	33.27271	67.990954	1	0.5	0.5	0.5
61.30706	32.41908	63.481649	1	0.5	0.5	0.5
62.600635	29.28581	63.459699	1	0.5	0.5	0.5
63.081856	28.56053	65.96129	1	0.5	0.5	0.5
62.642967	29.21675	69.490058	1	0.5	0.5	0.5
62.654817	29.19763	68.393863	1	0.5	0.5	0.5
62.594099	29.29658	70.499253	1	0.5	0.5	0.5
62.198632	30.00669	62.963411	1	0.5	0.5	0.5
61.58792	31.45197	62.853163	1	0.5	0.5	0.5
61.13583	33.27672	63.971084	1	0.5	0.5	0.5
61.54661	31.57559	69.996228	1	0.5	0.5	0.5
61.30733	32.418	67.486561	1	0.5	0.5	0.5
61.30696	32.41951	66.480403	1	0.5	0.5	0.5
61.13656	33.27211	65.981341	1	0.5	0.5	0.5
62.196933	30.01002	67.999995	1	0.5	0.5	0.5
62.90717	28.80965	67.48691	1	0.5	0.5	0.5
62.191843	30.02003	66.954739	1	0.5	0.5	0.5
61.84346	30.7757	64.468345	1	0.5	0.5	0.5
61.86864	30.71567	63.486573	1	0.5	0.5	0.5
61.03413	34.13411	68.499296	1	0.5	0.5	0.5
63.533232	27.97762	68.500048	1	0.5	0.5	0.5
63.570654	27.93274	70.53987	1	0.5	0.5	0.5
63.564599	27.93997	63.458222	1	0.5	0.5	0.5
61.14855	33.1983	71.13933	1	0.5	0.5	0.5
61.54587	31.57783	71.00238	1	0.5	0.5	0.5
62.203517	29.99711	70.996339	1	0.5	0.5	0.5
61.03392	34.13679	67.5	1	0.5	0.5	0.5
61.13688	33.2701	66.985486	1	0.5	0.5	0.5
61.03356	34.14143	65.5	1	0.5	0.5	0.5
61.13736	33.26705	64.97463	1	0.5	0.5	0.5
61.0332	34.14602	63.5	1	0.5	0.5	0.5
61.14829	33.19992	62.846905	1	0.5	0.5	0.5
62.184878	30.03378	61.8624254	1	0.5	0.5	0.5
61.48646	31.76496	72.19482	1	0.5	0.5	0.5
62.187448	30.0287	72.14514	1	0.5	0.5	0.5
61.48129	31.78181	61.8289484	1	0.5	0.5	0.5
61.09073	33.59009	72.22416	1	0.5	0.5	0.5
63.194292	28.40762	61.7758406	1	0.5	0.5	0.5
62.996637	28.68023	62.661189	1	0.5	0.5	0.5
63.194292	28.40762	72.22416	1	0.5	0.5	0.5
62.995746	28.6815	71.3253	1	0.5	0.5	0.5
61.09073	33.59009	61.7758406	1	0.5	0.5	0.5
63.560356	27.94504	66.573415	1	0.5	0.5	0.5
63.071232	28.57527	65.022752	1	0.5	0.5	0.5
63.053252	28.60034	70.029005	1	0.5	0.5	0.5
63.072996	28.57282	68.998915	1	0.5	0.5	0.5
63.581818	27.91945	65.501833	1	0.5	0.5	0.5
63.054067	28.5992	63.936982	1	0.5	0.5	0.5
61.36766	32.17984	71.39158	1	0.5	0.5	0.5
61.32528	32.34476	62.610839	1	0.5	0.5	0.5
61.86593	30.72207	71.34992	1	0.5	0.5	0.5
61.87726	30.69533	62.646849	1	0.5	0.5	0.5
63.094984	28.54239	66.751963	1	0.5	0.5	0.5
63.072956	28.57288	68.208858	1	0.5	0.5	0.5
62.56549	29.34403	71.43197	1	0.5	0.5	0.5
62.567187	29.3412	62.561547	1	0.5	0.5	0.5
63.65602	27.83216	72.3071	1	0.5	0.5	0.5
63.65602	27.83216	61.6929042	1	0.5	0.5	0.5
61.02076	34.32456	61.6929042	1	0.5	0.5	0.5
61.02076	34.32456	72.3071	1	0.5	0.5	0.5
62.479804	29.48948	67.480368	1	0.5	0.5	0.5
61.63979	31.30325	71.65165	1	0.5	0.5	0.5
63.275164	28.30095	70.932587	1	0.5	0.5	0.5
63.305543	28.26157	70.284438	1	0.5	0.5	0.5
63.024407	28.64085	70.677155	1	0.5	0.5	0.5
61.68869	31.16895	62.340954	1	0.5	0.5	0.5
61.62961	31.3319	61.8288473	1	0.5	0.5	0.5
61.5333	31.61647	62.341056	1	0.5	0.5	0.5
63.272766	28.30408	63.059705	1	0.5	0.5	0.5
63.025261	28.63965	63.299086	1	0.5	0.5	0.5
63.303085	28.26474	63.697602	1	0.5	0.5	0.5
61.19665	32.92934	71.66169	1	0.5	0.5	0.5
61.11788	33.39394	71.68175	1	0.5	0.5	0.5
61.16113	33.12415	72.20411	1	0.5	0.5	0.5
61.72562	31.07098	62.750006	1	0.5	0.5	0.5
61.83675	30.79187	62.237798	1	0.5	0.5	0.5
61.1965	32.93014	62.331425	1	0.5	0.5	0.5
61.16113	33.12415	61.7958928	1	0.5	0.5	0.5
61.11776	33.39475	62.311373	1	0.5	0.5	0.5
62.789786	28.98569	70.912278	1	0.5	0.5	0.5
62.817074	28.9441	70.264129	1	0.5	0.5	0.5
61.30682	32.42009	71.78782	1	0.5	0.5	0.5
61.24604	32.68648	71.26545	1	0.5	0.5	0.5
62.793656	28.97977	63.060444	1	0.5	0.5	0.5
62.820929	28.93826	63.69834	1	0.5	0.5	0.5
61.22829	32.77058	62.728872	1	0.5	0.5	0.5
61.28717	32.50293	62.213392	1	0.5	0.5	0.5
63.548886	27.95879	62.979111	1	0.5	0.5	0.5
63.257865	28.32354	62.580595	1	0.5	0.5	0.5
63.551904	27.95517	71.01994	1	0.5	0.5	0.5
63.257394	28.32416	71.41265	1	0.5	0.5	0.5
61.07734	33.6979	71.31257	1	0.5	0.5	0.5
61.05567	33.89474	71.85499	1	0.5	0.5	0.5
61.0773	33.69822	62.680127	1	0.5	0.5	0.5
61.05572	33.89424	62.144595	1	0.5	0.5	0.5
62.19547	30.0129	71.57074	1	0.5	0.5	0.5
62.028133	30.35652	71.17313	1	0.5	0.5	0.5
62.020666	30.37259	71.74753	1	0.5	0.5	0.5
62.191746	30.02023	62.412918	1	0.5	0.5	0.5
62.025585	30.362	62.254637	1	0.5	0.5	0.5
62.032	30.34823	62.80513	1	0.5	0.5	0.5
62.370382	29.683	71.78855	1	0.5	0.5	0.5
62.37896	29.6675	71.21415	1	0.5	0.5	0.5
61.39955	32.06225	62.219894	1	0.5	0.5	0.5
61.44715	31.89559	62.732001	1	0.5	0.5	0.5
62.833896	28.91867	64.747563	1	0.5	0.5	0.5
63.062641	28.58723	64.479867	1	0.5	0.5	0.5
62.825766	28.93095	64.204678	1	0.5	0.5	0.5
61.07641	33.70574	65.740671	1	0.5	0.5	0.5
61.13696	33.26958	65.477986	1	0.5	0.5	0.5
61.07671	33.7032	65.237315	1	0.5	0.5	0.5
62.377155	29.67075	62.762479	1	0.5	0.5	0.5
62.369805	29.68405	62.211986	1	0.5	0.5	0.5
61.03377	34.13877	64.999045	1	0.5	0.5	0.5
61.07702	33.70055	64.73636	1	0.5	0.5	0.5
61.07664	33.70374	67.745477	1	0.5	0.5	0.5
61.13667	33.27141	67.48822	1	0.5	0.5	0.5
61.0768	33.70242	67.242743	1	0.5	0.5	0.5
61.6913	31.16194	70.239763	1	0.5	0.5	0.5
61.54624	31.57671	70.499302	1	0.5	0.5	0.5
61.69089	31.16305	70.742837	1	0.5	0.5	0.5
61.41979	31.99015	70.242068	1	0.5	0.5	0.5
61.41947	31.99128	70.745142	1	0.5	0.5	0.5
61.07656	33.70444	70.249707	1	0.5	0.5	0.5
61.08105	33.6671	70.819237	1	0.5	0.5	0.5
61.14246	33.23542	70.569802	1	0.5	0.5	0.5
61.30833	32.41386	69.99214	1	0.5	0.5	0.5
61.41853	31.99458	69.746299	1	0.5	0.5	0.5
61.41675	32.00087	65.726706	1	0.5	0.5	0.5
61.30686	32.41994	65.978551	1	0.5	0.5	0.5
61.41687	32.00045	66.228558	1	0.5	0.5	0.5
61.21325	32.84456	65.72902	1	0.5	0.5	0.5
61.21333	32.84412	66.230872	1	0.5	0.5	0.5
62.432732	29.57161	66.265169	1	0.5	0.5	0.5
62.201975	30.00013	66.464198	1	0.5	0.5	0.5
62.42173	29.59105	66.75571	1	0.5	0.5	0.5
61.54258	31.58792	64.468817	1	0.5	0.5	0.5
61.68506	31.17874	64.719967	1	0.5	0.5	0.5
61.68498	31.17895	64.217195	1	0.5	0.5	0.5
62.201284	30.00148	63.461928	1	0.5	0.5	0.5
62.027333	30.35824	63.224992	1	0.5	0.5	0.5
62.029798	30.35295	63.723509	1	0.5	0.5	0.5
62.021384	30.37104	66.2257	1	0.5	0.5	0.5
62.012006	30.39132	66.716242	1	0.5	0.5	0.5
61.54346	31.5852	66.479278	1	0.5	0.5	0.5
61.41711	31.9996	66.731123	1	0.5	0.5	0.5
61.85028	30.75934	69.988201	1	0.5	0.5	0.5
61.68943	31.16698	69.744666	1	0.5	0.5	0.5
61.68839	31.16977	69.242633	1	0.5	0.5	0.5
61.54568	31.57842	69.494195	1	0.5	0.5	0.5
62.426769	29.58214	68.691446	1	0.5	0.5	0.5
62.417262	29.59897	68.196929	1	0.5	0.5	0.5
62.205718	29.9928	68.494512	1	0.5	0.5	0.5
62.023209	30.36711	68.738523	1	0.5	0.5	0.5
62.015082	30.38465	68.244007	1	0.5	0.5	0.5
62.026227	30.36062	70.238723	1	0.5	0.5	0.5
62.020749	30.37241	70.739818	1	0.5	0.5	0.5
62.209439	29.98553	70.495244	1	0.5	0.5	0.5
61.856	30.74567	63.977459	1	0.5	0.5	0.5
61.69633	31.14845	63.726309	1	0.5	0.5	0.5
61.30675	32.42041	63.975651	1	0.5	0.5	0.5
61.21292	32.8462	63.726367	1	0.5	0.5	0.5
61.21265	32.84753	64.220369	1	0.5	0.5	0.5
62.021013	30.37185	65.72314	1	0.5	0.5	0.5
62.211744	29.98103	65.471091	1	0.5	0.5	0.5
62.020641	30.37265	65.220575	1	0.5	0.5	0.5
61.41626	32.00261	64.217849	1	0.5	0.5	0.5
61.41663	32.0013	63.723847	1	0.5	0.5	0.5
61.41651	32.00172	65.224144	1	0.5	0.5	0.5
61.41632	32.00239	64.720621	1	0.5	0.5	0.5
61.30659	32.42105	64.973176	1	0.5	0.5	0.5
62.41821	29.59729	65.721606	1	0.5	0.5	0.5
62.417776	29.59806	65.219041	1	0.5	0.5	0.5
62.624474	29.24678	64.970965	1	0.5	0.5	0.5
62.403964	29.62263	64.72045	1	0.5	0.5	0.5
62.399995	29.62972	64.216409	1	0.5	0.5	0.5
62.207637	29.98905	64.464486	1	0.5	0.5	0.5
62.605195	29.27832	63.966036	1	0.5	0.5	0.5
62.395715	29.63738	63.710072	1	0.5	0.5	0.5
62.39287	29.64248	63.211555	1	0.5	0.5	0.5
62.654774	29.19769	66.013119	1	0.5	0.5	0.5
62.87098	28.86314	66.258986	1	0.5	0.5	0.5
62.854556	28.88765	65.715423	1	0.5	0.5	0.5
61.54292	31.58687	65.474151	1	0.5	0.5	0.5
61.84588	30.76989	65.975185	1	0.5	0.5	0.5
61.56499	31.51998	63.409604	1	0.5	0.5	0.5
61.43642	31.93231	63.167406	1	0.5	0.5	0.5
62.398761	29.63193	70.246701	1	0.5	0.5	0.5
62.392421	29.64328	70.747796	1	0.5	0.5	0.5
61.6863	31.17538	65.724669	1	0.5	0.5	0.5
61.686	31.17621	65.222107	1	0.5	0.5	0.5
61.68661	31.17456	66.227229	1	0.5	0.5	0.5
62.421232	29.59193	69.239544	1	0.5	0.5	0.5
62.648887	29.20719	68.941961	1	0.5	0.5	0.5
62.421685	29.59113	69.742103	1	0.5	0.5	0.5
62.618448	29.25661	69.994656	1	0.5	0.5	0.5
61.68692	31.17373	66.729794	1	0.5	0.5	0.5
62.214954	29.97478	69.491589	1	0.5	0.5	0.5
62.023963	30.36549	69.743626	1	0.5	0.5	0.5
62.016091	30.38247	64.214395	1	0.5	0.5	0.5
62.023575	30.36632	69.241067	1	0.5	0.5	0.5
61.68722	31.17291	67.232362	1	0.5	0.5	0.5
61.84655	30.76827	66.980313	1	0.5	0.5	0.5
61.84788	30.7651	68.990561	1	0.5	0.5	0.5
61.68752	31.1721	67.734933	1	0.5	0.5	0.5
61.544	31.58355	67.484413	1	0.5	0.5	0.5
61.84722	30.76668	67.98545	1	0.5	0.5	0.5
62.014727	30.38542	67.741439	1	0.5	0.5	0.5
61.68809	31.17058	68.74009	1	0.5	0.5	0.5
61.68782	31.17131	68.2375	1	0.5	0.5	0.5
61.54451	31.58198	68.489572	1	0.5	0.5	0.5
61.41758	31.99793	68.741622	1	0.5	0.5	0.5
61.41737	31.99868	68.239033	1	0.5	0.5	0.5
61.41772	31.99745	69.244266	1	0.5	0.5	0.5
61.21329	32.84433	68.241018	1	0.5	0.5	0.5
61.30717	32.41867	67.988822	1	0.5	0.5	0.5
61.21342	32.84367	67.738757	1	0.5	0.5	0.5
61.30712	32.41883	68.993726	1	0.5	0.5	0.5
61.21337	32.84394	68.74314	1	0.5	0.5	0.5
61.13652	33.27232	68.493076	1	0.5	0.5	0.5
61.41732	31.99886	67.234202	1	0.5	0.5	0.5
61.30714	32.41876	66.983482	1	0.5	0.5	0.5
61.41756	31.99802	67.736772	1	0.5	0.5	0.5
62.012373	30.39052	67.21881	1	0.5	0.5	0.5
61.72168	31.0813	63.169868	1	0.5	0.5	0.5
61.8445	30.77321	64.970485	1	0.5	0.5	0.5
62.019504	30.3751	64.718436	1	0.5	0.5	0.5
62.194387	30.01503	67.477367	1	0.5	0.5	0.5
61.21347	32.84344	69.245784	1	0.5	0.5	0.5
61.21341	32.84375	69.748321	1	0.5	0.5	0.5
61.21431	32.83923	70.244091	1	0.5	0.5	0.5
61.13654	33.27223	69.497735	1	0.5	0.5	0.5
61.03399	34.13591	66.999418	1	0.5	0.5	0.5
61.0769	33.70155	66.742161	1	0.5	0.5	0.5
61.07686	33.70195	69.750072	1	0.5	0.5	0.5
61.07689	33.70163	69.247534	1	0.5	0.5	0.5
61.22176	32.80237	70.81362	1	0.5	0.5	0.5
61.03116	34.17263	63.006675	1	0.5	0.5	0.5
61.08049	33.67172	63.173452	1	0.5	0.5	0.5
61.07678	33.70256	66.240089	1	0.5	0.5	0.5
61.13672	33.27111	66.483414	1	0.5	0.5	0.5
63.830397	27.63402	66.286707	1	0.5	0.5	0.5
63.841591	27.62163	65.750917	1	0.5	0.5	0.5
63.571077	27.93224	66.037624	1	0.5	0.5	0.5
61.03141	34.1693	70.992479	1	0.5	0.5	0.5
61.0768	33.7024	68.245125	1	0.5	0.5	0.5
61.07685	33.702	68.747247	1	0.5	0.5	0.5
61.00728	34.59986	71.74291	1	0.5	0.5	0.5
61.00728	34.59986	71.24291	1	0.5	0.5	0.5
61.00855	34.56635	69.749935	1	0.5	0.5	0.5
61.00855	34.56635	69.249935	1	0.5	0.5	0.5
61.00854	34.56672	68.749648	1	0.5	0.5	0.5
61.00854	34.56672	68.249648	1	0.5	0.5	0.5
63.834716	27.62924	64.249187	1	0.5	0.5	0.5
63.834716	27.62924	64.749187	1	0.5	0.5	0.5
63.816211	27.64979	71.25	1	0.5	0.5	0.5
63.816211	27.64979	71.75	1	0.5	0.5	0.5
63.816211	27.64979	62.25	1	0.5	0.5	0.5
63.816211	27.64979	62.75	1	0.5	0.5	0.5
63.816211	27.64979	69.25	1	0.5	0.5	0.5
63.816211	27.64979	69.75	1	0.5	0.5	0.5
63.832612	27.63157	63.229111	1	0.5	0.5	0.5
63.832612	27.63157	63.729111	1	0.5	0.5	0.5
61.00852	34.56718	66.749418	1	0.5	0.5	0.5
61.00852	34.56718	66.249418	1	0.5	0.5	0.5
61.0085	34.56772	64.749045	1	0.5	0.5	0.5
61.0085	34.56772	64.249045	1	0.5	0.5	0.5
61.0073	34.59936	62.756675	1	0.5	0.5	0.5
61.0073	34.59936	62.256675	1	0.5	0.5	0.5
63.751711	27.72224	67.248296	1	0.5	0.5	0.5
63.751711	27.72224	67.748296	1	0.5	0.5	0.5
61.00845	34.56885	70.749571	1	0.5	0.5	0.5
61.00845	34.56885	70.249571	1	0.5	0.5	0.5
63.81622	27.64978	68.250024	1	0.5	0.5	0.5
63.81622	27.64978	68.750024	1	0.5	0.5	0.5
63.835771	27.62807	70.269935	1	0.5	0.5	0.5
63.835771	27.62807	70.769935	1	0.5	0.5	0.5
61.07645	33.70541	64.234587	1	0.5	0.5	0.5
61.13659	33.27188	64.472857	1	0.5	0.5	0.5
61.21353	32.84313	66.732944	1	0.5	0.5	0.5
61.21368	32.84237	67.236023	1	0.5	0.5	0.5
61.03399	34.13586	69.999507	1	0.5	0.5	0.5
61.00848	34.56806	67.75	1	0.5	0.5	0.5
61.00848	34.56806	67.25	1	0.5	0.5	0.5
61.21375	32.84205	65.225665	1	0.5	0.5	0.5
63.551904	27.95517	70.019935	1	0.5	0.5	0.5
63.471625	28.05257	67.998321	1	0.5	0.5	0.5
61.21361	32.84273	64.722142	1	0.5	0.5	0.5
61.03416	34.13374	68.999583	1	0.5	0.5	0.5
63.566615	27.93756	63.978298	1	0.5	0.5	0.5
63.533224	27.97763	69.000024	1	0.5	0.5	0.5
61.03403	34.13545	67.999648	1	0.5	0.5	0.5
61.07586	33.71035	63.735542	1	0.5	0.5	0.5
61.14199	33.23831	63.408994	1	0.5	0.5	0.5
61.03381	34.13823	65.999418	1	0.5	0.5	0.5
61.03359	34.14106	63.999045	1	0.5	0.5	0.5
63.314033	28.25063	64.760563	1	0.5	0.5	0.5
63.305008	28.26226	64.217678	1	0.5	0.5	0.5
61.00839	34.57038	65.25	1	0.5	0.5	0.5
61.00839	34.57038	65.75	1	0.5	0.5	0.5
61.0083	34.57269	63.75	1	0.5	0.5	0.5
61.0083	34.57269	63.25	1	0.5	0.5	0.5
63.15236	28.464	67.491752	1	0.5	0.5	0.5
63.25038	28.33336	67.124278	1	0.5	0.5	0.5
63.000085	28.67532	67.119437	1	0.5	0.5	0.5
61.2206	32.80806	63.164277	1	0.5	0.5	0.5
61.98558	30.44903	72.1705	1	0.5	0.5	0.5
61.83352	30.79968	71.77289	1	0.5	0.5	0.5
62.786981	28.98999	67.021796	1	0.5	0.5	0.5
62.573755	29.33026	67.018525	1	0.5	0.5	0.5
62.687281	29.14566	67.483639	1	0.5	0.5	0.5
62.778953	29.00231	67.940387	1	0.5	0.5	0.5
62.566182	29.34287	67.937116	1	0.5	0.5	0.5
61.42502	31.97182	71.7932	1	0.5	0.5	0.5
61.56057	31.53326	71.92323	1	0.5	0.5	0.5
61.49457	31.73871	71.52161	1	0.5	0.5	0.5
62.989285	28.69072	67.847884	1	0.5	0.5	0.5
63.238995	28.34832	67.852725	1	0.5	0.5	0.5
61.98189	30.45714	61.8455858	1	0.5	0.5	0.5
62.087538	30.23103	61.4312127	1	0.5	0.5	0.5
62.300886	29.81086	61.4312127	1	0.5	0.5	0.5
62.302228	29.80835	72.57257	1	0.5	0.5	0.5
62.088772	30.22846	72.57257	1	0.5	0.5	0.5
61.41926	31.99203	61.4144742	1	0.5	0.5	0.5
61.5578	31.54162	61.4144742	1	0.5	0.5	0.5
62.782082	28.9975	72.60203	1	0.5	0.5	0.5
62.533457	29.39781	72.60203	1	0.5	0.5	0.5
61.56057	31.53326	72.59741	1	0.5	0.5	0.5
61.42167	31.98355	72.59741	1	0.5	0.5	0.5
61.89546	30.6528	72.59793	1	0.5	0.5	0.5
61.71854	31.08955	72.59793	1	0.5	0.5	0.5
61.30397	32.43195	72.59203	1	0.5	0.5	0.5
61.20379	32.89241	72.59203	1	0.5	0.5	0.5
61.20379	32.89241	61.4079725	1	0.5	0.5	0.5
61.30397	32.43195	61.4079725	1	0.5	0.5	0.5
61.71638	31.09523	61.4143731	1	0.5	0.5	0.5
61.89306	30.65837	61.4143731	1	0.5	0.5	0.5
62.533457	29.39781	61.3976443	1	0.5	0.5	0.5
62.782082	28.9975	61.3976443	1	0.5	0.5	0.5
63.830397	27.63402	66.786707	1	0.5	0.5	0.5
63.315652	28.24855	66.267352	1	0.5	0.5	0.5
63.325913	28.23537	65.731561	1	0.5	0.5	0.5
62.849511	28.8952	65.246154	1	0.5	0.5	0.5
63.575221	27.9273	65.000103	1	0.5	0.5	0.5
63.841591	27.62163	65.250917	1	0.5	0.5	0.5
62.912767	28.80144	72.21411	1	0.5	0.5	0.5
63.093966	28.5438	71.77473	1	0.5	0.5	0.5
62.81853	28.9419	71.76468	1	0.5	0.5	0.5
61.33792	32.29445	70.939742	1	0.5	0.5	0.5
61.45247	31.87757	71.19698	1	0.5	0.5	0.5
61.59192	31.44023	71.32701	1	0.5	0.5	0.5
61.69701	31.14663	71.17615	1	0.5	0.5	0.5
61.85913	30.73822	70.916611	1	0.5	0.5	0.5
62.912767	28.80144	61.7855646	1	0.5	0.5	0.5
62.818957	28.94125	62.228239	1	0.5	0.5	0.5
63.094422	28.54317	62.218515	1	0.5	0.5	0.5
63.361078	28.19052	71.86208	1	0.5	0.5	0.5
61.87295	30.70549	63.066711	1	0.5	0.5	0.5
62.407954	29.61552	61.828857	1	0.5	0.5	0.5
61.35949	32.21083	72.18944	1	0.5	0.5	0.5
61.63458	31.31787	72.19534	1	0.5	0.5	0.5
63.361078	28.19052	62.13792	1	0.5	0.5	0.5
62.409346	29.61304	72.1746	1	0.5	0.5	0.5
61.35726	32.21935	61.8224467	1	0.5	0.5	0.5
61.31611	32.38191	63.046244	1	0.5	0.5	0.5
61.12343	33.35674	72.61208	1	0.5	0.5	0.5
61.06303	33.82409	72.61208	1	0.5	0.5	0.5
63.337519	28.22052	72.61208	1	0.5	0.5	0.5
63.055107	28.59774	72.61208	1	0.5	0.5	0.5
63.055107	28.59774	61.3879203	1	0.5	0.5	0.5
63.337519	28.22052	61.3879203	1	0.5	0.5	0.5
61.06303	33.82409	61.3879203	1	0.5	0.5	0.5
61.12343	33.35674	61.3879203	1	0.5	0.5	0.5
62.332183	29.75278	67.217553	1	0.5	0.5	0.5
62.334863	29.74784	67.740182	1	0.5	0.5	0.5
62.877231	28.85386	66.654323	1	0.5	0.5	0.5
63.485027	28.03615	67.035004	1	0.5	0.5	0.5
63.320329	28.24254	65.262293	1	0.5	0.5	0.5
62.858548	28.88168	68.301361	1	0.5	0.5	0.5
63.287668	28.2847	69.764503	1	0.5	0.5	0.5
63.298015	28.2713	69.249457	1	0.5	0.5	0.5
63.063113	28.58657	69.51396	1	0.5	0.5	0.5
63.298024	28.27128	68.749482	1	0.5	0.5	0.5
63.298003	28.27131	68.354453	1	0.5	0.5	0.5
63.076541	28.5679	65.492021	1	0.5	0.5	0.5
62.842921	28.90509	69.759532	1	0.5	0.5	0.5
62.852314	28.891	69.244487	1	0.5	0.5	0.5
62.858567	28.88165	68.696389	1	0.5	0.5	0.5
61.00519	34.66212	72.65355	1	0.5	0.5	0.5
61.00519	34.66212	72.15355	1	0.5	0.5	0.5
63.880125	27.57924	72.15355	1	0.5	0.5	0.5
63.880125	27.57924	72.65355	1	0.5	0.5	0.5
63.880125	27.57924	61.3464521	1	0.5	0.5	0.5
63.880125	27.57924	61.8464521	1	0.5	0.5	0.5
61.00519	34.66212	61.8464521	1	0.5	0.5	0.5
61.00519	34.66212	61.3464521	1	0.5	0.5	0.5
63.56975	27.93382	72.65355	1	0.5	0.5	0.5
61.02975	34.19153	72.65355	1	0.5	0.5	0.5
63.56975	27.93382	61.3464521	1	0.5	0.5	0.5
61.02975	34.19153	61.3464521	1	0.5	0.5	0.5
63.322528	28.23971	66.662689	1	0.5	0.5	0.5
62.579765	29.32028	70.965611	1	0.5	0.5	0.5
62.774668	29.0089	71.37864	1	0.5	0.5	0.5
62.606917	29.27549	71.81801	1	0.5	0.5	0.5
62.583871	29.31348	63.010623	1	0.5	0.5	0.5
62.607776	29.27408	62.178418	1	0.5	0.5	0.5
62.77599	29.00687	62.611368	1	0.5	0.5	0.5
63.088416	28.55146	66.356627	1	0.5	0.5	0.5
61.02476	34.26239	71.89646	1	0.5	0.5	0.5
63.594302	27.90463	62.096452	1	0.5	0.5	0.5
63.594302	27.90463	71.90355	1	0.5	0.5	0.5
61.02479	34.2619	62.103127	1	0.5	0.5	0.5
61.74874	31.01106	71.50079	1	0.5	0.5	0.5
63.072976	28.57285	68.603886	1	0.5	0.5	0.5
61.04958	33.95674	72.26563	1	0.5	0.5	0.5
63.42033	28.11601	72.26563	1	0.5	0.5	0.5
63.42033	28.11601	61.7343724	1	0.5	0.5	0.5
61.04958	33.95674	61.7343724	1	0.5	0.5	0.5
61.71854	31.08955	71.92375	1	0.5	0.5	0.5
64.568508	43.11005	61.830995	1	0.5	0.5	0.5
62.722694	40.9103	72.16901	1	0.5	0.5	0.5
66.032408	44.24055	72.1542	1	0.5	0.5	0.5
61.03409	35.86535	66.5	1	0.5	0.5	0.5
71.1346458	45.96591	66.5	1	0.5	0.5	0.5
62.722694	40.9103	61.830995	1	0.5	0.5	0.5
66.920765	44.75712	61.830995	1	0.5	0.5	0.5
61.03409	35.86535	69.5	1	0.5	0.5	0.5
71.1346458	45.96591	69.5	1	0.5	0.5	0.5
61.50702	38.30113	61.8601005	1	0.5	0.5	0.5
68.675418	45.48557	72.18144	1	0.5	0.5	0.5
61.50911	38.30776	72.16901	1	0.5	0.5	0.5
71.1346458	45.96591	64.5	1	0.5	0.5	0.5
61.03222	35.84137	64.497265	1	0.5	0.5	0.5
64.568508	43.11005	72.16901	1	0.5	0.5	0.5
68.692236	45.49089	61.830995	1	0.5	0.5	0.5
61.02991	35.81061	71.49125	1	0.5	0.5	0.5
71.1346458	45.96591	62.5	1	0.5	0.5	0.5
71.1346458	45.96591	71.5	1	0.5	0.5	0.5
61.02766	35.77964	62.511509	1	0.5	0.5	0.5
71.1333611	45.96581	68.499877	1	0.5	0.5	0.5
70.280782	45.86482	68.984145	1	0.5	0.5	0.5
69.944395	45.80622	70.5294	1	0.5	0.5	0.5
70.272268	45.86347	67.993945	1	0.5	0.5	0.5
69.422883	45.69385	68.496106	1	0.5	0.5	0.5
69.419257	45.69298	67.491047	1	0.5	0.5	0.5
68.582803	45.45575	67.992522	1	0.5	0.5	0.5
68.582862	45.45577	66.986992	1	0.5	0.5	0.5
67.766385	45.15266	67.488129	1	0.5	0.5	0.5
67.767567	45.15315	66.482878	1	0.5	0.5	0.5
66.977301	44.78634	66.983907	1	0.5	0.5	0.5
66.978735	44.78708	65.978756	1	0.5	0.5	0.5
66.219853	44.35895	66.479774	1	0.5	0.5	0.5
66.218365	44.35803	67.484866	1	0.5	0.5	0.5
65.497203	43.87207	66.98078	1	0.5	0.5	0.5
65.495716	43.87098	67.985899	1	0.5	0.5	0.5
64.815333	43.3295	67.481798	1	0.5	0.5	0.5
64.816654	43.33064	66.476675	1	0.5	0.5	0.5
64.179813	42.73593	66.977703	1	0.5	0.5	0.5
64.17854	42.73465	67.982826	1	0.5	0.5	0.5
63.592014	42.09266	67.47872	1	0.5	0.5	0.5
63.593181	42.09404	66.473599	1	0.5	0.5	0.5
63.058042	41.40636	66.974606	1	0.5	0.5	0.5
63.056946	41.40483	67.979721	1	0.5	0.5	0.5
62.579007	40.67846	67.475625	1	0.5	0.5	0.5
62.579945	40.68002	66.47051	1	0.5	0.5	0.5
62.159939	39.91663	66.971539	1	0.5	0.5	0.5
62.159121	39.91499	67.976656	1	0.5	0.5	0.5
62.16074	39.91823	65.966388	1	0.5	0.5	0.5
66.221292	44.35984	65.474631	1	0.5	0.5	0.5
67.764945	45.15206	68.492971	1	0.5	0.5	0.5
62.580865	40.68154	65.465385	1	0.5	0.5	0.5
67.769102	45.15379	65.477713	1	0.5	0.5	0.5
62.161511	39.91977	64.961285	1	0.5	0.5	0.5
61.80165	39.12233	67.472544	1	0.5	0.5	0.5
61.80097	39.12064	68.477672	1	0.5	0.5	0.5
61.80302	39.12571	65.462283	1	0.5	0.5	0.5
62.205702	40.00717	69.05116	1	0.5	0.5	0.5
61.50734	38.30214	67.973575	1	0.5	0.5	0.5
61.50681	38.30044	68.978699	1	0.5	0.5	0.5
61.80364	39.12726	64.457182	1	0.5	0.5	0.5
62.581779	40.68306	64.46026	1	0.5	0.5	0.5
61.50896	38.30726	64.958203	1	0.5	0.5	0.5
61.50641	38.29916	63.800878	1	0.5	0.5	0.5
61.83367	39.20069	63.434364	1	0.5	0.5	0.5
61.4333	38.05694	66.870932	1	0.5	0.5	0.5
63.060121	41.40926	64.964364	1	0.5	0.5	0.5
63.061157	41.4107	63.959239	1	0.5	0.5	0.5
63.595474	42.09676	64.463347	1	0.5	0.5	0.5
63.596622	42.09812	63.458217	1	0.5	0.5	0.5
64.183562	42.73972	63.962326	1	0.5	0.5	0.5
66.216772	44.35704	68.489995	1	0.5	0.5	0.5
65.494272	43.86992	68.991029	1	0.5	0.5	0.5
66.215232	44.35609	69.49513	1	0.5	0.5	0.5
65.492831	43.86886	69.996152	1	0.5	0.5	0.5
64.812553	43.3271	69.492034	1	0.5	0.5	0.5
69.444437	45.69902	66.469026	1	0.5	0.5	0.5
61.27889	37.46127	68.474596	1	0.5	0.5	0.5
61.27849	37.45953	69.479721	1	0.5	0.5	0.5
61.50627	38.29875	69.983824	1	0.5	0.5	0.5
61.2781	37.4578	70.484846	1	0.5	0.5	0.5
66.221555	44.36	70.484924	1	0.5	0.5	0.5
66.972349	44.7838	69.999234	1	0.5	0.5	0.5
66.970765	44.78299	71.00436	1	0.5	0.5	0.5
67.760888	45.15037	70.503342	1	0.5	0.5	0.5
62.57663	40.67451	63.475232	1	0.5	0.5	0.5
64.18231	42.73846	64.967445	1	0.5	0.5	0.5
64.81935	43.33296	64.466424	1	0.5	0.5	0.5
64.826794	43.33937	63.474872	1	0.5	0.5	0.5
65.501448	43.87518	63.965402	1	0.5	0.5	0.5
65.502884	43.87623	62.960277	1	0.5	0.5	0.5
66.22432	44.36171	63.464376	1	0.5	0.5	0.5
64.816769	43.33074	70.484933	1	0.5	0.5	0.5
64.178866	42.73498	69.993034	1	0.5	0.5	0.5
61.28268	37.47773	64.452272	1	0.5	0.5	0.5
61.28631	37.49337	65.428306	1	0.5	0.5	0.5
61.26602	37.40451	63.435307	1	0.5	0.5	0.5
64.229751	42.78609	71.13479	1	0.5	0.5	0.5
63.587058	42.08678	70.50822	1	0.5	0.5	0.5
63.589732	42.08995	69.488967	1	0.5	0.5	0.5
62.968235	41.27911	69.989756	1	0.5	0.5	0.5
63.619978	42.12567	71.42355	1	0.5	0.5	0.5
67.761808	45.15075	71.50852	1	0.5	0.5	0.5
68.529257	45.4381	71.05298	1	0.5	0.5	0.5
68.49016	45.42502	69.983411	1	0.5	0.5	0.5
61.50574	38.29705	70.988949	1	0.5	0.5	0.5
61.76936	39.04153	70.518451	1	0.5	0.5	0.5
61.2777	37.45606	71.48997	1	0.5	0.5	0.5
61.80139	39.12169	71.5707	1	0.5	0.5	0.5
62.218907	40.03291	70.938722	1	0.5	0.5	0.5
69.467985	45.70462	71.49723	1	0.5	0.5	0.5
62.209674	40.01493	72.04653	1	0.5	0.5	0.5
62.42589	40.41631	70.003756	1	0.5	0.5	0.5
66.969182	44.78217	72.00948	1	0.5	0.5	0.5
66.225838	44.36264	62.459256	1	0.5	0.5	0.5
66.983439	44.78949	62.963359	1	0.5	0.5	0.5
67.006731	44.80139	63.975096	1	0.5	0.5	0.5
67.78996	45.16246	63.458773	1	0.5	0.5	0.5
67.795536	45.16477	62.362811	1	0.5	0.5	0.5
68.571048	45.4519	62.877401	1	0.5	0.5	0.5
68.635947	45.47297	63.889897	1	0.5	0.5	0.5
69.440089	45.69798	63.322911	1	0.5	0.5	0.5
69.475538	45.7064	64.318878	1	0.5	0.5	0.5
68.64597	45.47619	64.909125	1	0.5	0.5	0.5
69.456289	45.70185	65.349958	1	0.5	0.5	0.5
70.327247	45.87207	63.762426	1	0.5	0.5	0.5
65.423308	43.81743	61.9525219	1	0.5	0.5	0.5
66.976077	44.78571	67.98898	1	0.5	0.5	0.5
66.974083	44.78469	68.994015	1	0.5	0.5	0.5
68.5879	45.45742	65.965338	1	0.5	0.5	0.5
67.795232	45.16464	64.469022	1	0.5	0.5	0.5
67.738211	45.14087	69.489451	1	0.5	0.5	0.5
66.980295	44.78788	64.973659	1	0.5	0.5	0.5
66.232645	44.36684	64.467511	1	0.5	0.5	0.5
64.818007	43.33181	65.471522	1	0.5	0.5	0.5
65.498574	43.87307	65.975653	1	0.5	0.5	0.5
65.502841	43.8762	64.96948	1	0.5	0.5	0.5
64.181059	42.73719	65.972607	1	0.5	0.5	0.5
61.23198	37.24718	66.676752	1	0.5	0.5	0.5
61.50848	38.30576	65.963325	1	0.5	0.5	0.5
61.75018	38.99263	66.483092	1	0.5	0.5	0.5
64.177621	42.73372	68.987921	1	0.5	0.5	0.5
63.59098	42.09143	68.483913	1	0.5	0.5	0.5
63.055856	41.4033	68.984814	1	0.5	0.5	0.5
63.594318	42.09539	65.468507	1	0.5	0.5	0.5
64.814055	43.3284	68.486909	1	0.5	0.5	0.5
63.059075	41.4078	65.969445	1	0.5	0.5	0.5
61.79481	39.10536	69.461851	1	0.5	0.5	0.5
62.578107	40.67696	68.48076	1	0.5	0.5	0.5
63.050536	41.39587	71.04673	1	0.5	0.5	0.5
62.177242	39.9511	63.968558	1	0.5	0.5	0.5
68.566786	45.4505	68.997135	1	0.5	0.5	0.5
69.494733	45.71091	69.602423	1	0.5	0.5	0.5
71.1346458	45.96591	67.5	1	0.5	0.5	0.5
71.1467464	45.96686	65.496054	1	0.5	0.5	0.5
61.03398	35.86389	67.515371	1	0.5	0.5	0.5
70.916921	45.94655	70.510106	1	0.5	0.5	0.5
61.0332	35.85404	70.499255	1	0.5	0.5	0.5
61.03409	35.86533	68.500048	1	0.5	0.5	0.5
61.03277	35.8484	65.494813	1	0.5	0.5	0.5
61.03176	35.83529	63.501299	1	0.5	0.5	0.5
62.997947	41.32163	62.827635	1	0.5	0.5	0.5
63.535756	42.02542	62.566163	1	0.5	0.5	0.5
64.19604	42.7523	62.831614	1	0.5	0.5	0.5
61.85828	39.25976	62.247373	1	0.5	0.5	0.5
61.23805	37.27604	62.240586	1	0.5	0.5	0.5
65.589263	43.93882	71.11331	1	0.5	0.5	0.5
70.278955	45.86453	66.992008	1	0.5	0.5	0.5
69.619457	45.73932	61.831168	1	0.5	0.5	0.5
65.267023	43.69868	72.15663	1	0.5	0.5	0.5
70.287829	45.86593	66.003492	1	0.5	0.5	0.5
62.175308	39.94726	62.99841	1	0.5	0.5	0.5
61.26353	37.39335	67.532289	1	0.5	0.5	0.5
61.11202	36.56582	72.20145	1	0.5	0.5	0.5
70.564212	45.90589	61.7828315	1	0.5	0.5	0.5
70.176093	45.84774	62.687458	1	0.5	0.5	0.5
70.50442	45.89785	72.28883	1	0.5	0.5	0.5
61.12115	36.62807	71.01311	1	0.5	0.5	0.5
61.12514	36.65455	69.987002	1	0.5	0.5	0.5
61.12675	36.66507	68.978274	1	0.5	0.5	0.5
61.12558	36.65739	67.989396	1	0.5	0.5	0.5
61.13017	36.68725	64.978171	1	0.5	0.5	0.5
61.12488	36.65279	63.960668	1	0.5	0.5	0.5
71.2147991	45.97194	63.5	1	0.5	0.5	0.5
61.11518	36.58767	62.989574	1	0.5	0.5	0.5
63.307087	41.74042	72.22301	1	0.5	0.5	0.5
61.6297	38.66837	62.671747	1	0.5	0.5	0.5
62.579136	40.67867	71.29568	1	0.5	0.5	0.5
62.270644	40.13222	61.7965183	1	0.5	0.5	0.5
63.889949	42.43149	72.25645	1	0.5	0.5	0.5
63.273113	41.69638	61.7394013	1	0.5	0.5	0.5
61.0973	36.45982	61.7661533	1	0.5	0.5	0.5
70.280126	45.86472	64.772683	1	0.5	0.5	0.5
61.14584	36.78526	65.955079	1	0.5	0.5	0.5
63.858365	42.39688	61.7326672	1	0.5	0.5	0.5
64.864513	43.37167	71.37828	1	0.5	0.5	0.5
64.856655	43.36496	62.616748	1	0.5	0.5	0.5
69.619164	45.73926	72.31734	1	0.5	0.5	0.5
61.26074	37.38084	72.31938	1	0.5	0.5	0.5
66.289624	44.40168	71.34883	1	0.5	0.5	0.5
61.37665	37.85385	62.69273	1	0.5	0.5	0.5
62.566074	40.65695	62.635395	1	0.5	0.5	0.5
67.790482	45.16267	72.33115	1	0.5	0.5	0.5
70.296501	45.86729	71.41289	1	0.5	0.5	0.5
70.300972	45.86799	69.793819	1	0.5	0.5	0.5
61.83733	39.20952	72.36287	1	0.5	0.5	0.5
62.621942	40.74909	69.27374	1	0.5	0.5	0.5
66.123603	44.29881	61.6683495	1	0.5	0.5	0.5
62.054004	39.69863	69.986445	1	0.5	0.5	0.5
69.34163	45.67394	62.559011	1	0.5	0.5	0.5
61.11483	36.58528	67.187225	1	0.5	0.5	0.5
67.790482	45.16267	61.5868494	1	0.5	0.5	0.5
69.138045	45.62117	70.505915	1	0.5	0.5	0.5
62.635279	40.77079	70.62738	1	0.5	0.5	0.5
61.02172	35.69096	72.29695	1	0.5	0.5	0.5
71.3090411	45.97828	72.29695	1	0.5	0.5	0.5
71.3090411	45.97828	61.7030487	1	0.5	0.5	0.5
61.02008	35.66436	61.6774536	1	0.5	0.5	0.5
61.83733	39.20952	61.5458907	1	0.5	0.5	0.5
61.26075	37.38086	61.54525	1	0.5	0.5	0.5
61.31471	37.61241	66.129665	1	0.5	0.5	0.5
61.56642	38.48431	63.236312	1	0.5	0.5	0.5
61.43918	38.07719	63.246804	1	0.5	0.5	0.5
61.49528	38.26356	62.682239	1	0.5	0.5	0.5
64.397403	42.94988	71.6519	1	0.5	0.5	0.5
64.221825	42.77817	72.21273	1	0.5	0.5	0.5
64.057871	42.61069	71.69562	1	0.5	0.5	0.5
62.883382	41.15526	71.60787	1	0.5	0.5	0.5
63.177129	41.5694	71.63487	1	0.5	0.5	0.5
63.005309	41.3321	72.19601	1	0.5	0.5	0.5
65.808997	44.09239	71.63375	1	0.5	0.5	0.5
65.643939	43.97778	72.15541	1	0.5	0.5	0.5
65.427046	43.82022	71.63497	1	0.5	0.5	0.5
64.380174	42.93336	62.331305	1	0.5	0.5	0.5
64.025222	42.57647	62.282141	1	0.5	0.5	0.5
64.205276	42.76159	61.7818311	1	0.5	0.5	0.5
65.935026	44.17693	71.23107	1	0.5	0.5	0.5
66.16046	44.322	71.75152	1	0.5	0.5	0.5
62.858007	41.11751	62.329315	1	0.5	0.5	0.5
62.989328	41.30934	61.7851981	1	0.5	0.5	0.5
63.13355	41.51046	62.283518	1	0.5	0.5	0.5
61.18569	37.01265	71.84571	1	0.5	0.5	0.5
61.11654	36.59695	71.60728	1	0.5	0.5	0.5
61.19149	37.04357	71.25154	1	0.5	0.5	0.5
70.42909	45.88725	70.519753	1	0.5	0.5	0.5
70.606148	45.91133	70.961501	1	0.5	0.5	0.5
70.1202	45.83819	70.971147	1	0.5	0.5	0.5
64.747196	43.27024	61.4154975	1	0.5	0.5	0.5
65.173523	43.6255	61.476261	1	0.5	0.5	0.5
64.986983	43.47453	61.8917584	1	0.5	0.5	0.5
61.37679	37.85437	63.618093	1	0.5	0.5	0.5
61.31897	37.62976	63.064019	1	0.5	0.5	0.5
70.251628	45.86017	63.224942	1	0.5	0.5	0.5
70.693969	45.92219	63.093729	1	0.5	0.5	0.5
70.770009	45.93102	63.631213	1	0.5	0.5	0.5
61.66021	38.75349	63.617621	1	0.5	0.5	0.5
61.72824	38.93585	63.053055	1	0.5	0.5	0.5
70.654072	45.91735	62.593729	1	0.5	0.5	0.5
71.174717	45.969	63	1	0.5	0.5	0.5
63.918115	42.46211	71.27917	1	0.5	0.5	0.5
63.753546	42.27983	71.84	1	0.5	0.5	0.5
69.450362	45.70044	65.909492	1	0.5	0.5	0.5
69.013724	45.58689	66.217182	1	0.5	0.5	0.5
69.019588	45.58854	65.657648	1	0.5	0.5	0.5
62.650198	40.79493	71.73234	1	0.5	0.5	0.5
62.807839	41.04187	71.1712	1	0.5	0.5	0.5
63.857782	42.39624	62.698888	1	0.5	0.5	0.5
63.694983	42.21295	62.149415	1	0.5	0.5	0.5
61.08027	36.32648	66.227539	1	0.5	0.5	0.5
61.12987	36.68534	66.571152	1	0.5	0.5	0.5
61.06853	36.22598	66.843613	1	0.5	0.5	0.5
61.18644	37.01668	66.315915	1	0.5	0.5	0.5
61.16835	36.91712	66.931988	1	0.5	0.5	0.5
68.214909	45.32827	71.84498	1	0.5	0.5	0.5
68.142856	45.30157	71.28075	1	0.5	0.5	0.5
68.602254	45.46209	71.61721	1	0.5	0.5	0.5
63.327577	41.76676	71.23514	1	0.5	0.5	0.5
63.461359	41.93481	71.82328	1	0.5	0.5	0.5
70.716295	45.92484	65.749773	1	0.5	0.5	0.5
70.283977	45.86532	65.388088	1	0.5	0.5	0.5
70.712423	45.92438	65.134369	1	0.5	0.5	0.5
64.541383	43.08511	71.25654	1	0.5	0.5	0.5
64.715336	43.24219	71.77364	1	0.5	0.5	0.5
69.048972	45.59677	65.129542	1	0.5	0.5	0.5
68.616922	45.46684	65.437231	1	0.5	0.5	0.5
65.556259	43.91506	61.476261	1	0.5	0.5	0.5
62.776021	40.99318	62.731515	1	0.5	0.5	0.5
62.643526	40.78415	62.233195	1	0.5	0.5	0.5
61.84593	39.23024	62.840869	1	0.5	0.5	0.5
62.010878	39.60624	62.622892	1	0.5	0.5	0.5
61.99752	39.57717	63.216387	1	0.5	0.5	0.5
61.50743	38.30241	71.57898	1	0.5	0.5	0.5
61.38486	37.88424	71.82949	1	0.5	0.5	0.5
61.38339	37.87881	71.23946	1	0.5	0.5	0.5
62.595969	40.70651	72.5845	1	0.5	0.5	0.5
62.338652	40.25912	72.52326	1	0.5	0.5	0.5
62.455679	40.46863	72.10777	1	0.5	0.5	0.5
63.259765	41.67894	62.696899	1	0.5	0.5	0.5
63.40286	41.86216	62.152782	1	0.5	0.5	0.5
61.64535	38.71231	71.27982	1	0.5	0.5	0.5
61.64725	38.7176	71.86985	1	0.5	0.5	0.5
61.06396	36.18446	62.750541	1	0.5	0.5	0.5
61.05719	36.12027	62.138831	1	0.5	0.5	0.5
61.10605	36.52377	62.377864	1	0.5	0.5	0.5
61.17114	36.93283	62.61508	1	0.5	0.5	0.5
61.15999	36.86926	62.00337	1	0.5	0.5	0.5
61.26916	37.41846	71.90467	1	0.5	0.5	0.5
61.1787	36.97473	72.26041	1	0.5	0.5	0.5
70.12243	45.83858	70.161609	1	0.5	0.5	0.5
70.608392	45.91162	70.151963	1	0.5	0.5	0.5
61.25184	37.34032	62.837947	1	0.5	0.5	0.5
61.18289	36.99751	63.212441	1	0.5	0.5	0.5
66.733037	44.65707	72.50474	1	0.5	0.5	0.5
67.159285	44.87763	72.50474	1	0.5	0.5	0.5
61.30345	37.56588	62.466658	1	0.5	0.5	0.5
68.995664	45.58178	71.27511	1	0.5	0.5	0.5
69.069654	45.6025	71.83934	1	0.5	0.5	0.5
61.73973	38.96571	62.45956	1	0.5	0.5	0.5
61.67152	38.78452	62.053737	1	0.5	0.5	0.5
61.56675	38.48529	62.265924	1	0.5	0.5	0.5
68.204112	45.3243	65.193419	1	0.5	0.5	0.5
68.175487	45.31373	65.721525	1	0.5	0.5	0.5
61.06444	36.18893	71.84635	1	0.5	0.5	0.5
61.06789	36.2202	71.25218	1	0.5	0.5	0.5
61.36018	37.79182	62.050343	1	0.5	0.5	0.5
61.43947	38.07818	62.276415	1	0.5	0.5	0.5
61.66219	38.75895	61.7029956	1	0.5	0.5	0.5
61.84777	39.23465	61.896632	1	0.5	0.5	0.5
61.24927	37.32848	61.892918	1	0.5	0.5	0.5
61.37392	37.84366	61.7026753	1	0.5	0.5	0.5
61.32496	37.65397	66.773842	1	0.5	0.5	0.5
61.34325	37.72646	67.20161	1	0.5	0.5	0.5
61.24751	37.32032	67.10452	1	0.5	0.5	0.5
64.711467	43.23877	62.223871	1	0.5	0.5	0.5
64.520072	43.0654	62.724181	1	0.5	0.5	0.5
62.118448	39.83269	72.52326	1	0.5	0.5	0.5
62.3205	40.22564	70.471239	1	0.5	0.5	0.5
62.528926	40.59453	70.315568	1	0.5	0.5	0.5
62.419986	40.40586	70.783051	1	0.5	0.5	0.5
71.0257352	45.95677	71.00505	1	0.5	0.5	0.5
70.714627	45.92464	71.45645	1	0.5	0.5	0.5
68.240348	45.33755	62.096903	1	0.5	0.5	0.5
68.631586	45.47157	62.354198	1	0.5	0.5	0.5
68.180593	45.31563	62.620106	1	0.5	0.5	0.5
69.870478	45.7919	65.676725	1	0.5	0.5	0.5
69.866653	45.79115	65.061321	1	0.5	0.5	0.5
65.136252	43.59587	62.284635	1	0.5	0.5	0.5
66.952076	44.77335	62.397177	1	0.5	0.5	0.5
67.353678	44.97054	62.096903	1	0.5	0.5	0.5
67.385671	44.98539	62.663085	1	0.5	0.5	0.5
61.27179	37.43014	66.403209	1	0.5	0.5	0.5
61.37168	37.83529	66.500298	1	0.5	0.5	0.5
67.792748	45.16361	62.910792	1	0.5	0.5	0.5
68.177763	45.31458	63.168087	1	0.5	0.5	0.5
62.054891	39.70051	62.021946	1	0.5	0.5	0.5
62.222539	40.03997	62.397464	1	0.5	0.5	0.5
67.782164	45.15923	64.973367	1	0.5	0.5	0.5
68.217392	45.32918	64.689073	1	0.5	0.5	0.5
69.864501	45.79072	66.236259	1	0.5	0.5	0.5
62.388674	40.34999	71.6711	1	0.5	0.5	0.5
62.414767	40.3966	62.215956	1	0.5	0.5	0.5
62.364155	40.3057	62.816902	1	0.5	0.5	0.5
66.264425	44.38633	72.5771	1	0.5	0.5	0.5
66.494131	44.52289	72.08184	1	0.5	0.5	0.5
67.382932	44.98412	63.211066	1	0.5	0.5	0.5
66.569718	44.56619	62.145125	1	0.5	0.5	0.5
66.600419	44.58355	62.711308	1	0.5	0.5	0.5
67.397396	44.9908	64.222059	1	0.5	0.5	0.5
67.383918	44.98458	64.72134	1	0.5	0.5	0.5
66.993508	44.79464	64.474377	1	0.5	0.5	0.5
65.063841	43.53755	71.76745	1	0.5	0.5	0.5
65.220954	43.66282	71.24579	1	0.5	0.5	0.5
61.63087	38.67165	70.7537	1	0.5	0.5	0.5
61.78529	39.08164	71.04457	1	0.5	0.5	0.5
61.98186	39.54279	70.728587	1	0.5	0.5	0.5
61.99976	39.58206	71.25471	1	0.5	0.5	0.5
62.13504	39.86647	70.462584	1	0.5	0.5	0.5
62.233353	40.06089	69.9951	1	0.5	0.5	0.5
68.229492	45.3336	72.2563	1	0.5	0.5	0.5
67.776141	45.15672	71.91984	1	0.5	0.5	0.5
62.313636	40.2129	69.527458	1	0.5	0.5	0.5
62.406647	40.38215	69.16245	1	0.5	0.5	0.5
62.522455	40.58356	69.638748	1	0.5	0.5	0.5
62.687065	40.85399	69.996756	1	0.5	0.5	0.5
62.791274	41.01659	69.631748	1	0.5	0.5	0.5
62.128648	39.85349	69.518802	1	0.5	0.5	0.5
62.393594	40.35882	71.1172	1	0.5	0.5	0.5
62.607095	40.7248	70.96153	1	0.5	0.5	0.5
67.394805	44.9896	63.716934	1	0.5	0.5	0.5
67.792596	45.16355	63.963897	1	0.5	0.5	0.5
67.371082	44.97863	65.225686	1	0.5	0.5	0.5
69.881878	45.79414	63.542668	1	0.5	0.5	0.5
69.806812	45.77914	63.005184	1	0.5	0.5	0.5
62.214286	40.02392	71.49263	1	0.5	0.5	0.5
69.719066	45.76092	70.065911	1	0.5	0.5	0.5
69.896386	45.79698	69.698121	1	0.5	0.5	0.5
71.140696	45.96638	64.998027	1	0.5	0.5	0.5
70.706396	45.92367	64.636342	1	0.5	0.5	0.5
68.603481	45.46249	63.383649	1	0.5	0.5	0.5
68.209773	45.32638	63.674335	1	0.5	0.5	0.5
69.53948	45.72128	70.517658	1	0.5	0.5	0.5
69.316014	45.66753	70.054169	1	0.5	0.5	0.5
70.730079	45.92645	64.131213	1	0.5	0.5	0.5
71.174717	45.969	64	1	0.5	0.5	0.5
68.212451	45.32737	64.17946	1	0.5	0.5	0.5
61.99556	39.57287	71.80861	1	0.5	0.5	0.5
68.640958	45.47458	64.399511	1	0.5	0.5	0.5
70.303682	45.86842	64.267555	1	0.5	0.5	0.5
62.798246	41.02725	70.308568	1	0.5	0.5	0.5
70.06017	45.82761	72.30309	1	0.5	0.5	0.5
69.95683	45.80858	71.86512	1	0.5	0.5	0.5
70.400387	45.88307	71.85086	1	0.5	0.5	0.5
69.003041	45.58387	63.100156	1	0.5	0.5	0.5
69.035882	45.59311	63.606404	1	0.5	0.5	0.5
69.45781	45.70221	63.820894	1	0.5	0.5	0.5
69.05343	45.59801	64.104387	1	0.5	0.5	0.5
69.058501	45.59941	64.614001	1	0.5	0.5	0.5
69.899758	45.79764	64.040652	1	0.5	0.5	0.5
64.489224	43.03668	69.239978	1	0.5	0.5	0.5
64.489949	43.03736	68.737415	1	0.5	0.5	0.5
64.813304	43.32775	68.989472	1	0.5	0.5	0.5
64.17808	42.73418	68.485374	1	0.5	0.5	0.5
64.490427	43.03781	68.234868	1	0.5	0.5	0.5
61.60382	38.59436	67.171738	1	0.5	0.5	0.5
61.58123	38.52834	66.677012	1	0.5	0.5	0.5
61.77571	39.05756	66.977818	1	0.5	0.5	0.5
63.87893	42.41945	67.730773	1	0.5	0.5	0.5
63.87839	42.41886	68.233369	1	0.5	0.5	0.5
63.591497	42.09204	67.981316	1	0.5	0.5	0.5
63.269565	41.69175	69.739361	1	0.5	0.5	0.5
63.011831	41.34136	69.487285	1	0.5	0.5	0.5
63.316005	41.75191	69.23689	1	0.5	0.5	0.5
61.38983	37.90246	65.193254	1	0.5	0.5	0.5
61.50872	38.30651	65.460764	1	0.5	0.5	0.5
61.38962	37.90169	65.695815	1	0.5	0.5	0.5
64.489872	43.03729	69.742534	1	0.5	0.5	0.5
64.178244	42.73435	69.490478	1	0.5	0.5	0.5
69.465912	45.70413	64.834418	1	0.5	0.5	0.5
66.973216	44.78424	69.496624	1	0.5	0.5	0.5
67.352733	44.9701	69.241733	1	0.5	0.5	0.5
67.35185	44.96969	69.744342	1	0.5	0.5	0.5
66.596553	44.58138	65.224145	1	0.5	0.5	0.5
66.226967	44.36334	64.971071	1	0.5	0.5	0.5
66.602363	44.58465	64.720585	1	0.5	0.5	0.5
66.615302	44.59193	64.221304	1	0.5	0.5	0.5
61.47016	38.18157	66.417128	1	0.5	0.5	0.5
61.62364	38.65119	66.223208	1	0.5	0.5	0.5
63.877949	42.41838	68.735917	1	0.5	0.5	0.5
70.702446	45.9232	67.746973	1	0.5	0.5	0.5
70.275611	45.864	67.492977	1	0.5	0.5	0.5
70.705807	45.9236	67.246004	1	0.5	0.5	0.5
67.365872	44.97621	68.743493	1	0.5	0.5	0.5
67.751574	45.14647	68.991211	1	0.5	0.5	0.5
63.590356	42.09069	68.98644	1	0.5	0.5	0.5
63.316599	41.75267	68.734363	1	0.5	0.5	0.5
66.589563	44.57743	69.747182	1	0.5	0.5	0.5
66.590411	44.57791	69.244573	1	0.5	0.5	0.5
64.491044	43.03838	67.732312	1	0.5	0.5	0.5
64.814694	43.32895	67.984354	1	0.5	0.5	0.5
63.3188	41.7555	66.724102	1	0.5	0.5	0.5
63.058559	41.40708	66.472026	1	0.5	0.5	0.5
63.319344	41.7562	66.221522	1	0.5	0.5	0.5
63.320987	41.75831	64.713855	1	0.5	0.5	0.5
63.594896	42.09607	64.965927	1	0.5	0.5	0.5
63.320437	41.7576	65.216435	1	0.5	0.5	0.5
64.81733	43.33122	65.974098	1	0.5	0.5	0.5
64.49299	43.0402	66.224641	1	0.5	0.5	0.5
64.493643	43.04081	65.722064	1	0.5	0.5	0.5
65.857305	44.12509	65.222055	1	0.5	0.5	0.5
65.862838	44.12881	64.718495	1	0.5	0.5	0.5
65.15294	43.60917	65.723587	1	0.5	0.5	0.5
65.152241	43.60861	66.226164	1	0.5	0.5	0.5
69.850133	45.78787	68.740126	1	0.5	0.5	0.5
69.886357	45.79502	69.293284	1	0.5	0.5	0.5
69.458794	45.70244	69.049264	1	0.5	0.5	0.5
65.155028	43.61083	64.215913	1	0.5	0.5	0.5
65.502144	43.87569	64.467441	1	0.5	0.5	0.5
65.155704	43.61137	64.717952	1	0.5	0.5	0.5
65.862122	44.12833	64.216457	1	0.5	0.5	0.5
62.579204	40.67878	63.967746	1	0.5	0.5	0.5
62.372552	40.32093	64.214409	1	0.5	0.5	0.5
62.370141	40.31656	63.721895	1	0.5	0.5	0.5
66.217569	44.35754	67.98743	1	0.5	0.5	0.5
66.592991	44.57937	67.736923	1	0.5	0.5	0.5
66.592176	44.57891	68.239487	1	0.5	0.5	0.5
65.150172	43.60697	67.733849	1	0.5	0.5	0.5
65.149512	43.60644	68.236404	1	0.5	0.5	0.5
62.811814	41.04791	66.722558	1	0.5	0.5	0.5
62.812301	41.04865	66.219978	1	0.5	0.5	0.5
61.63116	38.67249	70.251138	1	0.5	0.5	0.5
61.64268	38.70486	69.722838	1	0.5	0.5	0.5
61.78203	39.07347	69.990151	1	0.5	0.5	0.5
63.882548	42.42341	64.715396	1	0.5	0.5	0.5
63.881944	42.42275	65.217976	1	0.5	0.5	0.5
64.494293	43.04142	65.219483	1	0.5	0.5	0.5
64.181684	42.73783	65.470026	1	0.5	0.5	0.5
68.162963	45.30908	68.745053	1	0.5	0.5	0.5
68.149385	45.30402	69.243293	1	0.5	0.5	0.5
69.00048	45.58314	68.244314	1	0.5	0.5	0.5
68.992373	45.58084	68.74662	1	0.5	0.5	0.5
68.574794	45.45313	68.494828	1	0.5	0.5	0.5
66.220572	44.35939	65.977202	1	0.5	0.5	0.5
65.85441	44.12314	66.227713	1	0.5	0.5	0.5
65.855111	44.12361	65.725142	1	0.5	0.5	0.5
63.593749	42.09471	65.971053	1	0.5	0.5	0.5
63.319885	41.75689	65.718976	1	0.5	0.5	0.5
63.059598	41.40853	65.466904	1	0.5	0.5	0.5
62.810797	41.04637	67.727673	1	0.5	0.5	0.5
62.810318	41.04564	68.23024	1	0.5	0.5	0.5
62.578557	40.67771	67.978192	1	0.5	0.5	0.5
64.491705	43.039	67.229751	1	0.5	0.5	0.5
64.179176	42.73529	67.480265	1	0.5	0.5	0.5
62.362813	40.30327	66.218449	1	0.5	0.5	0.5
62.363242	40.30405	65.715886	1	0.5	0.5	0.5
62.580405	40.68078	65.967948	1	0.5	0.5	0.5
65.851439	44.12114	68.237947	1	0.5	0.5	0.5
65.850697	44.12064	68.740512	1	0.5	0.5	0.5
65.494994	43.87045	68.488464	1	0.5	0.5	0.5
62.361502	40.30088	67.726141	1	0.5	0.5	0.5
62.361082	40.30012	68.228708	1	0.5	0.5	0.5
63.321533	41.75901	64.211293	1	0.5	0.5	0.5
63.32208	41.75971	63.708728	1	0.5	0.5	0.5
63.596048	42.09744	63.960782	1	0.5	0.5	0.5
64.815993	43.33007	66.979237	1	0.5	0.5	0.5
64.492342	43.03959	66.727189	1	0.5	0.5	0.5
62.362381	40.30248	66.721024	1	0.5	0.5	0.5
62.16034	39.91743	66.468963	1	0.5	0.5	0.5
62.361943	40.30168	67.223582	1	0.5	0.5	0.5
62.15953	39.91581	67.474098	1	0.5	0.5	0.5
62.161125	39.919	65.463836	1	0.5	0.5	0.5
62.363657	40.3048	65.213335	1	0.5	0.5	0.5
65.852215	44.12166	67.735383	1	0.5	0.5	0.5
66.216002	44.35657	68.992563	1	0.5	0.5	0.5
65.849946	44.12013	69.24308	1	0.5	0.5	0.5
63.883749	42.42472	63.710271	1	0.5	0.5	0.5
63.883149	42.42406	64.212836	1	0.5	0.5	0.5
61.97218	39.52136	68.227164	1	0.5	0.5	0.5
62.182303	39.96113	68.513908	1	0.5	0.5	0.5
61.99351	39.56839	68.764416	1	0.5	0.5	0.5
63.318244	41.75478	67.226663	1	0.5	0.5	0.5
63.317666	41.75404	67.72922	1	0.5	0.5	0.5
63.057494	41.40559	67.477164	1	0.5	0.5	0.5
61.64606	38.7143	68.225623	1	0.5	0.5	0.5
61.64576	38.71346	68.728186	1	0.5	0.5	0.5
61.50708	38.30129	68.476137	1	0.5	0.5	0.5
61.97255	39.52219	67.7246	1	0.5	0.5	0.5
61.80131	39.12149	67.975108	1	0.5	0.5	0.5
61.64637	38.71515	67.723059	1	0.5	0.5	0.5
63.288629	41.71655	63.142926	1	0.5	0.5	0.5
63.566111	42.06183	63.01219	1	0.5	0.5	0.5
62.81426	41.05163	64.20975	1	0.5	0.5	0.5
62.811517	41.04746	63.717236	1	0.5	0.5	0.5
61.97293	39.52303	67.222042	1	0.5	0.5	0.5
62.364084	40.30558	64.710773	1	0.5	0.5	0.5
62.581322	40.6823	64.962823	1	0.5	0.5	0.5
61.97404	39.52551	65.714336	1	0.5	0.5	0.5
61.9744	39.52629	65.211784	1	0.5	0.5	0.5
65.849205	44.11963	69.745641	1	0.5	0.5	0.5
65.493551	43.86939	69.49359	1	0.5	0.5	0.5
64.182936	42.73909	64.464886	1	0.5	0.5	0.5
61.38455	37.88311	68.726648	1	0.5	0.5	0.5
61.38479	37.88397	68.224085	1	0.5	0.5	0.5
62.38607	40.34531	68.76596	1	0.5	0.5	0.5
62.811314	41.04715	67.225116	1	0.5	0.5	0.5
63.060639	41.40998	64.461802	1	0.5	0.5	0.5
61.38432	37.88225	69.22921	1	0.5	0.5	0.5
61.27869	37.4604	68.977159	1	0.5	0.5	0.5
61.80333	39.12649	64.959732	1	0.5	0.5	0.5
61.97474	39.52705	64.709233	1	0.5	0.5	0.5
65.147336	43.60471	69.744093	1	0.5	0.5	0.5
65.148035	43.60526	69.241531	1	0.5	0.5	0.5
66.218393	44.35805	69.990027	1	0.5	0.5	0.5
65.852286	44.12171	70.240538	1	0.5	0.5	0.5
64.495591	43.04263	64.214375	1	0.5	0.5	0.5
64.494941	43.04202	64.716935	1	0.5	0.5	0.5
61.50654	38.29959	69.481262	1	0.5	0.5	0.5
61.38409	37.88139	69.731773	1	0.5	0.5	0.5
61.64789	38.7194	65.210243	1	0.5	0.5	0.5
61.64818	38.72018	64.707692	1	0.5	0.5	0.5
65.149514	43.60644	70.240542	1	0.5	0.5	0.5
64.814661	43.32892	69.988483	1	0.5	0.5	0.5
64.499183	43.04598	63.718599	1	0.5	0.5	0.5
64.823071	43.33617	63.970648	1	0.5	0.5	0.5
66.592798	44.57926	70.242079	1	0.5	0.5	0.5
64.491906	43.03919	70.238983	1	0.5	0.5	0.5
63.588395	42.08836	69.998593	1	0.5	0.5	0.5
63.268303	41.6901	70.248988	1	0.5	0.5	0.5
61.38659	37.89061	64.126575	1	0.5	0.5	0.5
61.27429	37.44113	63.94379	1	0.5	0.5	0.5
61.38385	37.88053	70.234335	1	0.5	0.5	0.5
61.27829	37.45867	69.982283	1	0.5	0.5	0.5
61.38771	37.89471	64.705238	1	0.5	0.5	0.5
61.2845	37.48555	64.940289	1	0.5	0.5	0.5
64.204267	42.76058	70.563914	1	0.5	0.5	0.5
63.900853	42.44337	70.821507	1	0.5	0.5	0.5
63.876494	42.41678	70.250627	1	0.5	0.5	0.5
61.50768	38.30321	64.37954	1	0.5	0.5	0.5
64.518302	43.06376	70.809863	1	0.5	0.5	0.5
63.603495	42.10624	70.965884	1	0.5	0.5	0.5
63.877893	42.41831	69.741	1	0.5	0.5	0.5
61.64674	38.71619	64.12903	1	0.5	0.5	0.5
61.50601	38.2979	70.486387	1	0.5	0.5	0.5
61.38362	37.87967	70.736898	1	0.5	0.5	0.5
66.971557	44.78339	70.501796	1	0.5	0.5	0.5
66.592023	44.57882	70.744641	1	0.5	0.5	0.5
65.158873	43.61388	63.720137	1	0.5	0.5	0.5
67.36264	44.97471	71.25644	1	0.5	0.5	0.5
67.361832	44.97434	71.759	1	0.5	0.5	0.5
66.969973	44.78258	71.50692	1	0.5	0.5	0.5
61.81859	39.164	63.945773	1	0.5	0.5	0.5
61.2779	37.45693	70.987408	1	0.5	0.5	0.5
67.362995	44.97488	70.251288	1	0.5	0.5	0.5
67.362187	44.9745	70.75385	1	0.5	0.5	0.5
65.15957	43.61444	63.217575	1	0.5	0.5	0.5
65.502166	43.87571	63.46284	1	0.5	0.5	0.5
68.142389	45.3014	70.778162	1	0.5	0.5	0.5
68.123091	45.29415	70.243377	1	0.5	0.5	0.5
68.509702	45.43158	70.518196	1	0.5	0.5	0.5
67.761348	45.15056	71.00593	1	0.5	0.5	0.5
65.858803	44.1261	63.212327	1	0.5	0.5	0.5
65.858065	44.1256	63.714889	1	0.5	0.5	0.5
65.859543	44.1266	62.709767	1	0.5	0.5	0.5
66.225079	44.36217	62.961816	1	0.5	0.5	0.5
65.540952	43.90397	70.55473	1	0.5	0.5	0.5
65.196219	43.64341	70.79912	1	0.5	0.5	0.5
65.150893	43.60754	67.231289	1	0.5	0.5	0.5
65.151576	43.60808	66.728727	1	0.5	0.5	0.5
66.995081	44.79545	63.469228	1	0.5	0.5	0.5
63.879541	42.42012	67.228212	1	0.5	0.5	0.5
65.901772	44.15487	70.799116	1	0.5	0.5	0.5
65.49646	43.87153	67.48334	1	0.5	0.5	0.5
66.599642	44.58312	63.213868	1	0.5	0.5	0.5
66.611039	44.58953	63.719736	1	0.5	0.5	0.5
62.579476	40.67924	66.973068	1	0.5	0.5	0.5
62.781608	41.00177	63.151434	1	0.5	0.5	0.5
63.029441	41.36625	63.393437	1	0.5	0.5	0.5
65.85298	44.12218	67.232823	1	0.5	0.5	0.5
61.46961	38.17976	67.422253	1	0.5	0.5	0.5
63.592597	42.09335	66.976159	1	0.5	0.5	0.5
62.813771	41.05088	64.712312	1	0.5	0.5	0.5
62.813285	41.05015	65.214874	1	0.5	0.5	0.5
63.880151	42.42079	66.725651	1	0.5	0.5	0.5
66.219109	44.35849	66.98232	1	0.5	0.5	0.5
65.853705	44.12267	66.730277	1	0.5	0.5	0.5
66.595053	44.58053	66.229265	1	0.5	0.5	0.5
66.59579	44.58095	65.726693	1	0.5	0.5	0.5
66.594351	44.58013	66.73184	1	0.5	0.5	0.5
66.593589	44.5797	67.234386	1	0.5	0.5	0.5
67.369532	44.97791	66.230817	1	0.5	0.5	0.5
67.370286	44.97826	65.728234	1	0.5	0.5	0.5
67.768334	45.15347	65.980295	1	0.5	0.5	0.5
66.978018	44.78671	66.481331	1	0.5	0.5	0.5
67.368801	44.97757	66.733393	1	0.5	0.5	0.5
67.766976	45.15291	66.985503	1	0.5	0.5	0.5
67.36822	44.9773	67.236018	1	0.5	0.5	0.5
63.881344	42.42209	65.720557	1	0.5	0.5	0.5
68.171593	45.31229	67.740325	1	0.5	0.5	0.5
68.170862	45.31202	68.242746	1	0.5	0.5	0.5
67.765665	45.15236	67.99055	1	0.5	0.5	0.5
68.171622	45.3123	67.23756	1	0.5	0.5	0.5
68.172222	45.31252	66.734935	1	0.5	0.5	0.5
65.497888	43.87257	66.478217	1	0.5	0.5	0.5
68.998715	45.58264	67.23902	1	0.5	0.5	0.5
69.011173	45.58617	66.728009	1	0.5	0.5	0.5
69.431845	45.69601	66.980037	1	0.5	0.5	0.5
68.582832	45.45576	67.489757	1	0.5	0.5	0.5
68.998686	45.58263	67.741785	1	0.5	0.5	0.5
68.52845	45.43783	69.490273	1	0.5	0.5	0.5
69.027906	45.59088	69.299779	1	0.5	0.5	0.5
68.989052	45.5799	69.792917	1	0.5	0.5	0.5
66.97508	44.7852	68.491497	1	0.5	0.5	0.5
66.591199	44.57835	68.742005	1	0.5	0.5	0.5
69.42107	45.69341	67.993577	1	0.5	0.5	0.5
67.366889	44.97669	68.240975	1	0.5	0.5	0.5
68.585381	45.45659	66.476165	1	0.5	0.5	0.5
64.180436	42.73656	66.475155	1	0.5	0.5	0.5
67.749546	45.14562	69.996396	1	0.5	0.5	0.5
66.979515	44.78748	65.476207	1	0.5	0.5	0.5
66.228482	44.36427	63.965944	1	0.5	0.5	0.5
62.812791	41.0494	65.717415	1	0.5	0.5	0.5
65.148811	43.60588	68.738969	1	0.5	0.5	0.5
61.99009	39.5609	69.256505	1	0.5	0.5	0.5
61.79788	39.11301	68.969761	1	0.5	0.5	0.5
61.64298	38.7057	69.220275	1	0.5	0.5	0.5
65.500707	43.87464	65.472567	1	0.5	0.5	0.5
67.367596	44.97702	67.738554	1	0.5	0.5	0.5
65.15501	43.61081	65.220501	1	0.5	0.5	0.5
66.976689	44.78603	67.486443	1	0.5	0.5	0.5
68.174707	45.31344	66.224108	1	0.5	0.5	0.5
63.889732	42.43126	63.144916	1	0.5	0.5	0.5
64.189798	42.74602	63.39697	1	0.5	0.5	0.5
64.505666	43.05202	63.153243	1	0.5	0.5	0.5
62.169364	39.93544	64.464922	1	0.5	0.5	0.5
63.311926	41.74666	70.777475	1	0.5	0.5	0.5
61.99842	39.57912	63.701461	1	0.5	0.5	0.5
61.98197	39.54303	64.21287	1	0.5	0.5	0.5
68.111589	45.28981	69.736431	1	0.5	0.5	0.5
64.818678	43.33238	64.968973	1	0.5	0.5	0.5
63.880749	42.42144	66.223103	1	0.5	0.5	0.5
63.317174	41.75341	68.231817	1	0.5	0.5	0.5
61.94444	39.45934	66.727315	1	0.5	0.5	0.5
63.009196	41.33762	70.518243	1	0.5	0.5	0.5
69.845905	45.78702	68.245026	1	0.5	0.5	0.5
69.844077	45.78666	67.742496	1	0.5	0.5	0.5
61.64763	38.71865	65.712804	1	0.5	0.5	0.5
63.877296	42.41766	69.238444	1	0.5	0.5	0.5
63.056401	41.40406	68.482267	1	0.5	0.5	0.5
62.809803	41.04486	68.732787	1	0.5	0.5	0.5
61.9448	39.46016	66.22474	1	0.5	0.5	0.5
61.77638	39.05926	65.972687	1	0.5	0.5	0.5
70.276525	45.86414	68.489045	1	0.5	0.5	0.5
70.706086	45.92363	68.742011	1	0.5	0.5	0.5
70.701806	45.92313	68.246911	1	0.5	0.5	0.5
69.847396	45.78732	67.241528	1	0.5	0.5	0.5
71.1346458	45.96591	67	1	0.5	0.5	0.5
70.705807	45.9236	66.746004	1	0.5	0.5	0.5
71.5669873	45.99147	69.75	1	0.5	0.5	0.5
71.5669873	45.99147	69.25	1	0.5	0.5	0.5
71.5663434	45.99145	68.749938	1	0.5	0.5	0.5
71.5663434	45.99145	68.249938	1	0.5	0.5	0.5
71.5669873	45.99147	64.75	1	0.5	0.5	0.5
71.5669873	45.99147	64.25	1	0.5	0.5	0.5
61.00748	35.40558	71.24563	1	0.5	0.5	0.5
61.00748	35.40558	71.74563	1	0.5	0.5	0.5
71.4578013	45.98663	70.755053	1	0.5	0.5	0.5
71.4578013	45.98663	70.255053	1	0.5	0.5	0.5
61.00853	35.43301	66.25	1	0.5	0.5	0.5
61.00853	35.43301	66.75	1	0.5	0.5	0.5
71.5669873	45.99147	66.75	1	0.5	0.5	0.5
71.5669873	45.99147	66.25	1	0.5	0.5	0.5
71.5669873	45.99147	71.75	1	0.5	0.5	0.5
71.5669873	45.99147	71.25	1	0.5	0.5	0.5
71.5669873	45.99147	62.75	1	0.5	0.5	0.5
71.5669873	45.99147	62.25	1	0.5	0.5	0.5
61.00692	35.39006	62.255754	1	0.5	0.5	0.5
61.00692	35.39006	62.755754	1	0.5	0.5	0.5
61.0085	35.43228	67.257685	1	0.5	0.5	0.5
61.0085	35.43228	67.757685	1	0.5	0.5	0.5
61.0083	35.42734	70.249628	1	0.5	0.5	0.5
61.0083	35.42734	70.749628	1	0.5	0.5	0.5
61.00853	35.43301	69.25	1	0.5	0.5	0.5
61.00853	35.43301	69.75	1	0.5	0.5	0.5
61.00819	35.42452	65.247406	1	0.5	0.5	0.5
61.00819	35.42452	65.747406	1	0.5	0.5	0.5
71.5669873	45.99147	67.75	1	0.5	0.5	0.5
71.5669873	45.99147	67.25	1	0.5	0.5	0.5
61.00806	35.42099	64.248632	1	0.5	0.5	0.5
61.00806	35.42099	64.748632	1	0.5	0.5	0.5
61.00853	35.433	68.250024	1	0.5	0.5	0.5
61.00853	35.433	68.750024	1	0.5	0.5	0.5
61.00794	35.41795	63.250649	1	0.5	0.5	0.5
61.00794	35.41795	63.750649	1	0.5	0.5	0.5
71.5730515	45.99171	65.748027	1	0.5	0.5	0.5
71.5730515	45.99171	65.248027	1	0.5	0.5	0.5
71.1340035	45.96586	68.999938	1	0.5	0.5	0.5
70.706726	45.92371	69.242073	1	0.5	0.5	0.5
69.860095	45.78985	66.730517	1	0.5	0.5	0.5
61.03403	35.86461	68.00771	1	0.5	0.5	0.5
61.02968	35.80746	63.006404	1	0.5	0.5	0.5
71.140696	45.96638	65.998027	1	0.5	0.5	0.5
71.0257352	45.95677	70.005053	1	0.5	0.5	0.5
61.03153	35.83233	70.995253	1	0.5	0.5	0.5
71.1340035	45.96586	67.999938	1	0.5	0.5	0.5
61.03403	35.86462	67.007685	1	0.5	0.5	0.5
61.03365	35.8597	69.999628	1	0.5	0.5	0.5
61.03343	35.85688	65.997406	1	0.5	0.5	0.5
61.03249	35.84488	64.996039	1	0.5	0.5	0.5
61.03409	35.86534	69.000024	1	0.5	0.5	0.5
61.03199	35.83833	63.999282	1	0.5	0.5	0.5
67.793009	45.16372	61.9748302	1	0.5	0.5	0.5
68.237778	45.33662	61.7089222	1	0.5	0.5	0.5
70.283391	45.86523	66.49775	1	0.5	0.5	0.5
61.07301	36.26526	64.737718	1	0.5	0.5	0.5
61.07102	36.24794	64.228966	1	0.5	0.5	0.5
61.12751	36.67002	64.46942	1	0.5	0.5	0.5
65.46303	43.84692	62.4564	1	0.5	0.5	0.5
65.818559	44.09889	62.205889	1	0.5	0.5	0.5
61.19919	37.08389	64.715222	1	0.5	0.5	0.5
61.1959	37.06676	64.20647	1	0.5	0.5	0.5
61.37482	37.84701	72.24419	1	0.5	0.5	0.5
70.710268	45.92413	66.251746	1	0.5	0.5	0.5
70.090018	45.83291	61.8069997	1	0.5	0.5	0.5
70.369893	45.87855	62.235145	1	0.5	0.5	0.5
69.897077	45.79712	62.259313	1	0.5	0.5	0.5
62.176275	39.94918	63.483484	1	0.5	0.5	0.5
69.854154	45.78867	61.415584	1	0.5	0.5	0.5
69.385601	45.6848	61.415584	1	0.5	0.5	0.5
65.096838	43.56425	72.57831	1	0.5	0.5	0.5
65.476976	43.85721	72.57831	1	0.5	0.5	0.5
67.134824	44.8656	61.4154975	1	0.5	0.5	0.5
66.709124	44.64399	61.4154975	1	0.5	0.5	0.5
61.43945	38.07812	72.5845	1	0.5	0.5	0.5
61.58377	38.53583	72.5845	1	0.5	0.5	0.5
68.455816	45.41339	72.59072	1	0.5	0.5	0.5
68.913415	45.55808	72.59072	1	0.5	0.5	0.5
64.393356	42.946	72.5845	1	0.5	0.5	0.5
64.747196	43.27024	72.5845	1	0.5	0.5	0.5
65.860458	44.12721	72.5771	1	0.5	0.5	0.5
62.853834	41.11127	72.5845	1	0.5	0.5	0.5
62.853834	41.11127	61.4154975	1	0.5	0.5	0.5
62.595969	40.70651	61.4154975	1	0.5	0.5	0.5
68.921881	45.56055	61.4154975	1	0.5	0.5	0.5
68.464166	45.41623	61.4154975	1	0.5	0.5	0.5
61.58265	38.53254	61.4300503	1	0.5	0.5	0.5
61.43848	38.07478	61.4300503	1	0.5	0.5	0.5
64.393356	42.946	61.4154975	1	0.5	0.5	0.5
69.543513	45.7222	71.90728	1	0.5	0.5	0.5
69.880682	45.79391	71.45506	1	0.5	0.5	0.5
61.37571	37.85035	67.752932	1	0.5	0.5	0.5
67.375916	44.98087	72.17032	1	0.5	0.5	0.5
67.569786	45.06843	72.66558	1	0.5	0.5	0.5
61.90633	39.3724	70.252448	1	0.5	0.5	0.5
71.6071489	45.99298	63.75	1	0.5	0.5	0.5
71.6071489	45.99298	63.25	1	0.5	0.5	0.5
61.20072	37.09177	65.203239	1	0.5	0.5	0.5
61.07067	36.24491	63.730984	1	0.5	0.5	0.5
69.705627	45.75806	71.01331	1	0.5	0.5	0.5
69.302692	45.66417	71.00157	1	0.5	0.5	0.5
69.876356	45.79306	64.545781	1	0.5	0.5	0.5
68.832328	45.53403	70.779448	1	0.5	0.5	0.5
66.626034	44.59794	71.67916	1	0.5	0.5	0.5
61.0731	36.26605	68.739161	1	0.5	0.5	0.5
61.07265	36.26219	68.244722	1	0.5	0.5	0.5
61.12616	36.66123	68.483835	1	0.5	0.5	0.5
62.369102	40.31468	63.236821	1	0.5	0.5	0.5
69.153135	45.62522	61.8310815	1	0.5	0.5	0.5
64.911653	43.41162	72.16282	1	0.5	0.5	0.5
61.07249	36.26077	69.743501	1	0.5	0.5	0.5
61.0731	36.26606	69.239137	1	0.5	0.5	0.5
61.12595	36.65981	69.482638	1	0.5	0.5	0.5
61.07257	36.26147	67.752383	1	0.5	0.5	0.5
64.840612	43.35124	70.931605	1	0.5	0.5	0.5
61.07032	36.24184	70.756183	1	0.5	0.5	0.5
61.07184	36.25514	70.243128	1	0.5	0.5	0.5
61.12314	36.64131	70.500056	1	0.5	0.5	0.5
62.370426	40.31708	61.3982591	1	0.5	0.5	0.5
62.147664	39.89198	61.3982591	1	0.5	0.5	0.5
61.07925	36.31804	65.724946	1	0.5	0.5	0.5
64.841713	43.35218	63.04581	1	0.5	0.5	0.5
61.27116	37.42732	68.003442	1	0.5	0.5	0.5
66.626811	44.59838	71.1766	1	0.5	0.5	0.5
66.255552	44.3809	70.916878	1	0.5	0.5	0.5
70.290877	45.86641	69.388982	1	0.5	0.5	0.5
61.19166	37.04444	70.748978	1	0.5	0.5	0.5
61.19415	37.05759	70.235924	1	0.5	0.5	0.5
61.19432	37.05847	69.733361	1	0.5	0.5	0.5
61.19532	37.0637	69.228998	1	0.5	0.5	0.5
61.19549	37.06457	68.726435	1	0.5	0.5	0.5
62.571348	40.66573	63.055314	1	0.5	0.5	0.5
61.19476	37.06075	68.231996	1	0.5	0.5	0.5
65.174981	43.62665	62.788512	1	0.5	0.5	0.5
61.18891	37.02987	63.697988	1	0.5	0.5	0.5
70.849038	45.93962	62.141416	1	0.5	0.5	0.5
62.833061	41.08007	69.129277	1	0.5	0.5	0.5
69.144472	45.6229	72.24939	1	0.5	0.5	0.5
62.599955	40.71307	68.87725	1	0.5	0.5	0.5
61.07342	36.26876	65.236492	1	0.5	0.5	0.5
61.067	36.2122	63.245437	1	0.5	0.5	0.5
70.716875	45.92491	69.64691	1	0.5	0.5	0.5
61.92004	39.40391	69.724148	1	0.5	0.5	0.5
61.07272	36.26275	72.60073	1	0.5	0.5	0.5
61.1382	36.73819	72.60073	1	0.5	0.5	0.5
70.296835	45.86735	72.64442	1	0.5	0.5	0.5
70.772483	45.93129	72.64442	1	0.5	0.5	0.5
70.802464	45.93462	61.3914157	1	0.5	0.5	0.5
70.326643	45.87198	61.3914157	1	0.5	0.5	0.5
61.12987	36.68534	61.3830766	1	0.5	0.5	0.5
61.06671	36.20959	61.3830766	1	0.5	0.5	0.5
61.40592	37.96067	66.046495	1	0.5	0.5	0.5
68.812594	45.52808	70.244663	1	0.5	0.5	0.5
61.81926	39.16564	71.96678	1	0.5	0.5	0.5
61.66338	38.76222	72.26594	1	0.5	0.5	0.5
63.145583	41.52681	72.61151	1	0.5	0.5	0.5
62.04329	39.67589	61.6712045	1	0.5	0.5	0.5
61.93157	39.43021	61.2729454	1	0.5	0.5	0.5
64.053996	42.60664	72.62822	1	0.5	0.5	0.5
63.129109	41.50441	61.3697006	1	0.5	0.5	0.5
67.351199	44.96939	61.7089222	1	0.5	0.5	0.5
63.438706	41.90683	72.61151	1	0.5	0.5	0.5
69.015529	45.5874	62.195003	1	0.5	0.5	0.5
68.954315	45.56995	62.718206	1	0.5	0.5	0.5
64.037812	42.5897	61.3663336	1	0.5	0.5	0.5
71.6543498	45.99457	72.64848	1	0.5	0.5	0.5
71.6543498	45.99457	72.14848	1	0.5	0.5	0.5
71.6543498	45.99457	61.8515243	1	0.5	0.5	0.5
71.6543498	45.99457	61.3515243	1	0.5	0.5	0.5
61.00543	35.34565	72.14848	1	0.5	0.5	0.5
61.00543	35.34565	72.64848	1	0.5	0.5	0.5
61.18829	37.02654	67.760842	1	0.5	0.5	0.5
71.1751025	45.96903	72.64848	1	0.5	0.5	0.5
61.03097	35.8249	72.64848	1	0.5	0.5	0.5
71.1751025	45.96903	61.3515243	1	0.5	0.5	0.5
61.06845	36.22525	67.351298	1	0.5	0.5	0.5
69.385455	45.68476	72.65867	1	0.5	0.5	0.5
61.31524	37.61454	72.65969	1	0.5	0.5	0.5
63.729762	42.2528	72.62822	1	0.5	0.5	0.5
68.013182	45.25209	72.66558	1	0.5	0.5	0.5
63.421271	41.88516	61.3697006	1	0.5	0.5	0.5
61.21136	37.14601	61.272625	1	0.5	0.5	0.5
61.16923	36.92208	61.6557016	1	0.5	0.5	0.5
62.488709	40.52588	61.8137566	1	0.5	0.5	0.5
69.757177	45.76893	62.623234	1	0.5	0.5	0.5
69.480331	45.70753	62.195089	1	0.5	0.5	0.5
61.11998	36.62024	63.475121	1	0.5	0.5	0.5
61.74791	38.98682	72.68144	1	0.5	0.5	0.5
67.569786	45.06843	61.2934247	1	0.5	0.5	0.5
68.013182	45.25209	61.2934247	1	0.5	0.5	0.5
63.591415	42.09195	72.23973	1	0.5	0.5	0.5
66.174633	44.33087	62.063803	1	0.5	0.5	0.5
66.517393	44.5363	61.7496722	1	0.5	0.5	0.5
61.74791	38.98682	61.2729454	1	0.5	0.5	0.5
61.31524	37.61456	61.272625	1	0.5	0.5	0.5
61.00502	35.33233	61.3387268	1	0.5	0.5	0.5
61.00502	35.33233	61.8387268	1	0.5	0.5	0.5
63.714333	42.23517	61.3663336	1	0.5	0.5	0.5
61.93157	39.43021	72.68144	1	0.5	0.5	0.5
62.015375	39.61598	72.2047	1	0.5	0.5	0.5
69.854006	45.78864	72.65867	1	0.5	0.5	0.5
61.02998	35.81161	61.3387268	1	0.5	0.5	0.5
61.21136	37.14599	72.65969	1	0.5	0.5	0.5
61.21026	37.14047	65.691692	1	0.5	0.5	0.5
61.13789	36.73627	65.466625	1	0.5	0.5	0.5
66.310665	44.41443	61.3341747	1	0.5	0.5	0.5
61.18163	36.9907	67.359757	1	0.5	0.5	0.5
63.55847	42.0527	61.7360342	1	0.5	0.5	0.5
61.12014	36.62134	67.588311	1	0.5	0.5	0.5
69.390831	45.68608	62.940961	1	0.5	0.5	0.5
61.30035	37.55293	65.778986	1	0.5	0.5	0.5
61.22234	37.20045	66.042372	1	0.5	0.5	0.5
65.905428	44.1573	61.3341747	1	0.5	0.5	0.5
65.768805	44.06489	61.8104357	1	0.5	0.5	0.5
62.837576	41.08687	70.837056	1	0.5	0.5	0.5
61.02372	35.72201	62.094481	1	0.5	0.5	0.5
61.02565	35.7508	71.8941	1	0.5	0.5	0.5
71.2218189	45.97244	62.101524	1	0.5	0.5	0.5
71.2218189	45.97244	71.89848	1	0.5	0.5	0.5
70.819042	45.93642	71.89442	1	0.5	0.5	0.5
61.05812	36.12929	72.2492	1	0.5	0.5	0.5
70.905991	45.94546	72.29289	1	0.5	0.5	0.5
70.936011	45.94842	61.7429401	1	0.5	0.5	0.5
61.05146	36.06279	61.7218034	1	0.5	0.5	0.5
63.73192	19.44488	68.5	1	0.5	0.5	0.5
63.731411	19.44607	65.499864	1	0.5	0.5	0.5
63.667503	26.4014	66.486066	1	0.5	0.5	0.5
63.000793	22.88051	61.8215208	1	0.5	0.5	0.5
63.000033	23.02427	72.12414	1	0.5	0.5	0.5
63.714362	26.514	69.50501	1	0.5	0.5	0.5
63.63797	26.32813	64.577118	1	0.5	0.5	0.5
63.73192	19.44488	63.5	1	0.5	0.5	0.5
63.686493	19.55245	70.431565	1	0.5	0.5	0.5
63.2386	25.05861	61.8455159	1	0.5	0.5	0.5
63.223381	24.99272	72.13048	1	0.5	0.5	0.5
63.223299	21.00764	61.8663532	1	0.5	0.5	0.5
63.223159	21.00825	72.13328	1	0.5	0.5	0.5
63.741063	26.57631	62.507167	1	0.5	0.5	0.5
63.73192	26.55512	71.5	1	0.5	0.5	0.5
63.73192	19.44488	66.5	1	0.5	0.5	0.5
63.430837	20.24874	65.981951	1	0.5	0.5	0.5
63.427806	20.2582	64.993692	1	0.5	0.5	0.5
63.204064	21.09435	65.496047	1	0.5	0.5	0.5
63.211206	21.06167	66.500243	1	0.5	0.5	0.5
63.06223	21.94346	66.00015	1	0.5	0.5	0.5
63.059283	21.9687	66.993501	1	0.5	0.5	0.5
63.001705	22.8248	66.496917	1	0.5	0.5	0.5
63.001591	22.83078	67.503687	1	0.5	0.5	0.5
63.001756	22.82222	65.494791	1	0.5	0.5	0.5
63.057174	21.98715	68.012478	1	0.5	0.5	0.5
63.001433	22.83941	68.511088	1	0.5	0.5	0.5
63.027474	23.7027	68.004736	1	0.5	0.5	0.5
63.027667	23.70515	69.010721	1	0.5	0.5	0.5
63.059438	21.96735	69.012733	1	0.5	0.5	0.5
63.02683	23.69442	65.994549	1	0.5	0.5	0.5
63.027028	23.69697	64.989524	1	0.5	0.5	0.5
63.001691	22.82554	64.488451	1	0.5	0.5	0.5
63.017831	23.56626	64.137525	1	0.5	0.5	0.5
63.176843	24.77536	65.497863	1	0.5	0.5	0.5
63.137275	24.56592	68.506115	1	0.5	0.5	0.5
63.15196	24.64687	69.48718	1	0.5	0.5	0.5
63.029378	23.72659	70.007262	1	0.5	0.5	0.5
63.136733	24.56285	66.495863	1	0.5	0.5	0.5
63.203123	21.09869	64.491047	1	0.5	0.5	0.5
63.201762	21.10501	68.511511	1	0.5	0.5	0.5
63.260936	20.84854	69.502507	1	0.5	0.5	0.5
63.070745	21.87376	69.995904	1	0.5	0.5	0.5
63.001711	22.82454	63.483186	1	0.5	0.5	0.5
63.14201	24.59248	70.520491	1	0.5	0.5	0.5
63.206366	21.08375	70.522613	1	0.5	0.5	0.5
63.059399	21.9677	71.02297	1	0.5	0.5	0.5
63.053938	23.98386	62.683554	1	0.5	0.5	0.5
63.376105	25.57457	67.366307	1	0.5	0.5	0.5
63.447769	25.80345	65.50289	1	0.5	0.5	0.5
63.345324	25.46913	70.008805	1	0.5	0.5	0.5
63.019084	23.58579	71.12253	1	0.5	0.5	0.5
63.339995	25.45037	71.19623	1	0.5	0.5	0.5
63.659798	26.38246	70.490145	1	0.5	0.5	0.5
63.405119	25.66983	68.955112	1	0.5	0.5	0.5
63.759802	26.61927	68.510771	1	0.5	0.5	0.5
63.425247	20.26621	67.681101	1	0.5	0.5	0.5
63.513103	20.00457	69.486017	1	0.5	0.5	0.5
63.061203	21.95219	64.992695	1	0.5	0.5	0.5
63.060766	21.95592	63.987125	1	0.5	0.5	0.5
63.200842	21.10928	63.504413	1	0.5	0.5	0.5
63.02727	23.70008	66.999776	1	0.5	0.5	0.5
63.136996	24.56434	67.500913	1	0.5	0.5	0.5
63.15124	24.643	64.367991	1	0.5	0.5	0.5
63.002076	22.80671	69.521893	1	0.5	0.5	0.5
63.00197	22.81172	70.510645	1	0.5	0.5	0.5
63.722211	26.53245	63.510885	1	0.5	0.5	0.5
63.384301	25.60187	62.873863	1	0.5	0.5	0.5
63.740835	19.42422	62.507049	1	0.5	0.5	0.5
63.74303	19.41915	71.48713	1	0.5	0.5	0.5
63.731102	19.44679	64.498722	1	0.5	0.5	0.5
63.055979	24.00224	72.13027	1	0.5	0.5	0.5
63.068419	21.89236	61.893648	1	0.5	0.5	0.5
63.05563	22.00088	72.07554	1	0.5	0.5	0.5
63.066177	21.91059	62.995332	1	0.5	0.5	0.5
63.366762	20.45693	71.15398	1	0.5	0.5	0.5
63.394893	25.63669	63.991671	1	0.5	0.5	0.5
63.203046	24.90095	63.503855	1	0.5	0.5	0.5
63.42581	20.26444	63.991126	1	0.5	0.5	0.5
63.381202	20.40841	62.86766	1	0.5	0.5	0.5
63.734408	26.5609	67.489113	1	0.5	0.5	0.5
63.35286	25.49539	66.408632	1	0.5	0.5	0.5
63.483755	20.08906	61.8408345	1	0.5	0.5	0.5
63.483742	20.0891	72.15919	1	0.5	0.5	0.5
63.483742	25.9109	72.15919	1	0.5	0.5	0.5
63.483742	25.9109	61.8408125	1	0.5	0.5	0.5
63.732507	19.44352	67.494933	1	0.5	0.5	0.5
63.202694	21.10068	67.497459	1	0.5	0.5	0.5
63.053122	23.97641	61.8348673	1	0.5	0.5	0.5
63.774311	26.65213	65.5	1	0.5	0.5	0.5
63.126046	24.50098	71.39979	1	0.5	0.5	0.5
63.423192	20.27266	68.5401	1	0.5	0.5	0.5
63.314851	25.3597	64.769043	1	0.5	0.5	0.5
63.305807	25.32616	68.154324	1	0.5	0.5	0.5
63.001367	23.15685	62.702842	1	0.5	0.5	0.5
63.003538	22.74767	71.32778	1	0.5	0.5	0.5
63.186076	24.82064	62.679123	1	0.5	0.5	0.5
63.42702	20.26066	66.850353	1	0.5	0.5	0.5
63.185891	21.18025	62.682767	1	0.5	0.5	0.5
63.178405	21.21689	71.3365	1	0.5	0.5	0.5
63.823455	19.23913	69.5	1	0.5	0.5	0.5
63.387973	20.386	70.198056	1	0.5	0.5	0.5
63.785622	19.3225	61.7313898	1	0.5	0.5	0.5
63.785637	26.67753	72.26865	1	0.5	0.5	0.5
63.785637	19.32247	72.26865	1	0.5	0.5	0.5
63.785637	26.67753	61.731353	1	0.5	0.5	0.5
63.520494	26.01629	67.957623	1	0.5	0.5	0.5
63.016037	22.46297	62.444829	1	0.5	0.5	0.5
63.054687	23.99065	63.427236	1	0.5	0.5	0.5
63.257436	25.13719	65.953248	1	0.5	0.5	0.5
63.398935	25.64985	65.955761	1	0.5	0.5	0.5
63.297112	25.29341	65.500376	1	0.5	0.5	0.5
63.42328	20.27239	71.65658	1	0.5	0.5	0.5
63.341246	20.54521	72.14623	1	0.5	0.5	0.5
63.290597	20.73145	71.64363	1	0.5	0.5	0.5
63.432628	25.75683	62.357338	1	0.5	0.5	0.5
63.350667	25.48778	61.8431642	1	0.5	0.5	0.5
63.307205	25.33138	62.359689	1	0.5	0.5	0.5
63.009273	23.40845	63.455211	1	0.5	0.5	0.5
63.018346	23.57437	63.065039	1	0.5	0.5	0.5
63.000005	22.99069	63.093014	1	0.5	0.5	0.5
63.341337	20.54489	61.8535938	1	0.5	0.5	0.5
63.43099	20.24826	62.354247	1	0.5	0.5	0.5
63.297091	20.70667	62.367006	1	0.5	0.5	0.5
63.033748	23.77867	63.78238	1	0.5	0.5	0.5
63.002125	23.19556	63.810356	1	0.5	0.5	0.5
63.337277	20.55926	69.021304	1	0.5	0.5	0.5
63.467094	20.13827	69.013059	1	0.5	0.5	0.5
63.376688	20.42347	69.494262	1	0.5	0.5	0.5
63.871929	26.86451	70.245072	1	0.5	0.5	0.5
63.871929	26.86451	70.745072	1	0.5	0.5	0.5
63.211532	24.9398	62.26232	1	0.5	0.5	0.5
63.276438	25.21348	62.776493	1	0.5	0.5	0.5
63.498104	25.95259	66.447349	1	0.5	0.5	0.5
63.364392	25.53501	66.88747	1	0.5	0.5	0.5
63.511731	25.99154	66.926187	1	0.5	0.5	0.5
63.200164	21.11244	71.73489	1	0.5	0.5	0.5
63.264315	20.83486	71.24524	1	0.5	0.5	0.5
63.462667	25.8485	64.673081	1	0.5	0.5	0.5
63.378454	25.58243	65.135967	1	0.5	0.5	0.5
63.538802	26.06727	65.040004	1	0.5	0.5	0.5
63.275007	20.79217	62.775213	1	0.5	0.5	0.5
63.204171	21.09385	62.27456	1	0.5	0.5	0.5
63.136865	24.5636	66.998388	1	0.5	0.5	0.5
63.241972	25.07291	67.43361	1	0.5	0.5	0.5
63.241798	25.07217	66.931085	1	0.5	0.5	0.5
63.540869	26.07296	67.42771	1	0.5	0.5	0.5
63.700572	26.48131	66.98759	1	0.5	0.5	0.5
63.549193	26.09578	69.230061	1	0.5	0.5	0.5
63.374638	25.56966	69.481958	1	0.5	0.5	0.5
63.513747	25.99725	69.756908	1	0.5	0.5	0.5
63.014691	23.51402	72.12721	1	0.5	0.5	0.5
63.035113	23.79423	71.6264	1	0.5	0.5	0.5
63.005176	23.30518	71.62334	1	0.5	0.5	0.5
63.263554	25.16206	69.221146	1	0.5	0.5	0.5
63.253763	25.12211	68.730613	1	0.5	0.5	0.5
63.144525	24.60641	68.996647	1	0.5	0.5	0.5
63.23239	25.032	66.452247	1	0.5	0.5	0.5
63.302514	20.68619	68.525805	1	0.5	0.5	0.5
63.230411	20.97656	69.007009	1	0.5	0.5	0.5
63.291196	25.27085	63.747763	1	0.5	0.5	0.5
63.176201	24.77216	63.935923	1	0.5	0.5	0.5
63.258935	25.14331	64.179831	1	0.5	0.5	0.5
63.490299	25.93002	70.249475	1	0.5	0.5	0.5
63.68682	26.44834	69.997578	1	0.5	0.5	0.5
63.15615	24.66923	65.996863	1	0.5	0.5	0.5
63.225725	25.00302	64.568517	1	0.5	0.5	0.5
63.353762	25.49851	64.380357	1	0.5	0.5	0.5
63.552344	26.10437	65.994478	1	0.5	0.5	0.5
63.001548	23.16691	71.22516	1	0.5	0.5	0.5
63.000723	22.88595	71.72596	1	0.5	0.5	0.5
63.23899	25.06027	69.747992	1	0.5	0.5	0.5
63.695411	26.46898	70.995072	1	0.5	0.5	0.5
63.912541	26.9488	71.25	1	0.5	0.5	0.5
63.240973	25.06868	65.133453	1	0.5	0.5	0.5
63.50939	25.98488	64.284395	1	0.5	0.5	0.5
63.054312	23.98725	63.055395	1	0.5	0.5	0.5
63.018129	23.57096	62.693198	1	0.5	0.5	0.5
63.309879	20.65868	66.675298	1	0.5	0.5	0.5
63.304707	20.67796	67.173906	1	0.5	0.5	0.5
63.206929	21.08117	66.998851	1	0.5	0.5	0.5
63.902758	26.9287	69.752505	1	0.5	0.5	0.5
63.600315	26.23192	65.501445	1	0.5	0.5	0.5
63.704558	26.49079	65.038559	1	0.5	0.5	0.5
63.719958	26.52717	65.993033	1	0.5	0.5	0.5
63.230506	25.02385	70.858358	1	0.5	0.5	0.5
63.342655	25.45975	70.602515	1	0.5	0.5	0.5
63.232703	25.03335	70.264648	1	0.5	0.5	0.5
63.202228	21.10284	68.004485	1	0.5	0.5	0.5
63.303955	20.68077	67.58928	1	0.5	0.5	0.5
63.303386	20.68291	68.096306	1	0.5	0.5	0.5
63.000019	23.01868	62.262181	1	0.5	0.5	0.5
63.017892	23.56722	62.268854	1	0.5	0.5	0.5
63.010243	23.42926	61.8281941	1	0.5	0.5	0.5
63.568837	19.85111	67.588017	1	0.5	0.5	0.5
63.732214	19.4442	67.997466	1	0.5	0.5	0.5
63.568577	19.85181	68.09055	1	0.5	0.5	0.5
63.426133	20.26343	67.265727	1	0.5	0.5	0.5
63.053529	23.98013	62.259211	1	0.5	0.5	0.5
63.48713	25.9208	70.843185	1	0.5	0.5	0.5
63.517953	26.00913	71.34811	1	0.5	0.5	0.5
63.13391	24.54675	70.960143	1	0.5	0.5	0.5
63.220179	24.97857	71.29801	1	0.5	0.5	0.5
63.341382	25.45527	72.14483	1	0.5	0.5	0.5
63.408782	25.6816	71.67771	1	0.5	0.5	0.5
63.278686	25.22231	71.66335	1	0.5	0.5	0.5
63.601652	26.23539	71.82959	1	0.5	0.5	0.5
63.424219	20.26944	68.1106	1	0.5	0.5	0.5
63.567392	19.85498	68.52005	1	0.5	0.5	0.5
63.109572	24.40011	62.256995	1	0.5	0.5	0.5
63.129343	24.52034	61.8401916	1	0.5	0.5	0.5
63.605807	26.24616	62.17399	1	0.5	0.5	0.5
63.548626	26.09423	62.690515	1	0.5	0.5	0.5
63.606699	19.75154	71.82316	1	0.5	0.5	0.5
63.53897	19.93227	71.32056	1	0.5	0.5	0.5
63.110156	24.4038	62.681339	1	0.5	0.5	0.5
63.353755	25.49849	68.554718	1	0.5	0.5	0.5
63.213315	24.94786	68.330219	1	0.5	0.5	0.5
63.171289	24.74753	71.76514	1	0.5	0.5	0.5
63.60571	19.7541	62.173942	1	0.5	0.5	0.5
63.546683	19.91108	62.687354	1	0.5	0.5	0.5
63.736915	26.56671	69.007891	1	0.5	0.5	0.5
63.569085	26.14955	68.732942	1	0.5	0.5	0.5
63.120014	21.53513	62.288208	1	0.5	0.5	0.5
63.118524	21.54419	62.83905	1	0.5	0.5	0.5
63.067294	21.90147	62.44449	1	0.5	0.5	0.5
63.617839	19.7229	68.993009	1	0.5	0.5	0.5
63.110972	21.59104	71.17974	1	0.5	0.5	0.5
63.108373	21.60753	71.70602	1	0.5	0.5	0.5
63.057499	21.98429	71.54926	1	0.5	0.5	0.5
63.526977	19.96555	70.31481	1	0.5	0.5	0.5
63.448411	20.19459	69.842037	1	0.5	0.5	0.5
63.596757	19.77734	69.958791	1	0.5	0.5	0.5
63.659493	19.61829	69.493009	1	0.5	0.5	0.5
63.753486	19.39514	69.965782	1	0.5	0.5	0.5
63.777044	19.34172	69	1	0.5	0.5	0.5
63.927948	26.9802	68.255386	1	0.5	0.5	0.5
63.927948	26.9802	68.755386	1	0.5	0.5	0.5
63.321372	20.61643	69.850281	1	0.5	0.5	0.5
63.902758	26.9287	69.252505	1	0.5	0.5	0.5
63.021816	22.37373	71.70166	1	0.5	0.5	0.5
63.022993	22.35707	71.17538	1	0.5	0.5	0.5
63.134816	21.44806	61.8800006	1	0.5	0.5	0.5
63.087523	24.2521	71.76503	1	0.5	0.5	0.5
63.060846	24.04476	71.26116	1	0.5	0.5	0.5
63.913922	26.95163	67.744556	1	0.5	0.5	0.5
63.747054	26.59011	67.999942	1	0.5	0.5	0.5
63.426807	20.26132	64.492409	1	0.5	0.5	0.5
63.568538	19.85191	64.244924	1	0.5	0.5	0.5
63.569686	19.84884	64.746207	1	0.5	0.5	0.5
63.060984	21.95405	64.48991	1	0.5	0.5	0.5
63.121593	21.52559	64.239086	1	0.5	0.5	0.5
63.121901	21.52374	64.741871	1	0.5	0.5	0.5
63.120708	21.53093	63.745769	1	0.5	0.5	0.5
63.201981	21.10399	63.99773	1	0.5	0.5	0.5
63.122266	21.52154	65.244371	1	0.5	0.5	0.5
63.203593	21.09652	64.993547	1	0.5	0.5	0.5
63.063443	21.93325	63.491229	1	0.5	0.5	0.5
63.124462	21.50842	63.249873	1	0.5	0.5	0.5
63.137136	24.56513	68.003514	1	0.5	0.5	0.5
63.071835	24.13484	67.752825	1	0.5	0.5	0.5
63.071936	24.13564	68.255426	1	0.5	0.5	0.5
63.020822	22.38814	64.740573	1	0.5	0.5	0.5
63.020935	22.38649	65.243743	1	0.5	0.5	0.5
63.001723	22.82388	64.991621	1	0.5	0.5	0.5
63.020695	22.39001	64.237788	1	0.5	0.5	0.5
63.061715	21.94783	65.496422	1	0.5	0.5	0.5
63.021236	22.3821	65.74747	1	0.5	0.5	0.5
63.004036	23.2695	70.258953	1	0.5	0.5	0.5
63.002199	23.19894	70.816589	1	0.5	0.5	0.5
63.023955	23.65621	70.564898	1	0.5	0.5	0.5
63.002022	22.80921	70.016269	1	0.5	0.5	0.5
63.003961	23.267	69.764578	1	0.5	0.5	0.5
63.003649	23.25625	69.266307	1	0.5	0.5	0.5
63.028516	23.71587	69.508992	1	0.5	0.5	0.5
63.02705	23.69725	66.497162	1	0.5	0.5	0.5
63.071574	24.13279	66.747819	1	0.5	0.5	0.5
63.071217	24.12997	66.245206	1	0.5	0.5	0.5
63.00174	22.82306	69.016491	1	0.5	0.5	0.5
63.004129	23.2726	68.760905	1	0.5	0.5	0.5
63.066356	24.09087	70.821512	1	0.5	0.5	0.5
63.075186	24.16091	70.263877	1	0.5	0.5	0.5
63.121874	21.52389	70.772794	1	0.5	0.5	0.5
63.064949	21.92072	70.509439	1	0.5	0.5	0.5
63.129756	21.47725	70.259259	1	0.5	0.5	0.5
63.146943	24.61969	70.003836	1	0.5	0.5	0.5
63.232862	20.96597	70.01256	1	0.5	0.5	0.5
63.150981	21.3584	69.749205	1	0.5	0.5	0.5
63.078794	24.18831	69.747221	1	0.5	0.5	0.5
63.064969	21.92054	69.504318	1	0.5	0.5	0.5
63.142505	21.40477	69.25762	1	0.5	0.5	0.5
63.077381	24.17765	69.248951	1	0.5	0.5	0.5
63.120126	21.53445	68.762122	1	0.5	0.5	0.5
63.072091	24.13686	68.758418	1	0.5	0.5	0.5
63.02757	23.70392	68.507729	1	0.5	0.5	0.5
63.001701	22.82504	63.985819	1	0.5	0.5	0.5
63.002136	23.19606	64.312988	1	0.5	0.5	0.5
63.004092	23.27136	68.257912	1	0.5	0.5	0.5
63.118509	21.54428	68.261994	1	0.5	0.5	0.5
63.058301	21.97725	68.512605	1	0.5	0.5	0.5
63.022192	23.63163	64.563525	1	0.5	0.5	0.5
63.003802	23.26156	64.738988	1	0.5	0.5	0.5
63.085438	24.23717	65.746206	1	0.5	0.5	0.5
63.003963	23.26705	67.754212	1	0.5	0.5	0.5
63.001511	22.83509	68.007388	1	0.5	0.5	0.5
63.019844	22.40268	68.761911	1	0.5	0.5	0.5
63.019188	22.41262	68.261783	1	0.5	0.5	0.5
63.003754	23.2599	65.242158	1	0.5	0.5	0.5
63.085614	24.23843	65.243694	1	0.5	0.5	0.5
63.026929	23.6957	65.492037	1	0.5	0.5	0.5
63.019471	22.40831	67.758083	1	0.5	0.5	0.5
63.003717	23.25863	65.74467	1	0.5	0.5	0.5
63.003754	23.25992	66.245733	1	0.5	0.5	0.5
63.001731	22.82351	65.995854	1	0.5	0.5	0.5
63.058224	21.97792	67.502989	1	0.5	0.5	0.5
63.020086	22.39905	67.248594	1	0.5	0.5	0.5
63.021147	22.38339	66.248533	1	0.5	0.5	0.5
63.001648	22.82779	67.000302	1	0.5	0.5	0.5
63.020286	22.39607	66.745209	1	0.5	0.5	0.5
63.003836	23.26275	66.748346	1	0.5	0.5	0.5
63.022306	22.36674	63.239259	1	0.5	0.5	0.5
63.020729	22.38951	63.735156	1	0.5	0.5	0.5
63.027372	23.70139	67.502256	1	0.5	0.5	0.5
63.003924	23.26574	67.251732	1	0.5	0.5	0.5
63.060747	21.95608	66.496825	1	0.5	0.5	0.5
63.020944	22.38636	69.267313	1	0.5	0.5	0.5
63.024281	22.33934	69.758899	1	0.5	0.5	0.5
63.024097	22.34184	70.253274	1	0.5	0.5	0.5
63.020762	22.38903	70.76681	1	0.5	0.5	0.5
63.122988	21.51721	65.748099	1	0.5	0.5	0.5
63.123651	21.51325	66.746872	1	0.5	0.5	0.5
63.125759	21.50072	66.250196	1	0.5	0.5	0.5
63.20762	21.07801	65.998145	1	0.5	0.5	0.5
63.076588	24.17163	64.678758	1	0.5	0.5	0.5
63.068295	24.10664	64.252758	1	0.5	0.5	0.5
63.071669	24.13354	67.250344	1	0.5	0.5	0.5
63.305303	20.67573	64.74237	1	0.5	0.5	0.5
63.305877	20.67358	65.24487	1	0.5	0.5	0.5
63.311509	20.65264	66.241097	1	0.5	0.5	0.5
63.307162	20.66878	65.738999	1	0.5	0.5	0.5
63.163794	24.70923	64.932927	1	0.5	0.5	0.5
63.42932	20.25347	65.487822	1	0.5	0.5	0.5
63.087454	24.25161	72.56514	1	0.5	0.5	0.5
63.03151	23.75246	72.56514	1	0.5	0.5	0.5
63.031379	22.24911	72.53777	1	0.5	0.5	0.5
63.087236	21.74995	72.53777	1	0.5	0.5	0.5
63.177818	24.7802	61.422758	1	0.5	0.5	0.5
63.290869	25.26959	61.422758	1	0.5	0.5	0.5
63.00537	22.68914	61.4107604	1	0.5	0.5	0.5
63.002036	23.19141	61.4107604	1	0.5	0.5	0.5
63.003851	23.26327	72.56207	1	0.5	0.5	0.5
63.003174	22.76099	72.56207	1	0.5	0.5	0.5
63.094989	21.69586	61.446824	1	0.5	0.5	0.5
63.036103	22.19468	61.446824	1	0.5	0.5	0.5
63.171095	21.25345	72.56664	1	0.5	0.5	0.5
63.28228	20.76363	72.56664	1	0.5	0.5	0.5
63.282404	25.23686	72.56524	1	0.5	0.5	0.5
63.171193	24.74704	72.56524	1	0.5	0.5	0.5
63.282358	20.76332	61.4331766	1	0.5	0.5	0.5
63.171157	21.25314	61.4331766	1	0.5	0.5	0.5
63.12585	24.49982	72.13038	1	0.5	0.5	0.5
63.013252	22.51178	72.09984	1	0.5	0.5	0.5
63.569823	19.84847	65.246778	1	0.5	0.5	0.5
63.571564	19.84382	65.740907	1	0.5	0.5	0.5
63.021003	22.3855	61.8575844	1	0.5	0.5	0.5
63.125505	21.50222	72.10441	1	0.5	0.5	0.5
63.304456	20.6789	64.241086	1	0.5	0.5	0.5
63.568901	19.85094	63.745563	1	0.5	0.5	0.5
63.731511	19.44583	63.999361	1	0.5	0.5	0.5
63.912258	19.05178	65.749932	1	0.5	0.5	0.5
63.912258	19.05178	65.249932	1	0.5	0.5	0.5
63.876323	26.87374	66.243033	1	0.5	0.5	0.5
63.876323	26.87374	66.743033	1	0.5	0.5	0.5
63.912087	19.05213	64.749361	1	0.5	0.5	0.5
63.912087	19.05213	64.249361	1	0.5	0.5	0.5
63.912541	19.0512	66.75	1	0.5	0.5	0.5
63.912541	19.0512	66.25	1	0.5	0.5	0.5
63.912541	26.9488	71.75	1	0.5	0.5	0.5
63.912541	19.0512	63.75	1	0.5	0.5	0.5
63.912541	19.0512	63.25	1	0.5	0.5	0.5
63.887096	19.10375	70.715782	1	0.5	0.5	0.5
63.887096	19.10375	70.215782	1	0.5	0.5	0.5
63.859402	26.83805	64.288559	1	0.5	0.5	0.5
63.859402	26.83805	64.788559	1	0.5	0.5	0.5
63.918699	19.03861	71.74356	1	0.5	0.5	0.5
63.918699	19.03861	71.24356	1	0.5	0.5	0.5
63.907139	26.93772	63.255442	1	0.5	0.5	0.5
63.907139	26.93772	63.755442	1	0.5	0.5	0.5
63.91761	26.95916	62.253584	1	0.5	0.5	0.5
63.91761	26.95916	62.753584	1	0.5	0.5	0.5
63.912541	19.0512	68.75	1	0.5	0.5	0.5
63.912541	19.0512	68.25	1	0.5	0.5	0.5
63.917484	19.04109	62.753524	1	0.5	0.5	0.5
63.917484	19.04109	62.253524	1	0.5	0.5	0.5
63.117198	24.4477	63.465545	1	0.5	0.5	0.5
63.096987	24.31771	63.897613	1	0.5	0.5	0.5
63.57179	19.84322	66.240975	1	0.5	0.5	0.5
63.731666	19.44548	65.999932	1	0.5	0.5	0.5
63.54045	26.07181	63.192374	1	0.5	0.5	0.5
63.731608	26.55439	63.009026	1	0.5	0.5	0.5
63.286623	25.25323	63.188859	1	0.5	0.5	0.5
63.389579	25.61928	63.432767	1	0.5	0.5	0.5
63.303061	20.68413	63.747769	1	0.5	0.5	0.5
63.403204	20.33634	63.429393	1	0.5	0.5	0.5
63.542828	19.92165	63.18383	1	0.5	0.5	0.5
63.736371	19.43455	63.003524	1	0.5	0.5	0.5
63.731256	19.44643	64.999293	1	0.5	0.5	0.5
63.714494	19.48569	70.959347	1	0.5	0.5	0.5
63.679463	26.43055	64.044002	1	0.5	0.5	0.5
63.514568	20.00043	70.792773	1	0.5	0.5	0.5
63.546678	26.08891	63.751278	1	0.5	0.5	0.5
63.913922	26.95163	67.244556	1	0.5	0.5	0.5
63.283974	20.75703	63.186036	1	0.5	0.5	0.5
63.577043	19.82923	61.4204172	1	0.5	0.5	0.5
63.413272	20.30406	61.4204172	1	0.5	0.5	0.5
63.413267	20.30408	72.57959	1	0.5	0.5	0.5
63.577037	19.82925	72.57959	1	0.5	0.5	0.5
63.413267	25.69592	61.4204062	1	0.5	0.5	0.5
63.577037	26.17075	61.4204062	1	0.5	0.5	0.5
63.577037	26.17075	72.57959	1	0.5	0.5	0.5
63.413267	25.69592	72.57959	1	0.5	0.5	0.5
63.213142	24.94708	67.827618	1	0.5	0.5	0.5
63.340065	25.45062	67.760316	1	0.5	0.5	0.5
63.120376	21.53294	67.24548	1	0.5	0.5	0.5
63.118867	21.5421	67.754968	1	0.5	0.5	0.5
63.912867	19.05053	67.247466	1	0.5	0.5	0.5
63.732214	19.4442	66.997466	1	0.5	0.5	0.5
63.912867	19.05053	67.747466	1	0.5	0.5	0.5
63.085656	24.23874	61.4174337	1	0.5	0.5	0.5
63.030433	23.73951	61.4174337	1	0.5	0.5	0.5
63.007056	22.64368	62.964008	1	0.5	0.5	0.5
63.036851	22.18639	62.720081	1	0.5	0.5	0.5
63.569857	19.84838	67.172643	1	0.5	0.5	0.5
63.569597	19.84908	66.675176	1	0.5	0.5	0.5
63.935906	26.9963	65.25	1	0.5	0.5	0.5
63.935906	26.9963	65.75	1	0.5	0.5	0.5
63.037686	22.17725	62.169238	1	0.5	0.5	0.5
63.192134	21.15027	70.929559	1	0.5	0.5	0.5
63.280929	20.7689	70.838297	1	0.5	0.5	0.5
63.634713	26.31994	68.234197	1	0.5	0.5	0.5
63.461049	25.84365	68.456368	1	0.5	0.5	0.5
63.377294	20.42145	70.676018	1	0.5	0.5	0.5
63.428926	20.2547	66.416152	1	0.5	0.5	0.5
63.002697	22.77969	70.919214	1	0.5	0.5	0.5
63.193295	21.14475	63.09359	1	0.5	0.5	0.5
63.962576	18.95033	69.75	1	0.5	0.5	0.5
63.962576	18.95033	69.25	1	0.5	0.5	0.5
63.942083	18.99126	61.3656949	1	0.5	0.5	0.5
63.730996	19.44703	61.3656949	1	0.5	0.5	0.5
63.942091	27.00875	72.63432	1	0.5	0.5	0.5
63.731003	26.55298	72.63432	1	0.5	0.5	0.5
63.731003	26.55298	61.3656765	1	0.5	0.5	0.5
63.942091	27.00875	61.3656765	1	0.5	0.5	0.5
63.731003	19.44702	72.63432	1	0.5	0.5	0.5
63.942091	18.99125	72.63432	1	0.5	0.5	0.5
63.942083	18.99126	61.8656949	1	0.5	0.5	0.5
63.942091	27.00875	72.13432	1	0.5	0.5	0.5
63.942091	27.00875	61.8656765	1	0.5	0.5	0.5
63.942091	18.99125	72.13432	1	0.5	0.5	0.5
63.194469	24.86081	63.091489	1	0.5	0.5	0.5
63.002011	22.80976	62.573835	1	0.5	0.5	0.5
63.290179	20.73306	70.360334	1	0.5	0.5	0.5
63.40622	25.67338	68.055974	1	0.5	0.5	0.5
63.445448	25.79636	67.661965	1	0.5	0.5	0.5
63.623024	26.29033	67.723368	1	0.5	0.5	0.5
63.625912	26.29767	61.7860828	1	0.5	0.5	0.5
63.625912	26.29767	72.21392	1	0.5	0.5	0.5
63.625912	19.70233	72.21392	1	0.5	0.5	0.5
63.625913	19.70233	61.7861121	1	0.5	0.5	0.5
63.763071	19.37329	62.119219	1	0.5	0.5	0.5
63.758552	26.61642	71.88432	1	0.5	0.5	0.5
63.764192	19.37075	71.87789	1	0.5	0.5	0.5
63.763195	26.62699	62.11926	1	0.5	0.5	0.5
63.110689	24.40718	63.05318	1	0.5	0.5	0.5
63.005992	22.67165	62.133175	1	0.5	0.5	0.5
61.016	35	61	1	0.5	0.5	0.5
72	45.984	61	1	0.5	0.5	0.5
61.016	35	73	1	0.5	0.5	0.5
72	45.984	73	1	0.5	0.5	0.5
63.49710586	28.0466487	61	1	0.5	0.5	0.5
62.93323224	28.79984155	61	1	0.5	0.5	0.5
62.4358867	29.59851815	61	1	0.5	0.5	0.5
62.00871395	30.436837	61	1	0.5	0.5	0.5
61.6548594	31.30862709	61	1	0.5	0.5	0.5
61.37690428	32.20750772	61	1	0.5	0.5	0.5
61.17689563	33.12687851	61	1	0.5	0.5	0.5
61.05630129	34.05998928	61	1	0.5	0.5	0.5
63.80271469	27.68885988	61	1	0.5	0.5	0.5
63.2071003	28.41720892	61	1	0.5	0.5	0.5
62.67600393	29.19384761	61	1	0.5	0.5	0.5
62.21332091	30.01310423	61	1	0.5	0.5	0.5
61.82244528	30.86893757	61	1	0.5	0.5	0.5
61.50624588	31.75508675	61	1	0.5	0.5	0.5
61.26704431	32.66505124	61	1	0.5	0.5	0.5
61.10659803	33.59214078	61	1	0.5	0.5	0.5
61.02607532	34.52956527	61	1	0.5	0.5	0.5
61.05779911	35.95731551	61	1	0.5	0.5	0.5
61.18286693	36.90735163	61	1	0.5	0.5	0.5
61.39027481	37.84286889	61	1	0.5	0.5	0.5
61.67841508	38.75674768	61	1	0.5	0.5	0.5
62.04511493	39.64203811	61	1	0.5	0.5	0.5
62.48757741	40.492	61	1	0.5	0.5	0.5
63.00243443	41.30016278	61	1	0.5	0.5	0.5
63.58576771	42.0603754	61	1	0.5	0.5	0.5
64.23313871	42.7668563	61	1	0.5	0.5	0.5
64.9396206	43.41423329	61	1	0.5	0.5	0.5
65.69983622	43.99756357	61	1	0.5	0.5	0.5
66.508	44.51242359	61	1	0.5	0.5	0.5
67.35796089	44.95488907	61	1	0.5	0.5	0.5
68.24325032	45.32158492	61	1	0.5	0.5	0.5
69.1571321	45.60972519	61	1	0.5	0.5	0.5
70.09264837	45.81713307	61	1	0.5	0.5	0.5
71.04268129	45.94220089	61	1	0.5	0.5	0.5
61.02645477	35.47911209	61	1	0.5	0.5	0.5
61.10997311	36.43370158	61	1	0.5	0.5	0.5
61.27636074	37.37737696	61	1	0.5	0.5	0.5
61.52436948	38.30294871	61	1	0.5	0.5	0.5
61.85211207	39.20339706	61	1	0.5	0.5	0.5
62.25707317	40.07184203	61	1	0.5	0.5	0.5
62.73618826	40.9017032	61	1	0.5	0.5	0.5
63.28580665	41.68663981	61	1	0.5	0.5	0.5
63.90174544	42.42068056	61	1	0.5	0.5	0.5
64.57931744	43.09825356	61	1	0.5	0.5	0.5
65.31336418	43.71419634	61	1	0.5	0.5	0.5
66.09830079	44.26381573	61	1	0.5	0.5	0.5
66.92815298	44.74292783	61	1	0.5	0.5	0.5
67.79660494	45.14788793	61	1	0.5	0.5	0.5
68.69704729	45.47563052	61	1	0.5	0.5	0.5
69.62262703	45.72363926	61	1	0.5	0.5	0.5
70.56630042	45.89002689	61	1	0.5	0.5	0.5
71.52088461	45.97354523	61	1	0.5	0.5	0.5
61.016	35	72	1	0.5	0.5	0.5
61.016	35	71	1	0.5	0.5	0.5
61.016	35	70	1	0.5	0.5	0.5
61.016	35	69	1	0.5	0.5	0.5
61.016	35	68	1	0.5	0.5	0.5
61.016	35	67	1	0.5	0.5	0.5
61.016	35	66	1	0.5	0.5	0.5
61.016	35	65	1	0.5	0.5	0.5
61.016	35	64	1	0.5	0.5	0.5
61.016	35	63	1	0.5	0.5	0.5
61.016	35	62	1	0.5	0.5	0.5
61.016	35	72.5	1	0.5	0.5	0.5
61.016	35	71.5	1	0.5	0.5	0.5
61.016	35	70.5	1	0.5	0.5	0.5
61.016	35	69.5	1	0.5	0.5	0.5
61.016	35	68.5	1	0.5	0.5	0.5
61.016	35	67.5	1	0.5	0.5	0.5
61.016	35	66.5	1	0.5	0.5	0.5
61.016	35	65.5	1	0.5	0.5	0.5
61.016	35	64.5	1	0.5	0.5	0.5
61.016	35	63.5	1	0.5	0.5	0.5
61.016	35	62.5	1	0.5	0.5	0.5
61.016	35	61.5	1	0.5	0.5	0.5
63.49710586	28.0466487	73	1	0.5	0.5	0.5
62.93323224	28.79984155	73	1	0.5	0.5	0.5
62.4358867	29.59851815	73	1	0.5	0.5	0.5
62.00871395	30.436837	73	1	0.5	0.5	0.5
61.6548594	31.30862709	73	1	0.5	0.5	0.5
61.37690428	32.20750772	73	1	0.5	0.5	0.5
61.17689563	33.12687851	73	1	0.5	0.5	0.5
61.05630129	34.05998928	73	1	0.5	0.5	0.5
63.80271469	27.68885988	73	1	0.5	0.5	0.5
63.2071003	28.41720892	73	1	0.5	0.5	0.5
62.67600393	29.19384761	73	1	0.5	0.5	0.5
62.21332091	30.01310423	73	1	0.5	0.5	0.5
61.82244528	30.86893757	73	1	0.5	0.5	0.5
61.50624588	31.75508675	73	1	0.5	0.5	0.5
61.26704431	32.66505124	73	1	0.5	0.5	0.5
61.10659803	33.59214078	73	1	0.5	0.5	0.5
61.02607532	34.52956527	73	1	0.5	0.5	0.5
72	45.984	72	1	0.5	0.5	0.5
72	45.984	71	1	0.5	0.5	0.5
72	45.984	70	1	0.5	0.5	0.5
72	45.984	69	1	0.5	0.5	0.5
72	45.984	68	1	0.5	0.5	0.5
72	45.984	67	1	0.5	0.5	0.5
72	45.984	66	1	0.5	0.5	0.5
72	45.984	65	1	0.5	0.5	0.5
72	45.984	64	1	0.5	0.5	0.5
72	45.984	63	1	0.5	0.5	0.5
72	45.984	62	1	0.5	0.5	0.5
72	45.984	72.5	1	0.5	0.5	0.5
72	45.984	71.5	1	0.5	0.5	0.5
72	45.984	70.5	1	0.5	0.5	0.5
72	45.984	69.5	1	0.5	0.5	0.5
72	45.984	68.5	1	0.5	0.5	0.5
72	45.984	67.5	1	0.5	0.5	0.5
72	45.984	66.5	1	0.5	0.5	0.5
72	45.984	65.5	1	0.5	0.5	0.5
72	45.984	64.5	1	0.5	0.5	0.5
72	45.984	63.5	1	0.5	0.5	0.5
72	45.984	62.5	1	0.5	0.5	0.5
72	45.984	61.5	1	0.5	0.5	0.5
61.05779911	35.95731551	73	1	0.5	0.5	0.5
61.18286693	36.90735163	73	1	0.5	0.5	0.5
61.39027481	37.84286889	73	1	0.5	0.5	0.5
61.67841508	38.75674768	73	1	0.5	0.5	0.5
62.04511493	39.64203811	73	1	0.5	0.5	0.5
62.48757741	40.492	73	1	0.5	0.5	0.5
63.00243443	41.30016278	73	1	0.5	0.5	0.5
63.58576771	42.0603754	73	1	0.5	0.5	0.5
64.23313871	42.7668563	73	1	0.5	0.5	0.5
64.9396206	43.41423329	73	1	0.5	0.5	0.5
65.69983622	43.99756357	73	1	0.5	0.5	0.5
66.508	44.51242359	73	1	0.5	0.5	0.5
67.35796089	44.95488907	73	1	0.5	0.5	0.5
68.24325032	45.32158492	73	1	0.5	0.5	0.5
69.1571321	45.60972519	73	1	0.5	0.5	0.5
70.09264837	45.81713307	73	1	0.5	0.5	0.5
71.04268129	45.94220089	73	1	0.5	0.5	0.5
61.02645477	35.47911209	73	1	0.5	0.5	0.5
61.10997311	36.43370158	73	1	0.5	0.5	0.5
61.27636074	37.37737696	73	1	0.5	0.5	0.5
61.52436948	38.30294871	73	1	0.5	0.5	0.5
61.85211207	39.20339706	73	1	0.5	0.5	0.5
62.25707317	40.07184203	73	1	0.5	0.5	0.5
62.73618826	40.9017032	73	1	0.5	0.5	0.5
63.28580665	41.68663981	73	1	0.5	0.5	0.5
63.90174544	42.42068056	73	1	0.5	0.5	0.5
64.57931744	43.09825356	73	1	0.5	0.5	0.5
65.31336418	43.71419634	73	1	0.5	0.5	0.5
66.09830079	44.26381573	73	1	0.5	0.5	0.5
66.92815298	44.74292783	73	1	0.5	0.5	0.5
67.79660494	45.14788793	73	1	0.5	0.5	0.5
68.69704729	45.47563052	73	1	0.5	0.5	0.5
69.62262703	45.72363926	73	1	0.5	0.5	0.5
70.56630042	45.89002689	73	1	0.5	0.5	0.5
71.52088461	45.97354523	73	1	0.5	0.5	0.5
61.81200049	30.89476994	61.8287462	1	0.5	0.5	0.5
61.81653389	30.88352632	72.19586	1	0.5	0.5	0.5
63.42317555	28.13805555	67.496593	1	0.5	0.5	0.5
61.05001046	34.13628814	66.498836	1	0.5	0.5	0.5
61.05014027	34.13463055	69.499871	1	0.5	0.5	0.5
63.58089481	27.94543613	64.498373	1	0.5	0.5	0.5
61.04993057	34.13736657	64.49809	1	0.5	0.5	0.5
63.54553032	27.98785434	69.5	1	0.5	0.5	0.5
61.26704431	32.66505124	72.18405	1	0.5	0.5	0.5
62.66244368	29.2156858	61.7952886	1	0.5	0.5	0.5
62.66244368	29.2156858	72.20406	1	0.5	0.5	0.5
61.26704431	32.66505124	61.815945	1	0.5	0.5	0.5
63.54553032	27.98785434	71.5	1	0.5	0.5	0.5
61.04513756	34.20041473	62.51335	1	0.5	0.5	0.5
63.54553032	27.98785434	62.5	1	0.5	0.5	0.5
61.04506766	34.20140329	71.48582	1	0.5	0.5	0.5
61.04975084	34.13961329	70.499142	1	0.5	0.5	0.5
61.15229147	33.27506265	70.000272	1	0.5	0.5	0.5
61.15239132	33.27443357	68.995198	1	0.5	0.5	0.5
61.32279311	32.42209514	69.49637	1	0.5	0.5	0.5
61.32256344	32.4230837	68.491082	1	0.5	0.5	0.5
61.55996762	31.58622273	68.992162	1	0.5	0.5	0.5
61.55947833	31.58769059	67.986983	1	0.5	0.5	0.5
61.86230721	30.77205869	68.488018	1	0.5	0.5	0.5
61.86165816	30.77361642	67.482882	1	0.5	0.5	0.5
61.55893912	31.58933819	66.981843	1	0.5	0.5	0.5
61.86098913	30.77523407	66.477745	1	0.5	0.5	0.5
61.55839991	31.59100576	65.976713	1	0.5	0.5	0.5
61.86031012	30.77686169	65.472625	1	0.5	0.5	0.5
61.55786069	31.59267333	64.971589	1	0.5	0.5	0.5
62.22638388	29.98754147	65.973656	1	0.5	0.5	0.5
61.86297624	30.77046102	69.493104	1	0.5	0.5	0.5
62.22557905	29.98911917	64.968526	1	0.5	0.5	0.5
62.22876641	29.98290822	68.989029	1	0.5	0.5	0.5
62.22960718	29.9812706	69.994148	1	0.5	0.5	0.5
61.32230382	32.42412219	65.476699	1	0.5	0.5	0.5
61.32198428	32.42548021	64.469654	1	0.5	0.5	0.5
61.55772089	31.59310271	63.966045	1	0.5	0.5	0.5
62.65286364	29.23118323	65.469557	1	0.5	0.5	0.5
62.68393837	29.18112615	66.556682	1	0.5	0.5	0.5
61.32495995	32.41314817	70.487909	1	0.5	0.5	0.5
62.62341953	29.27916334	64.472374	1	0.5	0.5	0.5
62.21818782	30.00355814	63.960445	1	0.5	0.5	0.5
61.86711022	30.76056543	70.483297	1	0.5	0.5	0.5
61.15226151	33.27522242	67.990954	1	0.5	0.5	0.5
61.32261337	32.42283407	63.481649	1	0.5	0.5	0.5
62.6143068	29.29412155	63.459699	1	0.5	0.5	0.5
63.09482785	28.5698965	65.96129	1	0.5	0.5	0.5
62.65657723	29.225162	69.490058	1	0.5	0.5	0.5
62.66840999	29.20606981	68.393863	1	0.5	0.5	0.5
62.60778031	29.30487588	70.499253	1	0.5	0.5	0.5
62.21288854	30.013953	62.963411	1	0.5	0.5	0.5
61.60306484	31.45713077	62.853163	1	0.5	0.5	0.5
61.15163243	33.27922659	63.971084	1	0.5	0.5	0.5
61.56181493	31.58057096	69.996228	1	0.5	0.5	0.5
61.32288297	32.42175564	67.486561	1	0.5	0.5	0.5
61.32251351	32.42326344	66.480403	1	0.5	0.5	0.5
61.15236137	33.27462329	65.981341	1	0.5	0.5	0.5
62.21119201	30.01727815	67.999995	1	0.5	0.5	0.5
62.92039593	28.81865415	67.48691	1	0.5	0.5	0.5
62.20610941	30.02727359	66.954739	1	0.5	0.5	0.5
61.85823315	30.78184444	64.468345	1	0.5	0.5	0.5
61.88337652	30.72190175	63.486573	1	0.5	0.5	0.5
61.05008036	34.13536948	68.499296	1	0.5	0.5	0.5
63.5455473	27.98783437	68.500048	1	0.5	0.5	0.5
63.58291487	27.94301965	70.53987	1	0.5	0.5	0.5
63.57686867	27.95023913	63.458222	1	0.5	0.5	0.5
61.16433393	33.20092065	71.13933	1	0.5	0.5	0.5
61.56107601	31.5828077	71.00238	1	0.5	0.5	0.5
62.21776643	30.00438693	70.996339	1	0.5	0.5	0.5
61.04987066	34.13804558	67.5	1	0.5	0.5	0.5
61.1526809	33.27261622	66.985486	1	0.5	0.5	0.5
61.04951119	34.14267883	65.5	1	0.5	0.5	0.5
61.1531602	33.26957065	64.97463	1	0.5	0.5	0.5
61.04915171	34.14726215	63.5	1	0.5	0.5	0.5
61.16407431	33.2025383	62.846905	1	0.5	0.5	0.5
62.19915454	30.04100359	61.8624254	1	0.5	0.5	0.5
61.50175242	31.76966551	72.19482	1	0.5	0.5	0.5
62.2017208	30.03593098	72.14514	1	0.5	0.5	0.5
61.49658994	31.786491	61.8289484	1	0.5	0.5	0.5
61.10659803	33.59214078	72.22416	1	0.5	0.5	0.5
63.2071003	28.41720892	61.7758406	1	0.5	0.5	0.5
63.0097328	28.68942239	62.661189	1	0.5	0.5	0.5
63.2071003	28.41720892	72.22416	1	0.5	0.5	0.5
63.0088431	28.69069055	71.3253	1	0.5	0.5	0.5
61.10659803	33.59214078	61.7758406	1	0.5	0.5	0.5
63.57263185	27.95530176	66.573415	1	0.5	0.5	0.5
63.0842193	28.58461506	65.022752	1	0.5	0.5	0.5
63.06626545	28.6096486	70.029005	1	0.5	0.5	0.5
63.08598073	28.58216863	68.998915	1	0.5	0.5	0.5
63.59406263	27.92974898	65.501833	1	0.5	0.5	0.5
63.06707927	28.60851025	63.936982	1	0.5	0.5	0.5
61.38312522	32.18394205	71.39158	1	0.5	0.5	0.5
61.34080687	32.34862217	62.610839	1	0.5	0.5	0.5
61.88067047	30.72829244	71.34992	1	0.5	0.5	0.5
61.89198399	30.70159134	62.646849	1	0.5	0.5	0.5
63.10793675	28.55178289	66.751963	1	0.5	0.5	0.5
63.08594079	28.58222854	68.208858	1	0.5	0.5	0.5
62.57921292	29.35225687	71.43197	1	0.5	0.5	0.5
62.58090746	29.34943098	62.561547	1	0.5	0.5	0.5
63.6681567	27.84258595	72.3071	1	0.5	0.5	0.5
63.6681567	27.84258595	61.6929042	1	0.5	0.5	0.5
61.0367298	34.32554246	61.6929042	1	0.5	0.5	0.5
61.0367298	34.32554246	72.3071	1	0.5	0.5	0.5
62.49365156	29.4974953	67.480368	1	0.5	0.5	0.5
61.6548594	31.30862709	71.65165	1	0.5	0.5	0.5
63.28785467	28.31069407	70.932587	1	0.5	0.5	0.5
63.31818948	28.27137135	70.284438	1	0.5	0.5	0.5
63.03746241	28.65009967	70.677155	1	0.5	0.5	0.5
61.70368827	31.17452244	62.340954	1	0.5	0.5	0.5
61.6446942	31.33723542	61.8288473	1	0.5	0.5	0.5
61.54852429	31.6213915	62.341056	1	0.5	0.5	0.5
63.28546016	28.31381952	63.059705	1	0.5	0.5	0.5
63.03831517	28.64890142	63.299086	1	0.5	0.5	0.5
63.31573506	28.27453674	63.697602	1	0.5	0.5	0.5
61.21236396	32.93235187	71.66169	1	0.5	0.5	0.5
61.13370854	33.39627609	71.68175	1	0.5	0.5	0.5
61.17689563	33.12687851	72.20411	1	0.5	0.5	0.5
61.74056455	31.07669494	62.750006	1	0.5	0.5	0.5
61.85153291	30.79799092	62.237798	1	0.5	0.5	0.5
61.21221418	32.93315071	62.331425	1	0.5	0.5	0.5
61.17689563	33.12687851	61.7958928	1	0.5	0.5	0.5
61.13358871	33.39708491	62.311373	1	0.5	0.5	0.5
62.80318267	28.99443809	70.912278	1	0.5	0.5	0.5
62.83043098	28.95290858	70.264129	1	0.5	0.5	0.5
61.32237372	32.4238426	71.78782	1	0.5	0.5	0.5
61.26168212	32.68984512	71.26545	1	0.5	0.5	0.5
62.80704705	28.9885267	63.060444	1	0.5	0.5	0.5
62.83428038	28.94707708	63.69834	1	0.5	0.5	0.5
61.24395794	32.77382279	62.728872	1	0.5	0.5	0.5
61.3027523	32.5065621	62.213392	1	0.5	0.5	0.5
63.56117853	27.96903176	62.979111	1	0.5	0.5	0.5
63.27058083	28.33325121	62.580595	1	0.5	0.5	0.5
63.56419214	27.96541703	71.01994	1	0.5	0.5	0.5
63.27011052	28.33387031	71.41265	1	0.5	0.5	0.5
61.09322751	33.69979396	71.31257	1	0.5	0.5	0.5
61.07158903	33.89634765	71.85499	1	0.5	0.5	0.5
61.09318756	33.7001135	62.680127	1	0.5	0.5	0.5
61.07163895	33.89584838	62.144595	1	0.5	0.5	0.5
62.20973113	30.02015396	71.57074	1	0.5	0.5	0.5
62.04263753	30.36327415	71.17313	1	0.5	0.5	0.5
62.03518139	30.37932078	71.74753	1	0.5	0.5	0.5
62.20601255	30.0274733	62.412918	1	0.5	0.5	0.5
62.04009324	30.36874618	62.254637	1	0.5	0.5	0.5
62.04649891	30.35499621	62.80513	1	0.5	0.5	0.5
62.38438872	29.69073382	71.78855	1	0.5	0.5	0.5
62.39295424	29.67525636	71.21415	1	0.5	0.5	0.5
61.41496884	32.06652309	62.219894	1	0.5	0.5	0.5
61.4624996	31.90010551	62.732001	1	0.5	0.5	0.5
62.84722851	28.92751557	64.747563	1	0.5	0.5	0.5
63.07564079	28.59655767	64.479867	1	0.5	0.5	0.5
62.83911034	28.93977771	64.204678	1	0.5	0.5	0.5
61.09229886	33.70762256	65.740671	1	0.5	0.5	0.5
61.15276079	33.27209697	65.477986	1	0.5	0.5	0.5
61.09259842	33.70508625	65.237315	1	0.5	0.5	0.5
62.39115187	29.67850164	62.762479	1	0.5	0.5	0.5
62.38381256	29.69178229	62.211986	1	0.5	0.5	0.5
61.04972088	34.1400227	64.999045	1	0.5	0.5	0.5
61.09290797	33.70244011	64.73636	1	0.5	0.5	0.5
61.09252852	33.70562547	67.745477	1	0.5	0.5	0.5
61.15247121	33.27392431	67.48822	1	0.5	0.5	0.5
61.09268829	33.70430739	67.242743	1	0.5	0.5	0.5
61.70629447	31.16752263	70.239763	1	0.5	0.5	0.5
61.56144547	31.58168933	70.499302	1	0.5	0.5	0.5
61.70588507	31.16863102	70.742837	1	0.5	0.5	0.5
61.4351794	31.99452796	70.242068	1	0.5	0.5	0.5
61.43485986	31.99565632	70.745142	1	0.5	0.5	0.5
61.09244864	33.70632445	70.249707	1	0.5	0.5	0.5
61.09693211	33.66903876	70.819237	1	0.5	0.5	0.5
61.15825279	33.23798666	70.569802	1	0.5	0.5	0.5
61.32388152	32.41762166	69.99214	1	0.5	0.5	0.5
61.43392123	31.99895152	69.746299	1	0.5	0.5	0.5
61.43214382	32.00523237	65.726706	1	0.5	0.5	0.5
61.32241366	32.42369281	65.978551	1	0.5	0.5	0.5
61.43226364	32.00481298	66.228558	1	0.5	0.5	0.5
61.22893982	32.84769519	65.72902	1	0.5	0.5	0.5
61.2290197	32.84725583	66.230872	1	0.5	0.5	0.5
62.44664803	29.57950584	66.265169	1	0.5	0.5	0.5
62.21622667	30.00740254	66.464198	1	0.5	0.5	0.5
62.43566203	29.59891756	66.75571	1	0.5	0.5	0.5
61.55779079	31.59288303	64.468817	1	0.5	0.5	0.5
61.70006355	31.1842982	64.719967	1	0.5	0.5	0.5
61.69998367	31.18450789	64.217195	1	0.5	0.5	0.5
62.21553668	30.00875057	63.461928	1	0.5	0.5	0.5
62.0418387	30.36499165	63.224992	1	0.5	0.5	0.5
62.04430011	30.35970935	63.723509	1	0.5	0.5	0.5
62.03589835	30.37777303	66.2257	1	0.5	0.5	0.5
62.02653399	30.39802353	66.716242	1	0.5	0.5	0.5
61.55866951	31.59016698	66.479278	1	0.5	0.5	0.5
61.43250329	32.00396422	66.731123	1	0.5	0.5	0.5
61.86504323	30.76550823	69.988201	1	0.5	0.5	0.5
61.70442719	31.1725553	69.744666	1	0.5	0.5	0.5
61.70338871	31.17534124	69.242633	1	0.5	0.5	0.5
61.56088628	31.58339684	69.494195	1	0.5	0.5	0.5
62.4406937	29.59002052	68.691446	1	0.5	0.5	0.5
62.43120053	29.60682604	68.196929	1	0.5	0.5	0.5
62.21996423	30.0000832	68.494512	1	0.5	0.5	0.5
62.0377207	30.37384875	68.738523	1	0.5	0.5	0.5
62.02960552	30.39136324	68.244007	1	0.5	0.5	0.5
62.04073431	30.36736819	70.238723	1	0.5	0.5	0.5
62.03526427	30.37914104	70.739818	1	0.5	0.5	0.5
62.22367982	29.99282377	70.495244	1	0.5	0.5	0.5
61.87075491	30.75185812	63.977459	1	0.5	0.5	0.5
61.71131716	31.15405225	63.726309	1	0.5	0.5	0.5
61.32230382	32.42416213	63.975651	1	0.5	0.5	0.5
61.2286103	32.8493328	63.726367	1	0.5	0.5	0.5
61.22834069	32.85066087	64.220369	1	0.5	0.5	0.5
62.03552789	30.37858185	65.72314	1	0.5	0.5	0.5
62.22598146	29.98833032	65.471091	1	0.5	0.5	0.5
62.03515643	30.37938069	65.220575	1	0.5	0.5	0.5
61.43165453	32.00696984	64.217849	1	0.5	0.5	0.5
61.43202399	32.00566175	63.723847	1	0.5	0.5	0.5
61.43190417	32.00608113	65.224144	1	0.5	0.5	0.5
61.43171444	32.00675016	64.720621	1	0.5	0.5	0.5
61.32214405	32.4248012	64.973176	1	0.5	0.5	0.5
62.43214715	29.60514849	65.721606	1	0.5	0.5	0.5
62.43171378	29.60591737	65.219041	1	0.5	0.5	0.5
62.63811113	29.25514832	64.970965	1	0.5	0.5	0.5
62.41792187	29.63045163	64.72045	1	0.5	0.5	0.5
62.41395864	29.63753132	64.216409	1	0.5	0.5	0.5
62.22188044	29.99633865	64.464486	1	0.5	0.5	0.5
62.61886017	29.28664244	63.966036	1	0.5	0.5	0.5
62.40968487	29.64518017	63.710072	1	0.5	0.5	0.5
62.40684401	29.65027276	63.211555	1	0.5	0.5	0.5
62.66836706	29.20612972	66.013119	1	0.5	0.5	0.5
62.88425857	28.87206634	66.258986	1	0.5	0.5	0.5
62.86785846	28.89654069	65.715423	1	0.5	0.5	0.5
61.5581303	31.59183455	65.474151	1	0.5	0.5	0.5
61.86064963	30.77604289	65.975185	1	0.5	0.5	0.5
61.5801682	31.52504185	63.409604	1	0.5	0.5	0.5
61.45178521	31.93677209	63.167406	1	0.5	0.5	0.5
62.41272644	29.6397381	70.246701	1	0.5	0.5	0.5
62.40639566	29.65107159	70.747796	1	0.5	0.5	0.5
61.70130175	31.18094308	65.724669	1	0.5	0.5	0.5
61.70100218	31.18177188	65.222107	1	0.5	0.5	0.5
61.70161129	31.18012428	66.227229	1	0.5	0.5	0.5
62.43516475	29.59979628	69.239544	1	0.5	0.5	0.5
62.66248862	29.21561591	68.941961	1	0.5	0.5	0.5
62.43561709	29.59899745	69.742103	1	0.5	0.5	0.5
62.63209389	29.26496402	69.994656	1	0.5	0.5	0.5
61.70192084	31.17929548	66.729794	1	0.5	0.5	0.5
62.22918679	29.98208941	69.491589	1	0.5	0.5	0.5
62.0384736	30.37223111	69.743626	1	0.5	0.5	0.5
62.03061305	30.38918641	64.214395	1	0.5	0.5	0.5
62.03808616	30.3730599	69.241067	1	0.5	0.5	0.5
61.70222041	31.17847668	67.232362	1	0.5	0.5	0.5
61.86131865	30.77442524	66.980313	1	0.5	0.5	0.5
61.86264672	30.77125985	68.990561	1	0.5	0.5	0.5
61.70251997	31.17766785	67.734933	1	0.5	0.5	0.5
61.55920873	31.58851938	67.484413	1	0.5	0.5	0.5
61.86198768	30.77283756	67.98545	1	0.5	0.5	0.5
62.02925103	30.39213212	67.741439	1	0.5	0.5	0.5
61.70308914	31.17615007	68.74009	1	0.5	0.5	0.5
61.70281953	31.176879	68.2375	1	0.5	0.5	0.5
61.55971799	31.58695167	68.489572	1	0.5	0.5	0.5
61.43297261	32.00229665	68.741622	1	0.5	0.5	0.5
61.43276292	32.00304556	68.239033	1	0.5	0.5	0.5
61.43311241	32.00181735	69.244266	1	0.5	0.5	0.5
61.22897976	32.84746552	68.241018	1	0.5	0.5	0.5
61.32272321	32.42242466	67.988822	1	0.5	0.5	0.5
61.22910957	32.84680648	67.738757	1	0.5	0.5	0.5
61.32267328	32.42258443	68.993726	1	0.5	0.5	0.5
61.22905964	32.84707609	68.74314	1	0.5	0.5	0.5
61.15232143	33.27483299	68.493076	1	0.5	0.5	0.5
61.43271299	32.00322529	67.234202	1	0.5	0.5	0.5
61.32269325	32.42251453	66.983482	1	0.5	0.5	0.5
61.43295264	32.00238652	67.736772	1	0.5	0.5	0.5
62.02690046	30.3972247	67.21881	1	0.5	0.5	0.5
61.73663028	31.08699993	63.169868	1	0.5	0.5	0.5
61.85927164	30.77935806	64.970485	1	0.5	0.5	0.5
62.03402109	30.38182713	64.718436	1	0.5	0.5	0.5
62.20864971	30.02228087	67.477367	1	0.5	0.5	0.5
61.2291595	32.84657681	69.245784	1	0.5	0.5	0.5
61.22909959	32.84688636	69.748321	1	0.5	0.5	0.5
61.22999828	32.84237294	70.244091	1	0.5	0.5	0.5
61.1523414	33.27474312	69.497735	1	0.5	0.5	0.5
61.04994056	34.13716686	66.999418	1	0.5	0.5	0.5
61.09278815	33.70343865	66.742161	1	0.5	0.5	0.5
61.0927482	33.70383807	69.750072	1	0.5	0.5	0.5
61.09277816	33.70351854	69.247534	1	0.5	0.5	0.5
61.23743744	32.80556655	70.81362	1	0.5	0.5	0.5
61.04711468	34.17383345	63.006675	1	0.5	0.5	0.5
61.09637292	33.67365204	63.173452	1	0.5	0.5	0.5
61.09266832	33.70444719	66.240089	1	0.5	0.5	0.5
61.15252113	33.27362475	66.483414	1	0.5	0.5	0.5
63.84228006	27.64473415	66.286707	1	0.5	0.5	0.5
63.85345778	27.63236217	65.750917	1	0.5	0.5	0.5
63.58333725	27.94252038	66.037624	1	0.5	0.5	0.5
61.04736431	34.17050829	70.992479	1	0.5	0.5	0.5
61.09268829	33.70428742	68.245125	1	0.5	0.5	0.5
61.09273822	33.703888	68.747247	1	0.5	0.5	0.5
61.02326941	34.60044202	71.74291	1	0.5	0.5	0.5
61.02326941	34.60044202	71.24291	1	0.5	0.5	0.5
61.02453756	34.56698076	69.749935	1	0.5	0.5	0.5
61.02453756	34.56698076	69.249935	1	0.5	0.5	0.5
61.02452758	34.56735023	68.749648	1	0.5	0.5	0.5
61.02452758	34.56735023	68.249648	1	0.5	0.5	0.5
63.84659278	27.63996111	64.249187	1	0.5	0.5	0.5
63.84659278	27.63996111	64.749187	1	0.5	0.5	0.5
63.82811469	27.66048121	71.25	1	0.5	0.5	0.5
63.82811469	27.66048121	71.75	1	0.5	0.5	0.5
63.82811469	27.66048121	62.25	1	0.5	0.5	0.5
63.82811469	27.66048121	62.75	1	0.5	0.5	0.5
63.82811469	27.66048121	69.25	1	0.5	0.5	0.5
63.82811469	27.66048121	69.75	1	0.5	0.5	0.5
63.84449184	27.64228772	63.229111	1	0.5	0.5	0.5
63.84449184	27.64228772	63.729111	1	0.5	0.5	0.5
61.02450761	34.56780956	66.749418	1	0.5	0.5	0.5
61.02450761	34.56780956	66.249418	1	0.5	0.5	0.5
61.02448764	34.56834877	64.749045	1	0.5	0.5	0.5
61.02448764	34.56834877	64.249045	1	0.5	0.5	0.5
61.02328938	34.59994275	62.756675	1	0.5	0.5	0.5
61.02328938	34.59994275	62.256675	1	0.5	0.5	0.5
63.76370851	27.73282583	67.248296	1	0.5	0.5	0.5
63.76370851	27.73282583	67.748296	1	0.5	0.5	0.5
61.02443771	34.56947713	70.749571	1	0.5	0.5	0.5
61.02443771	34.56947713	70.249571	1	0.5	0.5	0.5
63.82812368	27.66047123	68.250024	1	0.5	0.5	0.5
63.82812368	27.66047123	68.750024	1	0.5	0.5	0.5
63.84764624	27.63879281	70.269935	1	0.5	0.5	0.5
63.84764624	27.63879281	70.769935	1	0.5	0.5	0.5
61.0923388	33.70729304	64.234587	1	0.5	0.5	0.5
61.15239132	33.27439363	64.472857	1	0.5	0.5	0.5
61.22921941	32.84626727	66.732944	1	0.5	0.5	0.5
61.22936919	32.84550837	67.236023	1	0.5	0.5	0.5
61.04994056	34.13711693	69.999507	1	0.5	0.5	0.5
61.02446767	34.56868828	67.75	1	0.5	0.5	0.5
61.02446767	34.56868828	67.25	1	0.5	0.5	0.5
61.22943909	32.84518884	65.225665	1	0.5	0.5	0.5
63.56419214	27.96541703	70.019935	1	0.5	0.5	0.5
63.48402991	28.06267535	67.998321	1	0.5	0.5	0.5
61.22929929	32.84586785	64.722142	1	0.5	0.5	0.5
61.05011031	34.13500001	68.999583	1	0.5	0.5	0.5
63.57888174	27.94783264	63.978298	1	0.5	0.5	0.5
63.54553931	27.98784436	69.000024	1	0.5	0.5	0.5
61.0499805	34.13670753	67.999648	1	0.5	0.5	0.5
61.09174966	33.71222585	63.735542	1	0.5	0.5	0.5
61.15778347	33.24087246	63.408994	1	0.5	0.5	0.5
61.04976082	34.13948348	65.999418	1	0.5	0.5	0.5
61.04954114	34.14230937	63.999045	1	0.5	0.5	0.5
63.32666713	28.26044727	64.760563	1	0.5	0.5	0.5
63.31765526	28.27206035	64.217678	1	0.5	0.5	0.5
61.0243778	34.5710049	65.25	1	0.5	0.5	0.5
61.0243778	34.5710049	65.75	1	0.5	0.5	0.5
61.02428793	34.57331154	63.75	1	0.5	0.5	0.5
61.02428793	34.57331154	63.25	1	0.5	0.5	0.5
63.16522929	28.47350691	67.491752	1	0.5	0.5	0.5
63.26310672	28.34305693	67.124278	1	0.5	0.5	0.5
63.01317579	28.68451953	67.119437	1	0.5	0.5	0.5
61.23627913	32.81124828	63.164277	1	0.5	0.5	0.5
62.00014643	30.45564959	72.1705	1	0.5	0.5	0.5
61.84830761	30.80578956	71.77289	1	0.5	0.5	0.5
62.80038175	28.99873183	67.021796	1	0.5	0.5	0.5
62.5874659	29.33850689	67.018525	1	0.5	0.5	0.5
62.70082677	29.1541754	67.483639	1	0.5	0.5	0.5
62.79236543	29.01103391	67.940387	1	0.5	0.5	0.5
62.57990392	29.35109855	67.937116	1	0.5	0.5	0.5
61.44040179	31.97622463	71.7932	1	0.5	0.5	0.5
61.57575463	31.53830253	71.92323	1	0.5	0.5	0.5
61.50985063	31.74345369	71.52161	1	0.5	0.5	0.5
63.00239149	28.69989713	67.847884	1	0.5	0.5	0.5
63.25173828	28.35799517	67.852725	1	0.5	0.5	0.5
61.9964618	30.4637478	61.8455858	1	0.5	0.5	0.5
62.10195613	30.23796668	61.4312127	1	0.5	0.5	0.5
62.3149938	29.81840784	61.4312127	1	0.5	0.5	0.5
62.31633385	29.81590149	72.57257	1	0.5	0.5	0.5
62.10318833	30.23540042	72.57257	1	0.5	0.5	0.5
61.43465017	31.99640523	61.4144742	1	0.5	0.5	0.5
61.57298865	31.54665037	61.4144742	1	0.5	0.5	0.5
62.79548988	29.00623091	72.60203	1	0.5	0.5	0.5
62.54722652	29.40595864	72.60203	1	0.5	0.5	0.5
61.57575463	31.53830253	72.59741	1	0.5	0.5	0.5
61.43705666	31.98793756	72.59741	1	0.5	0.5	0.5
61.91015751	30.6591232	72.59793	1	0.5	0.5	0.5
61.73349485	31.09523793	72.59793	1	0.5	0.5	0.5
61.31952786	32.43568535	72.59203	1	0.5	0.5	0.5
61.21949358	32.89547559	72.59203	1	0.5	0.5	0.5
61.21949358	32.89547559	61.4079725	1	0.5	0.5	0.5
61.31952786	32.43568535	61.4079725	1	0.5	0.5	0.5
61.73133799	31.10090967	61.4143731	1	0.5	0.5	0.5
61.907761	30.6646851	61.4143731	1	0.5	0.5	0.5
62.54722652	29.40595864	61.3976443	1	0.5	0.5	0.5
62.79548988	29.00623091	61.3976443	1	0.5	0.5	0.5
63.84228006	27.64473415	66.786707	1	0.5	0.5	0.5
63.32828378	28.25837029	66.267352	1	0.5	0.5	0.5
63.33852985	28.24520946	65.731561	1	0.5	0.5	0.5
62.8628208	28.90407971	65.246154	1	0.5	0.5	0.5
63.58747522	27.93758756	65.000103	1	0.5	0.5	0.5
63.85345778	27.63236217	65.250917	1	0.5	0.5	0.5
62.92598479	28.81045609	72.21411	1	0.5	0.5	0.5
63.10692023	28.55319084	71.77473	1	0.5	0.5	0.5
62.83188487	28.95071178	71.76468	1	0.5	0.5	0.5
61.35342848	32.29838535	70.939742	1	0.5	0.5	0.5
61.46781186	31.88211172	71.19698	1	0.5	0.5	0.5
61.60705903	31.44540785	71.32701	1	0.5	0.5	0.5
61.71199617	31.1522349	71.17615	1	0.5	0.5	0.5
61.87388036	30.74441895	70.916611	1	0.5	0.5	0.5
62.92598479	28.81045609	61.7855646	1	0.5	0.5	0.5
62.83231124	28.95006273	62.228239	1	0.5	0.5	0.5
63.10737557	28.55256175	62.218515	1	0.5	0.5	0.5
63.3736437	28.2004247	71.86208	1	0.5	0.5	0.5
61.88768025	30.71173656	63.066711	1	0.5	0.5	0.5
62.42190607	29.62335197	61.828857	1	0.5	0.5	0.5
61.37496711	32.21488697	72.18944	1	0.5	0.5	0.5
61.64965697	31.32322583	72.19534	1	0.5	0.5	0.5
63.3736437	28.2004247	62.13792	1	0.5	0.5	0.5
62.42329604	29.62087558	72.1746	1	0.5	0.5	0.5
61.37274035	32.22339458	61.8224467	1	0.5	0.5	0.5
61.3316502	32.38571813	63.046244	1	0.5	0.5	0.5
61.13925047	33.3591302	72.61208	1	0.5	0.5	0.5
61.07893832	33.82580041	72.61208	1	0.5	0.5	0.5
63.35011897	28.23038106	72.61208	1	0.5	0.5	0.5
63.06811775	28.60705238	72.61208	1	0.5	0.5	0.5
63.06811775	28.60705238	61.3879203	1	0.5	0.5	0.5
63.35011897	28.23038106	61.3879203	1	0.5	0.5	0.5
61.07893832	33.82580041	61.3879203	1	0.5	0.5	0.5
61.13925047	33.3591302	61.3879203	1	0.5	0.5	0.5
62.34624528	29.76041232	67.217553	1	0.5	0.5	0.5
62.34892138	29.75547951	67.740182	1	0.5	0.5	0.5
62.89050048	28.86279984	66.654323	1	0.5	0.5	0.5
63.49741242	28.04627924	67.035004	1	0.5	0.5	0.5
63.33295398	28.25236903	65.262293	1	0.5	0.5	0.5
62.87184466	28.89057937	68.301361	1	0.5	0.5	0.5
63.30034048	28.29446771	69.764503	1	0.5	0.5	0.5
63.31067243	28.2810872	69.249457	1	0.5	0.5	0.5
63.07611211	28.59589863	69.51396	1	0.5	0.5	0.5
63.31068142	28.28106723	68.749482	1	0.5	0.5	0.5
63.31066045	28.28109719	68.354453	1	0.5	0.5	0.5
63.08952058	28.57725578	65.492021	1	0.5	0.5	0.5
62.85624039	28.91395532	69.759532	1	0.5	0.5	0.5
62.86561973	28.89988582	69.244487	1	0.5	0.5	0.5
62.87186363	28.89054942	68.696389	1	0.5	0.5	0.5
61.02118245	34.66261146	72.65355	1	0.5	0.5	0.5
61.02118245	34.66261146	72.15355	1	0.5	0.5	0.5
63.89193573	27.59003383	72.15355	1	0.5	0.5	0.5
63.89193573	27.59003383	72.65355	1	0.5	0.5	0.5
63.89193573	27.59003383	61.3464521	1	0.5	0.5	0.5
63.89193573	27.59003383	61.8464521	1	0.5	0.5	0.5
61.02118245	34.66261146	61.8464521	1	0.5	0.5	0.5
61.02118245	34.66261146	61.3464521	1	0.5	0.5	0.5
63.58201218	27.94409808	72.65355	1	0.5	0.5	0.5
61.04570673	34.19270596	72.65355	1	0.5	0.5	0.5
63.58201218	27.94409808	61.3464521	1	0.5	0.5	0.5
61.04570673	34.19270596	61.3464521	1	0.5	0.5	0.5
63.33514978	28.24954315	66.662689	1	0.5	0.5	0.5
62.59346716	29.32854141	70.965611	1	0.5	0.5	0.5
62.78808666	29.01761433	71.37864	1	0.5	0.5	0.5
62.62057967	29.28381656	71.81801	1	0.5	0.5	0.5
62.59756719	29.3217513	63.010623	1	0.5	0.5	0.5
62.62143742	29.28240861	62.178418	1	0.5	0.5	0.5
62.78940674	29.01558728	62.611368	1	0.5	0.5	0.5
63.1013783	28.56083969	66.356627	1	0.5	0.5	0.5
61.04072399	34.26346289	71.89646	1	0.5	0.5	0.5
63.60652847	27.91495054	62.096452	1	0.5	0.5	0.5
63.60652847	27.91495054	71.90355	1	0.5	0.5	0.5
61.04075394	34.2629736	62.103127	1	0.5	0.5	0.5
61.76365092	31.01686209	71.50079	1	0.5	0.5	0.5
63.08596076	28.58219858	68.603886	1	0.5	0.5	0.5
61.06550788	33.95825747	72.26563	1	0.5	0.5	0.5
63.43280952	28.12602308	72.26563	1	0.5	0.5	0.5
63.43280952	28.12602308	61.7343724	1	0.5	0.5	0.5
61.06550788	33.95825747	61.7343724	1	0.5	0.5	0.5
61.73349485	31.09523793	71.92375	1	0.5	0.5	0.5
64.57931744	43.09825356	61.830995	1	0.5	0.5	0.5
62.73618826	40.9017032	72.16901	1	0.5	0.5	0.5
66.04108813	44.2271092	72.1542	1	0.5	0.5	0.5
61.05004041	35.86409131	66.5	1	0.5	0.5	0.5
71.1359045	45.94995959	66.5	1	0.5	0.5	0.5
62.73618826	40.9017032	61.830995	1	0.5	0.5	0.5
66.92815298	44.74292783	61.830995	1	0.5	0.5	0.5
61.05004041	35.86409131	69.5	1	0.5	0.5	0.5
71.1359045	45.94995959	69.5	1	0.5	0.5	0.5
61.52228252	38.29632836	61.8601005	1	0.5	0.5	0.5
68.68025376	45.47031826	72.18144	1	0.5	0.5	0.5
61.52436948	38.30294871	72.16901	1	0.5	0.5	0.5
71.1359045	45.94995959	64.5	1	0.5	0.5	0.5
61.04817313	35.84014619	64.497265	1	0.5	0.5	0.5
64.57931744	43.09825356	72.16901	1	0.5	0.5	0.5
68.69704729	45.47563052	61.830995	1	0.5	0.5	0.5
61.04586649	35.80943093	71.49125	1	0.5	0.5	0.5
71.1359045	45.94995959	62.5	1	0.5	0.5	0.5
71.1359045	45.94995959	71.5	1	0.5	0.5	0.5
61.04361977	35.77850598	62.511509	1	0.5	0.5	0.5
71.13462167	45.94985973	68.499877	1	0.5	0.5	0.5
70.28328268	45.84901663	68.984145	1	0.5	0.5	0.5
69.94738497	45.79050186	70.5294	1	0.5	0.5	0.5
70.27478106	45.84766859	67.993945	1	0.5	0.5	0.5
69.42663153	45.67829531	68.496106	1	0.5	0.5	0.5
69.42301081	45.67742657	67.491047	1	0.5	0.5	0.5
68.58777347	45.44054164	67.992522	1	0.5	0.5	0.5
68.58783238	45.44056161	66.986992	1	0.5	0.5	0.5
67.77254299	45.13789249	67.488129	1	0.5	0.5	0.5
67.77372327	45.13838178	66.482878	1	0.5	0.5	0.5
66.98460674	44.77210532	66.983907	1	0.5	0.5	0.5
66.98603866	44.77284425	65.978756	1	0.5	0.5	0.5
66.22826049	44.34533698	66.479774	1	0.5	0.5	0.5
66.22677465	44.34441832	67.484866	1	0.5	0.5	0.5
65.50666161	43.85916517	66.98078	1	0.5	0.5	0.5
65.50517678	43.85807676	67.985899	1	0.5	0.5	0.5
64.82578342	43.31738436	67.481798	1	0.5	0.5	0.5
64.8271025	43.31852271	66.476675	1	0.5	0.5	0.5
64.19118782	42.72467774	66.977703	1	0.5	0.5	0.5
64.18991667	42.7233996	67.982826	1	0.5	0.5	0.5
63.6042438	42.0823434	67.47872	1	0.5	0.5	0.5
63.6054091	42.0837214	66.473599	1	0.5	0.5	0.5
63.07104848	41.39704166	66.974606	1	0.5	0.5	0.5
63.06995408	41.39551388	67.979721	1	0.5	0.5	0.5
62.59271026	40.67020042	67.475625	1	0.5	0.5	0.5
62.5936469	40.67175815	66.47051	1	0.5	0.5	0.5
62.17425182	39.90947854	66.971539	1	0.5	0.5	0.5
62.17343501	39.90784092	67.976656	1	0.5	0.5	0.5
62.17505165	39.91107621	65.966388	1	0.5	0.5	0.5
66.22969739	44.34622569	65.474631	1	0.5	0.5	0.5
67.77110508	45.13729337	68.492971	1	0.5	0.5	0.5
62.59456556	40.67327594	65.465385	1	0.5	0.5	0.5
67.77525603	45.13902085	65.477713	1	0.5	0.5	0.5
62.17582153	39.91261397	64.961285	1	0.5	0.5	0.5
61.81648396	39.11633388	67.472544	1	0.5	0.5	0.5
61.81580495	39.11464634	68.477672	1	0.5	0.5	0.5
61.81785197	39.11970897	65.462283	1	0.5	0.5	0.5
62.21994825	39.99988684	69.05116	1	0.5	0.5	0.5
61.52260205	38.29733689	67.973575	1	0.5	0.5	0.5
61.52207282	38.29563936	68.978699	1	0.5	0.5	0.5
61.81847107	39.12125671	64.457182	1	0.5	0.5	0.5
62.59547823	40.67479373	64.46026	1	0.5	0.5	0.5
61.52421969	38.30244944	64.958203	1	0.5	0.5	0.5
61.5216734	38.29436122	63.800878	1	0.5	0.5	0.5
61.84845739	39.19457991	63.434364	1	0.5	0.5	0.5
61.44866975	38.05249354	66.870932	1	0.5	0.5	0.5
63.07312446	41.39993744	64.964364	1	0.5	0.5	0.5
63.07415895	41.40137535	63.959239	1	0.5	0.5	0.5
63.60769877	42.08643744	64.463347	1	0.5	0.5	0.5
63.6088451	42.08779546	63.458217	1	0.5	0.5	0.5
64.19493136	42.72846223	63.962326	1	0.5	0.5	0.5
66.22518397	44.34342976	68.489995	1	0.5	0.5	0.5
65.50373488	43.8570183	68.991029	1	0.5	0.5	0.5
66.22364621	44.34248114	69.49513	1	0.5	0.5	0.5
65.50229597	43.85595984	69.996152	1	0.5	0.5	0.5
64.82300747	43.31498785	69.492034	1	0.5	0.5	0.5
69.44815418	45.68345779	66.469026	1	0.5	0.5	0.5
61.29448434	37.45768997	68.474596	1	0.5	0.5	0.5
61.29408492	37.4559525	69.479721	1	0.5	0.5	0.5
61.52153361	38.29395182	69.983824	1	0.5	0.5	0.5
61.29369549	37.45422502	70.484846	1	0.5	0.5	0.5
66.22996001	44.34638545	70.484924	1	0.5	0.5	0.5
66.97966195	44.76956902	69.999234	1	0.5	0.5	0.5
66.97808025	44.7687602	71.00436	1	0.5	0.5	0.5
67.76705398	45.13560583	70.503342	1	0.5	0.5	0.5
62.59033672	40.66625617	63.475232	1	0.5	0.5	0.5
64.19368119	42.72720406	64.967445	1	0.5	0.5	0.5
64.82979458	43.32083933	64.466424	1	0.5	0.5	0.5
64.83722775	43.32724001	63.474872	1	0.5	0.5	0.5
65.51090044	43.86227065	63.965402	1	0.5	0.5	0.5
65.51233435	43.86331912	62.960277	1	0.5	0.5	0.5
66.23272099	44.34809297	63.464376	1	0.5	0.5	0.5
64.82721734	43.31862256	70.484933	1	0.5	0.5	0.5
64.19024219	42.72372912	69.993034	1	0.5	0.5	0.5
61.29826883	37.47412603	64.452272	1	0.5	0.5	0.5
61.30189355	37.48974328	65.428306	1	0.5	0.5	0.5
61.28163306	37.40101253	63.435307	1	0.5	0.5	0.5
64.24105318	42.77476478	71.13479	1	0.5	0.5	0.5
63.59929501	42.07647196	70.50822	1	0.5	0.5	0.5
63.60196512	42.07963735	69.488967	1	0.5	0.5	0.5
62.98137211	41.26997675	69.989756	1	0.5	0.5	0.5
63.63216712	42.11530539	71.42355	1	0.5	0.5	0.5
67.76797264	45.13598527	71.50852	1	0.5	0.5	0.5
68.53430535	45.42291731	71.05298	1	0.5	0.5	0.5
68.49526522	45.40985633	69.983411	1	0.5	0.5	0.5
61.52100438	38.29225429	70.988949	1	0.5	0.5	0.5
61.78424093	39.03565141	70.518451	1	0.5	0.5	0.5
61.29329607	37.45248755	71.48997	1	0.5	0.5	0.5
61.81622434	39.11569481	71.5707	1	0.5	0.5	0.5
62.23313404	40.0255894	70.938722	1	0.5	0.5	0.5
69.47166793	45.68904964	71.49723	1	0.5	0.5	0.5
62.22391447	40.00763556	72.04653	1	0.5	0.5	0.5
62.43981598	40.40843173	70.003756	1	0.5	0.5	0.5
66.97649955	44.76794139	72.00948	1	0.5	0.5	0.5
66.23423678	44.34902161	62.459256	1	0.5	0.5	0.5
66.99073582	44.77525074	62.963359	1	0.5	0.5	0.5
67.01399394	44.78713343	63.975096	1	0.5	0.5	0.5
67.79608369	45.14767824	63.458773	1	0.5	0.5	0.5
67.80165158	45.14998488	62.362811	1	0.5	0.5	0.5
68.57603557	45.43669724	62.877401	1	0.5	0.5	0.5
68.64084017	45.45773659	63.889897	1	0.5	0.5	0.5
69.44381251	45.6824193	63.322911	1	0.5	0.5	0.5
69.47920994	45.69082705	64.318878	1	0.5	0.5	0.5
68.65084859	45.46095191	64.909125	1	0.5	0.5	0.5
69.45998894	45.68628367	65.349958	1	0.5	0.5	0.5
70.3296801	45.85625608	63.762426	1	0.5	0.5	0.5
65.4328741	43.80460465	61.9525219	1	0.5	0.5	0.5
66.98338452	44.77147624	67.98898	1	0.5	0.5	0.5
66.98139342	44.77045772	68.994015	1	0.5	0.5	0.5
68.59286305	45.44220921	65.965338	1	0.5	0.5	0.5
67.80134803	45.14985507	64.469022	1	0.5	0.5	0.5
67.74440997	45.12611964	69.489451	1	0.5	0.5	0.5
66.98759639	44.77364308	64.973659	1	0.5	0.5	0.5
66.24103388	44.35321551	64.467511	1	0.5	0.5	0.5
64.82845354	43.319691	65.471522	1	0.5	0.5	0.5
65.50803062	43.86016372	65.975653	1	0.5	0.5	0.5
65.51229141	43.86328916	64.96948	1	0.5	0.5	0.5
64.19243201	42.72593591	65.972607	1	0.5	0.5	0.5
61.24764257	37.24391137	66.676752	1	0.5	0.5	0.5
61.52374039	38.30095162	65.963325	1	0.5	0.5	0.5
61.76508883	38.98682254	66.483092	1	0.5	0.5	0.5
64.18899901	42.72247095	68.987921	1	0.5	0.5	0.5
63.6032113	42.08111519	68.483913	1	0.5	0.5	0.5
63.06886566	41.39398611	68.984814	1	0.5	0.5	0.5
63.60654445	42.08506943	65.468507	1	0.5	0.5	0.5
64.82450728	43.31628596	68.486909	1	0.5	0.5	0.5
63.07207998	41.39847956	65.969445	1	0.5	0.5	0.5
61.80965391	39.09938857	69.461851	1	0.5	0.5	0.5
62.59181157	40.6687026	68.48076	1	0.5	0.5	0.5
63.0635534	41.38656692	71.04673	1	0.5	0.5	0.5
62.19152965	39.9438984	63.968558	1	0.5	0.5	0.5
68.57177977	45.43529927	68.997135	1	0.5	0.5	0.5
69.49837702	45.69533049	69.602423	1	0.5	0.5	0.5
71.1359045	45.94995959	67.5	1	0.5	0.5	0.5
71.1479875	45.9509082	65.496054	1	0.5	0.5	0.5
61.04993057	35.86263343	67.515371	1	0.5	0.5	0.5
70.91849639	45.93062775	70.510106	1	0.5	0.5	0.5
61.04915171	35.85279776	70.499255	1	0.5	0.5	0.5
61.05004041	35.86407134	68.500048	1	0.5	0.5	0.5
61.04872233	35.84716596	65.494813	1	0.5	0.5	0.5
61.0477138	35.83407503	63.501299	1	0.5	0.5	0.5
63.0110409	41.3124349	62.827635	1	0.5	0.5	0.5
63.54806763	42.01520121	62.566163	1	0.5	0.5	0.5
64.20739121	42.74102393	62.831614	1	0.5	0.5	0.5
61.87303159	39.25356399	62.247373	1	0.5	0.5	0.5
61.25370375	37.2727294	62.240586	1	0.5	0.5	0.5
65.59858771	43.92581808	71.11331	1	0.5	0.5	0.5
70.28145834	45.84872705	66.992008	1	0.5	0.5	0.5
69.62291961	45.72369917	61.831168	1	0.5	0.5	0.5
65.27681642	43.68602737	72.15663	1	0.5	0.5	0.5
70.29031943	45.85012501	66.003492	1	0.5	0.5	0.5
62.18959846	39.94006399	62.99841	1	0.5	0.5	0.5
61.27914668	37.38986876	67.532289	1	0.5	0.5	0.5
61.12785706	36.56354244	72.20145	1	0.5	0.5	0.5
70.56630042	45.89002689	61.7828315	1	0.5	0.5	0.5
70.17874596	45.83196147	62.687458	1	0.5	0.5	0.5
70.50659539	45.88199858	72.28883	1	0.5	0.5	0.5
61.13697378	36.6257019	71.01311	1	0.5	0.5	0.5
61.14095798	36.65214338	69.987002	1	0.5	0.5	0.5
61.14256564	36.66264808	68.978274	1	0.5	0.5	0.5
61.14139734	36.65497925	67.989396	1	0.5	0.5	0.5
61.14598066	36.68479582	64.978171	1	0.5	0.5	0.5
61.14069836	36.65038594	63.960668	1	0.5	0.5	0.5
71.21594121	45.95598081	63.5	1	0.5	0.5	0.5
61.13101247	36.58536066	62.989574	1	0.5	0.5	0.5
63.31973124	41.73061575	72.22301	1	0.5	0.5	0.5
61.64478407	38.66303419	62.671747	1	0.5	0.5	0.5
62.59283907	40.67041012	71.29568	1	0.5	0.5	0.5
62.28479579	40.12475495	61.7965183	1	0.5	0.5	0.5
63.90174544	42.42068056	72.25645	1	0.5	0.5	0.5
63.28580665	41.68663981	61.7394013	1	0.5	0.5	0.5
61.11315847	36.45769663	61.7661533	1	0.5	0.5	0.5
70.28262763	45.84891677	64.772683	1	0.5	0.5	0.5
61.16162787	36.78266326	65.955079	1	0.5	0.5	0.5
63.87020738	42.3861209	61.7326672	1	0.5	0.5	0.5
64.87489189	43.35949303	71.37828	1	0.5	0.5	0.5
64.86704532	43.35279279	62.616748	1	0.5	0.5	0.5
69.62262703	45.72363926	72.31734	1	0.5	0.5	0.5
61.27636074	37.37737696	72.31938	1	0.5	0.5	0.5
66.29793	44.38800483	71.34883	1	0.5	0.5	0.5
61.39210215	37.84969895	62.69273	1	0.5	0.5	0.5
62.57979607	40.64872171	62.635395	1	0.5	0.5	0.5
67.79660494	45.14788793	72.33115	1	0.5	0.5	0.5
70.29897882	45.85148303	71.41289	1	0.5	0.5	0.5
70.30344331	45.85218201	69.793819	1	0.5	0.5	0.5
61.85211207	39.20339706	72.36287	1	0.5	0.5	0.5
62.63558281	40.74072769	69.27374	1	0.5	0.5	0.5
66.13215049	44.28528446	61.6683495	1	0.5	0.5	0.5
62.0684709	39.69179563	69.986445	1	0.5	0.5	0.5
69.34549672	45.65841427	62.559011	1	0.5	0.5	0.5
61.13066297	36.58297414	67.187225	1	0.5	0.5	0.5
67.79660494	45.14788793	61.5868494	1	0.5	0.5	0.5
69.14220784	45.60572103	70.505915	1	0.5	0.5	0.5
62.64890041	40.76239612	70.62738	1	0.5	0.5	0.5
61.03768841	35.68995497	72.29695	1	0.5	0.5	0.5
71.31004613	45.96231159	72.29695	1	0.5	0.5	0.5
71.31004613	45.96231159	61.7030487	1	0.5	0.5	0.5
61.03605079	35.66339366	61.6774536	1	0.5	0.5	0.5
61.85211207	39.20339706	61.5458907	1	0.5	0.5	0.5
61.27637073	37.37739693	61.54525	1	0.5	0.5	0.5
61.33025224	37.60861013	66.129665	1	0.5	0.5	0.5
61.58159612	38.47924191	63.236312	1	0.5	0.5	0.5
61.45454119	38.07271409	63.246804	1	0.5	0.5	0.5
61.51055959	38.258813	62.682239	1	0.5	0.5	0.5
64.40846132	42.93831654	71.6519	1	0.5	0.5	0.5
64.23313871	42.7668563	72.21273	1	0.5	0.5	0.5
64.06942319	42.59961991	71.69562	1	0.5	0.5	0.5
62.89664254	41.14630689	71.60787	1	0.5	0.5	0.5
63.18996227	41.55984451	71.63487	1	0.5	0.5	0.5
63.01839219	41.32288967	72.19601	1	0.5	0.5	0.5
65.8180021	44.07916471	71.63375	1	0.5	0.5	0.5
65.65318418	43.96472141	72.15541	1	0.5	0.5	0.5
65.43660666	43.80739059	71.63497	1	0.5	0.5	0.5
64.39125738	42.92182057	62.331305	1	0.5	0.5	0.5
64.03682168	42.56544968	62.282141	1	0.5	0.5	0.5
64.21661378	42.75030041	61.7818311	1	0.5	0.5	0.5
65.94384778	44.16358174	71.23107	1	0.5	0.5	0.5
66.16895388	44.30844073	71.75152	1	0.5	0.5	0.5
62.87130444	41.1086118	62.329315	1	0.5	0.5	0.5
63.00243443	41.30016278	61.7851981	1	0.5	0.5	0.5
63.14644665	41.50099024	62.283518	1	0.5	0.5	0.5
61.20141991	37.00972251	71.84571	1	0.5	0.5	0.5
61.13237049	36.59462716	71.60728	1	0.5	0.5	0.5
61.20721147	37.04059753	71.25154	1	0.5	0.5	0.5
70.43137496	45.871414	70.519753	1	0.5	0.5	0.5
70.60817542	45.89545897	70.961501	1	0.5	0.5	0.5
70.12293425	45.82242536	70.971147	1	0.5	0.5	0.5
64.75774553	43.25821056	61.4154975	1	0.5	0.5	0.5
65.18345242	43.61295382	61.476261	1	0.5	0.5	0.5
64.99718375	43.46220341	61.8917584	1	0.5	0.5	0.5
61.39224194	37.85021819	63.618093	1	0.5	0.5	0.5
61.33450604	37.62593489	63.064019	1	0.5	0.5	0.5
70.25417109	45.84437339	63.224942	1	0.5	0.5	0.5
70.69586868	45.90630318	63.093729	1	0.5	0.5	0.5
70.77179808	45.91512033	63.631213	1	0.5	0.5	0.5
61.67524969	38.74803038	63.617621	1	0.5	0.5	0.5
61.74318074	38.93012513	63.053055	1	0.5	0.5	0.5
70.65602971	45.90147022	62.593729	1	0.5	0.5	0.5
71.17591741	45.95304509	63	1	0.5	0.5	0.5
63.92987047	42.45125602	71.27917	1	0.5	0.5	0.5
63.76554084	42.26924116	71.84	1	0.5	0.5	0.5
69.45407056	45.68487572	65.909492	1	0.5	0.5	0.5
69.01806767	45.57149089	66.217182	1	0.5	0.5	0.5
69.02392314	45.57313849	65.657648	1	0.5	0.5	0.5
62.66379771	40.78650101	71.73234	1	0.5	0.5	0.5
62.82120942	41.03308183	71.1712	1	0.5	0.5	0.5
63.86962523	42.38548183	62.698888	1	0.5	0.5	0.5
63.70706302	42.20245844	62.149415	1	0.5	0.5	0.5
61.09615324	36.32455057	66.227539	1	0.5	0.5	0.5
61.1456811	36.6828886	66.571152	1	0.5	0.5	0.5
61.08443032	36.22419676	66.843613	1	0.5	0.5	0.5
61.20216881	37.01374665	66.315915	1	0.5	0.5	0.5
61.18410513	36.91433146	66.931988	1	0.5	0.5	0.5
68.22041459	45.31324706	71.84498	1	0.5	0.5	0.5
68.14846639	45.2865859	71.28075	1	0.5	0.5	0.5
68.60719618	45.44687241	71.61721	1	0.5	0.5	0.5
63.34019143	41.75691744	71.23514	1	0.5	0.5	0.5
63.47377884	41.924723	71.82328	1	0.5	0.5	0.5
70.71816221	45.90894932	65.749773	1	0.5	0.5	0.5
70.28647303	45.8495159	65.388088	1	0.5	0.5	0.5
70.71429584	45.90848999	65.134369	1	0.5	0.5	0.5
64.5522319	43.07334984	71.25654	1	0.5	0.5	0.5
64.72593187	43.23020136	71.77364	1	0.5	0.5	0.5
69.0532644	45.58135652	65.129542	1	0.5	0.5	0.5
68.62184284	45.45161551	65.437231	1	0.5	0.5	0.5
65.56563171	43.90209264	61.476261	1	0.5	0.5	0.5
62.7894377	40.98446265	62.731515	1	0.5	0.5	0.5
62.65713542	40.77573669	62.233195	1	0.5	0.5	0.5
61.86069956	39.22408692	62.840869	1	0.5	0.5	0.5
62.02540763	39.59954001	62.622892	1	0.5	0.5	0.5
62.01206906	39.5705123	63.216387	1	0.5	0.5	0.5
61.52269192	38.29760649	71.57898	1	0.5	0.5	0.5
61.4003002	37.88004474	71.82949	1	0.5	0.5	0.5
61.39883234	37.87462264	71.23946	1	0.5	0.5	0.5
62.60964759	40.69820962	72.5845	1	0.5	0.5	0.5
62.35270487	40.25147037	72.52326	1	0.5	0.5	0.5
62.46956165	40.46067563	72.10777	1	0.5	0.5	0.5
63.27247807	41.66922518	62.696899	1	0.5	0.5	0.5
63.41536493	41.85217868	62.152782	1	0.5	0.5	0.5
61.66041131	38.70691028	71.27982	1	0.5	0.5	0.5
61.66230855	38.71219258	71.86985	1	0.5	0.5	0.5
61.07986697	36.18273715	62.750541	1	0.5	0.5	0.5
61.07310681	36.11864052	62.138831	1	0.5	0.5	0.5
61.12189575	36.52155361	62.377864	1	0.5	0.5	0.5
61.18689107	36.93001861	62.61508	1	0.5	0.5	0.5
61.17575729	36.86654108	62.00337	1	0.5	0.5	0.5
61.28476849	37.41494224	71.90467	1	0.5	0.5	0.5
61.19444007	36.97185767	72.26041	1	0.5	0.5	0.5
70.12516101	45.82281479	70.161609	1	0.5	0.5	0.5
70.61041616	45.89574855	70.151963	1	0.5	0.5	0.5
61.26747369	37.3369159	62.837947	1	0.5	0.5	0.5
61.19862398	36.99460453	63.212441	1	0.5	0.5	0.5
66.74069804	44.64302335	72.50474	1	0.5	0.5	0.5
67.16632604	44.86326254	72.50474	1	0.5	0.5	0.5
61.31900862	37.56214781	62.466658	1	0.5	0.5	0.5
69.00003394	45.56638832	71.27511	1	0.5	0.5	0.5
69.07391632	45.58707818	71.83934	1	0.5	0.5	0.5
61.75465403	38.95994169	62.45956	1	0.5	0.5	0.5
61.68654324	38.77901524	62.053737	1	0.5	0.5	0.5
61.58192564	38.48022049	62.265924	1	0.5	0.5	0.5
68.20963329	45.30928284	65.193419	1	0.5	0.5	0.5
68.18104993	45.29872821	65.721525	1	0.5	0.5	0.5
61.08034627	36.18720065	71.84635	1	0.5	0.5	0.5
61.08379125	36.21842516	71.25218	1	0.5	0.5	0.5
61.3756561	37.78775917	62.050343	1	0.5	0.5	0.5
61.45483077	38.07370265	62.276415	1	0.5	0.5	0.5
61.67722681	38.75348244	61.7029956	1	0.5	0.5	0.5
61.86253688	39.22849051	61.896632	1	0.5	0.5	0.5
61.26490743	37.32509312	61.892918	1	0.5	0.5	0.5
61.38937612	37.83952377	61.7026753	1	0.5	0.5	0.5
61.34048733	37.65010968	66.773842	1	0.5	0.5	0.5
61.35875073	37.72249424	67.20161	1	0.5	0.5	0.5
61.26314999	37.31694499	67.10452	1	0.5	0.5	0.5
64.7220685	43.22678633	62.223871	1	0.5	0.5	0.5
64.5309519	43.05366851	62.724181	1	0.5	0.5	0.5
62.13282117	39.82566063	72.52326	1	0.5	0.5	0.5
62.33457927	40.21803907	70.471239	1	0.5	0.5	0.5
62.54270211	40.5863925	70.315568	1	0.5	0.5	0.5
62.43392057	40.39799693	70.783051	1	0.5	0.5	0.5
71.02715231	45.94083288	71.00505	1	0.5	0.5	0.5
70.71649663	45.90874961	71.45645	1	0.5	0.5	0.5
68.24581658	45.32251356	62.096903	1	0.5	0.5	0.5
68.63648551	45.45633863	62.354198	1	0.5	0.5	0.5
68.1861485	45.30062545	62.620106	1	0.5	0.5	0.5
69.87357549	45.77620269	65.676725	1	0.5	0.5	0.5
69.86975605	45.77545378	65.061321	1	0.5	0.5	0.5
65.14623563	43.58336692	62.284635	1	0.5	0.5	0.5
66.95941843	44.75913422	62.397177	1	0.5	0.5	0.5
67.36043629	44.9560374	62.096903	1	0.5	0.5	0.5
67.39238275	44.9708658	62.663085	1	0.5	0.5	0.5
61.28739467	37.42660525	66.403209	1	0.5	0.5	0.5
61.38713937	37.83116594	66.500298	1	0.5	0.5	0.5
67.79886764	45.14882657	62.910792	1	0.5	0.5	0.5
68.18332262	45.29957697	63.168087	1	0.5	0.5	0.5
62.06935661	39.69367289	62.021946	1	0.5	0.5	0.5
62.23676076	40.03263913	62.397464	1	0.5	0.5	0.5
67.78829903	45.14445294	64.973367	1	0.5	0.5	0.5
68.22289398	45.31415574	64.689073	1	0.5	0.5	0.5
69.86760718	45.77502441	66.236259	1	0.5	0.5	0.5
62.40265411	40.3422082	71.6711	1	0.5	0.5	0.5
62.42870916	40.3887504	62.215956	1	0.5	0.5	0.5
62.37817077	40.29798262	62.816902	1	0.5	0.5	0.5
66.27276765	44.37267716	72.5771	1	0.5	0.5	0.5
66.50213954	44.50903852	72.08184	1	0.5	0.5	0.5
67.38964774	44.96959764	63.211066	1	0.5	0.5	0.5
66.57761659	44.55227554	62.145125	1	0.5	0.5	0.5
66.60827294	44.56961029	62.711308	1	0.5	0.5	0.5
67.4040907	44.97626793	64.222059	1	0.5	0.5	0.5
67.3906323	44.97005697	64.72134	1	0.5	0.5	0.5
67.00079017	44.78039325	64.474377	1	0.5	0.5	0.5
65.07392996	43.52513175	71.76745	1	0.5	0.5	0.5
65.23081443	43.65021953	71.24579	1	0.5	0.5	0.5
61.64595237	38.66630942	70.7537	1	0.5	0.5	0.5
61.80014776	39.07570307	71.04457	1	0.5	0.5	0.5
61.99643184	39.53618231	70.728587	1	0.5	0.5	0.5
62.0143058	39.57539519	71.25471	1	0.5	0.5	0.5
62.14938903	39.8593915	70.462584	1	0.5	0.5	0.5
62.24755903	40.05352871	69.9951	1	0.5	0.5	0.5
68.23497638	45.31856931	72.2563	1	0.5	0.5	0.5
67.78228479	45.14194659	71.91984	1	0.5	0.5	0.5
62.32772526	40.2053176	69.527458	1	0.5	0.5	0.5
62.42060097	40.37432142	69.16245	1	0.5	0.5	0.5
62.53624052	40.57543846	69.638748	1	0.5	0.5	0.5
62.70061109	40.84547511	69.996756	1	0.5	0.5	0.5
62.80466851	41.0078386	69.631748	1	0.5	0.5	0.5
62.14300633	39.84643038	69.518802	1	0.5	0.5	0.5
62.40756695	40.35102535	71.1172	1	0.5	0.5	0.5
62.62075741	40.71647302	70.96153	1	0.5	0.5	0.5
67.40150347	44.97506967	63.716934	1	0.5	0.5	0.5
67.79871586	45.14876665	63.963897	1	0.5	0.5	0.5
67.37781497	44.96411563	65.225686	1	0.5	0.5	0.5
69.8849589	45.77843943	63.542668	1	0.5	0.5	0.5
69.81000209	45.76346125	63.005184	1	0.5	0.5	0.5
62.22851977	40.01661248	71.49263	1	0.5	0.5	0.5
69.72238372	45.74526775	70.065911	1	0.5	0.5	0.5
69.8994458	45.7812753	69.698121	1	0.5	0.5	0.5
71.1419459	45.9504289	64.998027	1	0.5	0.5	0.5
70.70827761	45.90778103	64.636342	1	0.5	0.5	0.5
68.60842139	45.44727183	63.383649	1	0.5	0.5	0.5
68.21528606	45.31135981	63.674335	1	0.5	0.5	0.5
69.54305894	45.70568541	70.517658	1	0.5	0.5	0.5
69.31991798	45.65201359	70.054169	1	0.5	0.5	0.5
70.73192616	45.91055698	64.131213	1	0.5	0.5	0.5
71.17591741	45.95304509	64	1	0.5	0.5	0.5
68.21796016	45.31234837	64.17946	1	0.5	0.5	0.5
62.01011191	39.56621855	71.80861	1	0.5	0.5	0.5
68.64584388	45.45934425	64.399511	1	0.5	0.5	0.5
70.30614937	45.85261139	64.267555	1	0.5	0.5	0.5
62.81163037	41.01848309	70.308568	1	0.5	0.5	0.5
70.06299157	45.81186075	72.30309	1	0.5	0.5	0.5
69.95980188	45.79285843	71.86512	1	0.5	0.5	0.5
70.40271371	45.86724008	71.85086	1	0.5	0.5	0.5
69.00740021	45.56847528	63.100156	1	0.5	0.5	0.5
69.04019344	45.57770184	63.606404	1	0.5	0.5	0.5
69.46150773	45.68664315	63.820894	1	0.5	0.5	0.5
69.05771592	45.58259471	64.104387	1	0.5	0.5	0.5
69.06277954	45.58399268	64.614001	1	0.5	0.5	0.5
69.9028129	45.78193434	64.040652	1	0.5	0.5	0.5
64.50014877	43.02499028	69.239978	1	0.5	0.5	0.5
64.50087271	43.02566929	68.737415	1	0.5	0.5	0.5
64.82375738	43.31563691	68.989472	1	0.5	0.5	0.5
64.18945734	42.72293028	68.485374	1	0.5	0.5	0.5
64.50135002	43.02611864	68.234868	1	0.5	0.5	0.5
61.61894172	38.58913184	67.171738	1	0.5	0.5	0.5
61.59638457	38.52320787	66.677012	1	0.5	0.5	0.5
61.79058169	39.05165809	66.977818	1	0.5	0.5	0.5
63.89074247	42.40865807	67.730773	1	0.5	0.5	0.5
63.89020325	42.40806893	68.233369	1	0.5	0.5	0.5
63.60372755	42.08172431	67.981316	1	0.5	0.5	0.5
63.28226381	41.68201655	69.739361	1	0.5	0.5	0.5
63.0249047	41.3321362	69.487285	1	0.5	0.5	0.5
63.32863627	41.74208904	69.23689	1	0.5	0.5	0.5
61.40526297	37.89823824	65.193254	1	0.5	0.5	0.5
61.52398004	38.30170053	65.460764	1	0.5	0.5	0.5
61.40505328	37.89746936	65.695815	1	0.5	0.5	0.5
64.50079582	43.0255994	69.742534	1	0.5	0.5	0.5
64.1896211	42.72310004	69.490478	1	0.5	0.5	0.5
69.46959795	45.68856036	64.834418	1	0.5	0.5	0.5
66.98052769	44.77000838	69.496624	1	0.5	0.5	0.5
67.35949266	44.95559804	69.241733	1	0.5	0.5	0.5
67.35861095	44.95518863	69.744342	1	0.5	0.5	0.5
66.60441256	44.56744345	65.224145	1	0.5	0.5	0.5
66.23536414	44.3497206	64.971071	1	0.5	0.5	0.5
66.61021411	44.57070869	64.720585	1	0.5	0.5	0.5
66.62313429	44.5779781	64.221304	1	0.5	0.5	0.5
61.48547613	38.17694226	66.417128	1	0.5	0.5	0.5
61.63873289	38.64587918	66.223208	1	0.5	0.5	0.5
63.88976289	42.40758963	68.735917	1	0.5	0.5	0.5
70.70433335	45.90731171	67.746973	1	0.5	0.5	0.5
70.2781192	45.84819782	67.492977	1	0.5	0.5	0.5
70.70768946	45.90771113	67.246004	1	0.5	0.5	0.5
67.37261255	44.96169915	68.743493	1	0.5	0.5	0.5
67.75775353	45.1317115	68.991211	1	0.5	0.5	0.5
63.60258821	42.08037627	68.98644	1	0.5	0.5	0.5
63.3292294	41.74284793	68.734363	1	0.5	0.5	0.5
66.59743273	44.56349919	69.747182	1	0.5	0.5	0.5
66.59827949	44.56397849	69.244573	1	0.5	0.5	0.5
64.50196612	43.02668781	67.732312	1	0.5	0.5	0.5
64.82514535	43.31683516	67.984354	1	0.5	0.5	0.5
63.3314272	41.74567382	66.724102	1	0.5	0.5	0.5
63.07156473	41.39776061	66.472026	1	0.5	0.5	0.5
63.33197041	41.7463728	66.221522	1	0.5	0.5	0.5
63.33361102	41.74847973	64.713855	1	0.5	0.5	0.5
63.60712161	42.08574844	64.965927	1	0.5	0.5	0.5
63.33306182	41.74777076	65.216435	1	0.5	0.5	0.5
64.82777752	43.31910186	65.974098	1	0.5	0.5	0.5
64.50390929	43.02850516	66.224641	1	0.5	0.5	0.5
64.50456134	43.02911428	65.722064	1	0.5	0.5	0.5
65.86623983	44.11181714	65.222055	1	0.5	0.5	0.5
65.87176478	44.11553173	64.718495	1	0.5	0.5	0.5
65.16289936	43.59664757	65.723587	1	0.5	0.5	0.5
65.16220138	43.59608839	66.226164	1	0.5	0.5	0.5
69.85326008	45.77217855	68.740126	1	0.5	0.5	0.5
69.88943139	45.77931815	69.293284	1	0.5	0.5	0.5
69.4624903	45.68687281	69.049264	1	0.5	0.5	0.5
65.16498432	43.59830516	64.215913	1	0.5	0.5	0.5
65.51159543	43.86277991	64.467441	1	0.5	0.5	0.5
65.16565934	43.59884437	64.717952	1	0.5	0.5	0.5
65.87104982	44.11505243	64.216457	1	0.5	0.5	0.5
62.59290698	40.67051996	63.967746	1	0.5	0.5	0.5
62.38655556	40.31319047	64.214409	1	0.5	0.5	0.5
62.38414807	40.30882682	63.721895	1	0.5	0.5	0.5
66.22597981	44.34392903	67.98743	1	0.5	0.5	0.5
66.60085574	44.56543637	67.736923	1	0.5	0.5	0.5
66.60004193	44.56497704	68.239487	1	0.5	0.5	0.5
65.16013539	43.59445077	67.733849	1	0.5	0.5	0.5
65.15947635	43.59392154	68.236404	1	0.5	0.5	0.5
62.82517863	41.03911304	66.722558	1	0.5	0.5	0.5
62.82566493	41.03985196	66.219978	1	0.5	0.5	0.5
61.64624195	38.6671482	70.251138	1	0.5	0.5	0.5
61.65774519	38.69947111	69.722838	1	0.5	0.5	0.5
61.7968925	39.06754495	69.990151	1	0.5	0.5	0.5
63.8943552	42.41261231	64.715396	1	0.5	0.5	0.5
63.89375208	42.41195327	65.217976	1	0.5	0.5	0.5
64.50521039	43.02972339	65.219483	1	0.5	0.5	0.5
64.1930561	42.72657497	65.470026	1	0.5	0.5	0.5
68.16854414	45.29408497	68.745053	1	0.5	0.5	0.5
68.15498589	45.28903233	69.243293	1	0.5	0.5	0.5
69.00484294	45.56774634	68.244314	1	0.5	0.5	0.5
68.99674773	45.56544969	68.74662	1	0.5	0.5	0.5
68.57977612	45.43792545	68.494828	1	0.5	0.5	0.5
66.22897844	44.34577634	65.977202	1	0.5	0.5	0.5
65.86334904	44.10986998	66.227713	1	0.5	0.5	0.5
65.86404902	44.11033929	65.725142	1	0.5	0.5	0.5
63.60597627	42.08439042	65.971053	1	0.5	0.5	0.5
63.33251062	41.7470618	65.718976	1	0.5	0.5	0.5
63.07260222	41.3992085	65.466904	1	0.5	0.5	0.5
62.82416311	41.03757528	67.727673	1	0.5	0.5	0.5
62.82368481	41.03684634	68.23024	1	0.5	0.5	0.5
62.59226092	40.66945151	67.978192	1	0.5	0.5	0.5
64.50262616	43.02730691	67.229751	1	0.5	0.5	0.5
64.19055174	42.72403867	67.480265	1	0.5	0.5	0.5
62.37683073	40.29555615	66.218449	1	0.5	0.5	0.5
62.3772591	40.29633502	65.715886	1	0.5	0.5	0.5
62.59410623	40.67251705	65.967948	1	0.5	0.5	0.5
65.86038236	44.10787289	68.237947	1	0.5	0.5	0.5
65.85964144	44.10737361	68.740512	1	0.5	0.5	0.5
65.50445583	43.85754753	68.488464	1	0.5	0.5	0.5
62.37552163	40.29316963	67.726141	1	0.5	0.5	0.5
62.37510224	40.29241073	68.228708	1	0.5	0.5	0.5
63.33415622	41.74917871	64.211293	1	0.5	0.5	0.5
63.33470243	41.74987769	63.708728	1	0.5	0.5	0.5
63.60827193	42.08711645	63.960782	1	0.5	0.5	0.5
64.82644246	43.31795353	66.979237	1	0.5	0.5	0.5
64.50326223	43.02789605	66.727189	1	0.5	0.5	0.5
62.37639935	40.2947673	66.721024	1	0.5	0.5	0.5
62.17465223	39.91027737	66.468963	1	0.5	0.5	0.5
62.37596199	40.29396847	67.223582	1	0.5	0.5	0.5
62.17384341	39.90865973	67.474098	1	0.5	0.5	0.5
62.17543609	39.91184509	65.463836	1	0.5	0.5	0.5
62.3776735	40.29708393	65.213335	1	0.5	0.5	0.5
65.86115723	44.10839213	67.735383	1	0.5	0.5	0.5
66.22441509	44.34296044	68.992563	1	0.5	0.5	0.5
65.85889153	44.10686436	69.24308	1	0.5	0.5	0.5
63.89555446	42.41392041	63.710271	1	0.5	0.5	0.5
63.89495533	42.41326137	64.212836	1	0.5	0.5	0.5
61.98676592	39.51478348	68.227164	1	0.5	0.5	0.5
62.19658329	39.95391381	68.513908	1	0.5	0.5	0.5
62.00806489	39.56174507	68.764416	1	0.5	0.5	0.5
63.33087201	41.74495487	67.226663	1	0.5	0.5	0.5
63.33029485	41.74421594	67.72922	1	0.5	0.5	0.5
63.07050128	41.39627278	67.477164	1	0.5	0.5	0.5
61.66112028	38.70889738	68.225623	1	0.5	0.5	0.5
61.66082071	38.7080586	68.728186	1	0.5	0.5	0.5
61.52234243	38.29648812	68.476137	1	0.5	0.5	0.5
61.98713538	39.51561227	67.7246	1	0.5	0.5	0.5
61.81614446	39.11549511	67.975108	1	0.5	0.5	0.5
61.66142983	38.70974615	67.723059	1	0.5	0.5	0.5
63.30130009	41.70678047	63.142926	1	0.5	0.5	0.5
63.57837847	42.05155825	63.01219	1	0.5	0.5	0.5
62.82762108	41.04282763	64.20975	1	0.5	0.5	0.5
62.82488207	41.03866369	63.717236	1	0.5	0.5	0.5
61.98751483	39.51645105	67.222042	1	0.5	0.5	0.5
62.37809988	40.29786279	64.710773	1	0.5	0.5	0.5
62.5950219	40.67403484	64.962823	1	0.5	0.5	0.5
61.98862321	39.51892744	65.714336	1	0.5	0.5	0.5
61.98898269	39.51970631	65.211784	1	0.5	0.5	0.5
65.85815161	44.10636508	69.745641	1	0.5	0.5	0.5
65.50301493	43.85648907	69.49359	1	0.5	0.5	0.5
64.19430627	42.72783314	64.464886	1	0.5	0.5	0.5
61.39999065	37.87891639	68.726648	1	0.5	0.5	0.5
61.40023031	37.87977513	68.224085	1	0.5	0.5	0.5
62.4000539	40.337535	68.76596	1	0.5	0.5	0.5
62.82467936	41.03835415	67.225116	1	0.5	0.5	0.5
63.07364171	41.40065639	64.461802	1	0.5	0.5	0.5
61.39976099	37.87805764	69.22921	1	0.5	0.5	0.5
61.29428463	37.45682124	68.977159	1	0.5	0.5	0.5
61.81816152	39.12048783	64.959732	1	0.5	0.5	0.5
61.9893222	39.5204652	64.709233	1	0.5	0.5	0.5
65.15730351	43.59219406	69.744093	1	0.5	0.5	0.5
65.15800149	43.59274326	69.241531	1	0.5	0.5	0.5
66.22680261	44.34443829	69.990027	1	0.5	0.5	0.5
65.86122813	44.10844206	70.240538	1	0.5	0.5	0.5
64.5065065	43.03093163	64.214375	1	0.5	0.5	0.5
64.50585745	43.03032252	64.716935	1	0.5	0.5	0.5
61.52180321	38.2947906	69.481262	1	0.5	0.5	0.5
61.39953132	37.87719889	69.731773	1	0.5	0.5	0.5
61.66294761	38.71398996	65.210243	1	0.5	0.5	0.5
61.66323719	38.71476883	64.707692	1	0.5	0.5	0.5
65.15947834	43.59392154	70.240542	1	0.5	0.5	0.5
64.8251124	43.31680521	69.988483	1	0.5	0.5	0.5
64.51009328	43.03427676	63.718599	1	0.5	0.5	0.5
64.83351017	43.32404466	63.970648	1	0.5	0.5	0.5
66.60066302	44.56532653	70.242079	1	0.5	0.5	0.5
64.50282686	43.02749663	70.238983	1	0.5	0.5	0.5
63.60063006	42.07804966	69.998593	1	0.5	0.5	0.5
63.28100365	41.68036895	70.248988	1	0.5	0.5	0.5
61.40202769	37.88640548	64.126575	1	0.5	0.5	0.5
61.28989103	37.43757927	63.94379	1	0.5	0.5	0.5
61.39929167	37.87634014	70.234335	1	0.5	0.5	0.5
61.29388521	37.45509375	69.982283	1	0.5	0.5	0.5
61.40314606	37.89049951	64.705238	1	0.5	0.5	0.5
61.30008618	37.48193465	64.940289	1	0.5	0.5	0.5
64.21560625	42.74929188	70.563914	1	0.5	0.5	0.5
63.91263358	42.43254328	70.821507	1	0.5	0.5	0.5
63.88831001	42.40599196	70.250627	1	0.5	0.5	0.5
61.52294156	38.29840533	64.37954	1	0.5	0.5	0.5
64.52918447	43.05203089	70.809863	1	0.5	0.5	0.5
63.6157081	42.09590365	70.965884	1	0.5	0.5	0.5
63.88970697	42.40751973	69.741	1	0.5	0.5	0.5
61.66179929	38.71078463	64.12903	1	0.5	0.5	0.5
61.52127399	38.29310305	70.486387	1	0.5	0.5	0.5
61.39906201	37.87548139	70.736898	1	0.5	0.5	0.5
66.9788711	44.76915961	70.501796	1	0.5	0.5	0.5
66.59988915	44.56488717	70.744641	1	0.5	0.5	0.5
65.16882373	43.60135072	63.720137	1	0.5	0.5	0.5
67.36938525	44.96020133	71.25644	1	0.5	0.5	0.5
67.36857843	44.95983187	71.759	1	0.5	0.5	0.5
66.9772894	44.76835079	71.50692	1	0.5	0.5	0.5
61.83339932	39.15794327	63.945773	1	0.5	0.5	0.5
61.29349578	37.45335628	70.987408	1	0.5	0.5	0.5
67.36973973	44.96037108	70.251288	1	0.5	0.5	0.5
67.36893291	44.95999164	70.75385	1	0.5	0.5	0.5
65.16951972	43.60190991	63.217575	1	0.5	0.5	0.5
65.51161739	43.86279988	63.46284	1	0.5	0.5	0.5
68.14800007	45.28641615	70.778162	1	0.5	0.5	0.5
68.12873014	45.27917669	70.243377	1	0.5	0.5	0.5
68.5147788	45.41640679	70.518196	1	0.5	0.5	0.5
67.76751331	45.13579555	71.00593	1	0.5	0.5	0.5
65.86773565	44.11282567	63.212327	1	0.5	0.5	0.5
65.86699872	44.1123264	63.714889	1	0.5	0.5	0.5
65.86847457	44.11332495	62.709767	1	0.5	0.5	0.5
66.23347889	44.3485523	62.961816	1	0.5	0.5	0.5
65.55034698	43.89101877	70.55473	1	0.5	0.5	0.5
65.20611541	43.63083777	70.79912	1	0.5	0.5	0.5
65.16085534	43.59501994	67.231289	1	0.5	0.5	0.5
65.16153734	43.59555916	66.728727	1	0.5	0.5	0.5
67.00236088	44.78120207	63.469228	1	0.5	0.5	0.5
63.89135258	42.4093271	67.228212	1	0.5	0.5	0.5
65.91064215	44.14155383	70.799116	1	0.5	0.5	0.5
65.50591969	43.85862596	67.48334	1	0.5	0.5	0.5
66.60749707	44.56918092	63.213868	1	0.5	0.5	0.5
66.61887749	44.57558159	63.719736	1	0.5	0.5	0.5
62.59317858	40.67097929	66.973068	1	0.5	0.5	0.5
62.79501657	40.99304015	63.151434	1	0.5	0.5	0.5
63.04248909	41.35699	63.393437	1	0.5	0.5	0.5
65.86192112	44.10891137	67.232823	1	0.5	0.5	0.5
61.48492693	38.17513489	67.422253	1	0.5	0.5	0.5
63.60482595	42.0830324	66.976159	1	0.5	0.5	0.5
62.82713279	41.04207872	64.712312	1	0.5	0.5	0.5
62.82664749	41.04134978	65.214874	1	0.5	0.5	0.5
63.89196169	42.40999612	66.725651	1	0.5	0.5	0.5
66.22751757	44.34487765	66.98232	1	0.5	0.5	0.5
65.86264507	44.10940066	66.730277	1	0.5	0.5	0.5
66.60291474	44.56659468	66.229265	1	0.5	0.5	0.5
66.60365067	44.56701407	65.726693	1	0.5	0.5	0.5
66.60221376	44.56619527	66.73184	1	0.5	0.5	0.5
66.60145287	44.56576589	67.234386	1	0.5	0.5	0.5
67.37626723	44.96339668	66.230817	1	0.5	0.5	0.5
67.37702013	44.96374617	65.728234	1	0.5	0.5	0.5
67.77448915	45.13870132	65.980295	1	0.5	0.5	0.5
66.9853227	44.77247479	66.481331	1	0.5	0.5	0.5
67.37553729	44.96305717	66.733393	1	0.5	0.5	0.5
67.77313313	45.13814213	66.985503	1	0.5	0.5	0.5
67.37495713	44.96278756	67.236018	1	0.5	0.5	0.5
63.89315295	42.41129423	65.720557	1	0.5	0.5	0.5
68.17716159	45.29729031	67.740325	1	0.5	0.5	0.5
68.17643166	45.2970207	68.242746	1	0.5	0.5	0.5
67.77182403	45.13759293	67.99055	1	0.5	0.5	0.5
68.17719055	45.29730029	67.23756	1	0.5	0.5	0.5
68.17778968	45.29751997	66.734935	1	0.5	0.5	0.5
65.50734562	43.85966444	66.478217	1	0.5	0.5	0.5
69.00308051	45.56724707	67.23902	1	0.5	0.5	0.5
69.01552038	45.57077193	66.728009	1	0.5	0.5	0.5
69.4355805	45.68045217	66.980037	1	0.5	0.5	0.5
68.58780243	45.44055162	67.489757	1	0.5	0.5	0.5
69.00305155	45.56723708	67.741785	1	0.5	0.5	0.5
68.53349953	45.4226477	69.490273	1	0.5	0.5	0.5
69.03222905	45.57547508	69.299779	1	0.5	0.5	0.5
68.99343156	45.56451105	69.792917	1	0.5	0.5	0.5
66.98238897	44.77096698	68.491497	1	0.5	0.5	0.5
66.59906635	44.56441785	68.742005	1	0.5	0.5	0.5
69.42482117	45.67785595	67.993577	1	0.5	0.5	0.5
67.37362807	44.96217845	68.240975	1	0.5	0.5	0.5
68.59034772	45.44138041	66.476165	1	0.5	0.5	0.5
64.19180991	42.72530682	66.475155	1	0.5	0.5	0.5
67.75572848	45.13086273	69.996396	1	0.5	0.5	0.5
66.98681752	44.77324367	65.476207	1	0.5	0.5	0.5
66.23687694	44.35064924	63.965944	1	0.5	0.5	0.5
62.82615421	41.04060087	65.717415	1	0.5	0.5	0.5
65.15877637	43.59336236	68.738969	1	0.5	0.5	0.5
62.00464987	39.55426596	69.256505	1	0.5	0.5	0.5
61.81271945	39.10702744	68.969761	1	0.5	0.5	0.5
61.65804476	38.70030989	69.220275	1	0.5	0.5	0.5
65.51016052	43.86173143	65.472567	1	0.5	0.5	0.5
67.37433404	44.96250797	67.738554	1	0.5	0.5	0.5
65.16496635	43.59828519	65.220501	1	0.5	0.5	0.5
66.98399563	44.77179577	67.486443	1	0.5	0.5	0.5
68.18027106	45.29843863	66.224108	1	0.5	0.5	0.5
63.90152875	42.42045089	63.144916	1	0.5	0.5	0.5
64.20115829	42.73475306	63.39697	1	0.5	0.5	0.5
64.51656685	43.04030797	63.153243	1	0.5	0.5	0.5
62.18366311	39.92826118	64.464922	1	0.5	0.5	0.5
63.3245632	41.73684668	70.777475	1	0.5	0.5	0.5
62.01296775	39.57245946	63.701461	1	0.5	0.5	0.5
61.99654168	39.53642196	64.21287	1	0.5	0.5	0.5
68.11724487	45.274843	69.736431	1	0.5	0.5	0.5
64.82912356	43.32026017	64.968973	1	0.5	0.5	0.5
63.89255882	42.41064518	66.223103	1	0.5	0.5	0.5
63.32980357	41.74358686	68.231817	1	0.5	0.5	0.5
61.95906627	39.45285369	66.727315	1	0.5	0.5	0.5
63.02227353	41.32840164	70.518243	1	0.5	0.5	0.5
69.84903823	45.77132979	68.245026	1	0.5	0.5	0.5
69.84721289	45.77097031	67.742496	1	0.5	0.5	0.5
61.66268799	38.71324105	65.712804	1	0.5	0.5	0.5
63.88911084	42.40687068	69.238444	1	0.5	0.5	0.5
63.06940987	41.394745	68.482267	1	0.5	0.5	0.5
62.82317056	41.03606748	68.732787	1	0.5	0.5	0.5
61.95942575	39.45367249	66.22474	1	0.5	0.5	0.5
61.79125072	39.05335562	65.972687	1	0.5	0.5	0.5
70.27903187	45.84833761	68.489045	1	0.5	0.5	0.5
70.70796806	45.90774108	68.742011	1	0.5	0.5	0.5
70.70369428	45.90724181	68.246911	1	0.5	0.5	0.5
69.85052706	45.77162935	67.241528	1	0.5	0.5	0.5
71.1359045	45.94995959	67	1	0.5	0.5	0.5
70.70768946	45.90771113	66.746004	1	0.5	0.5	0.5
71.56761714	45.97548241	69.75	1	0.5	0.5	0.5
71.56761714	45.97548241	69.25	1	0.5	0.5	0.5
71.56697417	45.97546244	68.749938	1	0.5	0.5	0.5
71.56697417	45.97546244	68.249938	1	0.5	0.5	0.5
71.56761714	45.97548241	64.75	1	0.5	0.5	0.5
71.56761714	45.97548241	64.25	1	0.5	0.5	0.5
61.02346912	35.40499007	71.24563	1	0.5	0.5	0.5
61.02346912	35.40499007	71.74563	1	0.5	0.5	0.5
71.45858995	45.97064945	70.755053	1	0.5	0.5	0.5
71.45858995	45.97064945	70.255053	1	0.5	0.5	0.5
61.02451759	35.43238017	66.25	1	0.5	0.5	0.5
61.02451759	35.43238017	66.75	1	0.5	0.5	0.5
71.56761714	45.97548241	66.75	1	0.5	0.5	0.5
71.56761714	45.97548241	66.25	1	0.5	0.5	0.5
71.56761714	45.97548241	71.75	1	0.5	0.5	0.5
71.56761714	45.97548241	71.25	1	0.5	0.5	0.5
71.56761714	45.97548241	62.75	1	0.5	0.5	0.5
71.56761714	45.97548241	62.25	1	0.5	0.5	0.5
61.02290993	35.38949264	62.255754	1	0.5	0.5	0.5
61.02290993	35.38949264	62.755754	1	0.5	0.5	0.5
61.02448764	35.43165123	67.257685	1	0.5	0.5	0.5
61.02448764	35.43165123	67.757685	1	0.5	0.5	0.5
61.02428793	35.42671841	70.249628	1	0.5	0.5	0.5
61.02428793	35.42671841	70.749628	1	0.5	0.5	0.5
61.02451759	35.43238017	69.25	1	0.5	0.5	0.5
61.02451759	35.43238017	69.75	1	0.5	0.5	0.5
61.02417809	35.42390252	65.247406	1	0.5	0.5	0.5
61.02417809	35.42390252	65.747406	1	0.5	0.5	0.5
71.56761714	45.97548241	67.75	1	0.5	0.5	0.5
71.56761714	45.97548241	67.25	1	0.5	0.5	0.5
61.02404828	35.42037765	64.248632	1	0.5	0.5	0.5
61.02404828	35.42037765	64.748632	1	0.5	0.5	0.5
61.02451759	35.43237018	68.250024	1	0.5	0.5	0.5
61.02451759	35.43237018	68.750024	1	0.5	0.5	0.5
61.02392845	35.41734207	63.250649	1	0.5	0.5	0.5
61.02392845	35.41734207	63.750649	1	0.5	0.5	0.5
71.57367252	45.97572206	65.748027	1	0.5	0.5	0.5
71.57367252	45.97572206	65.248027	1	0.5	0.5	0.5
71.13526313	45.94990966	68.999938	1	0.5	0.5	0.5
70.70860713	45.90782097	69.242073	1	0.5	0.5	0.5
69.86320759	45.77415567	66.730517	1	0.5	0.5	0.5
61.0499805	35.86335239	68.00771	1	0.5	0.5	0.5
61.04563683	35.80628551	63.006404	1	0.5	0.5	0.5
71.1419459	45.9504289	65.998027	1	0.5	0.5	0.5
71.02715231	45.94083288	70.005053	1	0.5	0.5	0.5
61.04748414	35.83111934	70.995253	1	0.5	0.5	0.5
71.13526313	45.94990966	67.999938	1	0.5	0.5	0.5
61.0499805	35.86336237	67.007685	1	0.5	0.5	0.5
61.04960105	35.85844953	69.999628	1	0.5	0.5	0.5
61.04938137	35.85563363	65.997406	1	0.5	0.5	0.5
61.04844274	35.84365108	64.996039	1	0.5	0.5	0.5
61.05004041	35.86408132	69.000024	1	0.5	0.5	0.5
61.04794347	35.83711061	63.999282	1	0.5	0.5	0.5
67.79912826	45.14893641	61.9748302	1	0.5	0.5	0.5
68.24325032	45.32158492	61.7089222	1	0.5	0.5	0.5
70.28588789	45.84942603	66.49775	1	0.5	0.5	0.5
61.0889038	36.26341962	64.737718	1	0.5	0.5	0.5
61.0869167	36.24612481	64.228966	1	0.5	0.5	0.5
61.14332453	36.66759088	64.46942	1	0.5	0.5	0.5
65.47253832	43.83405175	62.4564	1	0.5	0.5	0.5
65.82755019	44.08565525	62.205889	1	0.5	0.5	0.5
61.21490027	37.08085889	64.715222	1	0.5	0.5	0.5
61.21161505	37.0637538	64.20647	1	0.5	0.5	0.5
61.39027481	37.84286889	72.24419	1	0.5	0.5	0.5
70.71214397	45.90824036	66.251746	1	0.5	0.5	0.5
70.09279616	45.81715304	61.8069997	1	0.5	0.5	0.5
70.37226406	45.86272665	62.235145	1	0.5	0.5	0.5
69.9001358	45.7814151	62.259313	1	0.5	0.5	0.5
62.19056405	39.94198119	63.483484	1	0.5	0.5	0.5
69.85727523	45.77297739	61.415584	1	0.5	0.5	0.5
69.38940376	45.66925847	61.415584	1	0.5	0.5	0.5
65.10687896	43.55179291	72.57831	1	0.5	0.5	0.5
65.48646403	43.84432679	72.57831	1	0.5	0.5	0.5
67.14190062	44.85125004	61.4154975	1	0.5	0.5	0.5
66.71681982	44.62996238	61.4154975	1	0.5	0.5	0.5
61.4548108	38.07364273	72.5845	1	0.5	0.5	0.5
61.59892088	38.53068697	72.5845	1	0.5	0.5	0.5
68.46097118	45.39824325	72.59072	1	0.5	0.5	0.5
68.91790458	45.54272279	72.59072	1	0.5	0.5	0.5
64.40442021	42.93444218	72.5845	1	0.5	0.5	0.5
64.75774553	43.25821056	72.5845	1	0.5	0.5	0.5
65.86938824	44.11393406	72.5771	1	0.5	0.5	0.5
62.86713751	41.10238088	72.5845	1	0.5	0.5	0.5
62.86713751	41.10238088	61.4154975	1	0.5	0.5	0.5
62.60964759	40.69820962	61.4154975	1	0.5	0.5	0.5
68.92635826	45.5451892	61.4154975	1	0.5	0.5	0.5
68.46930903	45.40107912	61.4154975	1	0.5	0.5	0.5
61.59780251	38.52740176	61.4300503	1	0.5	0.5	0.5
61.45384221	38.07030759	61.4300503	1	0.5	0.5	0.5
64.40442021	42.93444218	61.4154975	1	0.5	0.5	0.5
69.54708607	45.70660407	71.90728	1	0.5	0.5	0.5
69.88376464	45.77820977	71.45506	1	0.5	0.5	0.5
61.39116351	37.84620404	67.752932	1	0.5	0.5	0.5
67.38264194	44.96635237	72.17032	1	0.5	0.5	0.5
67.57622995	45.05378501	72.66558	1	0.5	0.5	0.5
61.9210117	39.36604015	70.252448	1	0.5	0.5	0.5
71.60772032	45.97699021	63.75	1	0.5	0.5	0.5
71.60772032	45.97699021	63.25	1	0.5	0.5	0.5
61.21642804	37.08872743	65.203239	1	0.5	0.5	0.5
61.08656721	36.24309922	63.730984	1	0.5	0.5	0.5
69.70896427	45.74241191	71.01331	1	0.5	0.5	0.5
69.30661536	45.64865848	71.00157	1	0.5	0.5	0.5
69.87944494	45.777361	64.545781	1	0.5	0.5	0.5
68.83693552	45.51870777	70.779448	1	0.5	0.5	0.5
66.63385068	44.58397936	71.67916	1	0.5	0.5	0.5
61.08899367	36.26420847	68.739161	1	0.5	0.5	0.5
61.08854433	36.26035409	68.244722	1	0.5	0.5	0.5
61.14197649	36.65881367	68.483835	1	0.5	0.5	0.5
62.38311058	40.30694956	63.236821	1	0.5	0.5	0.5
69.15727589	45.60976513	61.8310815	1	0.5	0.5	0.5
64.92196332	43.39938492	72.16282	1	0.5	0.5	0.5
61.08838456	36.25893615	69.743501	1	0.5	0.5	0.5
61.08899367	36.26421846	69.239137	1	0.5	0.5	0.5
61.1417668	36.65739573	69.482638	1	0.5	0.5	0.5
61.08846444	36.25963513	67.752383	1	0.5	0.5	0.5
64.85102566	43.33909274	70.931605	1	0.5	0.5	0.5
61.08621772	36.24003369	70.756183	1	0.5	0.5	0.5
61.08773551	36.25331434	70.243128	1	0.5	0.5	0.5
61.13896089	36.63892264	70.500056	1	0.5	0.5	0.5
62.38443265	40.30934607	61.3982591	1	0.5	0.5	0.5
62.16199467	39.88486439	61.3982591	1	0.5	0.5	0.5
61.09513473	36.31612285	65.724946	1	0.5	0.5	0.5
64.85212505	43.34003137	63.04581	1	0.5	0.5	0.5
61.28676559	37.42378935	68.003442	1	0.5	0.5	0.5
66.63462655	44.58441872	71.1766	1	0.5	0.5	0.5
66.26390756	44.36725505	70.916878	1	0.5	0.5	0.5
70.293363	45.85060431	69.388982	1	0.5	0.5	0.5
61.20738122	37.04146627	70.748978	1	0.5	0.5	0.5
61.2098676	37.05459714	70.235924	1	0.5	0.5	0.5
61.21003735	37.05547586	69.733361	1	0.5	0.5	0.5
61.2110359	37.06069825	69.228998	1	0.5	0.5	0.5
61.21120565	37.06156699	68.726435	1	0.5	0.5	0.5
62.5850624	40.65748894	63.055314	1	0.5	0.5	0.5
61.21047671	37.05775255	68.231996	1	0.5	0.5	0.5
65.1849083	43.61410215	62.788512	1	0.5	0.5	0.5
61.20463522	37.02691746	63.697988	1	0.5	0.5	0.5
70.85071213	45.92370783	62.141416	1	0.5	0.5	0.5
62.84639473	41.07122626	69.129277	1	0.5	0.5	0.5
69.1486255	45.60744851	72.24939	1	0.5	0.5	0.5
62.61362779	40.70476008	68.87725	1	0.5	0.5	0.5
61.08931321	36.26691453	65.236492	1	0.5	0.5	0.5
61.08290255	36.2104368	63.245437	1	0.5	0.5	0.5
70.71874136	45.90901922	69.64691	1	0.5	0.5	0.5
61.93470176	39.39750431	69.724148	1	0.5	0.5	0.5
61.08861423	36.26091327	72.60073	1	0.5	0.5	0.5
61.15399898	36.73566172	72.60073	1	0.5	0.5	0.5
70.29931233	45.85154295	72.64442	1	0.5	0.5	0.5
70.77426848	45.91538994	72.64442	1	0.5	0.5	0.5
70.80420587	45.9187151	61.3914157	1	0.5	0.5	0.5
70.32907697	45.85616621	61.3914157	1	0.5	0.5	0.5
61.1456811	36.6828886	61.3830766	1	0.5	0.5	0.5
61.08261297	36.2078306	61.3830766	1	0.5	0.5	0.5
61.42132957	37.95636357	66.046495	1	0.5	0.5	0.5
68.81723023	45.51276643	70.244663	1	0.5	0.5	0.5
61.83406835	39.15958089	71.96678	1	0.5	0.5	0.5
61.67841508	38.75674768	72.26594	1	0.5	0.5	0.5
63.15846215	41.51731646	72.61151	1	0.5	0.5	0.5
62.05777249	39.66908871	61.6712045	1	0.5	0.5	0.5
61.94621499	39.42376606	61.2729454	1	0.5	0.5	0.5
64.06555382	42.5955758	72.62822	1	0.5	0.5	0.5
63.14201211	41.49494904	61.3697006	1	0.5	0.5	0.5
67.35796089	44.95488907	61.7089222	1	0.5	0.5	0.5
63.45115879	41.8967837	72.61151	1	0.5	0.5	0.5
69.01987005	45.57200015	62.195003	1	0.5	0.5	0.5
68.95874509	45.55457553	62.718206	1	0.5	0.5	0.5
64.04939336	42.57866044	61.3663336	1	0.5	0.5	0.5
71.65485256	45.9785779	72.64848	1	0.5	0.5	0.5
71.65485256	45.9785779	72.14848	1	0.5	0.5	0.5
71.65485256	45.9785779	61.8515243	1	0.5	0.5	0.5
71.65485256	45.9785779	61.3515243	1	0.5	0.5	0.5
61.0214221	35.34514724	72.14848	1	0.5	0.5	0.5
61.0214221	35.34514724	72.64848	1	0.5	0.5	0.5
61.20401612	37.02359231	67.760842	1	0.5	0.5	0.5
71.17630235	45.95307505	72.64848	1	0.5	0.5	0.5
61.04692495	35.82370015	72.64848	1	0.5	0.5	0.5
71.17630235	45.95307505	61.3515243	1	0.5	0.5	0.5
61.08435044	36.22346782	67.351298	1	0.5	0.5	0.5
69.38925797	45.66921853	72.65867	1	0.5	0.5	0.5
61.33078147	37.61073703	72.65969	1	0.5	0.5	0.5
63.74179144	42.24225047	72.62822	1	0.5	0.5	0.5
68.01898101	45.23717787	72.66558	1	0.5	0.5	0.5
63.43374915	41.87514522	61.3697006	1	0.5	0.5	0.5
61.22705257	37.14288853	61.272625	1	0.5	0.5	0.5
61.18498385	36.91928425	61.6557016	1	0.5	0.5	0.5
62.50254361	40.51784236	61.8137566	1	0.5	0.5	0.5
69.76043929	45.7532661	62.623234	1	0.5	0.5	0.5
69.48399597	45.69195541	62.195089	1	0.5	0.5	0.5
61.13580548	36.61788329	63.475121	1	0.5	0.5	0.5
61.76282213	38.98102099	72.68144	1	0.5	0.5	0.5
67.57622995	45.05378501	61.2934247	1	0.5	0.5	0.5
68.01898101	45.23717787	61.2934247	1	0.5	0.5	0.5
63.60364567	42.08163444	72.23973	1	0.5	0.5	0.5
66.18310626	44.31729783	62.063803	1	0.5	0.5	0.5
66.5253677	44.52242902	61.7496722	1	0.5	0.5	0.5
61.76282213	38.98102099	61.2729454	1	0.5	0.5	0.5
61.33078147	37.610757	61.272625	1	0.5	0.5	0.5
61.0210127	35.33184661	61.3387268	1	0.5	0.5	0.5
61.0210127	35.33184661	61.8387268	1	0.5	0.5	0.5
63.72638488	42.22464612	61.3663336	1	0.5	0.5	0.5
61.94621499	39.42376606	72.68144	1	0.5	0.5	0.5
62.02989809	39.60926585	72.2047	1	0.5	0.5	0.5
69.85712745	45.77294743	72.65867	1	0.5	0.5	0.5
61.04593639	35.81042948	61.3387268	1	0.5	0.5	0.5
61.22705257	37.14286856	72.65969	1	0.5	0.5	0.5
61.22595417	37.13735659	65.691692	1	0.5	0.5	0.5
61.15368943	36.73374452	65.466625	1	0.5	0.5	0.5
66.3189404	44.40073628	61.3341747	1	0.5	0.5	0.5
61.19736581	36.98780444	67.359757	1	0.5	0.5	0.5
63.57074859	42.04244153	61.7360342	1	0.5	0.5	0.5
61.13596525	36.61898169	67.588311	1	0.5	0.5	0.5
69.39462615	45.67053661	62.940961	1	0.5	0.5	0.5
61.31591313	37.54921665	65.778986	1	0.5	0.5	0.5
61.2380166	37.19724935	66.042372	1	0.5	0.5	0.5
65.91429283	44.14398029	61.3341747	1	0.5	0.5	0.5
65.77786856	44.05170471	61.8104357	1	0.5	0.5	0.5
62.85090316	41.07801637	70.837056	1	0.5	0.5	0.5
61.0396855	35.7209598	62.094481	1	0.5	0.5	0.5
61.04161269	35.74970793	71.8941	1	0.5	0.5	0.5
71.2229508	45.95648009	62.101524	1	0.5	0.5	0.5
71.2229508	45.95648009	71.89848	1	0.5	0.5	0.5
70.82075976	45.92051248	71.89442	1	0.5	0.5	0.5
61.07403546	36.1276474	72.2492	1	0.5	0.5	0.5
70.90758229	45.92953933	72.29289	1	0.5	0.5	0.5
70.93755862	45.93249503	61.7429401	1	0.5	0.5	0.5
61.06738515	36.06124412	61.7218034	1	0.5	0.5	0.5
64.1259173	18.6743737	61	1	0.5	0.5	0.5
64.1259173	18.6743737	73	1	0.5	0.5	0.5
64.1259173	27.3256263	61	1	0.5	0.5	0.5
64.1259173	27.3256263	73	1	0.5	0.5	0.5
64.1259173	18.6743737	72	1	0.5	0.5	0.5
64.1259173	18.6743737	71	1	0.5	0.5	0.5
64.1259173	18.6743737	70	1	0.5	0.5	0.5
64.1259173	18.6743737	69	1	0.5	0.5	0.5
64.1259173	18.6743737	68	1	0.5	0.5	0.5
64.1259173	18.6743737	67	1	0.5	0.5	0.5
64.1259173	18.6743737	66	1	0.5	0.5	0.5
64.1259173	18.6743737	65	1	0.5	0.5	0.5
64.1259173	18.6743737	64	1	0.5	0.5	0.5
64.1259173	18.6743737	63	1	0.5	0.5	0.5
64.1259173	18.6743737	62	1	0.5	0.5	0.5
64.1259173	18.6743737	72.5	1	0.5	0.5	0.5
64.1259173	18.6743737	71.5	1	0.5	0.5	0.5
64.1259173	18.6743737	70.5	1	0.5	0.5	0.5
64.1259173	18.6743737	69.5	1	0.5	0.5	0.5
64.1259173	18.6743737	68.5	1	0.5	0.5	0.5
64.1259173	18.6743737	67.5	1	0.5	0.5	0.5
64.1259173	18.6743737	66.5	1	0.5	0.5	0.5
64.1259173	18.6743737	65.5	1	0.5	0.5	0.5
64.1259173	18.6743737	64.5	1	0.5	0.5	0.5
64.1259173	18.6743737	63.5	1	0.5	0.5	0.5
64.1259173	18.6743737	62.5	1	0.5	0.5	0.5
64.1259173	18.6743737	61.5	1	0.5	0.5	0.5
63.69305121	19.57847355	61	1	0.5	0.5	0.5
63.36359795	20.52516754	61	1	0.5	0.5	0.5
63.14165621	21.50266667	61	1	0.5	0.5	0.5
63.02999108	22.49881259	61	1	0.5	0.5	0.5
63.02999108	23.50118741	61	1	0.5	0.5	0.5
63.14165621	24.49733333	61	1	0.5	0.5	0.5
63.36359795	25.47483246	61	1	0.5	0.5	0.5
63.69305121	26.42152645	61	1	0.5	0.5	0.5
63.89686523	19.12037939	61	1	0.5	0.5	0.5
63.51511111	20.04721874	61	1	0.5	0.5	0.5
63.23898388	21.01082261	61	1	0.5	0.5	0.5
63.07192041	21.9991824	61	1	0.5	0.5	0.5
63.016	23	61	1	0.5	0.5	0.5
63.07192041	24.0008176	61	1	0.5	0.5	0.5
63.23898388	24.98917739	61	1	0.5	0.5	0.5
63.51511111	25.95278126	61	1	0.5	0.5	0.5
63.89686523	26.87962061	61	1	0.5	0.5	0.5
64.1259173	27.3256263	72	1	0.5	0.5	0.5
64.1259173	27.3256263	71	1	0.5	0.5	0.5
64.1259173	27.3256263	70	1	0.5	0.5	0.5
64.1259173	27.3256263	69	1	0.5	0.5	0.5
64.1259173	27.3256263	68	1	0.5	0.5	0.5
64.1259173	27.3256263	67	1	0.5	0.5	0.5
64.1259173	27.3256263	66	1	0.5	0.5	0.5
64.1259173	27.3256263	65	1	0.5	0.5	0.5
64.1259173	27.3256263	64	1	0.5	0.5	0.5
64.1259173	27.3256263	63	1	0.5	0.5	0.5
64.1259173	27.3256263	62	1	0.5	0.5	0.5
64.1259173	27.3256263	72.5	1	0.5	0.5	0.5
64.1259173	27.3256263	71.5	1	0.5	0.5	0.5
64.1259173	27.3256263	70.5	1	0.5	0.5	0.5
64.1259173	27.3256263	69.5	1	0.5	0.5	0.5
64.1259173	27.3256263	68.5	1	0.5	0.5	0.5
64.1259173	27.3256263	67.5	1	0.5	0.5	0.5
64.1259173	27.3256263	66.5	1	0.5	0.5	0.5
64.1259173	27.3256263	65.5	1	0.5	0.5	0.5
64.1259173	27.3256263	64.5	1	0.5	0.5	0.5
64.1259173	27.3256263	63.5	1	0.5	0.5	0.5
64.1259173	27.3256263	62.5	1	0.5	0.5	0.5
64.1259173	27.3256263	61.5	1	0.5	0.5	0.5
63.69305121	19.57847355	73	1	0.5	0.5	0.5
63.36359795	20.52516754	73	1	0.5	0.5	0.5
63.14165621	21.50266667	73	1	0.5	0.5	0.5
63.02999108	22.49881259	73	1	0.5	0.5	0.5
63.02999108	23.50118741	73	1	0.5	0.5	0.5
63.14165621	24.49733333	73	1	0.5	0.5	0.5
63.36359795	25.47483246	73	1	0.5	0.5	0.5
63.69305121	26.42152645	73	1	0.5	0.5	0.5
63.89686523	19.12037939	73	1	0.5	0.5	0.5
63.51511111	20.04721874	73	1	0.5	0.5	0.5
63.23898388	21.01082261	73	1	0.5	0.5	0.5
63.07192041	21.9991824	73	1	0.5	0.5	0.5
63.016	23	73	1	0.5	0.5	0.5
63.07192041	24.0008176	73	1	0.5	0.5	0.5
63.23898388	24.98917739	73	1	0.5	0.5	0.5
63.51511111	25.95278126	73	1	0.5	0.5	0.5
63.89686523	26.87962061	73	1	0.5	0.5	0.5
63.74661881	19.45120021	68.5	1	0.5	0.5	0.5
63.74611071	19.4523881	65.499864	1	0.5	0.5	0.5
63.68231633	26.39535307	66.486066	1	0.5	0.5	0.5
63.01679159	22.88072243	61.8215208	1	0.5	0.5	0.5
63.01603294	23.02422685	72.12414	1	0.5	0.5	0.5
63.72909202	26.50775289	69.50501	1	0.5	0.5	0.5
63.65283583	26.32221332	64.577118	1	0.5	0.5	0.5
63.74661881	19.45120021	63.5	1	0.5	0.5	0.5
63.70127257	19.55857898	70.431565	1	0.5	0.5	0.5
63.25417582	25.05495025	61.8455159	1	0.5	0.5	0.5
63.23898388	24.98917739	72.13048	1	0.5	0.5	0.5
63.23890202	21.01118197	61.8663532	1	0.5	0.5	0.5
63.23876227	21.01179089	72.13328	1	0.5	0.5	0.5
63.75574555	26.56995212	62.507167	1	0.5	0.5	0.5
63.74661881	26.54879979	71.5	1	0.5	0.5	0.5
63.74661881	19.45120021	66.5	1	0.5	0.5	0.5
63.44607107	20.25363113	65.981951	1	0.5	0.5	0.5
63.44304546	20.26307431	64.993692	1	0.5	0.5	0.5
63.21970122	21.09773782	65.496047	1	0.5	0.5	0.5
63.22683052	21.06511592	66.500243	1	0.5	0.5	0.5
63.07811937	21.94533829	66.00015	1	0.5	0.5	0.5
63.07517761	21.97053342	66.993501	1	0.5	0.5	0.5
63.01770197	22.82511147	66.496917	1	0.5	0.5	0.5
63.01758817	22.83108084	67.503687	1	0.5	0.5	0.5
63.01775288	22.82253605	65.494791	1	0.5	0.5	0.5
63.07307236	21.98895062	68.012478	1	0.5	0.5	0.5
63.01743045	22.83969549	68.511088	1	0.5	0.5	0.5
63.04342516	23.70145076	68.004736	1	0.5	0.5	0.5
63.04361781	23.7038964	69.010721	1	0.5	0.5	0.5
63.07533233	21.96918582	69.012733	1	0.5	0.5	0.5
63.0427823	23.69318548	65.994549	1	0.5	0.5	0.5
63.04297995	23.69573094	64.989524	1	0.5	0.5	0.5
63.01768799	22.82585015	64.488451	1	0.5	0.5	0.5
63.0337993	23.56525332	64.137525	1	0.5	0.5	0.5
63.19252861	24.7722038	65.497863	1	0.5	0.5	0.5
63.15303096	24.56313614	68.506115	1	0.5	0.5	0.5
63.16768985	24.64394223	69.48718	1	0.5	0.5	0.5
63.04532577	23.72529828	70.007262	1	0.5	0.5	0.5
63.15248992	24.5600716	66.495863	1	0.5	0.5	0.5
63.21876189	21.10207011	64.491047	1	0.5	0.5	0.5
63.21740331	21.10837887	68.511511	1	0.5	0.5	0.5
63.27647211	20.85236482	69.502507	1	0.5	0.5	0.5
63.08661923	21.8757622	69.995904	1	0.5	0.5	0.5
63.01770796	22.82485193	63.483186	1	0.5	0.5	0.5
63.15775754	24.58964892	70.520491	1	0.5	0.5	0.5
63.22199913	21.08715667	70.522613	1	0.5	0.5	0.5
63.0752934	21.9695352	71.02297	1	0.5	0.5	0.5
63.06984211	23.98211092	62.683554	1	0.5	0.5	0.5
63.39143637	25.56999299	67.366307	1	0.5	0.5	0.5
63.46297297	25.79846609	65.50289	1	0.5	0.5	0.5
63.36071009	25.46474044	70.008805	1	0.5	0.5	0.5
63.03505007	23.5847486	71.12253	1	0.5	0.5	0.5
63.35539056	25.44601379	71.19623	1	0.5	0.5	0.5
63.67462503	26.37644674	70.490145	1	0.5	0.5	0.5
63.42039879	25.66508364	68.955112	1	0.5	0.5	0.5
63.77445124	26.61283574	68.510771	1	0.5	0.5	0.5
63.44049101	20.27107007	67.681101	1	0.5	0.5	0.5
63.52819082	20.00989521	69.486017	1	0.5	0.5	0.5
63.07709419	21.95405277	64.992695	1	0.5	0.5	0.5
63.07665797	21.95777614	63.987125	1	0.5	0.5	0.5
63.21648495	21.11264128	63.504413	1	0.5	0.5	0.5
63.04322152	23.69883541	66.999776	1	0.5	0.5	0.5
63.15275245	24.56155895	67.500913	1	0.5	0.5	0.5
63.16697113	24.64007911	64.367991	1	0.5	0.5	0.5
63.01807231	22.80705363	69.521893	1	0.5	0.5	0.5
63.0179665	22.81205472	70.510645	1	0.5	0.5	0.5
63.73692707	26.52617009	63.510885	1	0.5	0.5	0.5
63.3996178	25.59724445	62.873863	1	0.5	0.5	0.5
63.75551796	19.43057694	62.507049	1	0.5	0.5	0.5
63.75770906	19.42551596	71.48713	1	0.5	0.5	0.5
63.74580226	19.45310682	64.498722	1	0.5	0.5	0.5
63.07187948	24.00045824	72.13027	1	0.5	0.5	0.5
63.08429737	21.89432914	61.893648	1	0.5	0.5	0.5
63.0715311	22.00265621	72.07554	1	0.5	0.5	0.5
63.08205935	21.91252673	62.995332	1	0.5	0.5	0.5
63.38210998	20.46145101	71.15398	1	0.5	0.5	0.5
63.41019097	25.63200255	63.991671	1	0.5	0.5	0.5
63.21868503	24.89757053	63.503855	1	0.5	0.5	0.5
63.441053	20.26930322	63.991126	1	0.5	0.5	0.5
63.39652431	20.41301727	62.86766	1	0.5	0.5	0.5
63.74910239	26.55456951	67.489113	1	0.5	0.5	0.5
63.36823269	25.49095375	66.408632	1	0.5	0.5	0.5
63.49889499	20.094235	61.8408345	1	0.5	0.5	0.5
63.49888201	20.09427493	72.15919	1	0.5	0.5	0.5
63.49888201	25.90572507	72.15919	1	0.5	0.5	0.5
63.49888201	25.90572507	61.8408125	1	0.5	0.5	0.5
63.74720477	19.44984263	67.494933	1	0.5	0.5	0.5
63.21833366	21.10405657	67.497459	1	0.5	0.5	0.5
63.06902756	23.97467416	61.8348673	1	0.5	0.5	0.5
63.78893445	26.64563732	65.5	1	0.5	0.5	0.5
63.14182192	24.49831159	71.39979	1	0.5	0.5	0.5
63.43843966	20.2775086	68.5401	1	0.5	0.5	0.5
63.33029126	25.35550498	64.769043	1	0.5	0.5	0.5
63.32126334	25.3220246	68.154324	1	0.5	0.5	0.5
63.01736457	23.15657116	62.702842	1	0.5	0.5	0.5
63.01953171	22.74811859	71.32778	1	0.5	0.5	0.5
63.2017452	24.81740331	62.679123	1	0.5	0.5	0.5
63.44226085	20.26552994	66.850353	1	0.5	0.5	0.5
63.20156053	21.18348511	62.682767	1	0.5	0.5	0.5
63.19408784	21.22005997	71.3365	1	0.5	0.5	0.5
63.83799108	19.24581599	69.5	1	0.5	0.5	0.5
63.40328327	20.39064711	70.198056	1	0.5	0.5	0.5
63.80022534	19.32903778	61.7313898	1	0.5	0.5	0.5
63.80024031	26.67099217	72.26865	1	0.5	0.5	0.5
63.80024031	19.32900783	72.26865	1	0.5	0.5	0.5
63.80024031	26.67099217	61.731353	1	0.5	0.5	0.5
63.53556868	26.01092771	67.957623	1	0.5	0.5	0.5
63.03200849	22.46392472	62.444829	1	0.5	0.5	0.5
63.07058978	23.98888884	63.427236	1	0.5	0.5	0.5
63.27297834	25.13339055	65.953248	1	0.5	0.5	0.5
63.41422578	25.64513916	65.955761	1	0.5	0.5	0.5
63.3125838	25.28933283	65.500376	1	0.5	0.5	0.5
63.4385275	20.27723908	71.65658	1	0.5	0.5	0.5
63.35663934	20.54957407	72.14623	1	0.5	0.5	0.5
63.30608038	20.73548298	71.64363	1	0.5	0.5	0.5
63.44785888	25.75192897	62.357338	1	0.5	0.5	0.5
63.36604359	25.48335728	61.8431642	1	0.5	0.5	0.5
63.32265886	25.32723532	62.359689	1	0.5	0.5	0.5
63.02525651	23.40772387	63.455211	1	0.5	0.5	0.5
63.03431338	23.5733489	63.065039	1	0.5	0.5	0.5
63.01600499	22.99070655	63.093014	1	0.5	0.5	0.5
63.35673018	20.54925464	61.8535938	1	0.5	0.5	0.5
63.4462238	20.25315198	62.354247	1	0.5	0.5	0.5
63.31256284	20.71074703	62.367006	1	0.5	0.5	0.5
63.049688	23.7772857	63.78238	1	0.5	0.5	0.5
63.01812122	23.19521234	63.810356	1	0.5	0.5	0.5
63.3526774	20.56359909	69.021304	1	0.5	0.5	0.5
63.48226361	20.14335752	69.013059	1	0.5	0.5	0.5
63.39201833	20.4280505	69.494262	1	0.5	0.5	0.5
63.8863789	26.85763976	70.245072	1	0.5	0.5	0.5
63.8863789	26.85763976	70.745072	1	0.5	0.5	0.5
63.22715594	24.93635147	62.26232	1	0.5	0.5	0.5
63.29194655	25.20954492	62.776493	1	0.5	0.5	0.5
63.51321848	25.94734095	66.447349	1	0.5	0.5	0.5
63.37974419	25.53050332	66.88747	1	0.5	0.5	0.5
63.52682126	25.98622171	66.926187	1	0.5	0.5	0.5
63.21580815	21.11579566	71.73489	1	0.5	0.5	0.5
63.27984511	20.83870914	71.24524	1	0.5	0.5	0.5
63.47784448	25.843436	64.673081	1	0.5	0.5	0.5
63.39378119	25.57783901	65.135967	1	0.5	0.5	0.5
63.55384413	26.06181708	65.040004	1	0.5	0.5	0.5
63.2905181	20.79609503	62.775213	1	0.5	0.5	0.5
63.21980803	21.09723871	62.27456	1	0.5	0.5	0.5
63.15262168	24.56082027	66.998388	1	0.5	0.5	0.5
63.25754183	25.06922483	67.43361	1	0.5	0.5	0.5
63.25736814	25.06848614	66.931085	1	0.5	0.5	0.5
63.55590746	26.06749696	67.42771	1	0.5	0.5	0.5
63.71532654	26.475121	66.98759	1	0.5	0.5	0.5
63.56421666	26.09027639	69.230061	1	0.5	0.5	0.5
63.38997198	25.56509172	69.481958	1	0.5	0.5	0.5
63.52883367	25.99192156	69.756908	1	0.5	0.5	0.5
63.03066488	23.51310619	72.12721	1	0.5	0.5	0.5
63.05105058	23.79281804	71.6264	1	0.5	0.5	0.5
63.0211668	23.30463746	71.62334	1	0.5	0.5	0.5
63.27908546	25.15821634	69.221146	1	0.5	0.5	0.5
63.26931187	25.11833736	68.730613	1	0.5	0.5	0.5
63.16026807	24.60355416	68.996647	1	0.5	0.5	0.5
63.24797686	25.02838756	66.452247	1	0.5	0.5	0.5
63.3179762	20.69030344	68.525805	1	0.5	0.5	0.5
63.24600138	20.98015723	69.007009	1	0.5	0.5	0.5
63.30667832	25.26681293	63.747763	1	0.5	0.5	0.5
63.19188775	24.76900949	63.935923	1	0.5	0.5	0.5
63.27447467	25.13949967	64.179831	1	0.5	0.5	0.5
63.50542736	25.92481108	70.249475	1	0.5	0.5	0.5
63.70159899	26.44220962	69.997578	1	0.5	0.5	0.5
63.1718724	24.66626248	65.996863	1	0.5	0.5	0.5
63.24132371	24.99945908	64.568517	1	0.5	0.5	0.5
63.36913309	25.4940682	64.380357	1	0.5	0.5	0.5
63.56736206	26.09885112	65.994478	1	0.5	0.5	0.5
63.01754525	23.16661327	71.22516	1	0.5	0.5	0.5
63.01672171	22.88615276	71.72596	1	0.5	0.5	0.5
63.25456513	25.0566073	69.747992	1	0.5	0.5	0.5
63.71017471	26.46281292	70.995072	1	0.5	0.5	0.5
63.9269187	26.94177991	71.25	1	0.5	0.5	0.5
63.2565446	25.06500235	65.133453	1	0.5	0.5	0.5
63.52448442	25.97957355	64.284395	1	0.5	0.5	0.5
63.07021545	23.98549489	63.055395	1	0.5	0.5	0.5
63.03409677	23.56994496	62.693198	1	0.5	0.5	0.5
63.3253281	20.66284235	66.675298	1	0.5	0.5	0.5
63.3201653	20.68208807	67.173906	1	0.5	0.5	0.5
63.22256113	21.08458125	66.998851	1	0.5	0.5	0.5
63.9171531	26.92171564	69.752505	1	0.5	0.5	0.5
63.61524777	26.22617436	65.501445	1	0.5	0.5	0.5
63.71930545	26.48458415	65.038559	1	0.5	0.5	0.5
63.73467807	26.52089948	65.993033	1	0.5	0.5	0.5
63.24609621	25.02025204	70.858358	1	0.5	0.5	0.5
63.35804584	25.45537711	70.602515	1	0.5	0.5	0.5
63.24828931	25.02973516	70.264648	1	0.5	0.5	0.5
63.21786848	21.10621273	68.004485	1	0.5	0.5	0.5
63.31941464	20.68489308	67.58928	1	0.5	0.5	0.5
63.31884665	20.68702927	68.096306	1	0.5	0.5	0.5
63.01601897	23.01864679	62.262181	1	0.5	0.5	0.5
63.03386019	23.56621161	62.268854	1	0.5	0.5	0.5
63.02622479	23.42849687	61.8281941	1	0.5	0.5	0.5
63.58382573	19.85670803	67.588017	1	0.5	0.5	0.5
63.74691229	19.45052142	67.997466	1	0.5	0.5	0.5
63.5835662	19.85740678	68.09055	1	0.5	0.5	0.5
63.44137543	20.26829501	67.265727	1	0.5	0.5	0.5
63.06943384	23.97838755	62.259211	1	0.5	0.5	0.5
63.50226399	25.91560747	70.843185	1	0.5	0.5	0.5
63.53303219	26.00378044	71.34811	1	0.5	0.5	0.5
63.14967194	24.54400022	70.960143	1	0.5	0.5	0.5
63.23578757	24.97505254	71.29801	1	0.5	0.5	0.5
63.3567751	25.45090508	72.14483	1	0.5	0.5	0.5
63.42405528	25.67683271	71.67771	1	0.5	0.5	0.5
63.29419056	25.21835923	71.66335	1	0.5	0.5	0.5
63.6165824	26.2296382	71.82959	1	0.5	0.5	0.5
63.43946483	20.27429433	68.1106	1	0.5	0.5	0.5
63.5823833	19.86057115	68.52005	1	0.5	0.5	0.5
63.12537721	24.39762092	62.256995	1	0.5	0.5	0.5
63.14511306	24.51763717	61.8401916	1	0.5	0.5	0.5
63.62073001	26.24038905	62.17399	1	0.5	0.5	0.5
63.56365066	26.08872915	62.690515	1	0.5	0.5	0.5
63.62162042	19.75731504	71.82316	1	0.5	0.5	0.5
63.55401183	19.93772374	71.32056	1	0.5	0.5	0.5
63.12596017	24.40130436	62.681339	1	0.5	0.5	0.5
63.3691261	25.49404824	68.554718	1	0.5	0.5	0.5
63.22893577	24.94439714	68.330219	1	0.5	0.5	0.5
63.18698449	24.74442328	71.76514	1	0.5	0.5	0.5
63.62063318	19.75987049	62.173942	1	0.5	0.5	0.5
63.56171112	19.91657141	62.687354	1	0.5	0.5	0.5
63.75160493	26.56036918	69.007891	1	0.5	0.5	0.5
63.58407329	26.1439508	68.732942	1	0.5	0.5	0.5
63.13580064	21.53773421	62.288208	1	0.5	0.5	0.5
63.13431329	21.54677811	62.83905	1	0.5	0.5	0.5
63.08317437	21.90342294	62.44449	1	0.5	0.5	0.5
63.63274062	19.72872596	68.993009	1	0.5	0.5	0.5
63.12677472	21.59354482	71.17974	1	0.5	0.5	0.5
63.12418034	21.6100055	71.70602	1	0.5	0.5	0.5
63.07339678	21.98609571	71.54926	1	0.5	0.5	0.5
63.54204015	19.97094458	70.31481	1	0.5	0.5	0.5
63.46361382	20.1995774	69.842037	1	0.5	0.5	0.5
63.6116961	19.78306917	69.958791	1	0.5	0.5	0.5
63.67432057	19.62430193	69.493009	1	0.5	0.5	0.5
63.76814647	19.40154864	69.965782	1	0.5	0.5	0.5
63.79166259	19.34822361	69	1	0.5	0.5	0.5
63.94229831	26.97312409	68.255386	1	0.5	0.5	0.5
63.94229831	26.97312409	68.755386	1	0.5	0.5	0.5
63.33680067	20.62066746	69.850281	1	0.5	0.5	0.5
63.9171531	26.92171564	69.252505	1	0.5	0.5	0.5
63.03777722	22.37484337	71.70166	1	0.5	0.5	0.5
63.03895212	22.35821299	71.17538	1	0.5	0.5	0.5
63.15057633	21.450819	61.8800006	1	0.5	0.5	0.5
63.1033674	24.24987404	71.76503	1	0.5	0.5	0.5
63.07673783	24.04290265	71.26116	1	0.5	0.5	0.5
63.92829725	26.94460488	67.744556	1	0.5	0.5	0.5
63.7617259	26.58372758	67.999942	1	0.5	0.5	0.5
63.44204823	20.26618876	64.492409	1	0.5	0.5	0.5
63.58352727	19.8575066	64.244924	1	0.5	0.5	0.5
63.58467322	19.85444206	64.746207	1	0.5	0.5	0.5
63.07687558	21.95590947	64.48991	1	0.5	0.5	0.5
63.13737683	21.52821117	64.239086	1	0.5	0.5	0.5
63.13768429	21.52636446	64.741871	1	0.5	0.5	0.5
63.13649341	21.53354168	63.745769	1	0.5	0.5	0.5
63.21762192	21.10736068	63.99773	1	0.5	0.5	0.5
63.13804864	21.52416837	65.244371	1	0.5	0.5	0.5
63.21923106	21.09990396	64.993547	1	0.5	0.5	0.5
63.07933021	21.93514644	63.491229	1	0.5	0.5	0.5
63.14024073	21.5110717	63.249873	1	0.5	0.5	0.5
63.1528922	24.56234755	68.003514	1	0.5	0.5	0.5
63.08770729	24.13282251	67.752825	1	0.5	0.5	0.5
63.08780811	24.13362108	68.255426	1	0.5	0.5	0.5
63.03678498	22.38922775	64.740573	1	0.5	0.5	0.5
63.03689778	22.38758068	65.243743	1	0.5	0.5	0.5
63.01771994	22.8241931	64.991621	1	0.5	0.5	0.5
63.03665821	22.39109443	64.237788	1	0.5	0.5	0.5
63.07760528	21.94970052	65.496422	1	0.5	0.5	0.5
63.03719825	22.38319849	65.74747	1	0.5	0.5	0.5
63.02002882	23.26902089	70.258953	1	0.5	0.5	0.5
63.01819509	23.19858633	70.816589	1	0.5	0.5	0.5
63.03991241	23.6550434	70.564898	1	0.5	0.5	0.5
63.01801841	22.80954918	70.016269	1	0.5	0.5	0.5
63.01995396	23.26652533	69.764578	1	0.5	0.5	0.5
63.01964251	23.25579444	69.266307	1	0.5	0.5	0.5
63.0444653	23.71459734	69.508992	1	0.5	0.5	0.5
63.04300191	23.69601044	66.497162	1	0.5	0.5	0.5
63.08744676	24.13077615	66.747819	1	0.5	0.5	0.5
63.08709039	24.12796116	66.245206	1	0.5	0.5	0.5
63.01773691	22.82337456	69.016491	1	0.5	0.5	0.5
63.02012166	23.27211538	68.760905	1	0.5	0.5	0.5
63.08223803	24.08893068	70.821512	1	0.5	0.5	0.5
63.09105234	24.15884616	70.263877	1	0.5	0.5	0.5
63.13765734	21.5265142	70.772794	1	0.5	0.5	0.5
63.08083354	21.92263872	70.509439	1	0.5	0.5	0.5
63.14552532	21.47995711	70.259259	1	0.5	0.5	0.5
63.16268177	24.61681055	70.003836	1	0.5	0.5	0.5
63.24844802	20.96958605	70.01256	1	0.5	0.5	0.5
63.16671259	21.3613184	69.749205	1	0.5	0.5	0.5
63.09465392	24.18619745	69.747221	1	0.5	0.5	0.5
63.0808535	21.92245904	69.504318	1	0.5	0.5	0.5
63.15825166	21.40760596	69.25762	1	0.5	0.5	0.5
63.09324343	24.1755564	69.248951	1	0.5	0.5	0.5
63.13591244	21.53705542	68.762122	1	0.5	0.5	0.5
63.08796284	24.13483892	68.758418	1	0.5	0.5	0.5
63.04352099	23.70266859	68.507729	1	0.5	0.5	0.5
63.01769798	22.82535104	63.985819	1	0.5	0.5	0.5
63.0181322	23.19571145	64.312988	1	0.5	0.5	0.5
63.02008473	23.27087758	68.257912	1	0.5	0.5	0.5
63.13429832	21.54686795	68.261994	1	0.5	0.5	0.5
63.07419735	21.97906822	68.512605	1	0.5	0.5	0.5
63.03815255	23.6305071	64.563525	1	0.5	0.5	0.5
63.01979524	23.261095	64.738988	1	0.5	0.5	0.5
63.10128611	24.23497059	65.746206	1	0.5	0.5	0.5
63.01995595	23.26657524	67.754212	1	0.5	0.5	0.5
63.01750831	22.83538317	68.007388	1	0.5	0.5	0.5
63.03580872	22.4037419	68.761911	1	0.5	0.5	0.5
63.03515389	22.41366423	68.261783	1	0.5	0.5	0.5
63.01974733	23.25943796	65.242158	1	0.5	0.5	0.5
63.1014618	24.23622835	65.243694	1	0.5	0.5	0.5
63.04288113	23.6944632	65.492037	1	0.5	0.5	0.5
63.03543638	22.40936189	67.758083	1	0.5	0.5	0.5
63.01971039	23.25817021	65.74467	1	0.5	0.5	0.5
63.01974733	23.25945792	66.245733	1	0.5	0.5	0.5
63.01772792	22.82382376	65.995854	1	0.5	0.5	0.5
63.07412049	21.97973703	67.502989	1	0.5	0.5	0.5
63.03605029	22.40011836	67.248594	1	0.5	0.5	0.5
63.03710941	22.3844862	66.248533	1	0.5	0.5	0.5
63.01764507	22.82809615	67.000302	1	0.5	0.5	0.5
63.03624994	22.39714365	66.745209	1	0.5	0.5	0.5
63.01982918	23.26228289	66.748346	1	0.5	0.5	0.5
63.03826634	22.3678658	63.239259	1	0.5	0.5	0.5
63.03669215	22.39059532	63.735156	1	0.5	0.5	0.5
63.04332334	23.70014308	67.502256	1	0.5	0.5	0.5
63.01991702	23.26526757	67.251732	1	0.5	0.5	0.5
63.07663901	21.95793586	66.496825	1	0.5	0.5	0.5
63.03690677	22.38745092	69.267313	1	0.5	0.5	0.5
63.04023783	22.34051451	69.758899	1	0.5	0.5	0.5
63.04005416	22.34301006	70.253274	1	0.5	0.5	0.5
63.03672509	22.39011617	70.76681	1	0.5	0.5	0.5
63.13876935	21.51984607	65.748099	1	0.5	0.5	0.5
63.13943118	21.51589311	66.746872	1	0.5	0.5	0.5
63.14153543	21.50338539	66.250196	1	0.5	0.5	0.5
63.2232509	21.08142687	65.998145	1	0.5	0.5	0.5
63.09245184	24.1695471	64.678758	1	0.5	0.5	0.5
63.08417359	24.10467264	64.252758	1	0.5	0.5	0.5
63.08754159	24.13152482	67.250344	1	0.5	0.5	0.5
63.32076024	20.67986204	64.74237	1	0.5	0.5	0.5
63.32133322	20.67771586	65.24487	1	0.5	0.5	0.5
63.32695521	20.65681308	66.241097	1	0.5	0.5	0.5
63.32261593	20.67292439	65.738999	1	0.5	0.5	0.5
63.17950281	24.70619137	64.932927	1	0.5	0.5	0.5
63.44455676	20.25835272	65.487822	1	0.5	0.5	0.5
63.10329853	24.24938492	72.56514	1	0.5	0.5	0.5
63.04745398	23.75112229	72.56514	1	0.5	0.5	0.5
63.04732322	22.25044492	72.53777	1	0.5	0.5	0.5
63.10308091	21.75217231	72.53777	1	0.5	0.5	0.5
63.19350188	24.7770352	61.422758	1	0.5	0.5	0.5
63.3063519	25.26555517	61.422758	1	0.5	0.5	0.5
63.02136045	22.68969264	61.4107604	1	0.5	0.5	0.5
63.01803238	23.19106972	61.4107604	1	0.5	0.5	0.5
63.01984415	23.26280196	72.56207	1	0.5	0.5	0.5
63.01916836	22.76141491	72.56207	1	0.5	0.5	0.5
63.11082013	21.69817847	61.446824	1	0.5	0.5	0.5
63.05203882	22.19611168	61.446824	1	0.5	0.5	0.5
63.18679083	21.25655498	72.56664	1	0.5	0.5	0.5
63.29777817	20.76760577	72.56664	1	0.5	0.5	0.5
63.29790195	25.23288336	72.56524	1	0.5	0.5	0.5
63.18688866	24.74393415	72.56524	1	0.5	0.5	0.5
63.29785603	20.76729632	61.4331766	1	0.5	0.5	0.5
63.18685272	21.25624553	61.4331766	1	0.5	0.5	0.5
63.14162627	24.49715365	72.13038	1	0.5	0.5	0.5
63.02922844	22.51264795	72.09984	1	0.5	0.5	0.5
63.58480998	19.85407272	65.246778	1	0.5	0.5	0.5
63.58654789	19.84943099	65.740907	1	0.5	0.5	0.5
63.03696566	22.38659244	61.8575844	1	0.5	0.5	0.5
63.14128188	21.50488272	72.10441	1	0.5	0.5	0.5
63.31991474	20.6830264	64.241086	1	0.5	0.5	0.5
63.58388962	19.85653833	63.745563	1	0.5	0.5	0.5
63.74621054	19.45214852	63.999361	1	0.5	0.5	0.5
63.92663621	19.05879906	65.749932	1	0.5	0.5	0.5
63.92663621	19.05879906	65.249932	1	0.5	0.5	0.5
63.89076509	26.86685335	66.243033	1	0.5	0.5	0.5
63.89076509	26.86685335	66.743033	1	0.5	0.5	0.5
63.92646551	19.05914844	64.749361	1	0.5	0.5	0.5
63.92646551	19.05914844	64.249361	1	0.5	0.5	0.5
63.9269187	19.05822009	66.75	1	0.5	0.5	0.5
63.9269187	19.05822009	66.25	1	0.5	0.5	0.5
63.9269187	26.94177991	71.75	1	0.5	0.5	0.5
63.9269187	19.05822009	63.75	1	0.5	0.5	0.5
63.9269187	19.05822009	63.25	1	0.5	0.5	0.5
63.90151894	19.11067667	70.715782	1	0.5	0.5	0.5
63.90151894	19.11067667	70.215782	1	0.5	0.5	0.5
63.87387417	26.8312268	64.288559	1	0.5	0.5	0.5
63.87387417	26.8312268	64.788559	1	0.5	0.5	0.5
63.93306576	19.04565247	71.74356	1	0.5	0.5	0.5
63.93306576	19.04565247	71.24356	1	0.5	0.5	0.5
63.92152631	26.93071961	63.255442	1	0.5	0.5	0.5
63.92152631	26.93071961	63.755442	1	0.5	0.5	0.5
63.93197869	26.95212149	62.253584	1	0.5	0.5	0.5
63.93197869	26.95212149	62.753584	1	0.5	0.5	0.5
63.9269187	19.05822009	68.75	1	0.5	0.5	0.5
63.9269187	19.05822009	68.25	1	0.5	0.5	0.5
63.93185292	19.04812806	62.753524	1	0.5	0.5	0.5
63.93185292	19.04812806	62.253524	1	0.5	0.5	0.5
63.13298965	24.44512631	63.465545	1	0.5	0.5	0.5
63.11281458	24.3153674	63.897613	1	0.5	0.5	0.5
63.58677348	19.84883205	66.240975	1	0.5	0.5	0.5
63.74636526	19.45179915	65.999932	1	0.5	0.5	0.5
63.5554892	26.066349	63.192374	1	0.5	0.5	0.5
63.74630736	26.54807108	63.009026	1	0.5	0.5	0.5
63.30211345	25.24922426	63.188859	1	0.5	0.5	0.5
63.40488642	25.6146235	63.432767	1	0.5	0.5	0.5
63.31852222	20.6882471	63.747769	1	0.5	0.5	0.5
63.41848719	20.3410754	63.429393	1	0.5	0.5	0.5
63.55786297	19.92712262	63.18383	1	0.5	0.5	0.5
63.7510619	19.44088858	63.003524	1	0.5	0.5	0.5
63.74595599	19.45274746	64.999293	1	0.5	0.5	0.5
63.72922379	19.49193766	70.959347	1	0.5	0.5	0.5
63.69425507	26.42445124	64.044002	1	0.5	0.5	0.5
63.52965321	20.00576257	70.792773	1	0.5	0.5	0.5
63.56170613	26.0834186	63.751278	1	0.5	0.5	0.5
63.92829725	26.94460488	67.244556	1	0.5	0.5	0.5
63.29946916	20.7610175	63.186036	1	0.5	0.5	0.5
63.59201715	19.83486692	61.4204172	1	0.5	0.5	0.5
63.42853729	20.30885278	61.4204172	1	0.5	0.5	0.5
63.4285323	20.30887275	72.57959	1	0.5	0.5	0.5
63.59201116	19.83488689	72.57959	1	0.5	0.5	0.5
63.4285323	25.69112725	61.4204062	1	0.5	0.5	0.5
63.59201116	26.16511311	61.4204062	1	0.5	0.5	0.5
63.59201116	26.16511311	72.57959	1	0.5	0.5	0.5
63.4285323	25.69112725	72.57959	1	0.5	0.5	0.5
63.22876308	24.94361852	67.827618	1	0.5	0.5	0.5
63.35546044	25.44626334	67.760316	1	0.5	0.5	0.5
63.136162	21.53554811	67.24548	1	0.5	0.5	0.5
63.13465568	21.54469182	67.754968	1	0.5	0.5	0.5
63.92724413	19.05755128	67.247466	1	0.5	0.5	0.5
63.74691229	19.45052142	66.997466	1	0.5	0.5	0.5
63.92724413	19.05755128	67.747466	1	0.5	0.5	0.5
63.10150372	24.2365378	61.4174337	1	0.5	0.5	0.5
63.0463789	23.73819532	61.4174337	1	0.5	0.5	0.5
63.02304346	22.64431346	62.964008	1	0.5	0.5	0.5
63.05278549	22.18783642	62.720081	1	0.5	0.5	0.5
63.58484392	19.85398288	67.172643	1	0.5	0.5	0.5
63.58458438	19.85468164	66.675176	1	0.5	0.5	0.5
63.95024217	26.98919547	65.25	1	0.5	0.5	0.5
63.95024217	26.98919547	65.75	1	0.5	0.5	0.5
63.053619	22.17871267	62.169238	1	0.5	0.5	0.5
63.20779243	21.15355841	70.929559	1	0.5	0.5	0.5
63.29642957	20.7728664	70.838297	1	0.5	0.5	0.5
63.64958462	26.31403788	68.234197	1	0.5	0.5	0.5
63.47622936	25.83859462	68.456368	1	0.5	0.5	0.5
63.39262326	20.42603409	70.676018	1	0.5	0.5	0.5
63.44416346	20.25958053	66.416152	1	0.5	0.5	0.5
63.01869221	22.78008166	70.919214	1	0.5	0.5	0.5
63.20895136	21.14804822	63.09359	1	0.5	0.5	0.5
63.97686475	18.95752941	69.75	1	0.5	0.5	0.5
63.97686475	18.95752941	69.25	1	0.5	0.5	0.5
63.95640819	18.99838665	61.3656949	1	0.5	0.5	0.5
63.74569645	19.45334639	61.3656949	1	0.5	0.5	0.5
63.95641617	27.00162333	72.63432	1	0.5	0.5	0.5
63.74570344	26.54666359	72.63432	1	0.5	0.5	0.5
63.74570344	26.54666359	61.3656765	1	0.5	0.5	0.5
63.95641617	27.00162333	61.3656765	1	0.5	0.5	0.5
63.74570344	19.45333641	72.63432	1	0.5	0.5	0.5
63.95641617	18.99837667	72.63432	1	0.5	0.5	0.5
63.95640819	18.99838665	61.8656949	1	0.5	0.5	0.5
63.95641617	27.00162333	72.13432	1	0.5	0.5	0.5
63.95641617	27.00162333	61.8656765	1	0.5	0.5	0.5
63.95641617	18.99837667	72.13432	1	0.5	0.5	0.5
63.21012328	24.85750189	63.091489	1	0.5	0.5	0.5
63.01800742	22.8100982	62.573835	1	0.5	0.5	0.5
63.30566313	20.73709012	70.360334	1	0.5	0.5	0.5
63.42149783	25.66862732	68.055974	1	0.5	0.5	0.5
63.46065609	25.79138869	67.661965	1	0.5	0.5	0.5
63.6379164	26.28448052	67.723368	1	0.5	0.5	0.5
63.64079927	26.29180748	61.7860828	1	0.5	0.5	0.5
63.64079927	26.29180748	72.21392	1	0.5	0.5	0.5
63.64079927	19.70819252	72.21392	1	0.5	0.5	0.5
63.64080027	19.70819252	61.7861121	1	0.5	0.5	0.5
63.77771443	19.37973748	62.119219	1	0.5	0.5	0.5
63.77320346	26.60999081	71.88432	1	0.5	0.5	0.5
63.77883344	19.377202	71.87789	1	0.5	0.5	0.5
63.77783821	26.62054202	62.11926	1	0.5	0.5	0.5
63.12649222	24.40467835	63.05318	1	0.5	0.5	0.5
63.02198135	22.67223373	62.133175	1	0.5	0.5	0.5
72	0.016	61	1	0.5	0.5	0.5
61.016	11	61	1	0.5	0.5	0.5
72	0.016	73	1	0.5	0.5	0.5
61.016	11	73	1	0.5	0.5	0.5
71.04268129	0.057797435	61	1	0.5	0.5	0.5
70.09264837	0.182871624	61	1	0.5	0.5	0.5
69.1571321	0.390270713	61	1	0.5	0.5	0.5
68.24325032	0.678416282	61	1	0.5	0.5	0.5
67.35796089	1.045114925	61	1	0.5	0.5	0.5
66.508	1.487577406	61	1	0.5	0.5	0.5
65.69983622	2.002434432	61	1	0.5	0.5	0.5
64.9396206	2.585767711	61	1	0.5	0.5	0.5
64.23313871	3.233138709	61	1	0.5	0.5	0.5
63.58576771	3.939620602	61	1	0.5	0.5	0.5
63.00243443	4.699836223	61	1	0.5	0.5	0.5
62.48757741	5.508	61	1	0.5	0.5	0.5
62.04511493	6.357960892	61	1	0.5	0.5	0.5
61.67841508	7.243250323	61	1	0.5	0.5	0.5
61.39027481	8.157132104	61	1	0.5	0.5	0.5
61.18286693	9.092648371	61	1	0.5	0.5	0.5
61.05779911	10.04268449	61	1	0.5	0.5	0.5
71.52088461	0.026454332	61	1	0.5	0.5	0.5
70.56630042	0.109969638	61	1	0.5	0.5	0.5
69.62262703	0.276364636	61	1	0.5	0.5	0.5
68.69704729	0.524372971	61	1	0.5	0.5	0.5
67.79660494	0.852107173	61	1	0.5	0.5	0.5
66.92815298	1.257073173	61	1	0.5	0.5	0.5
66.09830079	1.736188263	61	1	0.5	0.5	0.5
65.31336418	2.285806654	61	1	0.5	0.5	0.5
64.57931744	2.901745438	61	1	0.5	0.5	0.5
63.90174544	3.579317443	61	1	0.5	0.5	0.5
63.28580665	4.313364183	61	1	0.5	0.5	0.5
62.73618826	5.098300794	61	1	0.5	0.5	0.5
62.25707317	5.928152978	61	1	0.5	0.5	0.5
61.85211207	6.796604935	61	1	0.5	0.5	0.5
61.52436948	7.697047293	61	1	0.5	0.5	0.5
61.27636074	8.622627034	61	1	0.5	0.5	0.5
61.10997311	9.566300419	61	1	0.5	0.5	0.5
61.02645477	10.52088791	61	1	0.5	0.5	0.5
61.05630129	11.94001072	61	1	0.5	0.5	0.5
61.17689563	12.87312149	61	1	0.5	0.5	0.5
61.37690428	13.79249228	61	1	0.5	0.5	0.5
61.6548594	14.69137291	61	1	0.5	0.5	0.5
62.00871395	15.563163	61	1	0.5	0.5	0.5
62.4358867	16.40148185	61	1	0.5	0.5	0.5
62.93323224	17.20015845	61	1	0.5	0.5	0.5
63.49710586	17.9533513	61	1	0.5	0.5	0.5
61.02607532	11.47043473	61	1	0.5	0.5	0.5
61.10659803	12.40785922	61	1	0.5	0.5	0.5
61.26704431	13.33494876	61	1	0.5	0.5	0.5
61.50624588	14.24491325	61	1	0.5	0.5	0.5
61.82244528	15.13106243	61	1	0.5	0.5	0.5
62.21332091	15.98689577	61	1	0.5	0.5	0.5
62.67600393	16.80615239	61	1	0.5	0.5	0.5
63.2071003	17.58279108	61	1	0.5	0.5	0.5
63.80271469	18.31114012	61	1	0.5	0.5	0.5
72	0.016	72	1	0.5	0.5	0.5
72	0.016	71	1	0.5	0.5	0.5
72	0.016	70	1	0.5	0.5	0.5
72	0.016	69	1	0.5	0.5	0.5
72	0.016	68	1	0.5	0.5	0.5
72	0.016	67	1	0.5	0.5	0.5
72	0.016	66	1	0.5	0.5	0.5
72	0.016	65	1	0.5	0.5	0.5
72	0.016	64	1	0.5	0.5	0.5
72	0.016	63	1	0.5	0.5	0.5
72	0.016	62	1	0.5	0.5	0.5
72	0.016	72.5	1	0.5	0.5	0.5
72	0.016	71.5	1	0.5	0.5	0.5
72	0.016	70.5	1	0.5	0.5	0.5
72	0.016	69.5	1	0.5	0.5	0.5
72	0.016	68.5	1	0.5	0.5	0.5
72	0.016	67.5	1	0.5	0.5	0.5
72	0.016	66.5	1	0.5	0.5	0.5
72	0.016	65.5	1	0.5	0.5	0.5
72	0.016	64.5	1	0.5	0.5	0.5
72	0.016	63.5	1	0.5	0.5	0.5
72	0.016	62.5	1	0.5	0.5	0.5
72	0.016	61.5	1	0.5	0.5	0.5
61.016	11	72	1	0.5	0.5	0.5
61.016	11	71	1	0.5	0.5	0.5
61.016	11	70	1	0.5	0.5	0.5
61.016	11	69	1	0.5	0.5	0.5
61.016	11	68	1	0.5	0.5	0.5
61.016	11	67	1	0.5	0.5	0.5
61.016	11	66	1	0.5	0.5	0.5
61.016	11	65	1	0.5	0.5	0.5
61.016	11	64	1	0.5	0.5	0.5
61.016	11	63	1	0.5	0.5	0.5
61.016	11	62	1	0.5	0.5	0.5
61.016	11	72.5	1	0.5	0.5	0.5
61.016	11	71.5	1	0.5	0.5	0.5
61.016	11	70.5	1	0.5	0.5	0.5
61.016	11	69.5	1	0.5	0.5	0.5
61.016	11	68.5	1	0.5	0.5	0.5
61.016	11	67.5	1	0.5	0.5	0.5
61.016	11	66.5	1	0.5	0.5	0.5
61.016	11	65.5	1	0.5	0.5	0.5
61.016	11	64.5	1	0.5	0.5	0.5
61.016	11	63.5	1	0.5	0.5	0.5
61.016	11	62.5	1	0.5	0.5	0.5
61.016	11	61.5	1	0.5	0.5	0.5
71.04268129	0.057797435	73	1	0.5	0.5	0.5
70.09264837	0.182871624	73	1	0.5	0.5	0.5
69.1571321	0.390270713	73	1	0.5	0.5	0.5
68.24325032	0.678416282	73	1	0.5	0.5	0.5
67.35796089	1.045114925	73	1	0.5	0.5	0.5
66.508	1.487577406	73	1	0.5	0.5	0.5
65.69983622	2.002434432	73	1	0.5	0.5	0.5
64.9396206	2.585767711	73	1	0.5	0.5	0.5
64.23313871	3.233138709	73	1	0.5	0.5	0.5
63.58576771	3.939620602	73	1	0.5	0.5	0.5
63.00243443	4.699836223	73	1	0.5	0.5	0.5
62.48757741	5.508	73	1	0.5	0.5	0.5
62.04511493	6.357960892	73	1	0.5	0.5	0.5
61.67841508	7.243250323	73	1	0.5	0.5	0.5
61.39027481	8.157132104	73	1	0.5	0.5	0.5
61.18286693	9.092648371	73	1	0.5	0.5	0.5
61.05779911	10.04268449	73	1	0.5	0.5	0.5
71.52088461	0.026454332	73	1	0.5	0.5	0.5
70.56630042	0.109969638	73	1	0.5	0.5	0.5
69.62262703	0.276364636	73	1	0.5	0.5	0.5
68.69704729	0.524372971	73	1	0.5	0.5	0.5
67.79660494	0.852107173	73	1	0.5	0.5	0.5
66.92815298	1.257073173	73	1	0.5	0.5	0.5
66.09830079	1.736188263	73	1	0.5	0.5	0.5
65.31336418	2.285806654	73	1	0.5	0.5	0.5
64.57931744	2.901745438	73	1	0.5	0.5	0.5
63.90174544	3.579317443	73	1	0.5	0.5	0.5
63.28580665	4.313364183	73	1	0.5	0.5	0.5
62.73618826	5.098300794	73	1	0.5	0.5	0.5
62.25707317	5.928152978	73	1	0.5	0.5	0.5
61.85211207	6.796604935	73	1	0.5	0.5	0.5
61.52436948	7.697047293	73	1	0.5	0.5	0.5
61.27636074	8.622627034	73	1	0.5	0.5	0.5
61.10997311	9.566300419	73	1	0.5	0.5	0.5
61.02645477	10.52088791	73	1	0.5	0.5	0.5
61.05630129	11.94001072	73	1	0.5	0.5	0.5
61.17689563	12.87312149	73	1	0.5	0.5	0.5
61.37690428	13.79249228	73	1	0.5	0.5	0.5
61.6548594	14.69137291	73	1	0.5	0.5	0.5
62.00871395	15.563163	73	1	0.5	0.5	0.5
62.4358867	16.40148185	73	1	0.5	0.5	0.5
62.93323224	17.20015845	73	1	0.5	0.5	0.5
63.49710586	17.9533513	73	1	0.5	0.5	0.5
61.02607532	11.47043473	73	1	0.5	0.5	0.5
61.10659803	12.40785922	73	1	0.5	0.5	0.5
61.26704431	13.33494876	73	1	0.5	0.5	0.5
61.50624588	14.24491325	73	1	0.5	0.5	0.5
61.82244528	15.13106243	73	1	0.5	0.5	0.5
62.21332091	15.98689577	73	1	0.5	0.5	0.5
62.67600393	16.80615239	73	1	0.5	0.5	0.5
63.2071003	17.58279108	73	1	0.5	0.5	0.5
63.80271469	18.31114012	73	1	0.5	0.5	0.5
64.62366085	2.861334303	72.17668	1	0.5	0.5	0.5
62.78101297	5.028522438	61.8462452	1	0.5	0.5	0.5
66.0599217	1.760750484	61.8458368	1	0.5	0.5	0.5
61.05014027	10.13462057	67.500123	1	0.5	0.5	0.5
71.16993602	0.047408988	67.501186	1	0.5	0.5	0.5
62.77123122	5.0436514	72.1565	1	0.5	0.5	0.5
66.91830033	1.262208692	72.1672	1	0.5	0.5	0.5
71.14517949	0.049313364	64.502412	1	0.5	0.5	0.5
61.05992601	10.01860956	64.431513	1	0.5	0.5	0.5
61.52865324	7.683510012	72.18566	1	0.5	0.5	0.5
68.69704729	0.524372971	61.830995	1	0.5	0.5	0.5
61.52901271	7.682367676	61.8143218	1	0.5	0.5	0.5
61.04374958	10.21975655	69.480196	1	0.5	0.5	0.5
71.15179056	0.048799302	69.503217	1	0.5	0.5	0.5
64.61693465	2.867435416	61.8179876	1	0.5	0.5	0.5
68.63547598	0.543985702	72.1591	1	0.5	0.5	0.5
61.05004041	10.13590869	71.5	1	0.5	0.5	0.5
71.14868268	0.049040461	71.47732	1	0.5	0.5	0.5
71.1359045	0.050041323	62.5	1	0.5	0.5	0.5
61.05453387	10.0807091	62.520792	1	0.5	0.5	0.5
61.05015025	10.13449076	66.499884	1	0.5	0.5	0.5
61.15255109	9.273436024	67.000022	1	0.5	0.5	0.5
61.15187208	9.277673851	67.998664	1	0.5	0.5	0.5
61.32248356	8.423408229	67.503767	1	0.5	0.5	0.5
61.32298283	8.421325263	66.498542	1	0.5	0.5	0.5
61.56016733	7.585593644	67.002684	1	0.5	0.5	0.5
61.56096617	7.5831522	65.997572	1	0.5	0.5	0.5
61.86342559	6.769391576	66.501527	1	0.5	0.5	0.5
61.86284643	6.770781551	67.506473	1	0.5	0.5	0.5
62.2293875	5.981694985	67.005346	1	0.5	0.5	0.5
62.2302802	5.979956518	66.000225	1	0.5	0.5	0.5
62.65732814	5.223951763	66.50417	1	0.5	0.5	0.5
62.65651632	5.22526485	67.509237	1	0.5	0.5	0.5
63.14285988	4.503899637	67.008044	1	0.5	0.5	0.5
63.14384145	4.502561586	66.002925	1	0.5	0.5	0.5
63.68479946	3.823254109	66.50685	1	0.5	0.5	0.5
63.68378893	3.824424404	67.511956	1	0.5	0.5	0.5
64.27777769	3.188755361	67.01075	1	0.5	0.5	0.5
64.27888507	3.187660955	66.005624	1	0.5	0.5	0.5
64.92020788	2.602095927	66.509537	1	0.5	0.5	0.5
64.91900463	2.603110449	67.514662	1	0.5	0.5	0.5
65.60576725	2.069040409	67.013455	1	0.5	0.5	0.5
65.60450709	2.069942096	68.018575	1	0.5	0.5	0.5
66.3312944	1.591810573	67.517362	1	0.5	0.5	0.5
66.33262846	1.591006744	66.512236	1	0.5	0.5	0.5
67.0936559	1.172689092	67.016149	1	0.5	0.5	0.5
67.09504987	1.171993106	66.011024	1	0.5	0.5	0.5
67.09224395	1.173394065	68.021254	1	0.5	0.5	0.5
64.92132425	2.601154298	65.504431	1	0.5	0.5	0.5
64.91781636	2.60411199	68.519791	1	0.5	0.5	0.5
61.32020687	8.43286046	68.479276	1	0.5	0.5	0.5
64.27998647	3.186573539	65.000494	1	0.5	0.5	0.5
67.88679456	0.815217508	66.514931	1	0.5	0.5	0.5
67.88824345	0.814632361	65.509815	1	0.5	0.5	0.5
65.60322695	2.070859759	69.023695	1	0.5	0.5	0.5
67.09641987	1.171309103	65.005888	1	0.5	0.5	0.5
68.70572565	0.521640851	66.013729	1	0.5	0.5	0.5
64.92252251	2.600144769	64.49927	1	0.5	0.5	0.5
68.70423582	0.522109069	67.018851	1	0.5	0.5	0.5
68.70722647	0.521169038	65.008598	1	0.5	0.5	0.5
64.9166231	2.605118524	69.524913	1	0.5	0.5	0.5
65.60196179	2.071766439	70.028825	1	0.5	0.5	0.5
64.28108587	3.185486123	63.995366	1	0.5	0.5	0.5
64.27556291	3.190946169	69.021	1	0.5	0.5	0.5
64.27445552	3.192041574	70.026126	1	0.5	0.5	0.5
63.68176687	3.826767991	69.522208	1	0.5	0.5	0.5
63.68075135	3.827945276	70.527338	1	0.5	0.5	0.5
63.14015682	4.507585268	70.023426	1	0.5	0.5	0.5
63.68685646	3.820869583	64.496587	1	0.5	0.5	0.5
63.68787098	3.819695293	63.491459	1	0.5	0.5	0.5
63.14567777	4.500058233	63.992669	1	0.5	0.5	0.5
66.32862629	1.593418231	69.527612	1	0.5	0.5	0.5
61.32358196	8.418864847	65.494022	1	0.5	0.5	0.5
61.56153534	7.581420722	64.992401	1	0.5	0.5	0.5
61.32409121	8.416750927	64.488492	1	0.5	0.5	0.5
61.56201464	7.579941876	63.987281	1	0.5	0.5	0.5
61.86482355	6.766026478	64.491185	1	0.5	0.5	0.5
61.86542268	6.764593565	63.486059	1	0.5	0.5	0.5
61.27661038	8.621527636	63.483571	1	0.5	0.5	0.5
69.52290629	0.298959723	65.518257	1	0.5	0.5	0.5
64.92521259	2.597878071	63.50468	1	0.5	0.5	0.5
65.60956072	2.066325364	63.998073	1	0.5	0.5	0.5
69.53123017	0.297036424	64.513845	1	0.5	0.5	0.5
68.70697683	0.521247524	64.003216	1	0.5	0.5	0.5
69.54838718	0.293093468	63.50226	1	0.5	0.5	0.5
66.29877477	1.61148092	70.524867	1	0.5	0.5	0.5
67.22290862	1.109213555	70.160905	1	0.5	0.5	0.5
65.60490551	2.069657511	71.13637	1	0.5	0.5	0.5
63.14107847	4.506329098	69.0183	1	0.5	0.5	0.5
62.6549486	5.227802154	69.519519	1	0.5	0.5	0.5
62.64902124	5.23740916	70.5084	1	0.5	0.5	0.5
62.22743435	5.985498445	70.020726	1	0.5	0.5	0.5
62.22672338	5.986884426	71.02585	1	0.5	0.5	0.5
61.86122879	6.774644924	70.521939	1	0.5	0.5	0.5
61.86186785	6.773113155	69.516836	1	0.5	0.5	0.5
61.487623	7.81595808	69.90949	1	0.5	0.5	0.5
62.23169714	5.977199534	63.989962	1	0.5	0.5	0.5
62.2324111	5.975811556	62.984843	1	0.5	0.5	0.5
63.06925909	4.605460697	62.861825	1	0.5	0.5	0.5
63.7302133	3.770969271	62.519122	1	0.5	0.5	0.5
65.66685327	2.02561866	62.876732	1	0.5	0.5	0.5
66.33663163	1.588596255	63.496861	1	0.5	0.5	0.5
64.30197244	3.164910095	71.16844	1	0.5	0.5	0.5
63.69143878	3.815567306	71.42654	1	0.5	0.5	0.5
61.86394483	6.768150384	62.481367	1	0.5	0.5	0.5
61.86063964	6.776057865	71.52471	1	0.5	0.5	0.5
68.70854554	0.520754742	62.981934	1	0.5	0.5	0.5
67.89113024	0.813467558	63.49956	1	0.5	0.5	0.5
69.54990497	0.292745874	62.497135	1	0.5	0.5	0.5
67.79507816	0.852739751	71.1738	1	0.5	0.5	0.5
67.89257414	0.812885006	62.494435	1	0.5	0.5	0.5
62.22601242	5.988270407	72.03098	1	0.5	0.5	0.5
62.23312206	5.974430567	61.9797174	1	0.5	0.5	0.5
61.11648363	9.517642297	63.485734	1	0.5	0.5	0.5
61.15280073	9.27182537	65.995428	1	0.5	0.5	0.5
61.55808037	7.591991324	68.007344	1	0.5	0.5	0.5
62.23099416	5.978566543	64.995068	1	0.5	0.5	0.5
62.65821484	5.222516853	65.499008	1	0.5	0.5	0.5
62.65904264	5.221178802	64.493876	1	0.5	0.5	0.5
61.86417449	6.767589201	65.496342	1	0.5	0.5	0.5
61.25200622	8.735294915	69.69754	1	0.5	0.5	0.5
61.55966806	7.587124414	69.012901	1	0.5	0.5	0.5
61.86158826	6.773784177	68.511129	1	0.5	0.5	0.5
62.65574944	5.226506042	68.514408	1	0.5	0.5	0.5
62.22833503	5.983744001	68.010589	1	0.5	0.5	0.5
62.22806842	5.984264243	69.015548	1	0.5	0.5	0.5
63.14197317	4.505108876	68.013132	1	0.5	0.5	0.5
64.27665332	3.18986774	68.015908	1	0.5	0.5	0.5
63.68276742	3.825607681	68.517038	1	0.5	0.5	0.5
63.68583694	3.82205186	65.501742	1	0.5	0.5	0.5
66.32995335	1.592618396	68.522451	1	0.5	0.5	0.5
63.14476311	4.501304417	64.997762	1	0.5	0.5	0.5
67.10438826	1.167337887	69.040367	1	0.5	0.5	0.5
67.90923687	0.80618237	69.523008	1	0.5	0.5	0.5
67.88922602	0.814235639	64.504827	1	0.5	0.5	0.5
62.64604457	5.242243119	63.495914	1	0.5	0.5	0.5
61.54806496	7.622817421	62.983713	1	0.5	0.5	0.5
67.8853277	0.815809945	67.520021	1	0.5	0.5	0.5
68.70270405	0.522591067	68.023958	1	0.5	0.5	0.5
69.50843437	0.302320128	67.51806	1	0.5	0.5	0.5
69.52753156	0.297890081	68.527775	1	0.5	0.5	0.5
69.5420584	0.294544554	66.511842	1	0.5	0.5	0.5
70.36877814	0.137800777	66.012924	1	0.5	0.5	0.5
66.33396152	1.590203913	65.50715	1	0.5	0.5	0.5
66.33524165	1.589433036	64.50201	1	0.5	0.5	0.5
65.60698248	2.068169678	66.008343	1	0.5	0.5	0.5
65.6082017	2.067297948	65.003166	1	0.5	0.5	0.5
64.3088664	3.158142953	63.02946	1	0.5	0.5	0.5
64.92180655	2.60074789	70.52985	1	0.5	0.5	0.5
61.55862957	7.590297791	71.02315	1	0.5	0.5	0.5
61.30967222	8.477091031	71.51126	1	0.5	0.5	0.5
63.08204946	4.58763666	71.14448	1	0.5	0.5	0.5
67.89450333	0.812107539	68.523911	1	0.5	0.5	0.5
67.09768303	1.17067902	64.000792	1	0.5	0.5	0.5
67.0992118	1.16991713	62.995709	1	0.5	0.5	0.5
67.01223849	1.213760265	61.974461	1	0.5	0.5	0.5
68.70853057	0.520759335	69.028201	1	0.5	0.5	0.5
69.4943419	0.305612132	69.535463	1	0.5	0.5	0.5
71.13593236	0.050039126	70.500048	1	0.5	0.5	0.5
70.27279695	0.152648849	71	1	0.5	0.5	0.5
70.40887374	0.131855238	72.0581	1	0.5	0.5	0.5
69.4649587	0.312539042	71.50825	1	0.5	0.5	0.5
71.1359045	0.050041323	63.5	1	0.5	0.5	0.5
71.15535417	0.048523874	68.502058	1	0.5	0.5	0.5
61.05129858	10.12015164	65.491263	1	0.5	0.5	0.5
61.06264206	9.98880597	70.549863	1	0.5	0.5	0.5
61.05004041	10.13590869	68.5	1	0.5	0.5	0.5
61.15342981	9.267891101	64.989712	1	0.5	0.5	0.5
68.69946178	0.52361198	70.034116	1	0.5	0.5	0.5
61.32686717	8.405315584	62.493104	1	0.5	0.5	0.5
65.31159177	2.287166673	61.8361785	1	0.5	0.5	0.5
67.75680791	0.868683526	72.15813	1	0.5	0.5	0.5
66.07734232	1.749573765	72.16468	1	0.5	0.5	0.5
65.31336418	2.285806654	72.16901	1	0.5	0.5	0.5
61.17775438	9.121881788	70.628396	1	0.5	0.5	0.5
63.28580665	4.313364183	61.8030771	1	0.5	0.5	0.5
66.92494465	1.25874374	71.20685	1	0.5	0.5	0.5
71.17671235	0.046897543	65.472251	1	0.5	0.5	0.5
63.28580665	4.313364183	72.2116	1	0.5	0.5	0.5
61.17693557	9.126600913	69.012937	1	0.5	0.5	0.5
70.39927971	0.133263986	61.9305015	1	0.5	0.5	0.5
61.11620404	9.519685321	72.29356	1	0.5	0.5	0.5
61.11701286	9.513788911	61.7331041	1	0.5	0.5	0.5
70.34451948	0.14147163	66.984512	1	0.5	0.5	0.5
70.33857714	0.142379208	65.014447	1	0.5	0.5	0.5
71.18451029	0.046314202	66.499724	1	0.5	0.5	0.5
69.47540848	0.310065845	70.552179	1	0.5	0.5	0.5
70.33208759	0.143374159	68.023005	1	0.5	0.5	0.5
70.31413174	0.146147918	70.040935	1	0.5	0.5	0.5
70.3233583	0.1447188	69.031878	1	0.5	0.5	0.5
68.65919044	0.536384574	71.00289	1	0.5	0.5	0.5
64.83791775	2.672165858	62.591735	1	0.5	0.5	0.5
70.3350293	0.142922616	64.117951	1	0.5	0.5	0.5
64.9330332	2.591299653	71.39684	1	0.5	0.5	0.5
63.90174544	3.579317443	61.7001855	1	0.5	0.5	0.5
66.38669171	1.558652873	62.648381	1	0.5	0.5	0.5
61.33495539	8.372234772	70.538856	1	0.5	0.5	0.5
63.90174544	3.579317443	72.30663	1	0.5	0.5	0.5
61.26798295	8.660761485	61.7057808	1	0.5	0.5	0.5
61.15719433	9.244510159	62.573838	1	0.5	0.5	0.5
61.27636074	8.622627034	72.32557	1	0.5	0.5	0.5
67.79660494	0.852107173	61.6736679	1	0.5	0.5	0.5
62.61163569	5.298520142	62.645663	1	0.5	0.5	0.5
62.62219531	5.281168417	71.32936	1	0.5	0.5	0.5
61.85211207	6.796604935	61.6630511	1	0.5	0.5	0.5
61.85211207	6.796604935	72.34165	1	0.5	0.5	0.5
67.97481434	0.780110547	70.360443	1	0.5	0.5	0.5
70.34533529	0.141347211	63.187108	1	0.5	0.5	0.5
69.58332928	0.285152335	61.6844159	1	0.5	0.5	0.5
66.27188394	1.627864055	71.35367	1	0.5	0.5	0.5
69.54032891	0.294941576	72.29915	1	0.5	0.5	0.5
61.03464284	10.36037172	63.5	1	0.5	0.5	0.5
61.12735779	9.439914521	69.916861	1	0.5	0.5	0.5
61.15379927	9.265594447	71.47089	1	0.5	0.5	0.5
61.16639093	9.188579631	64.222738	1	0.5	0.5	0.5
71.19418989	0.045597866	72.20675	1	0.5	0.5	0.5
71.20063371	0.045125764	61.7752775	1	0.5	0.5	0.5
61.03768841	10.31004503	72.29695	1	0.5	0.5	0.5
61.03768841	10.31004503	61.7030487	1	0.5	0.5	0.5
64.20899188	3.257362423	62.311594	1	0.5	0.5	0.5
61.36698873	8.245508369	69.195884	1	0.5	0.5	0.5
64.46128837	3.011502559	71.67256	1	0.5	0.5	0.5
64.0991419	3.369489092	71.73754	1	0.5	0.5	0.5
64.25437977	3.211956564	72.24165	1	0.5	0.5	0.5
67.50716355	0.976893002	70.667354	1	0.5	0.5	0.5
67.07335946	1.182848294	70.683878	1	0.5	0.5	0.5
67.35557337	1.046229302	71.19033	1	0.5	0.5	0.5
62.92267162	4.815312014	62.354035	1	0.5	0.5	0.5
63.17632413	4.458516745	62.332451	1	0.5	0.5	0.5
63.02628269	4.665912639	61.8246611	1	0.5	0.5	0.5
68.21212966	0.689796405	71.66645	1	0.5	0.5	0.5
68.64733071	0.540178448	71.581	1	0.5	0.5	0.5
68.22382063	0.68550915	71.08835	1	0.5	0.5	0.5
63.99009574	3.484037234	71.29749	1	0.5	0.5	0.5
63.79574185	3.696685477	71.86658	1	0.5	0.5	0.5
62.92377601	4.813691375	71.65049	1	0.5	0.5	0.5
63.02109126	4.673273916	72.18405	1	0.5	0.5	0.5
63.18286161	4.449707577	71.67804	1	0.5	0.5	0.5
67.88478648	0.816028627	70.767123	1	0.5	0.5	0.5
67.59578646	0.937636385	70.260674	1	0.5	0.5	0.5
67.77593504	0.860693565	71.66597	1	0.5	0.5	0.5
68.19267899	0.696963465	72.15862	1	0.5	0.5	0.5
62.69534476	5.162907684	62.245954	1	0.5	0.5	0.5
62.83389494	4.947664221	62.753744	1	0.5	0.5	0.5
65.86195906	1.89106466	62.361284	1	0.5	0.5	0.5
65.68027372	2.016163433	61.8410076	1	0.5	0.5	0.5
65.48790993	2.154609764	62.356455	1	0.5	0.5	0.5
69.97302362	0.204648103	62.213818	1	0.5	0.5	0.5
69.94622466	0.209714423	62.842121	1	0.5	0.5	0.5
70.37230301	0.137272047	62.558805	1	0.5	0.5	0.5
70.76689023	0.085436524	62.215251	1	0.5	0.5	0.5
70.7397927	0.088531995	62.843554	1	0.5	0.5	0.5
67.33679572	1.055012508	71.68249	1	0.5	0.5	0.5
67.33340366	1.056603191	72.16267	1	0.5	0.5	0.5
66.92162249	1.260475217	71.68703	1	0.5	0.5	0.5
65.83904444	1.906547108	71.65052	1	0.5	0.5	0.5
65.45824214	2.176527836	71.65269	1	0.5	0.5	0.5
65.68965505	2.009572035	72.16684	1	0.5	0.5	0.5
62.84555196	4.930045885	71.23692	1	0.5	0.5	0.5
62.69595487	5.161934102	71.74293	1	0.5	0.5	0.5
70.7252389	0.090222672	72.52905	1	0.5	0.5	0.5
70.25057532	0.15621066	72.52905	1	0.5	0.5	0.5
66.1742951	1.68821115	71.75917	1	0.5	0.5	0.5
65.93437059	1.842686132	71.24502	1	0.5	0.5	0.5
66.28232873	1.621487344	61.4229184	1	0.5	0.5	0.5
66.52923906	1.475346223	61.9101489	1	0.5	0.5	0.5
66.75833135	1.347375633	61.4872305	1	0.5	0.5	0.5
61.0560916	10.06233586	71.02493	1	0.5	0.5	0.5
61.09323749	9.69971408	71.48545	1	0.5	0.5	0.5
61.1022244	9.62644381	71.01038	1	0.5	0.5	0.5
61.11157079	9.554198048	70.589129	1	0.5	0.5	0.5
61.16554217	9.193698175	71.04964	1	0.5	0.5	0.5
66.02221163	1.785104009	62.762557	1	0.5	0.5	0.5
66.22242299	1.65827276	62.247109	1	0.5	0.5	0.5
61.68634353	7.221545939	62.147844	1	0.5	0.5	0.5
61.53849889	7.652579068	62.399017	1	0.5	0.5	0.5
61.69713781	7.192207675	62.73254	1	0.5	0.5	0.5
61.18726053	9.067925384	63.484653	1	0.5	0.5	0.5
61.21240391	8.932157153	63.028705	1	0.5	0.5	0.5
61.13597524	9.380948415	63.029786	1	0.5	0.5	0.5
61.68466598	7.22613126	71.85519	1	0.5	0.5	0.5
61.70159132	7.180192177	71.27393	1	0.5	0.5	0.5
61.54354155	7.63687095	71.60441	1	0.5	0.5	0.5
67.18436177	1.1279243	61.4872305	1	0.5	0.5	0.5
71.11841447	0.051435572	72.60337	1	0.5	0.5	0.5
70.8007559	0.08166362	72.13242	1	0.5	0.5	0.5
68.70279592	0.522562309	62.406465	1	0.5	0.5	0.5
69.12696205	0.398400571	62.739535	1	0.5	0.5	0.5
69.12114552	0.399978572	62.164065	1	0.5	0.5	0.5
70.2457893	0.156983834	61.4652507	1	0.5	0.5	0.5
70.72042391	0.090786381	61.4652507	1	0.5	0.5	0.5
68.2920043	0.66080174	62.162715	1	0.5	0.5	0.5
68.29767704	0.658768702	62.738185	1	0.5	0.5	0.5
62.13725371	6.165281561	61.4898587	1	0.5	0.5	0.5
62.35752884	5.739676525	61.4898587	1	0.5	0.5	0.5
61.42485444	8.031083714	71.2672	1	0.5	0.5	0.5
61.41172356	8.078248012	71.84846	1	0.5	0.5	0.5
62.35380527	5.746507575	72.51549	1	0.5	0.5	0.5
62.13383269	6.172268384	72.51549	1	0.5	0.5	0.5
61.30118458	8.513295294	62.988337	1	0.5	0.5	0.5
61.23384268	8.82325978	62.533471	1	0.5	0.5	0.5
63.38962043	4.180203154	62.690474	1	0.5	0.5	0.5
63.50368029	4.038619394	62.1611	1	0.5	0.5	0.5
63.37809722	4.194776925	71.28551	1	0.5	0.5	0.5
63.48498452	4.061501063	71.81907	1	0.5	0.5	0.5
61.35987908	8.273080207	69.803515	1	0.5	0.5	0.5
61.42512404	8.030121116	69.552687	1	0.5	0.5	0.5
61.30668657	8.489742602	69.446712	1	0.5	0.5	0.5
61.29194804	8.553412856	70.118198	1	0.5	0.5	0.5
61.40763951	8.093094385	70.224173	1	0.5	0.5	0.5
66.75482646	1.34927886	70.342886	1	0.5	0.5	0.5
66.60897391	1.429989292	70.865859	1	0.5	0.5	0.5
64.77708536	2.724871084	71.78676	1	0.5	0.5	0.5
64.61193393	2.871978798	71.28264	1	0.5	0.5	0.5
65.07207965	2.47637506	62.213957	1	0.5	0.5	0.5
65.24464628	2.338969214	62.734233	1	0.5	0.5	0.5
62.626528	5.274068759	72.57825	1	0.5	0.5	0.5
62.48689041	5.509189268	72.09374	1	0.5	0.5	0.5
61.42175895	8.042114646	62.153713	1	0.5	0.5	0.5
61.43021663	8.012019484	62.738408	1	0.5	0.5	0.5
62.63122716	5.266383953	61.4231226	1	0.5	0.5	0.5
62.49529317	5.494656437	61.9129813	1	0.5	0.5	0.5
69.04794815	0.420130118	71.83367	1	0.5	0.5	0.5
69.05994367	0.416790483	71.25557	1	0.5	0.5	0.5
70.79914824	0.081840333	61.8528895	1	0.5	0.5	0.5
71.12163468	0.051176759	61.3876387	1	0.5	0.5	0.5
66.69666118	1.381120478	62.311421	1	0.5	0.5	0.5
65.26391821	2.32397206	71.2666	1	0.5	0.5	0.5
65.12150266	2.43644123	71.78292	1	0.5	0.5	0.5
61.85801347	6.782373665	62.072209	1	0.5	0.5	0.5
61.68105124	7.236017858	61.7386864	1	0.5	0.5	0.5
61.08532901	9.767799902	63.958624	1	0.5	0.5	0.5
61.10525998	9.602578574	64.327126	1	0.5	0.5	0.5
61.1401891	9.352922239	63.854236	1	0.5	0.5	0.5
61.08188403	9.798777777	63.003263	1	0.5	0.5	0.5
61.04369965	10.22047551	63.010396	1	0.5	0.5	0.5
61.06743508	9.938218659	63.492867	1	0.5	0.5	0.5
61.21777608	8.904328689	63.853155	1	0.5	0.5	0.5
61.04595636	10.18939079	63.965757	1	0.5	0.5	0.5
61.68084155	7.236581038	72.26365	1	0.5	0.5	0.5
61.85636587	6.786328904	71.93318	1	0.5	0.5	0.5
61.09784079	9.661626561	62.547315	1	0.5	0.5	0.5
61.18408516	9.085786367	61.7194425	1	0.5	0.5	0.5
61.13626481	9.379025216	62.153471	1	0.5	0.5	0.5
61.20863939	8.951886414	62.139809	1	0.5	0.5	0.5
69.9249177	0.213791784	67.251286	1	0.5	0.5	0.5
69.91874269	0.214981451	67.770532	1	0.5	0.5	0.5
70.33830254	0.142421147	67.503758	1	0.5	0.5	0.5
69.54914607	0.292919621	62.999697	1	0.5	0.5	0.5
69.94545978	0.209860011	63.344684	1	0.5	0.5	0.5
71.1359045	0.050041323	63	1	0.5	0.5	0.5
70.7397927	0.088531995	63.343554	1	0.5	0.5	0.5
66.59526189	1.437727021	71.28026	1	0.5	0.5	0.5
66.59200064	1.439571335	71.76044	1	0.5	0.5	0.5
61.32328239	8.420095055	65.996282	1	0.5	0.5	0.5
61.22973865	8.843654072	65.744725	1	0.5	0.5	0.5
61.229499	8.844895264	66.246985	1	0.5	0.5	0.5
66.49242768	1.496584286	72.16594	1	0.5	0.5	0.5
61.09379668	9.695002943	65.743346	1	0.5	0.5	0.5
61.15312026	9.269858236	65.49257	1	0.5	0.5	0.5
61.09403633	9.693024824	65.240488	1	0.5	0.5	0.5
61.22933924	8.845695099	66.749282	1	0.5	0.5	0.5
61.15267092	9.272631196	66.497725	1	0.5	0.5	0.5
61.23013807	8.841700917	65.241867	1	0.5	0.5	0.5
61.05549247	10.06936562	64.961388	1	0.5	0.5	0.5
61.10021732	9.642443504	64.710613	1	0.5	0.5	0.5
61.43077581	8.01005934	68.24331	1	0.5	0.5	0.5
61.43147479	8.007595928	68.746089	1	0.5	0.5	0.5
61.55886922	7.589557869	68.510122	1	0.5	0.5	0.5
66.71169728	1.372845532	64.753949	1	0.5	0.5	0.5
67.09705095	1.170994561	64.50334	1	0.5	0.5	0.5
66.71231538	1.372506026	64.251401	1	0.5	0.5	0.5
66.33593664	1.589014646	63.999435	1	0.5	0.5	0.5
66.71302635	1.372115595	63.748826	1	0.5	0.5	0.5
65.96573789	1.821986284	65.757747	1	0.5	0.5	0.5
65.96636398	1.821574884	65.255158	1	0.5	0.5	0.5
65.60759259	2.067733313	65.505755	1	0.5	0.5	0.5
61.70227033	7.178346865	67.756908	1	0.5	0.5	0.5
61.70170116	7.179872643	68.259237	1	0.5	0.5	0.5
61.86221735	6.772283364	68.008801	1	0.5	0.5	0.5
66.33460158	1.589818475	65.00458	1	0.5	0.5	0.5
65.96698907	1.821164481	64.752588	1	0.5	0.5	0.5
66.71104124	1.373205008	65.256519	1	0.5	0.5	0.5
61.70259985	7.17747214	68.762015	1	0.5	0.5	0.5
61.32134521	8.428134345	67.991522	1	0.5	0.5	0.5
61.43210388	8.005382153	67.755556	1	0.5	0.5	0.5
69.1121686	0.402420815	65.765993	1	0.5	0.5	0.5
69.12165079	0.399841372	66.262785	1	0.5	0.5	0.5
69.53248135	0.296747845	66.01505	1	0.5	0.5	0.5
69.95391646	0.208253252	66.262383	1	0.5	0.5	0.5
69.94426252	0.210088079	65.76559	1	0.5	0.5	0.5
62.23063768	5.97926153	65.497647	1	0.5	0.5	0.5
62.43674645	5.596998359	65.749617	1	0.5	0.5	0.5
62.43712989	5.59631835	65.247038	1	0.5	0.5	0.5
63.97448748	3.500706952	67.261353	1	0.5	0.5	0.5
63.97394726	3.50128511	67.763932	1	0.5	0.5	0.5
64.2772155	3.189311551	67.513329	1	0.5	0.5	0.5
63.97236757	3.502975647	69.271604	1	0.5	0.5	0.5
63.9728898	3.502416462	68.769019	1	0.5	0.5	0.5
63.68226714	3.826187836	69.019623	1	0.5	0.5	0.5
62.65613288	5.225884947	68.011823	1	0.5	0.5	0.5
62.89171671	4.860991474	68.26377	1	0.5	0.5	0.5
62.89212412	4.860386356	67.761185	1	0.5	0.5	0.5
63.40809951	4.156938044	65.752333	1	0.5	0.5	0.5
63.40858481	4.156328931	65.249752	1	0.5	0.5	0.5
63.14430278	4.501932503	65.500343	1	0.5	0.5	0.5
62.89391051	4.857738213	65.750966	1	0.5	0.5	0.5
62.89434588	4.857091156	65.248385	1	0.5	0.5	0.5
65.96120649	1.824966943	69.275654	1	0.5	0.5	0.5
66.32929032	1.593017815	69.025031	1	0.5	0.5	0.5
65.96185355	1.824541562	68.773073	1	0.5	0.5	0.5
62.43490513	5.60025861	67.759913	1	0.5	0.5	0.5
62.43454566	5.600893685	68.262499	1	0.5	0.5	0.5
62.65862924	5.221847828	64.996442	1	0.5	0.5	0.5
62.89478624	4.856439105	64.745819	1	0.5	0.5	0.5
67.49235712	0.983543015	62.745072	1	0.5	0.5	0.5
67.44799175	1.003626859	62.234448	1	0.5	0.5	0.5
67.05567722	1.191742338	62.485085	1	0.5	0.5	0.5
67.16356207	1.138097481	69.600636	1	0.5	0.5	0.5
67.56348551	0.951836401	69.841956	1	0.5	0.5	0.5
67.50318635	0.978676803	69.281688	1	0.5	0.5	0.5
67.9018696	0.809142258	69.023459	1	0.5	0.5	0.5
67.4959429	0.981930164	68.782139	1	0.5	0.5	0.5
62.03976871	6.369444165	65.245705	1	0.5	0.5	0.5
62.03943919	6.370153132	65.748284	1	0.5	0.5	0.5
62.43751733	5.595633348	64.744472	1	0.5	0.5	0.5
63.6863472	3.821460721	64.999164	1	0.5	0.5	0.5
63.4090711	4.155717821	64.747174	1	0.5	0.5	0.5
63.9771506	3.497857103	64.74854	1	0.5	0.5	0.5
63.97661737	3.498427273	65.251118	1	0.5	0.5	0.5
64.59260109	2.88959314	67.262706	1	0.5	0.5	0.5
64.59201694	2.890126363	67.765285	1	0.5	0.5	0.5
68.29617024	0.659308416	63.751388	1	0.5	0.5	0.5
67.89017863	0.813851498	64.002194	1	0.5	0.5	0.5
68.29520364	0.659654611	64.254022	1	0.5	0.5	0.5
66.77016112	1.340960977	69.844259	1	0.5	0.5	0.5
66.71221453	1.372560946	69.28399	1	0.5	0.5	0.5
63.40470346	4.161202831	69.270254	1	0.5	0.5	0.5
63.40518077	4.160603704	68.767669	1	0.5	0.5	0.5
65.60386702	2.070401427	68.521135	1	0.5	0.5	0.5
65.96251159	1.824108193	68.270513	1	0.5	0.5	0.5
62.89129333	4.861619559	68.766354	1	0.5	0.5	0.5
63.14152582	4.505718987	68.515716	1	0.5	0.5	0.5
64.92076607	2.601625612	66.006984	1	0.5	0.5	0.5
65.25830738	2.328331709	66.25894	1	0.5	0.5	0.5
65.25888354	2.327883362	65.756387	1	0.5	0.5	0.5
62.22820123	5.984004621	68.513068	1	0.5	0.5	0.5
62.43440286	5.601148314	68.764978	1	0.5	0.5	0.5
67.89185219	0.813176182	62.996998	1	0.5	0.5	0.5
67.49164716	0.983862649	63.247635	1	0.5	0.5	0.5
67.09844792	1.170298575	63.498251	1	0.5	0.5	0.5
66.71377525	1.371704194	63.246285	1	0.5	0.5	0.5
62.89521861	4.855799038	64.243273	1	0.5	0.5	0.5
62.88830169	4.866061089	63.744292	1	0.5	0.5	0.5
62.65253811	5.231707465	63.994895	1	0.5	0.5	0.5
68.70498074	0.52187491	66.51629	1	0.5	0.5	0.5
69.12089789	0.400045874	66.765346	1	0.5	0.5	0.5
63.10731266	4.552646629	63.427247	1	0.5	0.5	0.5
62.85210941	4.920168273	63.17887	1	0.5	0.5	0.5
62.03686594	6.375692064	69.768781	1	0.5	0.5	0.5
62.22775089	5.984881344	69.518137	1	0.5	0.5	0.5
62.03715851	6.37506298	69.266192	1	0.5	0.5	0.5
61.70343863	7.17519246	67.254578	1	0.5	0.5	0.5
61.55911886	7.588791985	67.505014	1	0.5	0.5	0.5
62.03902779	6.371037844	66.250876	1	0.5	0.5	0.5
61.86379505	6.768490888	65.998935	1	0.5	0.5	0.5
64.2882025	3.178463353	70.597284	1	0.5	0.5	0.5
64.60650684	2.876915607	70.849146	1	0.5	0.5	0.5
64.59222864	2.889932645	70.277988	1	0.5	0.5	0.5
61.7041476	7.173282243	66.249549	1	0.5	0.5	0.5
61.70449709	7.172366577	65.746957	1	0.5	0.5	0.5
64.59731722	2.88528841	63.750023	1	0.5	0.5	0.5
64.61172723	2.872166524	63.26707	1	0.5	0.5	0.5
64.29496365	3.171802056	63.512413	1	0.5	0.5	0.5
64.58972628	2.892219314	69.775519	1	0.5	0.5	0.5
64.91921433	2.602932708	70.027381	1	0.5	0.5	0.5
62.88728017	4.867578879	70.265913	1	0.5	0.5	0.5
62.85975926	4.908674017	70.82644	1	0.5	0.5	0.5
63.11101327	4.54754506	70.583953	1	0.5	0.5	0.5
61.7051062	7.170719975	64.741793	1	0.5	0.5	0.5
61.70480664	7.171513819	65.244372	1	0.5	0.5	0.5
61.86450401	6.766808339	64.993763	1	0.5	0.5	0.5
63.68327767	3.825016542	68.014497	1	0.5	0.5	0.5
63.97341404	3.501856278	68.266473	1	0.5	0.5	0.5
64.27610812	3.190406955	68.518454	1	0.5	0.5	0.5
62.8934382	4.858437195	66.253548	1	0.5	0.5	0.5
62.65777149	5.223233809	66.001589	1	0.5	0.5	0.5
68.2918725	0.660848672	67.269436	1	0.5	0.5	0.5
68.2911176	0.661119777	67.77199	1	0.5	0.5	0.5
68.70346994	0.522350118	67.521405	1	0.5	0.5	0.5
69.10347427	0.404793758	67.771009	1	0.5	0.5	0.5
69.11293149	0.402213017	68.275867	1	0.5	0.5	0.5
69.51798147	0.30010086	68.022917	1	0.5	0.5	0.5
67.48810731	0.985456627	65.76042	1	0.5	0.5	0.5
67.4888053	0.985142185	65.257852	1	0.5	0.5	0.5
67.09573487	1.171651604	65.508456	1	0.5	0.5	0.5
65.25648504	2.329748645	67.766618	1	0.5	0.5	0.5
64.9184105	2.60361072	68.017227	1	0.5	0.5	0.5
65.25587093	2.33022595	68.269183	1	0.5	0.5	0.5
67.8875185	0.814924935	66.012373	1	0.5	0.5	0.5
68.29335234	0.660318345	66.26433	1	0.5	0.5	0.5
68.29408827	0.660054629	65.761772	1	0.5	0.5	0.5
69.10424914	0.404581967	67.268455	1	0.5	0.5	0.5
67.48739435	0.98577766	66.262978	1	0.5	0.5	0.5
65.25709615	2.329273337	67.264059	1	0.5	0.5	0.5
65.60513717	2.069491752	67.516015	1	0.5	0.5	0.5
66.70832419	1.374698832	67.266755	1	0.5	0.5	0.5
66.7076322	1.375079278	67.769308	1	0.5	0.5	0.5
67.09294992	1.173041579	67.518702	1	0.5	0.5	0.5
63.97501471	3.500141775	66.7588	1	0.5	0.5	0.5
64.27833188	3.188208158	66.508187	1	0.5	0.5	0.5
63.97554693	3.499572604	66.256237	1	0.5	0.5	0.5
65.25524984	2.330709246	68.771743	1	0.5	0.5	0.5
68.70647556	0.521404895	65.511163	1	0.5	0.5	0.5
68.29482819	0.659789215	65.259207	1	0.5	0.5	0.5
64.59429662	2.888045394	65.755028	1	0.5	0.5	0.5
64.59486779	2.887523155	65.252462	1	0.5	0.5	0.5
64.27943627	3.187116748	65.503059	1	0.5	0.5	0.5
62.65198392	5.232605158	70.01396	1	0.5	0.5	0.5
62.43368691	5.602416467	69.770123	1	0.5	0.5	0.5
62.43091494	5.607332306	70.264563	1	0.5	0.5	0.5
62.89297488	4.859125193	66.756107	1	0.5	0.5	0.5
63.14335017	4.503230612	66.505484	1	0.5	0.5	0.5
64.59375741	2.888537677	66.257581	1	0.5	0.5	0.5
62.89043258	4.862896699	69.771473	1	0.5	0.5	0.5
63.14061715	4.506957183	69.520863	1	0.5	0.5	0.5
62.89086795	4.86225064	69.26891	1	0.5	0.5	0.5
62.04029395	6.36831481	62.733105	1	0.5	0.5	0.5
62.23276658	5.975120562	62.48228	1	0.5	0.5	0.5
62.04062147	6.367610836	62.230542	1	0.5	0.5	0.5
64.59318225	2.889062912	66.760143	1	0.5	0.5	0.5
65.96316564	1.82367782	67.767968	1	0.5	0.5	0.5
65.9638127	1.82325244	67.265409	1	0.5	0.5	0.5
64.91722023	2.604615257	69.022352	1	0.5	0.5	0.5
65.25463373	2.331188548	69.274304	1	0.5	0.5	0.5
69.1129275	0.402213916	65.263428	1	0.5	0.5	0.5
64.92192338	2.600649034	65.00185	1	0.5	0.5	0.5
64.59544695	2.886994924	64.749882	1	0.5	0.5	0.5
62.22707886	5.986191436	70.523289	1	0.5	0.5	0.5
62.4305325	5.608011317	70.767126	1	0.5	0.5	0.5
63.40708699	4.158208193	66.757447	1	0.5	0.5	0.5
63.40760424	4.157559139	66.254887	1	0.5	0.5	0.5
69.52706823	0.297997325	65.016051	1	0.5	0.5	0.5
69.11704949	0.40109195	64.761222	1	0.5	0.5	0.5
65.25401963	2.331666851	69.776869	1	0.5	0.5	0.5
65.60259387	2.071313099	69.52626	1	0.5	0.5	0.5
64.5908776	2.891167846	68.770396	1	0.5	0.5	0.5
64.59030144	2.891694079	69.272956	1	0.5	0.5	0.5
64.59601812	2.886473684	64.247318	1	0.5	0.5	0.5
64.28053567	3.186029332	64.49793	1	0.5	0.5	0.5
62.03651645	6.376444967	70.271332	1	0.5	0.5	0.5
62.03618893	6.377150939	70.773895	1	0.5	0.5	0.5
69.11692268	0.4011264	64.258531	1	0.5	0.5	0.5
68.70710165	0.521208281	64.505907	1	0.5	0.5	0.5
65.96055644	1.825395319	69.778219	1	0.5	0.5	0.5
64.27500972	3.191493372	69.523563	1	0.5	0.5	0.5
64.92386755	2.59901142	64.001975	1	0.5	0.5	0.5
63.97767883	3.497292925	64.245976	1	0.5	0.5	0.5
61.86093921	6.775351894	71.02333	1	0.5	0.5	0.5
62.0358674	6.377844928	71.27528	1	0.5	0.5	0.5
61.86154832	6.773879039	70.019387	1	0.5	0.5	0.5
65.26075382	2.32642948	64.248671	1	0.5	0.5	0.5
65.2621428	2.325351051	63.751377	1	0.5	0.5	0.5
69.53980767	0.295061501	64.008053	1	0.5	0.5	0.5
69.1254173	0.398819361	63.752738	1	0.5	0.5	0.5
65.94599266	1.83499833	70.276846	1	0.5	0.5	0.5
66.31369404	1.602438092	70.026239	1	0.5	0.5	0.5
62.03553987	6.378551898	71.77784	1	0.5	0.5	0.5
62.2263679	5.987577417	71.52841	1	0.5	0.5	0.5
63.97183634	3.503544818	69.774167	1	0.5	0.5	0.5
65.63817404	2.045926079	63.437403	1	0.5	0.5	0.5
65.28993032	2.303839386	63.190706	1	0.5	0.5	0.5
69.12621115	0.398604274	63.242097	1	0.5	0.5	0.5
68.70776069	0.521001083	63.492575	1	0.5	0.5	0.5
65.96836407	1.820259799	63.747467	1	0.5	0.5	0.5
65.99776424	1.80100984	63.186796	1	0.5	0.5	0.5
63.36961757	4.205534255	63.176642	1	0.5	0.5	0.5
63.70900619	3.795301826	63.005291	1	0.5	0.5	0.5
63.97820806	3.496725751	63.743413	1	0.5	0.5	0.5
63.68736372	3.820282438	63.994023	1	0.5	0.5	0.5
65.60343365	2.070711975	70.582597	1	0.5	0.5	0.5
65.94750346	1.834000783	70.830618	1	0.5	0.5	0.5
63.98450389	3.490001546	70.84789	1	0.5	0.5	0.5
63.68609257	3.821754294	70.976938	1	0.5	0.5	0.5
63.41003569	4.154506585	63.742064	1	0.5	0.5	0.5
63.4095524	4.155113701	64.244628	1	0.5	0.5	0.5
63.68125961	3.827357132	70.024773	1	0.5	0.5	0.5
63.97130511	3.504112991	70.276732	1	0.5	0.5	0.5
61.66158959	7.289814495	69.713163	1	0.5	0.5	0.5
61.66131	7.290595357	70.215714	1	0.5	0.5	0.5
67.09435288	1.1723406	66.513586	1	0.5	0.5	0.5
67.48668439	0.986097594	66.76554	1	0.5	0.5	0.5
68.29694411	0.659031319	63.240747	1	0.5	0.5	0.5
66.7090062	1.374323379	66.764193	1	0.5	0.5	0.5
66.70968921	1.373948924	66.26163	1	0.5	0.5	0.5
64.91960576	2.602603188	67.0121	1	0.5	0.5	0.5
65.25771724	2.328790041	66.761496	1	0.5	0.5	0.5
66.33196143	1.591408159	67.014799	1	0.5	0.5	0.5
63.68429419	3.823839257	67.009403	1	0.5	0.5	0.5
63.40421917	4.161812943	69.772817	1	0.5	0.5	0.5
62.04110676	6.366567356	63.235451	1	0.5	0.5	0.5
61.86468375	6.766371975	62.983713	1	0.5	0.5	0.5
68.29261741	0.660581661	66.766891	1	0.5	0.5	0.5
65.96446275	1.822824064	66.762846	1	0.5	0.5	0.5
63.40660569	4.158813312	67.26	1	0.5	0.5	0.5
61.86512311	6.765309522	63.988622	1	0.5	0.5	0.5
62.04044972	6.367979299	64.240573	1	0.5	0.5	0.5
62.04077724	6.367275324	63.738011	1	0.5	0.5	0.5
63.40373487	4.162421057	70.275382	1	0.5	0.5	0.5
62.65692173	5.224607807	67.006704	1	0.5	0.5	0.5
62.89254351	4.85976526	67.258641	1	0.5	0.5	0.5
62.23205462	5.976505545	63.487403	1	0.5	0.5	0.5
62.43633105	5.59773229	66.252198	1	0.5	0.5	0.5
61.70537581	7.169991037	64.239233	1	0.5	0.5	0.5
61.70564542	7.169263097	63.73667	1	0.5	0.5	0.5
62.43585075	5.598583051	66.754758	1	0.5	0.5	0.5
62.43547131	5.599256071	67.257291	1	0.5	0.5	0.5
62.22983385	5.980825252	66.502785	1	0.5	0.5	0.5
61.43476999	7.995989834	64.237886	1	0.5	0.5	0.5
61.40650117	8.097225368	63.735426	1	0.5	0.5	0.5
61.29985652	8.519025946	63.986032	1	0.5	0.5	0.5
61.56177499	7.580681799	64.489841	1	0.5	0.5	0.5
62.03861539	6.371924552	66.753436	1	0.5	0.5	0.5
61.43455031	7.996738743	64.740447	1	0.5	0.5	0.5
61.43425075	7.99778422	65.243211	1	0.5	0.5	0.5
61.32383159	8.417808386	64.991257	1	0.5	0.5	0.5
61.56124576	7.582286461	65.494987	1	0.5	0.5	0.5
61.86313601	6.770086564	67.004	1	0.5	0.5	0.5
62.03829885	6.372607557	67.255909	1	0.5	0.5	0.5
66.71289354	1.372188489	68.781409	1	0.5	0.5	0.5
63.40565208	4.160011567	68.265085	1	0.5	0.5	0.5
61.4340111	7.998660943	65.745797	1	0.5	0.5	0.5
61.70370824	7.174486489	66.752105	1	0.5	0.5	0.5
69.09944114	0.40589735	69.281832	1	0.5	0.5	0.5
68.70399617	0.522184659	69.531158	1	0.5	0.5	0.5
69.09485682	0.407153521	69.784789	1	0.5	0.5	0.5
62.03781356	6.373652036	67.758531	1	0.5	0.5	0.5
62.22886127	5.982719493	67.507967	1	0.5	0.5	0.5
63.99153465	3.482504467	63.260459	1	0.5	0.5	0.5
65.25669473	2.329584884	70.279338	1	0.5	0.5	0.5
61.52252217	7.702936714	70.466321	1	0.5	0.5	0.5
61.70185095	7.179474223	70.772545	1	0.5	0.5	0.5
63.37303359	4.201197572	70.835909	1	0.5	0.5	0.5
61.43366161	7.99987817	66.248057	1	0.5	0.5	0.5
61.56056675	7.584372423	66.500128	1	0.5	0.5	0.5
69.1158772	0.401410786	68.777988	1	0.5	0.5	0.5
69.51093373	0.301738175	69.031619	1	0.5	0.5	0.5
62.43181164	5.605741623	63.742938	1	0.5	0.5	0.5
62.43219508	5.605061614	63.240378	1	0.5	0.5	0.5
64.01365942	3.4590037	62.774291	1	0.5	0.5	0.5
65.25812365	2.328473503	70.833109	1	0.5	0.5	0.5
61.43331212	8.001113371	66.750613	1	0.5	0.5	0.5
61.43301255	8.002144868	67.253225	1	0.5	0.5	0.5
62.43402741	5.601812347	69.267534	1	0.5	0.5	0.5
62.43789578	5.594964322	64.241919	1	0.5	0.5	0.5
65.25947568	2.327423033	65.253799	1	0.5	0.5	0.5
63.14522044	4.500681325	64.495215	1	0.5	0.5	0.5
61.32273319	8.422366746	67.001154	1	0.5	0.5	0.5
62.04012519	6.368676284	64.743126	1	0.5	0.5	0.5
67.49086829	0.984213338	63.750176	1	0.5	0.5	0.5
67.48993166	0.984634724	64.25281	1	0.5	0.5	0.5
65.60637437	2.068605044	66.510899	1	0.5	0.5	0.5
61.55502482	7.601372659	63.485497	1	0.5	0.5	0.5
61.40056981	8.118973688	63.233642	1	0.5	0.5	0.5
66.71037121	1.373573471	65.759087	1	0.5	0.5	0.5
67.48524348	0.986747147	67.770638	1	0.5	0.5	0.5
67.48596344	0.98642262	67.268085	1	0.5	0.5	0.5
67.88606063	0.815513677	67.017476	1	0.5	0.5	0.5
61.69780684	7.190399309	63.234886	1	0.5	0.5	0.5
63.14241653	4.504504756	67.510588	1	0.5	0.5	0.5
66.33062438	1.592213985	68.019906	1	0.5	0.5	0.5
63.97608914	3.498992449	65.753683	1	0.5	0.5	0.5
64.59144378	2.890650599	68.26785	1	0.5	0.5	0.5
67.88873473	0.81443395	65.007321	1	0.5	0.5	0.5
67.48928859	0.984924502	64.755358	1	0.5	0.5	0.5
63.6853177	3.822652985	66.004296	1	0.5	0.5	0.5
68.29532746	0.659610476	64.756713	1	0.5	0.5	0.5
69.52524289	0.29841911	67.014951	1	0.5	0.5	0.5
62.23134565	5.977883537	64.492515	1	0.5	0.5	0.5
62.65534902	5.227154098	69.016964	1	0.5	0.5	0.5
65.96508784	1.822413662	66.26029	1	0.5	0.5	0.5
66.33329449	1.590605329	66.009693	1	0.5	0.5	0.5
62.03712856	6.375127886	68.260859	1	0.5	0.5	0.5
63.40613837	4.159400457	67.762544	1	0.5	0.5	0.5
66.7069462	1.375456728	68.271852	1	0.5	0.5	0.5
67.88991501	0.813957743	68.021966	1	0.5	0.5	0.5
68.29577381	0.659450309	68.273935	1	0.5	0.5	0.5
68.70561781	0.521674802	68.52608	1	0.5	0.5	0.5
61.22870017	8.848849504	67.751215	1	0.5	0.5	0.5
61.22775155	8.85361656	68.23897	1	0.5	0.5	0.5
61.22912954	8.846745569	67.251894	1	0.5	0.5	0.5
67.09831511	1.170364479	68.530811	1	0.5	0.5	0.5
67.48975491	0.984714608	68.272582	1	0.5	0.5	0.5
65.96768705	1.820705151	64.250042	1	0.5	0.5	0.5
68.30612573	0.655747902	69.275605	1	0.5	0.5	0.5
68.29864962	0.658420908	68.776056	1	0.5	0.5	0.5
61.70271968	7.177131636	69.264868	1	0.5	0.5	0.5
61.52302144	7.701344034	69.461195	1	0.5	0.5	0.5
61.86172806	6.773448666	69.013983	1	0.5	0.5	0.5
62.03700574	6.3753925	68.763338	1	0.5	0.5	0.5
65.26009478	2.326942732	64.751218	1	0.5	0.5	0.5
65.60888071	2.066811656	64.50062	1	0.5	0.5	0.5
68.30165025	0.657347372	69.778562	1	0.5	0.5	0.5
61.15221159	9.275554937	67.499343	1	0.5	0.5	0.5
70.34080289	0.142038904	71.52905	1	0.5	0.5	0.5
69.86737951	0.225020427	71.25412	1	0.5	0.5	0.5
69.9349391	0.211868585	71.78317	1	0.5	0.5	0.5
61.09284806	9.702955359	66.749953	1	0.5	0.5	0.5
61.09294791	9.702145538	66.247656	1	0.5	0.5	0.5
61.09283807	9.703018267	67.250073	1	0.5	0.5	0.5
61.09258844	9.705148164	67.749394	1	0.5	0.5	0.5
70.70969953	0.092049651	71.23866	1	0.5	0.5	0.5
70.77807593	0.084178537	71.76771	1	0.5	0.5	0.5
61.23034777	8.840634471	64.739102	1	0.5	0.5	0.5
61.02451759	10.56761983	71.75	1	0.5	0.5	0.5
61.02451759	10.56761983	71.25	1	0.5	0.5	0.5
61.02451759	10.56761983	68.75	1	0.5	0.5	0.5
61.02451759	10.56761983	68.25	1	0.5	0.5	0.5
71.57226527	0.0243315	64.251206	1	0.5	0.5	0.5
71.57226527	0.0243315	64.751206	1	0.5	0.5	0.5
71.57557834	0.024202889	69.251609	1	0.5	0.5	0.5
71.57557834	0.024202889	69.751609	1	0.5	0.5	0.5
71.56761714	0.02451363	63.25	1	0.5	0.5	0.5
71.56761714	0.02451363	63.75	1	0.5	0.5	0.5
71.57402091	0.024263223	71.23866	1	0.5	0.5	0.5
71.57402091	0.024263223	71.73866	1	0.5	0.5	0.5
71.56761714	0.02451363	62.25	1	0.5	0.5	0.5
71.56761714	0.02451363	62.75	1	0.5	0.5	0.5
61.02563596	10.53995014	62.760396	1	0.5	0.5	0.5
61.02563596	10.53995014	62.260396	1	0.5	0.5	0.5
61.026984	10.50881549	64.715757	1	0.5	0.5	0.5
61.026984	10.50881549	64.215757	1	0.5	0.5	0.5
61.02453756	10.56691087	66.749942	1	0.5	0.5	0.5
61.02453756	10.56691087	66.249942	1	0.5	0.5	0.5
61.02453756	10.56697078	67.750062	1	0.5	0.5	0.5
61.02453756	10.56697078	67.250062	1	0.5	0.5	0.5
61.02293989	10.60962864	69.740098	1	0.5	0.5	0.5
61.02293989	10.60962864	69.240098	1	0.5	0.5	0.5
71.58467099	0.023855056	67.250593	1	0.5	0.5	0.5
71.58467099	0.023855056	67.750593	1	0.5	0.5	0.5
71.56763112	0.02451308	70.250024	1	0.5	0.5	0.5
71.56763112	0.02451308	70.750024	1	0.5	0.5	0.5
71.57736414	0.02413398	68.251029	1	0.5	0.5	0.5
71.57736414	0.02413398	68.751029	1	0.5	0.5	0.5
61.02482714	10.55972134	65.745632	1	0.5	0.5	0.5
61.02482714	10.55972134	65.245632	1	0.5	0.5	0.5
61.02766301	10.49386727	70.774931	1	0.5	0.5	0.5
61.02766301	10.49386727	70.274931	1	0.5	0.5	0.5
61.05015025	10.13456065	67.000004	1	0.5	0.5	0.5
71.14230737	0.049537936	70.988683	1	0.5	0.5	0.5
70.70334978	0.092802684	70.750024	1	0.5	0.5	0.5
71.14386121	0.049416344	70.001633	1	0.5	0.5	0.5
61.05071943	10.1273212	65.995574	1	0.5	0.5	0.5
71.16264495	0.047963999	68.001622	1	0.5	0.5	0.5
71.14054194	0.049676355	64.001206	1	0.5	0.5	0.5
61.05009034	10.13525964	68.000062	1	0.5	0.5	0.5
61.04681511	10.17782763	68.990098	1	0.5	0.5	0.5
71.58806635	0.023727103	65.736126	1	0.5	0.5	0.5
71.18061127	0.046605179	65.985988	1	0.5	0.5	0.5
71.59197356	0.023581166	66.249862	1	0.5	0.5	0.5
71.15357236	0.048661443	69.002638	1	0.5	0.5	0.5
61.05258671	10.10423483	70.015029	1	0.5	0.5	0.5
61.09250855	9.705787233	68.249332	1	0.5	0.5	0.5
70.7563376	0.08663385	67.242849	1	0.5	0.5	0.5
70.7500907	0.08734761	67.762095	1	0.5	0.5	0.5
69.48487369	0.307834795	70.043821	1	0.5	0.5	0.5
69.89317494	0.219946818	70.296557	1	0.5	0.5	0.5
69.90272103	0.218085729	69.788199	1	0.5	0.5	0.5
69.08547848	0.409729868	70.293147	1	0.5	0.5	0.5
61.29666117	8.532862791	62.099442	1	0.5	0.5	0.5
70.73202701	0.089431745	69.772076	1	0.5	0.5	0.5
70.73666426	0.088893838	69.267548	1	0.5	0.5	0.5
70.31874502	0.145432361	69.536406	1	0.5	0.5	0.5
65.12398505	2.434448133	61.4180892	1	0.5	0.5	0.5
65.50415427	2.142673151	61.4180892	1	0.5	0.5	0.5
67.99889826	0.770658017	72.57907	1	0.5	0.5	0.5
67.55650867	0.954919709	72.57907	1	0.5	0.5	0.5
64.42283039	3.047971436	61.4089938	1	0.5	0.5	0.5
64.77690462	2.725028855	61.4089938	1	0.5	0.5	0.5
62.89024086	4.863181284	61.4231226	1	0.5	0.5	0.5
65.8786857	1.879815047	61.4229184	1	0.5	0.5	0.5
68.46930903	0.598919482	61.4154975	1	0.5	0.5	0.5
68.92635826	0.454812398	61.4154975	1	0.5	0.5	0.5
61.45696766	7.918968029	61.4071609	1	0.5	0.5	0.5
61.60139727	7.462020648	61.4071609	1	0.5	0.5	0.5
67.13691888	1.151208383	72.5836	1	0.5	0.5	0.5
66.71194991	1.372706734	72.5836	1	0.5	0.5	0.5
68.89535243	0.463899261	72.57955	1	0.5	0.5	0.5
68.43872858	0.609350088	72.57955	1	0.5	0.5	0.5
61.60120755	7.462587822	72.59283	1	0.5	0.5	0.5
61.45679791	7.919543191	72.59283	1	0.5	0.5	0.5
62.88521119	4.8706534	72.57825	1	0.5	0.5	0.5
66.29116785	1.616104185	72.58234	1	0.5	0.5	0.5
65.88728218	1.874051443	72.58234	1	0.5	0.5	0.5
65.50505495	2.142012114	72.5845	1	0.5	0.5	0.5
65.12485678	2.433749151	72.5845	1	0.5	0.5	0.5
64.78032664	2.722043204	72.58834	1	0.5	0.5	0.5
64.4261186	3.044839997	72.58834	1	0.5	0.5	0.5
71.58806635	0.023727103	65.236126	1	0.5	0.5	0.5
61.1641442	9.202092947	68.5058	1	0.5	0.5	0.5
61.24297937	8.778574871	68.746107	1	0.5	0.5	0.5
70.35367614	0.140079458	65.513686	1	0.5	0.5	0.5
69.92926137	0.212957	65.266352	1	0.5	0.5	0.5
69.94186501	0.210545113	66.748177	1	0.5	0.5	0.5
61.23888533	8.798498848	71.06983	1	0.5	0.5	0.5
61.32218399	8.424631447	71.02506	1	0.5	0.5	0.5
61.2498194	8.745687776	70.583626	1	0.5	0.5	0.5
70.77190392	0.084871228	65.742587	1	0.5	0.5	0.5
70.77578926	0.084434764	66.256324	1	0.5	0.5	0.5
71.59197356	0.023581166	66.749862	1	0.5	0.5	0.5
71.17722301	0.046859169	67.000455	1	0.5	0.5	0.5
61.26292032	8.684104482	69.10441	1	0.5	0.5	0.5
61.3431834	8.339081065	68.83758	1	0.5	0.5	0.5
61.43955303	7.979195298	70.781004	1	0.5	0.5	0.5
70.72412652	0.090352713	70.270492	1	0.5	0.5	0.5
61.09663255	9.671509165	69.246566	1	0.5	0.5	0.5
61.10180501	9.629782946	68.756468	1	0.5	0.5	0.5
61.94621499	6.576229948	61.3315255	1	0.5	0.5	0.5
62.03413192	6.381586478	61.8213842	1	0.5	0.5	0.5
69.56661463	0.288936124	62.090775	1	0.5	0.5	0.5
69.13768843	0.395499597	61.7577054	1	0.5	0.5	0.5
68.24325032	0.678416282	61.7523315	1	0.5	0.5	0.5
67.8445441	0.832382904	62.084051	1	0.5	0.5	0.5
62.41757937	5.631063737	71.68017	1	0.5	0.5	0.5
70.74282628	0.088182115	68.262531	1	0.5	0.5	0.5
70.32772295	0.14404568	68.527441	1	0.5	0.5	0.5
70.73843867	0.088688437	68.766968	1	0.5	0.5	0.5
64.96262709	2.566516753	72.17284	1	0.5	0.5	0.5
64.95828342	2.570143471	61.827083	1	0.5	0.5	0.5
70.73461424	0.089131302	63.808976	1	0.5	0.5	0.5
70.73923551	0.088596391	64.310181	1	0.5	0.5	0.5
69.93169383	0.21249028	64.315898	1	0.5	0.5	0.5
69.94033923	0.210836289	63.810106	1	0.5	0.5	0.5
69.90730336	0.217195326	69.283671	1	0.5	0.5	0.5
62.41641806	5.633137716	62.31269	1	0.5	0.5	0.5
63.14201211	4.505054954	61.4015385	1	0.5	0.5	0.5
63.43374915	4.124856775	61.4015385	1	0.5	0.5	0.5
61.21270347	8.93060741	69.355238	1	0.5	0.5	0.5
71.16094502	0.0480941	64.987331	1	0.5	0.5	0.5
70.76359902	0.085808862	66.742118	1	0.5	0.5	0.5
66.36164219	1.573591113	63.072621	1	0.5	0.5	0.5
66.73935999	1.357701591	62.822045	1	0.5	0.5	0.5
71.59682329	0.023401961	72.10337	1	0.5	0.5	0.5
71.59682329	0.023401961	72.60337	1	0.5	0.5	0.5
71.60005159	0.023283856	61.3876387	1	0.5	0.5	0.5
71.60005159	0.023283856	61.8876387	1	0.5	0.5	0.5
70.75672803	0.086589435	65.243349	1	0.5	0.5	0.5
61.18698094	9.069495097	72.30956	1	0.5	0.5	0.5
61.21028699	8.94319807	71.89823	1	0.5	0.5	0.5
61.13425774	9.392529545	71.88222	1	0.5	0.5	0.5
61.21315281	8.928255836	70.162968	1	0.5	0.5	0.5
62.03086368	6.388646194	72.18631	1	0.5	0.5	0.5
61.94621499	6.576229948	72.67082	1	0.5	0.5	0.5
69.93345626	0.212152572	64.764146	1	0.5	0.5	0.5
70.35664781	0.139629413	66.498718	1	0.5	0.5	0.5
69.87264584	0.223979344	70.776089	1	0.5	0.5	0.5
70.29346185	0.149378712	70.520467	1	0.5	0.5	0.5
62.41603861	5.63381473	62.815253	1	0.5	0.5	0.5
62.6287977	5.270356167	63.070789	1	0.5	0.5	0.5
62.41795982	5.630384727	71.17761	1	0.5	0.5	0.5
62.63558281	5.259273311	70.918882	1	0.5	0.5	0.5
69.92836867	0.21312835	68.27539	1	0.5	0.5	0.5
69.47018309	0.311301145	71.03021	1	0.5	0.5	0.5
69.92403199	0.213962136	68.779826	1	0.5	0.5	0.5
67.94200514	0.793093835	69.941725	1	0.5	0.5	0.5
63.43374915	4.124856775	72.6058	1	0.5	0.5	0.5
63.14201211	4.505054954	72.6058	1	0.5	0.5	0.5
61.15984047	9.228223883	64.606225	1	0.5	0.5	0.5
64.88146831	2.63490813	63.048208	1	0.5	0.5	0.5
64.56941786	2.910828207	62.810597	1	0.5	0.5	0.5
64.92741838	2.596021775	70.963345	1	0.5	0.5	0.5
61.14743854	9.305838824	72.64678	1	0.5	0.5	0.5
61.08387113	9.780833916	72.64678	1	0.5	0.5	0.5
61.08420065	9.777876224	61.3665521	1	0.5	0.5	0.5
61.14789787	9.302899106	61.3665521	1	0.5	0.5	0.5
61.23831616	8.801250839	64.355615	1	0.5	0.5	0.5
61.29276684	8.549803114	71.91842	1	0.5	0.5	0.5
61.39211213	8.150275092	72.25562	1	0.5	0.5	0.5
61.45818588	7.914811084	69.104392	1	0.5	0.5	0.5
61.02066321	10.68004607	63.25	1	0.5	0.5	0.5
61.02066321	10.68004607	63.75	1	0.5	0.5	0.5
61.07858883	9.829089623	69.698529	1	0.5	0.5	0.5
61.15101333	9.283078977	69.464899	1	0.5	0.5	0.5
71.17143454	0.047295533	71.84203	1	0.5	0.5	0.5
64.51773115	2.958612601	62.451664	1	0.5	0.5	0.5
64.25876937	3.207592921	62.670527	1	0.5	0.5	0.5
70.74101791	0.088390561	64.75843	1	0.5	0.5	0.5
68.67932012	0.529978905	70.518503	1	0.5	0.5	0.5
69.06511714	0.415354574	70.777535	1	0.5	0.5	0.5
61.0214221	10.65485276	61.8515243	1	0.5	0.5	0.5
61.0214221	10.65485276	61.3515243	1	0.5	0.5	0.5
61.0214221	10.65485276	72.64848	1	0.5	0.5	0.5
61.0214221	10.65485276	72.14848	1	0.5	0.5	0.5
64.06555382	3.404420209	61.3500927	1	0.5	0.5	0.5
64.25116046	3.2151589	61.7590865	1	0.5	0.5	0.5
64.06555382	3.404420209	72.65331	1	0.5	0.5	0.5
61.04692495	10.17629985	61.3515243	1	0.5	0.5	0.5
61.04692495	10.17629985	72.64848	1	0.5	0.5	0.5
61.18394536	9.086589197	69.807201	1	0.5	0.5	0.5
61.3261582	8.408225345	61.3528904	1	0.5	0.5	0.5
61.38721926	8.168555464	61.7600513	1	0.5	0.5	0.5
61.22451626	8.869916816	71.49107	1	0.5	0.5	0.5
61.33078147	8.389257975	72.66279	1	0.5	0.5	0.5
68.01898101	0.762825526	61.336834	1	0.5	0.5	0.5
64.72677065	2.769058718	62.204861	1	0.5	0.5	0.5
64.41045841	3.059778237	62.064791	1	0.5	0.5	0.5
61.76282213	7.018981008	61.3315255	1	0.5	0.5	0.5
61.76282213	7.018981008	72.67082	1	0.5	0.5	0.5
63.58576771	3.939620602	61.7516313	1	0.5	0.5	0.5
63.74179144	3.757745533	61.3500927	1	0.5	0.5	0.5
69.97296072	0.204659986	72.17863	1	0.5	0.5	0.5
69.81576969	0.235363661	72.64958	1	0.5	0.5	0.5
68.33489383	0.645520101	70.197279	1	0.5	0.5	0.5
68.31498683	0.652587905	70.681667	1	0.5	0.5	0.5
67.40086539	1.025220904	61.8240645	1	0.5	0.5	0.5
67.57622995	0.946218684	61.336834	1	0.5	0.5	0.5
61.15139278	9.280713423	70.272628	1	0.5	0.5	0.5
61.09154995	9.713953338	70.233362	1	0.5	0.5	0.5
63.74179144	3.757745533	72.65331	1	0.5	0.5	0.5
63.58576771	3.939620602	72.25912	1	0.5	0.5	0.5
61.22325809	8.876278549	61.3528904	1	0.5	0.5	0.5
61.22705257	8.857127446	72.66279	1	0.5	0.5	0.5
69.34830163	0.340884053	72.64958	1	0.5	0.5	0.5
69.36970546	0.335582276	61.3422079	1	0.5	0.5	0.5
63.81541819	3.674641588	62.109654	1	0.5	0.5	0.5
70.33680372	0.142650712	64.566199	1	0.5	0.5	0.5
71.16826546	0.047535723	62.137639	1	0.5	0.5	0.5
69.83738421	0.231000516	61.3422079	1	0.5	0.5	0.5
70.3401828	0.142133666	63.65253	1	0.5	0.5	0.5
69.08524182	0.409795173	72.22913	1	0.5	0.5	0.5
69.50262883	0.303673956	71.9037	1	0.5	0.5	0.5
69.98987008	0.201498591	61.8074587	1	0.5	0.5	0.5
66.28532337	1.619663001	70.939269	1	0.5	0.5	0.5
61.08209372	9.796844593	62.126948	1	0.5	0.5	0.5
61.04351991	10.2229519	71.89848	1	0.5	0.5	0.5
61.045517	10.19533213	62.11192	1	0.5	0.5	0.5
63.96549757	3.510338921	62.415358	1	0.5	0.5	0.5
61.07877855	9.827328189	71.89678	1	0.5	0.5	0.5
64.05373804	3.416783201	62.00589	1	0.5	0.5	0.5
61.06980163	9.914155711	72.29525	1	0.5	0.5	0.5
61.07010119	9.911195023	61.7180764	1	0.5	0.5	0.5
61.81209036	15.10543975	61.8286102	1	0.5	0.5	0.5
61.81640408	15.11614416	72.19579	1	0.5	0.5	0.5
63.57680776	18.04969097	67.503452	1	0.5	0.5	0.5
61.05001046	11.86373183	66.498833	1	0.5	0.5	0.5
61.05014027	11.86537943	69.499882	1	0.5	0.5	0.5
63.58088682	18.05455388	64.498369	1	0.5	0.5	0.5
63.54553032	18.01214566	69.5	1	0.5	0.5	0.5
61.04992059	11.86260348	64.498092	1	0.5	0.5	0.5
61.26704431	13.33494876	72.18405	1	0.5	0.5	0.5
62.66250759	16.78441405	61.7952184	1	0.5	0.5	0.5
62.66231487	16.7841045	72.20406	1	0.5	0.5	0.5
61.26704431	13.33494876	61.815945	1	0.5	0.5	0.5
63.54553032	18.01214566	71.5	1	0.5	0.5	0.5
61.04513756	11.7995653	62.513348	1	0.5	0.5	0.5
63.54553032	18.01214566	62.5	1	0.5	0.5	0.5
61.04506766	11.7986067	71.48582	1	0.5	0.5	0.5
61.04975084	11.86038671	70.499173	1	0.5	0.5	0.5
61.15229147	12.72494733	70.000276	1	0.5	0.5	0.5
61.15239132	12.72556643	68.995195	1	0.5	0.5	0.5
61.32278312	13.57783496	69.49636	1	0.5	0.5	0.5
61.32255345	13.57690631	68.491065	1	0.5	0.5	0.5
61.55994765	14.41374732	68.992161	1	0.5	0.5	0.5
61.55947833	14.41229943	67.986959	1	0.5	0.5	0.5
61.86230721	15.22793132	68.487995	1	0.5	0.5	0.5
61.86164817	15.22636361	67.48285	1	0.5	0.5	0.5
61.55893912	14.41064184	66.981817	1	0.5	0.5	0.5
61.86096916	15.22472599	66.47772	1	0.5	0.5	0.5
61.55838992	14.4089543	65.97669	1	0.5	0.5	0.5
61.86029015	15.22309836	65.472589	1	0.5	0.5	0.5
61.55784072	14.40727674	64.971566	1	0.5	0.5	0.5
62.2263699	16.01242857	65.973612	1	0.5	0.5	0.5
61.86297624	15.22953898	69.493088	1	0.5	0.5	0.5
62.22555908	16.01084089	64.968485	1	0.5	0.5	0.5
62.22876441	16.01709178	68.988994	1	0.5	0.5	0.5
62.22960019	16.01871941	69.994102	1	0.5	0.5	0.5
61.32229383	13.57583787	65.47668	1	0.5	0.5	0.5
61.3219743	13.57447985	64.469637	1	0.5	0.5	0.5
61.55770092	14.40684737	63.966017	1	0.5	0.5	0.5
62.65284367	16.76878681	65.469505	1	0.5	0.5	0.5
62.63429169	16.73862076	66.465184	1	0.5	0.5	0.5
61.32498991	13.58696167	70.487953	1	0.5	0.5	0.5
62.62339457	16.72079672	64.472322	1	0.5	0.5	0.5
62.21815586	15.99638195	63.960404	1	0.5	0.5	0.5
61.86714017	15.23950447	70.483252	1	0.5	0.5	0.5
61.15226151	12.72474762	67.990944	1	0.5	0.5	0.5
61.32260338	13.57710602	63.481641	1	0.5	0.5	0.5
62.61427984	16.70582852	63.459652	1	0.5	0.5	0.5
63.11134978	17.45292026	65.976388	1	0.5	0.5	0.5
62.65658122	16.774838	69.490007	1	0.5	0.5	0.5
62.65564659	16.7733302	68.484882	1	0.5	0.5	0.5
62.60778131	16.69512412	70.499206	1	0.5	0.5	0.5
62.21286657	15.98600706	62.963367	1	0.5	0.5	0.5
61.60306484	14.54287921	62.853116	1	0.5	0.5	0.5
61.15162244	12.72073347	63.971082	1	0.5	0.5	0.5
61.5618349	14.41949894	69.996326	1	0.5	0.5	0.5
61.32288297	13.57827432	67.486509	1	0.5	0.5	0.5
62.22797955	16.01556401	67.983899	1	0.5	0.5	0.5
62.2237587	16.00732601	66.980116	1	0.5	0.5	0.5
62.64346333	16.753559	67.479282	1	0.5	0.5	0.5
61.32250353	13.57669662	66.480334	1	0.5	0.5	0.5
61.15236137	12.72537671	65.981308	1	0.5	0.5	0.5
61.85821318	15.21810564	64.468279	1	0.5	0.5	0.5
61.88335655	15.27806829	63.486539	1	0.5	0.5	0.5
61.05008036	11.86464051	68.499327	1	0.5	0.5	0.5
63.58291387	18.05698035	70.539814	1	0.5	0.5	0.5
63.5768477	18.04973091	63.458222	1	0.5	0.5	0.5
63.56198036	18.03193683	68.499288	1	0.5	0.5	0.5
61.1643539	12.7991792	71.13934	1	0.5	0.5	0.5
61.56118585	14.41750185	71.00248	1	0.5	0.5	0.5
62.21776943	15.99562305	70.9963	1	0.5	0.5	0.5
61.04987066	11.86195442	67.5	1	0.5	0.5	0.5
61.1526809	12.72739377	66.985393	1	0.5	0.5	0.5
61.04951119	11.85731119	65.5	1	0.5	0.5	0.5
61.1531602	12.73040937	64.974627	1	0.5	0.5	0.5
61.04915171	11.85271788	63.5	1	0.5	0.5	0.5
61.16406432	12.79743175	62.846918	1	0.5	0.5	0.5
62.1992534	15.95919612	61.8623274	1	0.5	0.5	0.5
61.50170249	14.23017472	72.19479	1	0.5	0.5	0.5
62.20161895	15.96386931	72.14511	1	0.5	0.5	0.5
61.49660991	14.21356891	61.8288889	1	0.5	0.5	0.5
61.10659803	12.40785922	72.22416	1	0.5	0.5	0.5
63.2071003	17.58279108	61.7758406	1	0.5	0.5	0.5
63.00971383	17.31054765	62.661181	1	0.5	0.5	0.5
63.2071003	17.58279108	72.22416	1	0.5	0.5	0.5
63.00882612	17.3092795	71.3253	1	0.5	0.5	0.5
61.10659803	12.40785922	61.7758406	1	0.5	0.5	0.5
63.5896181	18.06496871	66.543879	1	0.5	0.5	0.5
63.08589286	17.41770156	65.02424	1	0.5	0.5	0.5
63.06627044	17.39036139	70.028954	1	0.5	0.5	0.5
63.07850962	17.40743652	68.987016	1	0.5	0.5	0.5
63.08192764	17.41219958	66.976366	1	0.5	0.5	0.5
63.08153621	17.41165038	67.980499	1	0.5	0.5	0.5
63.59800489	18.0749342	65.500218	1	0.5	0.5	0.5
63.06724003	17.39171941	63.937108	1	0.5	0.5	0.5
61.38313521	13.81611786	71.39157	1	0.5	0.5	0.5
61.34078689	13.65131792	62.610844	1	0.5	0.5	0.5
61.88068045	15.27171754	71.34992	1	0.5	0.5	0.5
61.891974	15.29838869	62.646826	1	0.5	0.5	0.5
62.57920094	16.64772316	71.43197	1	0.5	0.5	0.5
62.58090746	16.65056902	62.561553	1	0.5	0.5	0.5
63.6681567	18.15741405	72.3071	1	0.5	0.5	0.5
63.6681567	18.15741405	61.6929042	1	0.5	0.5	0.5
61.0367298	11.67445754	61.6929042	1	0.5	0.5	0.5
61.0367298	11.67445754	72.3071	1	0.5	0.5	0.5
61.65484941	14.69135294	71.65171	1	0.5	0.5	0.5
63.28784568	17.68929594	70.932559	1	0.5	0.5	0.5
63.03745742	17.34989034	70.677129	1	0.5	0.5	0.5
63.31819248	17.72862865	70.284384	1	0.5	0.5	0.5
61.70372821	14.8255874	62.340863	1	0.5	0.5	0.5
61.54853428	14.37863846	62.341003	1	0.5	0.5	0.5
61.64474413	14.66290438	61.8287495	1	0.5	0.5	0.5
63.28544019	17.68616051	63.059702	1	0.5	0.5	0.5
63.31580895	17.72555313	63.697665	1	0.5	0.5	0.5
63.03838506	17.35119844	63.299145	1	0.5	0.5	0.5
61.21237395	13.06769806	71.6617	1	0.5	0.5	0.5
61.17689563	12.87312149	72.20411	1	0.5	0.5	0.5
61.13371852	12.60377384	71.68175	1	0.5	0.5	0.5
61.85157285	15.20210894	62.237718	1	0.5	0.5	0.5
61.74056455	14.92329508	62.749971	1	0.5	0.5	0.5
61.2122042	13.06682932	62.331432	1	0.5	0.5	0.5
61.13358871	12.60290511	62.311379	1	0.5	0.5	0.5
61.17689563	12.87312149	61.7958928	1	0.5	0.5	0.5
62.80317569	17.00555193	70.912255	1	0.5	0.5	0.5
62.83043498	17.04709142	70.26408	1	0.5	0.5	0.5
61.26170209	13.31023476	71.26546	1	0.5	0.5	0.5
61.3223837	13.57618736	71.78781	1	0.5	0.5	0.5
62.80702308	17.01144335	63.060417	1	0.5	0.5	0.5
62.83434229	17.05301279	63.69838	1	0.5	0.5	0.5
61.3027523	13.49340794	62.213395	1	0.5	0.5	0.5
61.24394796	13.22612728	62.728881	1	0.5	0.5	0.5
63.56116755	18.03095825	62.979111	1	0.5	0.5	0.5
63.27057085	17.66672881	62.580591	1	0.5	0.5	0.5
63.56419214	18.03458297	71.01991	1	0.5	0.5	0.5
63.27010153	17.6661197	71.41265	1	0.5	0.5	0.5
61.09322751	12.30025596	71.31258	1	0.5	0.5	0.5
61.07158903	12.10366233	71.85499	1	0.5	0.5	0.5
61.09318756	12.29986653	62.680133	1	0.5	0.5	0.5
61.07163895	12.10414164	62.144595	1	0.5	0.5	0.5
62.20968121	15.97974618	71.57071	1	0.5	0.5	0.5
62.03513746	15.62057937	71.74751	1	0.5	0.5	0.5
62.04264353	15.63673583	71.17311	1	0.5	0.5	0.5
62.20605149	15.97260658	62.412847	1	0.5	0.5	0.5
62.04648293	15.64497383	62.805096	1	0.5	0.5	0.5
62.04013418	15.63134369	62.254577	1	0.5	0.5	0.5
62.39295124	16.32474364	71.21413	1	0.5	0.5	0.5
62.3843288	16.30915634	71.78854	1	0.5	0.5	0.5
61.46248961	14.09987452	62.73198	1	0.5	0.5	0.5
61.41496884	13.93347691	62.219867	1	0.5	0.5	0.5
62.84800838	17.07365273	64.748281	1	0.5	0.5	0.5
62.83917325	17.06032215	64.204715	1	0.5	0.5	0.5
63.07655746	17.40472047	64.480674	1	0.5	0.5	0.5
61.09229886	12.29236745	65.740654	1	0.5	0.5	0.5
61.09259842	12.29489377	65.237314	1	0.5	0.5	0.5
61.15276079	12.72789304	65.477968	1	0.5	0.5	0.5
62.38386548	16.30831756	62.21194	1	0.5	0.5	0.5
62.39113988	16.32146841	62.76246	1	0.5	0.5	0.5
61.04971089	11.85995733	64.999046	1	0.5	0.5	0.5
61.09290797	12.29752993	64.73636	1	0.5	0.5	0.5
61.09252852	12.29436455	67.745472	1	0.5	0.5	0.5
61.09268829	12.29569261	67.242697	1	0.5	0.5	0.5
61.15247121	12.7260657	67.488169	1	0.5	0.5	0.5
61.43520935	14.00556191	70.24214	1	0.5	0.5	0.5
61.56150538	14.41850039	70.499402	1	0.5	0.5	0.5
61.43491977	14.00455337	70.745216	1	0.5	0.5	0.5
61.70337872	14.82464877	69.242625	1	0.5	0.5	0.5
61.70443718	14.82748464	69.744707	1	0.5	0.5	0.5
61.56089627	14.41662313	69.494244	1	0.5	0.5	0.5
61.86505321	15.23452172	69.98817	1	0.5	0.5	0.5
61.70631444	14.83254727	70.239789	1	0.5	0.5	0.5
61.09244864	12.29368553	70.249725	1	0.5	0.5	0.5
61.15826277	12.76207325	70.569809	1	0.5	0.5	0.5
61.09694209	12.33101116	70.819258	1	0.5	0.5	0.5
61.43310242	13.99814271	69.24426	1	0.5	0.5	0.5
61.43392123	14.00104848	69.746343	1	0.5	0.5	0.5
62.434307	16.39868593	68.234391	1	0.5	0.5	0.5
62.42860631	16.38857066	67.731591	1	0.5	0.5	0.5
62.64954947	16.7634446	67.982082	1	0.5	0.5	0.5
62.03588237	15.62218703	66.225666	1	0.5	0.5	0.5
62.2250638	16.00988228	66.476864	1	0.5	0.5	0.5
62.03467813	15.61959081	66.728918	1	0.5	0.5	0.5
62.42344483	16.37939403	66.219398	1	0.5	0.5	0.5
62.42204287	16.37689767	66.72265	1	0.5	0.5	0.5
62.21550972	15.99118951	63.461885	1	0.5	0.5	0.5
62.04427814	15.64024073	63.723471	1	0.5	0.5	0.5
62.04182072	15.63496841	63.224953	1	0.5	0.5	0.5
61.22897976	13.15251451	68.241004	1	0.5	0.5	0.5
61.22910957	13.15320351	67.738726	1	0.5	0.5	0.5
61.32272321	13.57758532	67.988787	1	0.5	0.5	0.5
61.70595497	14.83155871	70.742865	1	0.5	0.5	0.5
61.86130867	15.2255448	66.980285	1	0.5	0.5	0.5
62.03505158	15.62039963	67.231483	1	0.5	0.5	0.5
62.22586863	16.01145	67.482007	1	0.5	0.5	0.5
62.42633761	16.38453654	67.229699	1	0.5	0.5	0.5
61.55777082	14.40706705	64.468791	1	0.5	0.5	0.5
61.69996369	14.81544218	64.217148	1	0.5	0.5	0.5
61.70004358	14.81564189	64.719922	1	0.5	0.5	0.5
61.70098221	14.8181782	65.222077	1	0.5	0.5	0.5
61.85925167	15.220602	64.970434	1	0.5	0.5	0.5
61.43276292	13.99694446	68.239012	1	0.5	0.5	0.5
61.43295264	13.99762347	67.736734	1	0.5	0.5	0.5
62.41272344	16.3602619	70.246654	1	0.5	0.5	0.5
62.40639766	16.34892841	70.747753	1	0.5	0.5	0.5
62.22367782	16.00717623	70.495201	1	0.5	0.5	0.5
61.32240367	13.57626724	65.978507	1	0.5	0.5	0.5
61.2290197	13.1527242	66.230821	1	0.5	0.5	0.5
61.22892983	13.15228484	65.728994	1	0.5	0.5	0.5
61.32228385	13.57578794	63.975639	1	0.5	0.5	0.5
61.22833071	13.14929919	64.22036	1	0.5	0.5	0.5
61.22860031	13.15061727	63.726362	1	0.5	0.5	0.5
62.03551191	15.62138819	65.723101	1	0.5	0.5	0.5
62.03513746	15.62057937	65.220537	1	0.5	0.5	0.5
62.22596449	16.01163972	65.471049	1	0.5	0.5	0.5
61.43163456	13.99299022	64.217827	1	0.5	0.5	0.5
61.43200402	13.99428833	63.723829	1	0.5	0.5	0.5
61.4318842	13.99386894	65.224123	1	0.5	0.5	0.5
61.32213407	13.57515886	64.973158	1	0.5	0.5	0.5
61.43169447	13.99319991	64.720601	1	0.5	0.5	0.5
62.43169381	16.39405268	65.218995	1	0.5	0.5	0.5
62.43213017	16.39482156	65.721559	1	0.5	0.5	0.5
62.4178999	16.36950843	64.720403	1	0.5	0.5	0.5
62.63808816	16.74481174	64.970914	1	0.5	0.5	0.5
62.22185547	16.00361142	64.464444	1	0.5	0.5	0.5
62.41392969	16.36241876	64.216363	1	0.5	0.5	0.5
62.40965591	16.3547699	63.710028	1	0.5	0.5	0.5
62.61883421	16.71331761	63.965987	1	0.5	0.5	0.5
62.40682004	16.3496873	63.211509	1	0.5	0.5	0.5
62.6435562	16.75370878	65.967345	1	0.5	0.5	0.5
62.87568207	17.11515228	65.722947	1	0.5	0.5	0.5
62.86583541	17.10043372	66.220786	1	0.5	0.5	0.5
61.55811033	14.40811552	65.474128	1	0.5	0.5	0.5
61.43213383	13.99472769	65.726685	1	0.5	0.5	0.5
61.86062966	15.22390719	65.975155	1	0.5	0.5	0.5
61.45177522	14.06319795	63.167379	1	0.5	0.5	0.5
61.58015821	14.47493818	63.409567	1	0.5	0.5	0.5
61.70129176	14.81900699	65.72464	1	0.5	0.5	0.5
61.70160131	14.81983578	66.227205	1	0.5	0.5	0.5
62.04074529	15.63265178	70.238677	1	0.5	0.5	0.5
62.03527925	15.62088892	70.739776	1	0.5	0.5	0.5
62.4356161	16.40100255	69.742054	1	0.5	0.5	0.5
62.63209689	16.73503598	69.994607	1	0.5	0.5	0.5
62.43516575	16.40020372	69.2395	1	0.5	0.5	0.5
62.43472939	16.39943484	68.736938	1	0.5	0.5	0.5
62.6561139	16.77408909	68.987444	1	0.5	0.5	0.5
61.70190087	14.82066457	66.729769	1	0.5	0.5	0.5
61.55865953	14.40980306	66.479253	1	0.5	0.5	0.5
62.03846961	15.62775891	69.743595	1	0.5	0.5	0.5
62.2291818	16.0179006	69.491548	1	0.5	0.5	0.5
62.03808417	15.62693012	69.241041	1	0.5	0.5	0.5
61.55920873	14.41147063	67.484388	1	0.5	0.5	0.5
61.43271299	13.99678469	67.234163	1	0.5	0.5	0.5
61.70221042	14.82150335	67.232333	1	0.5	0.5	0.5
61.86263673	15.22874015	68.990541	1	0.5	0.5	0.5
62.0377177	15.62614127	68.738494	1	0.5	0.5	0.5
61.70251997	14.82231217	67.734904	1	0.5	0.5	0.5
61.70307916	14.82382996	68.740078	1	0.5	0.5	0.5
61.70280955	14.82311101	68.237477	1	0.5	0.5	0.5
61.86197769	15.22715246	67.985422	1	0.5	0.5	0.5
61.32269325	13.57748547	66.983422	1	0.5	0.5	0.5
61.43249331	13.99600583	66.731075	1	0.5	0.5	0.5
61.43225366	13.99514708	66.228512	1	0.5	0.5	0.5
62.03400111	15.61813293	64.718382	1	0.5	0.5	0.5
61.55971799	14.41301838	68.48956	1	0.5	0.5	0.5
62.03058709	15.61075368	64.214341	1	0.5	0.5	0.5
61.43296263	13.9976734	68.741613	1	0.5	0.5	0.5
61.22905964	13.15292391	68.74313	1	0.5	0.5	0.5
61.15232143	12.72515703	68.493069	1	0.5	0.5	0.5
61.32388152	13.58239831	69.992157	1	0.5	0.5	0.5
61.32267328	13.57737563	68.993712	1	0.5	0.5	0.5
62.03699775	15.62459352	67.733374	1	0.5	0.5	0.5
62.03735623	15.6253624	68.235947	1	0.5	0.5	0.5
62.22837198	16.0163229	68.486447	1	0.5	0.5	0.5
61.73663028	14.9129801	63.169828	1	0.5	0.5	0.5
61.71130717	14.8459078	63.726278	1	0.5	0.5	0.5
61.87074492	15.24810194	63.977409	1	0.5	0.5	0.5
62.63887502	16.74608988	66.972233	1	0.5	0.5	0.5
61.2290896	13.15308368	69.748318	1	0.5	0.5	0.5
61.23000826	13.15768697	70.244115	1	0.5	0.5	0.5
61.22914951	13.15339323	69.245777	1	0.5	0.5	0.5
61.1523414	12.72525688	69.497735	1	0.5	0.5	0.5
61.04994056	11.86284313	66.999416	1	0.5	0.5	0.5
61.09279813	12.29658132	66.742113	1	0.5	0.5	0.5
61.0927482	12.29617191	69.750079	1	0.5	0.5	0.5
61.09277816	12.29648146	69.247538	1	0.5	0.5	0.5
61.23745741	13.19454329	70.813648	1	0.5	0.5	0.5
61.04711468	11.82614658	63.006674	1	0.5	0.5	0.5
61.09637292	12.326318	63.173459	1	0.5	0.5	0.5
61.09267831	12.2955628	66.240071	1	0.5	0.5	0.5
61.15252113	12.72638524	66.483351	1	0.5	0.5	0.5
63.85114115	18.36508155	66.27194	1	0.5	0.5	0.5
63.59381	18.06995145	66.022049	1	0.5	0.5	0.5
63.85551079	18.36990452	65.750109	1	0.5	0.5	0.5
61.04736431	11.82949171	70.992496	1	0.5	0.5	0.5
61.09273822	12.296112	68.747261	1	0.5	0.5	0.5
61.09268829	12.2957026	68.245135	1	0.5	0.5	0.5
61.02443771	11.43052287	70.249587	1	0.5	0.5	0.5
61.02443771	11.43052287	70.749587	1	0.5	0.5	0.5
61.02326941	11.39956796	71.24291	1	0.5	0.5	0.5
61.02326941	11.39956796	71.74291	1	0.5	0.5	0.5
61.02453756	11.43302922	69.249941	1	0.5	0.5	0.5
61.02453756	11.43302922	69.749941	1	0.5	0.5	0.5
63.82811469	18.33951879	69.75	1	0.5	0.5	0.5
63.82811469	18.33951879	69.25	1	0.5	0.5	0.5
63.82811469	18.33951879	71.75	1	0.5	0.5	0.5
63.82811469	18.33951879	71.25	1	0.5	0.5	0.5
63.82811469	18.33951879	62.75	1	0.5	0.5	0.5
63.82811469	18.33951879	62.25	1	0.5	0.5	0.5
63.84658878	18.36003889	64.749185	1	0.5	0.5	0.5
63.84658878	18.36003889	64.249185	1	0.5	0.5	0.5
63.84448085	18.3577023	63.729111	1	0.5	0.5	0.5
63.84448085	18.3577023	63.229111	1	0.5	0.5	0.5
63.83671716	18.34908485	68.749644	1	0.5	0.5	0.5
63.83671716	18.34908485	68.249644	1	0.5	0.5	0.5
61.02448764	11.43163126	64.249046	1	0.5	0.5	0.5
61.02448764	11.43163126	64.749046	1	0.5	0.5	0.5
61.02328938	11.40004727	62.256674	1	0.5	0.5	0.5
61.02328938	11.40004727	62.756674	1	0.5	0.5	0.5
61.02450761	11.43220043	66.249416	1	0.5	0.5	0.5
61.02450761	11.43220043	66.749416	1	0.5	0.5	0.5
63.84445988	18.35768233	67.751726	1	0.5	0.5	0.5
63.84445988	18.35768233	67.251726	1	0.5	0.5	0.5
61.02452758	11.43264977	68.249663	1	0.5	0.5	0.5
61.02452758	11.43264977	68.749663	1	0.5	0.5	0.5
63.84764624	18.36120719	70.769907	1	0.5	0.5	0.5
63.84764624	18.36120719	70.269907	1	0.5	0.5	0.5
61.09232881	12.29266702	64.234587	1	0.5	0.5	0.5
61.15239132	12.72556643	64.472855	1	0.5	0.5	0.5
61.22937918	13.1545116	67.235951	1	0.5	0.5	0.5
61.22921941	13.15372275	66.732864	1	0.5	0.5	0.5
61.04994056	11.86288307	69.999527	1	0.5	0.5	0.5
61.02446767	11.43131172	67.25	1	0.5	0.5	0.5
61.02446767	11.43131172	67.75	1	0.5	0.5	0.5
61.22942911	13.15478121	65.225653	1	0.5	0.5	0.5
61.22928931	13.1541022	64.722132	1	0.5	0.5	0.5
63.55374935	18.02204124	68.999644	1	0.5	0.5	0.5
63.57886676	18.05214739	63.978296	1	0.5	0.5	0.5
63.56938957	18.0408139	68.00137	1	0.5	0.5	0.5
61.05011031	11.86500997	68.999604	1	0.5	0.5	0.5
63.56419214	18.03458297	70.019907	1	0.5	0.5	0.5
61.0499805	11.86329247	67.999663	1	0.5	0.5	0.5
61.09174966	12.28774419	63.735541	1	0.5	0.5	0.5
61.15777348	12.75909759	63.409	1	0.5	0.5	0.5
61.04976082	11.86051652	65.999416	1	0.5	0.5	0.5
61.04953116	11.85766068	63.999046	1	0.5	0.5	0.5
63.32754186	17.74068109	64.761304	1	0.5	0.5	0.5
63.31773614	17.72803951	64.217739	1	0.5	0.5	0.5
61.0243778	11.42898511	65.25	1	0.5	0.5	0.5
61.0243778	11.42898511	65.75	1	0.5	0.5	0.5
61.02428793	11.42667847	63.75	1	0.5	0.5	0.5
61.02428793	11.42667847	63.25	1	0.5	0.5	0.5
61.23626914	13.1887018	63.16428	1	0.5	0.5	0.5
62.0000266	15.54409079	72.17045	1	0.5	0.5	0.5
61.84824769	15.19405068	71.77285	1	0.5	0.5	0.5
61.4403918	14.02372545	71.79318	1	0.5	0.5	0.5
61.50986061	14.25656628	71.52164	1	0.5	0.5	0.5
61.57572467	14.4616076	71.92325	1	0.5	0.5	0.5
61.99656165	15.53645191	61.8454688	1	0.5	0.5	0.5
62.1031394	15.76448974	72.57256	1	0.5	0.5	0.5
62.31627993	16.18399865	72.57256	1	0.5	0.5	0.5
61.43703669	14.01198255	72.59739	1	0.5	0.5	0.5
61.57572467	14.46161759	72.59739	1	0.5	0.5	0.5
62.31504473	16.18169201	61.4311637	1	0.5	0.5	0.5
62.10200406	15.76213317	61.4311637	1	0.5	0.5	0.5
61.73343494	14.90459232	72.59789	1	0.5	0.5	0.5
61.91008761	15.34071703	72.59789	1	0.5	0.5	0.5
61.21949358	13.10452441	72.59203	1	0.5	0.5	0.5
61.31952786	13.56431465	72.59203	1	0.5	0.5	0.5
62.54716461	16.59394151	72.60203	1	0.5	0.5	0.5
62.79542298	16.99365925	72.60203	1	0.5	0.5	0.5
61.57299864	14.45337959	61.4144444	1	0.5	0.5	0.5
61.43466015	14.00362473	61.4144444	1	0.5	0.5	0.5
62.79552283	16.99381902	61.3976092	1	0.5	0.5	0.5
62.54725747	16.59410127	61.3976092	1	0.5	0.5	0.5
61.90780095	15.33542474	61.4143051	1	0.5	0.5	0.5
61.73138792	14.89920017	61.4143051	1	0.5	0.5	0.5
61.31952786	13.56431465	61.4079725	1	0.5	0.5	0.5
61.21949358	13.10452441	61.4079725	1	0.5	0.5	0.5
63.85114115	18.36508155	66.77194	1	0.5	0.5	0.5
63.34507232	17.76316833	66.260134	1	0.5	0.5	0.5
63.34908448	17.76830086	65.738303	1	0.5	0.5	0.5
62.86360566	17.09709857	65.246872	1	0.5	0.5	0.5
63.09661524	17.43256991	66.476377	1	0.5	0.5	0.5
62.8519087	17.07952417	66.720775	1	0.5	0.5	0.5
63.85551079	18.36990452	65.250109	1	0.5	0.5	0.5
63.58943936	18.06474903	64.999294	1	0.5	0.5	0.5
62.92591589	17.18944406	72.21411	1	0.5	0.5	0.5
62.83180898	17.04917838	71.76468	1	0.5	0.5	0.5
63.10691224	17.44679918	71.77473	1	0.5	0.5	0.5
61.35344845	13.70169454	70.939764	1	0.5	0.5	0.5
61.46786179	14.11807801	71.19703	1	0.5	0.5	0.5
61.60710895	14.55473195	71.3271	1	0.5	0.5	0.5
61.87389034	15.255611	70.916584	1	0.5	0.5	0.5
61.71205608	14.84792487	71.1762	1	0.5	0.5	0.5
62.92601874	17.18959384	61.7855295	1	0.5	0.5	0.5
63.10736558	17.44742826	62.218511	1	0.5	0.5	0.5
62.83233521	17.04997721	62.2282	1	0.5	0.5	0.5
63.3736437	17.7995753	71.86208	1	0.5	0.5	0.5
61.88766028	15.28823348	63.066683	1	0.5	0.5	0.5
62.42318121	16.37892471	72.17458	1	0.5	0.5	0.5
61.64956711	14.67652454	72.19529	1	0.5	0.5	0.5
62.42198895	16.37679781	61.8287729	1	0.5	0.5	0.5
61.37274035	13.77663537	61.822417	1	0.5	0.5	0.5
63.3736437	17.7995753	62.13792	1	0.5	0.5	0.5
61.37494713	13.78503314	72.18942	1	0.5	0.5	0.5
61.33163023	13.61423194	63.046243	1	0.5	0.5	0.5
61.07893832	12.17419959	72.61208	1	0.5	0.5	0.5
61.13925047	12.6408698	72.61208	1	0.5	0.5	0.5
63.06811775	17.39294762	72.61208	1	0.5	0.5	0.5
63.35011897	17.76961894	72.61208	1	0.5	0.5	0.5
63.35011897	17.76961894	61.3879203	1	0.5	0.5	0.5
63.06811775	17.39294762	61.3879203	1	0.5	0.5	0.5
61.13925047	12.6408698	61.3879203	1	0.5	0.5	0.5
61.07893832	12.17419959	61.3879203	1	0.5	0.5	0.5
63.58320944	18.05732984	67.023665	1	0.5	0.5	0.5
63.33571495	17.7511758	65.262229	1	0.5	0.5	0.5
63.32962782	17.74335719	66.760122	1	0.5	0.5	0.5
63.32351073	17.73548865	67.239909	1	0.5	0.5	0.5
63.32330503	17.73521905	67.741975	1	0.5	0.5	0.5
63.08173192	17.41191999	67.478433	1	0.5	0.5	0.5
63.31462967	17.72403534	68.743152	1	0.5	0.5	0.5
63.08002241	17.40954345	68.483758	1	0.5	0.5	0.5
63.31621835	17.72608236	68.239894	1	0.5	0.5	0.5
63.30034348	17.70554228	69.764477	1	0.5	0.5	0.5
63.07238554	17.39889895	69.507985	1	0.5	0.5	0.5
63.30676013	17.71385017	69.243508	1	0.5	0.5	0.5
63.09860335	17.43532589	65.500314	1	0.5	0.5	0.5
62.85624538	17.08605466	69.75948	1	0.5	0.5	0.5
62.8620689	17.09479193	69.238511	1	0.5	0.5	0.5
62.86157661	17.09405301	68.735949	1	0.5	0.5	0.5
62.86301552	17.09620987	68.232691	1	0.5	0.5	0.5
62.85676263	17.08682354	67.227824	1	0.5	0.5	0.5
62.8565769	17.08654395	67.729891	1	0.5	0.5	0.5
61.02118245	11.33738854	72.15355	1	0.5	0.5	0.5
61.02118245	11.33738854	72.65355	1	0.5	0.5	0.5
63.89193573	18.40996617	72.65355	1	0.5	0.5	0.5
63.89193573	18.40996617	72.15355	1	0.5	0.5	0.5
63.89193573	18.40996617	61.8464521	1	0.5	0.5	0.5
63.89193573	18.40996617	61.3464521	1	0.5	0.5	0.5
61.02118245	11.33738854	61.3464521	1	0.5	0.5	0.5
61.02118245	11.33738854	61.8464521	1	0.5	0.5	0.5
63.58201218	18.05590192	72.65355	1	0.5	0.5	0.5
61.04570673	11.80729404	72.65355	1	0.5	0.5	0.5
63.58201218	18.05590192	61.3464521	1	0.5	0.5	0.5
61.04570673	11.80729404	61.3464521	1	0.5	0.5	0.5
62.59346217	16.6714486	70.965587	1	0.5	0.5	0.5
62.78807368	16.9823657	71.37864	1	0.5	0.5	0.5
62.62050977	16.71606361	71.81801	1	0.5	0.5	0.5
62.59755321	16.67822873	63.010602	1	0.5	0.5	0.5
62.62146837	16.71764132	62.178386	1	0.5	0.5	0.5
62.78939775	16.98440273	62.611367	1	0.5	0.5	0.5
61.04072399	11.73653711	71.89646	1	0.5	0.5	0.5
63.60652847	18.08504946	62.096452	1	0.5	0.5	0.5
63.60652847	18.08504946	71.90355	1	0.5	0.5	0.5
61.04075394	11.7370264	62.103126	1	0.5	0.5	0.5
61.76365092	14.98313791	71.50081	1	0.5	0.5	0.5
61.06550788	12.04174253	72.26563	1	0.5	0.5	0.5
63.43280952	17.87397692	72.26563	1	0.5	0.5	0.5
63.43280952	17.87397692	61.7343724	1	0.5	0.5	0.5
61.06550788	12.04174253	61.7343724	1	0.5	0.5	0.5
61.73342495	14.90458233	71.92375	1	0.5	0.5	0.5
64.131624	18.66667	61	1	0.5	0.5	0.5
64.131624	18.66667	73	1	0.5	0.5	0.5
64.131624	18.66667	72	1	0.5	0.5	0.5
64.131624	18.66667	71	1	0.5	0.5	0.5
64.131624	18.66667	70	1	0.5	0.5	0.5
64.131624	18.66667	69	1	0.5	0.5	0.5
64.131624	18.66667	68	1	0.5	0.5	0.5
64.131624	18.66667	67	1	0.5	0.5	0.5
64.131624	18.66667	66	1	0.5	0.5	0.5
64.131624	18.66667	65	1	0.5	0.5	0.5
64.131624	18.66667	64	1	0.5	0.5	0.5
64.131624	18.66667	63	1	0.5	0.5	0.5
64.131624	18.66667	62	1	0.5	0.5	0.5
64.131624	18.66667	72.5	1	0.5	0.5	0.5
64.131624	18.66667	71.5	1	0.5	0.5	0.5
64.131624	18.66667	70.5	1	0.5	0.5	0.5
64.131624	18.66667	69.5	1	0.5	0.5	0.5
64.131624	18.66667	68.5	1	0.5	0.5	0.5
64.131624	18.66667	67.5	1	0.5	0.5	0.5
64.131624	18.66667	66.5	1	0.5	0.5	0.5
64.131624	18.66667	65.5	1	0.5	0.5	0.5
64.131624	18.66667	64.5	1	0.5	0.5	0.5
64.131624	18.66667	63.5	1	0.5	0.5	0.5
64.131624	18.66667	62.5	1	0.5	0.5	0.5
64.131624	18.66667	61.5	1	0.5	0.5	0.5
