solid Created by Gmsh
facet normal -1 0 0
  outer loop
    vertex -0.01 0.07919999999999991 0.008999999999999999
    vertex -0.01 0.08909999999999996 0.008999999999999999
    vertex -0.01 0.08414999999999992 0.004500000000000001
  endloop
endfacet
facet normal -1 0 -0
  outer loop
    vertex -0.01 0.08909999999999996 0.008999999999999999
    vertex -0.01 0.09404999999999999 0.004500000000000001
    vertex -0.01 0.08414999999999992 0.004500000000000001
  endloop
endfacet
facet normal -1 0 0
  outer loop
    vertex -0.01 0.08909999999999996 0.008999999999999999
    vertex -0.01 0.099 0.008999999999999999
    vertex -0.01 0.09404999999999999 0.004500000000000001
  endloop
endfacet
facet normal -1 0 0
  outer loop
    vertex -0.01 0.08414999999999992 0.004500000000000001
    vertex -0.01 0.09404999999999999 0.004500000000000001
    vertex -0.01 0.08909999999999996 1.734723475976807e-18
  endloop
endfacet
facet normal -1 0 0
  outer loop
    vertex -0.01 0.099 -0.008999999999999999
    vertex -0.01 0.08909999999999996 -0.008999999999999999
    vertex -0.01 0.09404999999999999 -0.004499999999999999
  endloop
endfacet
facet normal -1 0 0
  outer loop
    vertex -0.01 0.08909999999999996 -0.008999999999999999
    vertex -0.01 0.08414999999999992 -0.004499999999999999
    vertex -0.01 0.09404999999999999 -0.004499999999999999
  endloop
endfacet
facet normal -1 0 0
  outer loop
    vertex -0.01 0.08909999999999996 -0.008999999999999999
    vertex -0.01 0.07919999999999991 -0.008999999999999999
    vertex -0.01 0.08414999999999992 -0.004499999999999999
  endloop
endfacet
facet normal -1 0 0
  outer loop
    vertex -0.01 0.09404999999999999 -0.004499999999999999
    vertex -0.01 0.08414999999999992 -0.004499999999999999
    vertex -0.01 0.08909999999999996 1.734723475976807e-18
  endloop
endfacet
facet normal -1 0 0
  outer loop
    vertex -0.01 0.05939999999999981 0.008999999999999999
    vertex -0.01 0.06929999999999986 0.008999999999999999
    vertex -0.01 0.06434999999999982 0.004499999999999999
  endloop
endfacet
facet normal -1 0 -0
  outer loop
    vertex -0.01 0.06929999999999986 0.008999999999999999
    vertex -0.01 0.0742499999999999 0.004499999999999999
    vertex -0.01 0.06434999999999982 0.004499999999999999
  endloop
endfacet
facet normal -1 0 0
  outer loop
    vertex -0.01 0.06929999999999986 0.008999999999999999
    vertex -0.01 0.07919999999999991 0.008999999999999999
    vertex -0.01 0.0742499999999999 0.004499999999999999
  endloop
endfacet
facet normal -1 0 0
  outer loop
    vertex -0.01 0.06434999999999982 0.004499999999999999
    vertex -0.01 0.0742499999999999 0.004499999999999999
    vertex -0.01 0.06929999999999986 0
  endloop
endfacet
facet normal -1 0 0
  outer loop
    vertex -0.01 0.07919999999999991 -0.008999999999999999
    vertex -0.01 0.06929999999999986 -0.008999999999999999
    vertex -0.01 0.0742499999999999 -0.0045
  endloop
endfacet
facet normal -1 0 0
  outer loop
    vertex -0.01 0.06929999999999986 -0.008999999999999999
    vertex -0.01 0.06434999999999982 -0.0045
    vertex -0.01 0.0742499999999999 -0.0045
  endloop
endfacet
facet normal -1 0 0
  outer loop
    vertex -0.01 0.06929999999999986 -0.008999999999999999
    vertex -0.01 0.05939999999999981 -0.008999999999999999
    vertex -0.01 0.06434999999999982 -0.0045
  endloop
endfacet
facet normal -1 0 0
  outer loop
    vertex -0.01 0.0742499999999999 -0.0045
    vertex -0.01 0.06434999999999982 -0.0045
    vertex -0.01 0.06929999999999986 0
  endloop
endfacet
facet normal -1 0 0
  outer loop
    vertex -0.01 -0.03959999999999994 0.008999999999999999
    vertex -0.01 -0.02969999999999992 0.008999999999999999
    vertex -0.01 -0.03464999999999993 0.004499999999999999
  endloop
endfacet
facet normal -1 0 -0
  outer loop
    vertex -0.01 -0.02969999999999992 0.008999999999999999
    vertex -0.01 -0.02474999999999991 0.004499999999999999
    vertex -0.01 -0.03464999999999993 0.004499999999999999
  endloop
endfacet
facet normal -1 0 0
  outer loop
    vertex -0.01 -0.02969999999999992 0.008999999999999999
    vertex -0.01 -0.0197999999999999 0.008999999999999999
    vertex -0.01 -0.02474999999999991 0.004499999999999999
  endloop
endfacet
facet normal -1 0 0
  outer loop
    vertex -0.01 -0.03464999999999993 0.004499999999999999
    vertex -0.01 -0.02474999999999991 0.004499999999999999
    vertex -0.01 -0.02969999999999992 0
  endloop
endfacet
facet normal -1 0 0
  outer loop
    vertex -0.01 -0.0197999999999999 -0.008999999999999999
    vertex -0.01 -0.02969999999999992 -0.008999999999999999
    vertex -0.01 -0.02474999999999991 -0.0045
  endloop
endfacet
facet normal -1 0 0
  outer loop
    vertex -0.01 -0.02969999999999992 -0.008999999999999999
    vertex -0.01 -0.03464999999999993 -0.0045
    vertex -0.01 -0.02474999999999991 -0.0045
  endloop
endfacet
facet normal -1 0 0
  outer loop
    vertex -0.01 -0.02969999999999992 -0.008999999999999999
    vertex -0.01 -0.03959999999999994 -0.008999999999999999
    vertex -0.01 -0.03464999999999993 -0.0045
  endloop
endfacet
facet normal -1 0 0
  outer loop
    vertex -0.01 -0.02474999999999991 -0.0045
    vertex -0.01 -0.03464999999999993 -0.0045
    vertex -0.01 -0.02969999999999992 0
  endloop
endfacet
facet normal -1 0 0
  outer loop
    vertex -0.01 -0.05939999999999998 0.008999999999999999
    vertex -0.01 -0.04949999999999996 0.008999999999999999
    vertex -0.01 -0.05444999999999997 0.004499999999999999
  endloop
endfacet
facet normal -1 0 -0
  outer loop
    vertex -0.01 -0.04949999999999996 0.008999999999999999
    vertex -0.01 -0.04454999999999995 0.004499999999999999
    vertex -0.01 -0.05444999999999997 0.004499999999999999
  endloop
endfacet
facet normal -1 0 0
  outer loop
    vertex -0.01 -0.04949999999999996 0.008999999999999999
    vertex -0.01 -0.03959999999999994 0.008999999999999999
    vertex -0.01 -0.04454999999999995 0.004499999999999999
  endloop
endfacet
facet normal -1 0 0
  outer loop
    vertex -0.01 -0.05444999999999997 0.004499999999999999
    vertex -0.01 -0.04454999999999995 0.004499999999999999
    vertex -0.01 -0.04949999999999996 -1.734723475976807e-18
  endloop
endfacet
facet normal -1 0 0
  outer loop
    vertex -0.01 -0.03959999999999994 -0.008999999999999999
    vertex -0.01 -0.04949999999999996 -0.008999999999999999
    vertex -0.01 -0.04454999999999995 -0.004500000000000001
  endloop
endfacet
facet normal -1 0 0
  outer loop
    vertex -0.01 -0.04949999999999996 -0.008999999999999999
    vertex -0.01 -0.05444999999999997 -0.004500000000000001
    vertex -0.01 -0.04454999999999995 -0.004500000000000001
  endloop
endfacet
facet normal -1 0 0
  outer loop
    vertex -0.01 -0.04949999999999996 -0.008999999999999999
    vertex -0.01 -0.05939999999999998 -0.008999999999999999
    vertex -0.01 -0.05444999999999997 -0.004500000000000001
  endloop
endfacet
facet normal -1 0 0
  outer loop
    vertex -0.01 -0.04454999999999995 -0.004500000000000001
    vertex -0.01 -0.05444999999999997 -0.004500000000000001
    vertex -0.01 -0.04949999999999996 -1.734723475976807e-18
  endloop
endfacet
facet normal -1 0 0
  outer loop
    vertex -0.01 -0.099 0.008999999999999999
    vertex -0.01 -0.0891 0.008999999999999999
    vertex -0.01 -0.09405000000000001 0.004499999999999999
  endloop
endfacet
facet normal -1 0 -0
  outer loop
    vertex -0.01 -0.0891 0.008999999999999999
    vertex -0.01 -0.08415 0.004499999999999999
    vertex -0.01 -0.09405000000000001 0.004499999999999999
  endloop
endfacet
facet normal -1 0 0
  outer loop
    vertex -0.01 -0.0891 0.008999999999999999
    vertex -0.01 -0.07919999999999999 0.008999999999999999
    vertex -0.01 -0.08415 0.004499999999999999
  endloop
endfacet
facet normal -1 0 0
  outer loop
    vertex -0.01 -0.09405000000000001 0.004499999999999999
    vertex -0.01 -0.08415 0.004499999999999999
    vertex -0.01 -0.0891 0
  endloop
endfacet
facet normal -1 0 0
  outer loop
    vertex -0.01 -0.07919999999999999 -0.008999999999999999
    vertex -0.01 -0.0891 -0.008999999999999999
    vertex -0.01 -0.08415 -0.0045
  endloop
endfacet
facet normal -1 0 0
  outer loop
    vertex -0.01 -0.0891 -0.008999999999999999
    vertex -0.01 -0.09405000000000001 -0.0045
    vertex -0.01 -0.08415 -0.0045
  endloop
endfacet
facet normal -1 0 0
  outer loop
    vertex -0.01 -0.0891 -0.008999999999999999
    vertex -0.01 -0.099 -0.008999999999999999
    vertex -0.01 -0.09405000000000001 -0.0045
  endloop
endfacet
facet normal -1 0 0
  outer loop
    vertex -0.01 -0.08415 -0.0045
    vertex -0.01 -0.09405000000000001 -0.0045
    vertex -0.01 -0.0891 0
  endloop
endfacet
facet normal -1 0 0
  outer loop
    vertex -0.01 -0.07919999999999999 0.008999999999999999
    vertex -0.01 -0.06929999999999999 0.008999999999999999
    vertex -0.01 -0.07424999999999998 0.004499999999999999
  endloop
endfacet
facet normal -1 0 -0
  outer loop
    vertex -0.01 -0.06929999999999999 0.008999999999999999
    vertex -0.01 -0.06434999999999999 0.004499999999999999
    vertex -0.01 -0.07424999999999998 0.004499999999999999
  endloop
endfacet
facet normal -1 0 0
  outer loop
    vertex -0.01 -0.06929999999999999 0.008999999999999999
    vertex -0.01 -0.05939999999999998 0.008999999999999999
    vertex -0.01 -0.06434999999999999 0.004499999999999999
  endloop
endfacet
facet normal -1 0 0
  outer loop
    vertex -0.01 -0.07424999999999998 0.004499999999999999
    vertex -0.01 -0.06434999999999999 0.004499999999999999
    vertex -0.01 -0.06929999999999999 0
  endloop
endfacet
facet normal -1 0 0
  outer loop
    vertex -0.01 -0.05939999999999998 -0.008999999999999999
    vertex -0.01 -0.06929999999999999 -0.008999999999999999
    vertex -0.01 -0.06434999999999999 -0.0045
  endloop
endfacet
facet normal -1 0 0
  outer loop
    vertex -0.01 -0.06929999999999999 -0.008999999999999999
    vertex -0.01 -0.07424999999999998 -0.0045
    vertex -0.01 -0.06434999999999999 -0.0045
  endloop
endfacet
facet normal -1 0 0
  outer loop
    vertex -0.01 -0.06929999999999999 -0.008999999999999999
    vertex -0.01 -0.07919999999999999 -0.008999999999999999
    vertex -0.01 -0.07424999999999998 -0.0045
  endloop
endfacet
facet normal -1 0 0
  outer loop
    vertex -0.01 -0.06434999999999999 -0.0045
    vertex -0.01 -0.07424999999999998 -0.0045
    vertex -0.01 -0.06929999999999999 0
  endloop
endfacet
facet normal -1 0 0
  outer loop
    vertex -0.01 0.01979999999999996 0.008999999999999999
    vertex -0.01 0.02969999999999992 0.008999999999999999
    vertex -0.01 0.02474999999999994 0.004499999999999999
  endloop
endfacet
facet normal -1 0 -0
  outer loop
    vertex -0.01 0.02969999999999992 0.008999999999999999
    vertex -0.01 0.03464999999999993 0.004499999999999999
    vertex -0.01 0.02474999999999994 0.004499999999999999
  endloop
endfacet
facet normal -1 0 0
  outer loop
    vertex -0.01 0.02969999999999992 0.008999999999999999
    vertex -0.01 0.03959999999999991 0.008999999999999999
    vertex -0.01 0.03464999999999993 0.004499999999999999
  endloop
endfacet
facet normal -1 0 0
  outer loop
    vertex -0.01 0.02474999999999994 0.004499999999999999
    vertex -0.01 0.03464999999999993 0.004499999999999999
    vertex -0.01 0.02969999999999992 0
  endloop
endfacet
facet normal -1 0 0
  outer loop
    vertex -0.01 0.03959999999999991 -0.008999999999999999
    vertex -0.01 0.02969999999999992 -0.008999999999999999
    vertex -0.01 0.03464999999999993 -0.0045
  endloop
endfacet
facet normal -1 0 0
  outer loop
    vertex -0.01 0.02969999999999992 -0.008999999999999999
    vertex -0.01 0.02474999999999994 -0.0045
    vertex -0.01 0.03464999999999993 -0.0045
  endloop
endfacet
facet normal -1 0 0
  outer loop
    vertex -0.01 0.02969999999999992 -0.008999999999999999
    vertex -0.01 0.01979999999999996 -0.008999999999999999
    vertex -0.01 0.02474999999999994 -0.0045
  endloop
endfacet
facet normal -1 0 0
  outer loop
    vertex -0.01 0.03464999999999993 -0.0045
    vertex -0.01 0.02474999999999994 -0.0045
    vertex -0.01 0.02969999999999992 0
  endloop
endfacet
facet normal -1 0 0
  outer loop
    vertex -0.01 -0.0197999999999999 0.008999999999999999
    vertex -0.01 -0.009899999999999937 0.008999999999999999
    vertex -0.01 -0.01484999999999992 0.004499999999999999
  endloop
endfacet
facet normal -1 0 -0
  outer loop
    vertex -0.01 -0.009899999999999937 0.008999999999999999
    vertex -0.01 -0.004949999999999954 0.004499999999999999
    vertex -0.01 -0.01484999999999992 0.004499999999999999
  endloop
endfacet
facet normal -1 0 0
  outer loop
    vertex -0.01 -0.009899999999999937 0.008999999999999999
    vertex -0.01 4.163336342344337e-17 0.008999999999999999
    vertex -0.01 -0.004949999999999954 0.004499999999999999
  endloop
endfacet
facet normal -1 0 0
  outer loop
    vertex -0.01 -0.01484999999999992 0.004499999999999999
    vertex -0.01 -0.004949999999999954 0.004499999999999999
    vertex -0.01 -0.009899999999999937 0
  endloop
endfacet
facet normal -1 0 0
  outer loop
    vertex -0.01 4.163336342344337e-17 -0.008999999999999999
    vertex -0.01 -0.009899999999999937 -0.008999999999999999
    vertex -0.01 -0.004949999999999954 -0.0045
  endloop
endfacet
facet normal -1 0 0
  outer loop
    vertex -0.01 -0.009899999999999937 -0.008999999999999999
    vertex -0.01 -0.01484999999999992 -0.0045
    vertex -0.01 -0.004949999999999954 -0.0045
  endloop
endfacet
facet normal -1 0 0
  outer loop
    vertex -0.01 -0.009899999999999937 -0.008999999999999999
    vertex -0.01 -0.0197999999999999 -0.008999999999999999
    vertex -0.01 -0.01484999999999992 -0.0045
  endloop
endfacet
facet normal -1 0 0
  outer loop
    vertex -0.01 -0.004949999999999954 -0.0045
    vertex -0.01 -0.01484999999999992 -0.0045
    vertex -0.01 -0.009899999999999937 0
  endloop
endfacet
facet normal -1 0 0
  outer loop
    vertex -0.01 4.163336342344337e-17 0.008999999999999999
    vertex -0.01 0.009900000000000006 0.008999999999999999
    vertex -0.01 0.00495000000000001 0.004499999999999999
  endloop
endfacet
facet normal -1 0 -0
  outer loop
    vertex -0.01 0.009900000000000006 0.008999999999999999
    vertex -0.01 0.01484999999999997 0.004499999999999999
    vertex -0.01 0.00495000000000001 0.004499999999999999
  endloop
endfacet
facet normal -1 0 0
  outer loop
    vertex -0.01 0.009900000000000006 0.008999999999999999
    vertex -0.01 0.01979999999999996 0.008999999999999999
    vertex -0.01 0.01484999999999997 0.004499999999999999
  endloop
endfacet
facet normal -1 0 0
  outer loop
    vertex -0.01 0.00495000000000001 0.004499999999999999
    vertex -0.01 0.01484999999999997 0.004499999999999999
    vertex -0.01 0.009899999999999992 0
  endloop
endfacet
facet normal -1 0 0
  outer loop
    vertex -0.01 0.01979999999999996 -0.008999999999999999
    vertex -0.01 0.009900000000000006 -0.008999999999999999
    vertex -0.01 0.01484999999999997 -0.0045
  endloop
endfacet
facet normal -1 0 0
  outer loop
    vertex -0.01 0.009900000000000006 -0.008999999999999999
    vertex -0.01 0.00495000000000001 -0.0045
    vertex -0.01 0.01484999999999997 -0.0045
  endloop
endfacet
facet normal -1 0 0
  outer loop
    vertex -0.01 0.009900000000000006 -0.008999999999999999
    vertex -0.01 4.163336342344337e-17 -0.008999999999999999
    vertex -0.01 0.00495000000000001 -0.0045
  endloop
endfacet
facet normal -1 0 0
  outer loop
    vertex -0.01 0.01484999999999997 -0.0045
    vertex -0.01 0.00495000000000001 -0.0045
    vertex -0.01 0.009899999999999992 0
  endloop
endfacet
facet normal -1 0 0
  outer loop
    vertex -0.01 0.03959999999999991 0.008999999999999999
    vertex -0.01 0.04949999999999988 0.008999999999999999
    vertex -0.01 0.0445499999999999 0.004499999999999999
  endloop
endfacet
facet normal -1 0 -0
  outer loop
    vertex -0.01 0.04949999999999988 0.008999999999999999
    vertex -0.01 0.05444999999999983 0.004499999999999999
    vertex -0.01 0.0445499999999999 0.004499999999999999
  endloop
endfacet
facet normal -1 0 0
  outer loop
    vertex -0.01 0.04949999999999988 0.008999999999999999
    vertex -0.01 0.05939999999999981 0.008999999999999999
    vertex -0.01 0.05444999999999983 0.004499999999999999
  endloop
endfacet
facet normal -1 0 0
  outer loop
    vertex -0.01 0.0445499999999999 0.004499999999999999
    vertex -0.01 0.05444999999999983 0.004499999999999999
    vertex -0.01 0.04949999999999985 0
  endloop
endfacet
facet normal -1 0 0
  outer loop
    vertex -0.01 0.05939999999999981 -0.008999999999999999
    vertex -0.01 0.04949999999999988 -0.008999999999999999
    vertex -0.01 0.05444999999999983 -0.0045
  endloop
endfacet
facet normal -1 0 0
  outer loop
    vertex -0.01 0.04949999999999988 -0.008999999999999999
    vertex -0.01 0.0445499999999999 -0.0045
    vertex -0.01 0.05444999999999983 -0.0045
  endloop
endfacet
facet normal -1 0 0
  outer loop
    vertex -0.01 0.04949999999999988 -0.008999999999999999
    vertex -0.01 0.03959999999999991 -0.008999999999999999
    vertex -0.01 0.0445499999999999 -0.0045
  endloop
endfacet
facet normal -1 0 0
  outer loop
    vertex -0.01 0.05444999999999983 -0.0045
    vertex -0.01 0.0445499999999999 -0.0045
    vertex -0.01 0.04949999999999985 0
  endloop
endfacet
facet normal -1 0 -0
  outer loop
    vertex -0.01 0.099 0.008999999999999999
    vertex -0.01 0.099 0
    vertex -0.01 0.09404999999999999 0.004500000000000001
  endloop
endfacet
facet normal -1 -0 0
  outer loop
    vertex -0.01 0.099 0
    vertex -0.01 0.09404999999999999 -0.004499999999999999
    vertex -0.01 0.09404999999999999 0.004500000000000001
  endloop
endfacet
facet normal -1 0 -0
  outer loop
    vertex -0.01 0.099 0
    vertex -0.01 0.099 -0.008999999999999999
    vertex -0.01 0.09404999999999999 -0.004499999999999999
  endloop
endfacet
facet normal -1 0 -0
  outer loop
    vertex -0.01 0.09404999999999999 0.004500000000000001
    vertex -0.01 0.09404999999999999 -0.004499999999999999
    vertex -0.01 0.08909999999999996 1.734723475976807e-18
  endloop
endfacet
facet normal -1 0 0
  outer loop
    vertex -0.01 0.05939999999999981 -0.008999999999999999
    vertex -0.01 0.05939999999999981 0
    vertex -0.01 0.06434999999999982 -0.0045
  endloop
endfacet
facet normal -1 0 0
  outer loop
    vertex -0.01 0.05939999999999981 0
    vertex -0.01 0.06434999999999982 0.004499999999999999
    vertex -0.01 0.06434999999999982 -0.0045
  endloop
endfacet
facet normal -1 0 0
  outer loop
    vertex -0.01 0.05939999999999981 0
    vertex -0.01 0.05939999999999981 0.008999999999999999
    vertex -0.01 0.06434999999999982 0.004499999999999999
  endloop
endfacet
facet normal -1 0 0
  outer loop
    vertex -0.01 0.06434999999999982 -0.0045
    vertex -0.01 0.06434999999999982 0.004499999999999999
    vertex -0.01 0.06929999999999986 0
  endloop
endfacet
facet normal -1 0 0
  outer loop
    vertex -0.01 -0.099 -0.008999999999999999
    vertex -0.01 -0.099 0
    vertex -0.01 -0.09405000000000001 -0.0045
  endloop
endfacet
facet normal -1 0 0
  outer loop
    vertex -0.01 -0.099 0
    vertex -0.01 -0.09405000000000001 0.004499999999999999
    vertex -0.01 -0.09405000000000001 -0.0045
  endloop
endfacet
facet normal -1 0 0
  outer loop
    vertex -0.01 -0.099 0
    vertex -0.01 -0.099 0.008999999999999999
    vertex -0.01 -0.09405000000000001 0.004499999999999999
  endloop
endfacet
facet normal -1 0 0
  outer loop
    vertex -0.01 -0.09405000000000001 -0.0045
    vertex -0.01 -0.09405000000000001 0.004499999999999999
    vertex -0.01 -0.0891 0
  endloop
endfacet
facet normal -1 0 -0
  outer loop
    vertex -0.01 -0.07919999999999999 0.008999999999999999
    vertex -0.01 -0.07919999999999999 0
    vertex -0.01 -0.08415 0.004499999999999999
  endloop
endfacet
facet normal -1 -0 0
  outer loop
    vertex -0.01 -0.07919999999999999 0
    vertex -0.01 -0.08415 -0.0045
    vertex -0.01 -0.08415 0.004499999999999999
  endloop
endfacet
facet normal -1 0 -0
  outer loop
    vertex -0.01 -0.07919999999999999 0
    vertex -0.01 -0.07919999999999999 -0.008999999999999999
    vertex -0.01 -0.08415 -0.0045
  endloop
endfacet
facet normal -1 0 -0
  outer loop
    vertex -0.01 -0.08415 0.004499999999999999
    vertex -0.01 -0.08415 -0.0045
    vertex -0.01 -0.0891 0
  endloop
endfacet
facet normal -1 0 0
  outer loop
    vertex -0.01 -0.07919999999999999 -0.008999999999999999
    vertex -0.01 -0.07919999999999999 0
    vertex -0.01 -0.07424999999999998 -0.0045
  endloop
endfacet
facet normal -1 0 0
  outer loop
    vertex -0.01 -0.07919999999999999 0
    vertex -0.01 -0.07424999999999998 0.004499999999999999
    vertex -0.01 -0.07424999999999998 -0.0045
  endloop
endfacet
facet normal -1 0 0
  outer loop
    vertex -0.01 -0.07919999999999999 0
    vertex -0.01 -0.07919999999999999 0.008999999999999999
    vertex -0.01 -0.07424999999999998 0.004499999999999999
  endloop
endfacet
facet normal -1 0 0
  outer loop
    vertex -0.01 -0.07424999999999998 -0.0045
    vertex -0.01 -0.07424999999999998 0.004499999999999999
    vertex -0.01 -0.06929999999999999 0
  endloop
endfacet
facet normal -1 0 0
  outer loop
    vertex -0.01 -0.03959999999999994 -0.008999999999999999
    vertex -0.01 -0.03959999999999994 0
    vertex -0.01 -0.03464999999999993 -0.0045
  endloop
endfacet
facet normal -1 0 0
  outer loop
    vertex -0.01 -0.03959999999999994 0
    vertex -0.01 -0.03464999999999993 0.004499999999999999
    vertex -0.01 -0.03464999999999993 -0.0045
  endloop
endfacet
facet normal -1 0 0
  outer loop
    vertex -0.01 -0.03959999999999994 0
    vertex -0.01 -0.03959999999999994 0.008999999999999999
    vertex -0.01 -0.03464999999999993 0.004499999999999999
  endloop
endfacet
facet normal -1 0 0
  outer loop
    vertex -0.01 -0.03464999999999993 -0.0045
    vertex -0.01 -0.03464999999999993 0.004499999999999999
    vertex -0.01 -0.02969999999999992 0
  endloop
endfacet
facet normal -1 0 -0
  outer loop
    vertex -0.01 -0.0197999999999999 0.008999999999999999
    vertex -0.01 -0.0197999999999999 0
    vertex -0.01 -0.02474999999999991 0.004499999999999999
  endloop
endfacet
facet normal -1 -0 0
  outer loop
    vertex -0.01 -0.0197999999999999 0
    vertex -0.01 -0.02474999999999991 -0.0045
    vertex -0.01 -0.02474999999999991 0.004499999999999999
  endloop
endfacet
facet normal -1 0 -0
  outer loop
    vertex -0.01 -0.0197999999999999 0
    vertex -0.01 -0.0197999999999999 -0.008999999999999999
    vertex -0.01 -0.02474999999999991 -0.0045
  endloop
endfacet
facet normal -1 0 -0
  outer loop
    vertex -0.01 -0.02474999999999991 0.004499999999999999
    vertex -0.01 -0.02474999999999991 -0.0045
    vertex -0.01 -0.02969999999999992 0
  endloop
endfacet
facet normal -1 0 -0
  outer loop
    vertex -0.01 0.07919999999999991 0.008999999999999999
    vertex -0.01 0.07919999999999991 0
    vertex -0.01 0.0742499999999999 0.004499999999999999
  endloop
endfacet
facet normal -1 -0 0
  outer loop
    vertex -0.01 0.07919999999999991 0
    vertex -0.01 0.0742499999999999 -0.0045
    vertex -0.01 0.0742499999999999 0.004499999999999999
  endloop
endfacet
facet normal -1 0 -0
  outer loop
    vertex -0.01 0.07919999999999991 0
    vertex -0.01 0.07919999999999991 -0.008999999999999999
    vertex -0.01 0.0742499999999999 -0.0045
  endloop
endfacet
facet normal -1 0 -0
  outer loop
    vertex -0.01 0.0742499999999999 0.004499999999999999
    vertex -0.01 0.0742499999999999 -0.0045
    vertex -0.01 0.06929999999999986 0
  endloop
endfacet
facet normal -1 0 0
  outer loop
    vertex -0.01 0.07919999999999991 -0.008999999999999999
    vertex -0.01 0.07919999999999991 0
    vertex -0.01 0.08414999999999992 -0.004499999999999999
  endloop
endfacet
facet normal -1 0 0
  outer loop
    vertex -0.01 0.07919999999999991 0
    vertex -0.01 0.08414999999999992 0.004500000000000001
    vertex -0.01 0.08414999999999992 -0.004499999999999999
  endloop
endfacet
facet normal -1 0 0
  outer loop
    vertex -0.01 0.07919999999999991 0
    vertex -0.01 0.07919999999999991 0.008999999999999999
    vertex -0.01 0.08414999999999992 0.004500000000000001
  endloop
endfacet
facet normal -1 0 0
  outer loop
    vertex -0.01 0.08414999999999992 -0.004499999999999999
    vertex -0.01 0.08414999999999992 0.004500000000000001
    vertex -0.01 0.08909999999999996 1.734723475976807e-18
  endloop
endfacet
facet normal -1 0 0
  outer loop
    vertex -0.01 -0.05939999999999998 -0.008999999999999999
    vertex -0.01 -0.05939999999999998 0
    vertex -0.01 -0.05444999999999997 -0.004500000000000001
  endloop
endfacet
facet normal -1 0 0
  outer loop
    vertex -0.01 -0.05939999999999998 0
    vertex -0.01 -0.05444999999999997 0.004499999999999999
    vertex -0.01 -0.05444999999999997 -0.004500000000000001
  endloop
endfacet
facet normal -1 0 0
  outer loop
    vertex -0.01 -0.05939999999999998 0
    vertex -0.01 -0.05939999999999998 0.008999999999999999
    vertex -0.01 -0.05444999999999997 0.004499999999999999
  endloop
endfacet
facet normal -1 0 0
  outer loop
    vertex -0.01 -0.05444999999999997 -0.004500000000000001
    vertex -0.01 -0.05444999999999997 0.004499999999999999
    vertex -0.01 -0.04949999999999996 -1.734723475976807e-18
  endloop
endfacet
facet normal -1 0 -0
  outer loop
    vertex -0.01 -0.05939999999999998 0.008999999999999999
    vertex -0.01 -0.05939999999999998 0
    vertex -0.01 -0.06434999999999999 0.004499999999999999
  endloop
endfacet
facet normal -1 -0 0
  outer loop
    vertex -0.01 -0.05939999999999998 0
    vertex -0.01 -0.06434999999999999 -0.0045
    vertex -0.01 -0.06434999999999999 0.004499999999999999
  endloop
endfacet
facet normal -1 0 -0
  outer loop
    vertex -0.01 -0.05939999999999998 0
    vertex -0.01 -0.05939999999999998 -0.008999999999999999
    vertex -0.01 -0.06434999999999999 -0.0045
  endloop
endfacet
facet normal -1 0 -0
  outer loop
    vertex -0.01 -0.06434999999999999 0.004499999999999999
    vertex -0.01 -0.06434999999999999 -0.0045
    vertex -0.01 -0.06929999999999999 0
  endloop
endfacet
facet normal -1 0 -0
  outer loop
    vertex -0.01 -0.03959999999999994 0.008999999999999999
    vertex -0.01 -0.03959999999999994 0
    vertex -0.01 -0.04454999999999995 0.004499999999999999
  endloop
endfacet
facet normal -1 -0 0
  outer loop
    vertex -0.01 -0.03959999999999994 0
    vertex -0.01 -0.04454999999999995 -0.004500000000000001
    vertex -0.01 -0.04454999999999995 0.004499999999999999
  endloop
endfacet
facet normal -1 0 -0
  outer loop
    vertex -0.01 -0.03959999999999994 0
    vertex -0.01 -0.03959999999999994 -0.008999999999999999
    vertex -0.01 -0.04454999999999995 -0.004500000000000001
  endloop
endfacet
facet normal -1 0 -0
  outer loop
    vertex -0.01 -0.04454999999999995 0.004499999999999999
    vertex -0.01 -0.04454999999999995 -0.004500000000000001
    vertex -0.01 -0.04949999999999996 -1.734723475976807e-18
  endloop
endfacet
facet normal -1 0 -0
  outer loop
    vertex -0.01 0.03959999999999991 0.008999999999999999
    vertex -0.01 0.03959999999999991 0
    vertex -0.01 0.03464999999999993 0.004499999999999999
  endloop
endfacet
facet normal -1 -0 0
  outer loop
    vertex -0.01 0.03959999999999991 0
    vertex -0.01 0.03464999999999993 -0.0045
    vertex -0.01 0.03464999999999993 0.004499999999999999
  endloop
endfacet
facet normal -1 0 -0
  outer loop
    vertex -0.01 0.03959999999999991 0
    vertex -0.01 0.03959999999999991 -0.008999999999999999
    vertex -0.01 0.03464999999999993 -0.0045
  endloop
endfacet
facet normal -1 0 -0
  outer loop
    vertex -0.01 0.03464999999999993 0.004499999999999999
    vertex -0.01 0.03464999999999993 -0.0045
    vertex -0.01 0.02969999999999992 0
  endloop
endfacet
facet normal -1 0 -0
  outer loop
    vertex -0.01 4.163336342344337e-17 0.008999999999999999
    vertex -0.01 4.163336342344337e-17 0
    vertex -0.01 -0.004949999999999954 0.004499999999999999
  endloop
endfacet
facet normal -1 -0 0
  outer loop
    vertex -0.01 4.163336342344337e-17 0
    vertex -0.01 -0.004949999999999954 -0.0045
    vertex -0.01 -0.004949999999999954 0.004499999999999999
  endloop
endfacet
facet normal -1 0 -0
  outer loop
    vertex -0.01 4.163336342344337e-17 0
    vertex -0.01 4.163336342344337e-17 -0.008999999999999999
    vertex -0.01 -0.004949999999999954 -0.0045
  endloop
endfacet
facet normal -1 0 -0
  outer loop
    vertex -0.01 -0.004949999999999954 0.004499999999999999
    vertex -0.01 -0.004949999999999954 -0.0045
    vertex -0.01 -0.009899999999999937 0
  endloop
endfacet
facet normal -1 0 0
  outer loop
    vertex -0.01 4.163336342344337e-17 -0.008999999999999999
    vertex -0.01 4.163336342344337e-17 0
    vertex -0.01 0.00495000000000001 -0.0045
  endloop
endfacet
facet normal -1 0 0
  outer loop
    vertex -0.01 4.163336342344337e-17 0
    vertex -0.01 0.00495000000000001 0.004499999999999999
    vertex -0.01 0.00495000000000001 -0.0045
  endloop
endfacet
facet normal -1 0 0
  outer loop
    vertex -0.01 4.163336342344337e-17 0
    vertex -0.01 4.163336342344337e-17 0.008999999999999999
    vertex -0.01 0.00495000000000001 0.004499999999999999
  endloop
endfacet
facet normal -1 0 0
  outer loop
    vertex -0.01 0.00495000000000001 -0.0045
    vertex -0.01 0.00495000000000001 0.004499999999999999
    vertex -0.01 0.009899999999999992 0
  endloop
endfacet
facet normal -1 0 0
  outer loop
    vertex -0.01 0.01979999999999996 -0.008999999999999999
    vertex -0.01 0.01979999999999996 0
    vertex -0.01 0.02474999999999994 -0.0045
  endloop
endfacet
facet normal -1 0 0
  outer loop
    vertex -0.01 0.01979999999999996 0
    vertex -0.01 0.02474999999999994 0.004499999999999999
    vertex -0.01 0.02474999999999994 -0.0045
  endloop
endfacet
facet normal -1 0 0
  outer loop
    vertex -0.01 0.01979999999999996 0
    vertex -0.01 0.01979999999999996 0.008999999999999999
    vertex -0.01 0.02474999999999994 0.004499999999999999
  endloop
endfacet
facet normal -1 0 0
  outer loop
    vertex -0.01 0.02474999999999994 -0.0045
    vertex -0.01 0.02474999999999994 0.004499999999999999
    vertex -0.01 0.02969999999999992 0
  endloop
endfacet
facet normal -1 0 -0
  outer loop
    vertex -0.01 0.01979999999999996 0.008999999999999999
    vertex -0.01 0.01979999999999996 0
    vertex -0.01 0.01484999999999997 0.004499999999999999
  endloop
endfacet
facet normal -1 -0 0
  outer loop
    vertex -0.01 0.01979999999999996 0
    vertex -0.01 0.01484999999999997 -0.0045
    vertex -0.01 0.01484999999999997 0.004499999999999999
  endloop
endfacet
facet normal -1 0 -0
  outer loop
    vertex -0.01 0.01979999999999996 0
    vertex -0.01 0.01979999999999996 -0.008999999999999999
    vertex -0.01 0.01484999999999997 -0.0045
  endloop
endfacet
facet normal -1 0 -0
  outer loop
    vertex -0.01 0.01484999999999997 0.004499999999999999
    vertex -0.01 0.01484999999999997 -0.0045
    vertex -0.01 0.009899999999999992 0
  endloop
endfacet
facet normal -1 0 -0
  outer loop
    vertex -0.01 0.05939999999999981 0.008999999999999999
    vertex -0.01 0.05939999999999981 0
    vertex -0.01 0.05444999999999983 0.004499999999999999
  endloop
endfacet
facet normal -1 -0 0
  outer loop
    vertex -0.01 0.05939999999999981 0
    vertex -0.01 0.05444999999999983 -0.0045
    vertex -0.01 0.05444999999999983 0.004499999999999999
  endloop
endfacet
facet normal -1 0 -0
  outer loop
    vertex -0.01 0.05939999999999981 0
    vertex -0.01 0.05939999999999981 -0.008999999999999999
    vertex -0.01 0.05444999999999983 -0.0045
  endloop
endfacet
facet normal -1 0 -0
  outer loop
    vertex -0.01 0.05444999999999983 0.004499999999999999
    vertex -0.01 0.05444999999999983 -0.0045
    vertex -0.01 0.04949999999999985 0
  endloop
endfacet
facet normal -1 0 0
  outer loop
    vertex -0.01 -0.0197999999999999 -0.008999999999999999
    vertex -0.01 -0.0197999999999999 0
    vertex -0.01 -0.01484999999999992 -0.0045
  endloop
endfacet
facet normal -1 0 0
  outer loop
    vertex -0.01 -0.0197999999999999 0
    vertex -0.01 -0.01484999999999992 0.004499999999999999
    vertex -0.01 -0.01484999999999992 -0.0045
  endloop
endfacet
facet normal -1 0 0
  outer loop
    vertex -0.01 -0.0197999999999999 0
    vertex -0.01 -0.0197999999999999 0.008999999999999999
    vertex -0.01 -0.01484999999999992 0.004499999999999999
  endloop
endfacet
facet normal -1 0 0
  outer loop
    vertex -0.01 -0.01484999999999992 -0.0045
    vertex -0.01 -0.01484999999999992 0.004499999999999999
    vertex -0.01 -0.009899999999999937 0
  endloop
endfacet
facet normal -1 0 0
  outer loop
    vertex -0.01 0.03959999999999991 -0.008999999999999999
    vertex -0.01 0.03959999999999991 0
    vertex -0.01 0.0445499999999999 -0.0045
  endloop
endfacet
facet normal -1 0 0
  outer loop
    vertex -0.01 0.03959999999999991 0
    vertex -0.01 0.0445499999999999 0.004499999999999999
    vertex -0.01 0.0445499999999999 -0.0045
  endloop
endfacet
facet normal -1 0 0
  outer loop
    vertex -0.01 0.03959999999999991 0
    vertex -0.01 0.03959999999999991 0.008999999999999999
    vertex -0.01 0.0445499999999999 0.004499999999999999
  endloop
endfacet
facet normal -1 0 0
  outer loop
    vertex -0.01 0.0445499999999999 -0.0045
    vertex -0.01 0.0445499999999999 0.004499999999999999
    vertex -0.01 0.04949999999999985 0
  endloop
endfacet
facet normal 1 -0 0
  outer loop
    vertex 0.01 0.07919999999999991 0.008999999999999999
    vertex 0.01 0.08414999999999992 0.004500000000000001
    vertex 0.01 0.08909999999999996 0.008999999999999999
  endloop
endfacet
facet normal 1 0 0
  outer loop
    vertex 0.01 0.08414999999999992 0.004500000000000001
    vertex 0.01 0.09404999999999999 0.004500000000000001
    vertex 0.01 0.08909999999999996 0.008999999999999999
  endloop
endfacet
facet normal 1 -0 0
  outer loop
    vertex 0.01 0.08414999999999992 0.004500000000000001
    vertex 0.01 0.08909999999999996 1.734723475976807e-18
    vertex 0.01 0.09404999999999999 0.004500000000000001
  endloop
endfacet
facet normal 1 -0 0
  outer loop
    vertex 0.01 0.08909999999999996 0.008999999999999999
    vertex 0.01 0.09404999999999999 0.004500000000000001
    vertex 0.01 0.099 0.008999999999999999
  endloop
endfacet
facet normal 1 0 0
  outer loop
    vertex 0.01 0.099 -0.008999999999999999
    vertex 0.01 0.09404999999999999 -0.004499999999999999
    vertex 0.01 0.08909999999999996 -0.008999999999999999
  endloop
endfacet
facet normal 1 0 0
  outer loop
    vertex 0.01 0.09404999999999999 -0.004499999999999999
    vertex 0.01 0.08414999999999992 -0.004499999999999999
    vertex 0.01 0.08909999999999996 -0.008999999999999999
  endloop
endfacet
facet normal 1 0 0
  outer loop
    vertex 0.01 0.09404999999999999 -0.004499999999999999
    vertex 0.01 0.08909999999999996 1.734723475976807e-18
    vertex 0.01 0.08414999999999992 -0.004499999999999999
  endloop
endfacet
facet normal 1 0 0
  outer loop
    vertex 0.01 0.08909999999999996 -0.008999999999999999
    vertex 0.01 0.08414999999999992 -0.004499999999999999
    vertex 0.01 0.07919999999999991 -0.008999999999999999
  endloop
endfacet
facet normal 1 -0 0
  outer loop
    vertex 0.01 0.05939999999999981 0.008999999999999999
    vertex 0.01 0.06434999999999982 0.004499999999999999
    vertex 0.01 0.06929999999999986 0.008999999999999999
  endloop
endfacet
facet normal 1 0 0
  outer loop
    vertex 0.01 0.06434999999999982 0.004499999999999999
    vertex 0.01 0.0742499999999999 0.004499999999999999
    vertex 0.01 0.06929999999999986 0.008999999999999999
  endloop
endfacet
facet normal 1 -0 0
  outer loop
    vertex 0.01 0.06434999999999982 0.004499999999999999
    vertex 0.01 0.06929999999999986 0
    vertex 0.01 0.0742499999999999 0.004499999999999999
  endloop
endfacet
facet normal 1 -0 0
  outer loop
    vertex 0.01 0.06929999999999986 0.008999999999999999
    vertex 0.01 0.0742499999999999 0.004499999999999999
    vertex 0.01 0.07919999999999991 0.008999999999999999
  endloop
endfacet
facet normal 1 0 0
  outer loop
    vertex 0.01 0.07919999999999991 -0.008999999999999999
    vertex 0.01 0.0742499999999999 -0.0045
    vertex 0.01 0.06929999999999986 -0.008999999999999999
  endloop
endfacet
facet normal 1 0 0
  outer loop
    vertex 0.01 0.0742499999999999 -0.0045
    vertex 0.01 0.06434999999999982 -0.0045
    vertex 0.01 0.06929999999999986 -0.008999999999999999
  endloop
endfacet
facet normal 1 0 0
  outer loop
    vertex 0.01 0.0742499999999999 -0.0045
    vertex 0.01 0.06929999999999986 0
    vertex 0.01 0.06434999999999982 -0.0045
  endloop
endfacet
facet normal 1 0 0
  outer loop
    vertex 0.01 0.06929999999999986 -0.008999999999999999
    vertex 0.01 0.06434999999999982 -0.0045
    vertex 0.01 0.05939999999999981 -0.008999999999999999
  endloop
endfacet
facet normal 1 -0 0
  outer loop
    vertex 0.01 -0.03959999999999994 0.008999999999999999
    vertex 0.01 -0.03464999999999993 0.004499999999999999
    vertex 0.01 -0.02969999999999992 0.008999999999999999
  endloop
endfacet
facet normal 1 0 0
  outer loop
    vertex 0.01 -0.03464999999999993 0.004499999999999999
    vertex 0.01 -0.02474999999999991 0.004499999999999999
    vertex 0.01 -0.02969999999999992 0.008999999999999999
  endloop
endfacet
facet normal 1 -0 0
  outer loop
    vertex 0.01 -0.03464999999999993 0.004499999999999999
    vertex 0.01 -0.02969999999999992 0
    vertex 0.01 -0.02474999999999991 0.004499999999999999
  endloop
endfacet
facet normal 1 -0 0
  outer loop
    vertex 0.01 -0.02969999999999992 0.008999999999999999
    vertex 0.01 -0.02474999999999991 0.004499999999999999
    vertex 0.01 -0.0197999999999999 0.008999999999999999
  endloop
endfacet
facet normal 1 0 0
  outer loop
    vertex 0.01 -0.0197999999999999 -0.008999999999999999
    vertex 0.01 -0.02474999999999991 -0.0045
    vertex 0.01 -0.02969999999999992 -0.008999999999999999
  endloop
endfacet
facet normal 1 0 0
  outer loop
    vertex 0.01 -0.02474999999999991 -0.0045
    vertex 0.01 -0.03464999999999993 -0.0045
    vertex 0.01 -0.02969999999999992 -0.008999999999999999
  endloop
endfacet
facet normal 1 0 0
  outer loop
    vertex 0.01 -0.02474999999999991 -0.0045
    vertex 0.01 -0.02969999999999992 0
    vertex 0.01 -0.03464999999999993 -0.0045
  endloop
endfacet
facet normal 1 0 0
  outer loop
    vertex 0.01 -0.02969999999999992 -0.008999999999999999
    vertex 0.01 -0.03464999999999993 -0.0045
    vertex 0.01 -0.03959999999999994 -0.008999999999999999
  endloop
endfacet
facet normal 1 -0 0
  outer loop
    vertex 0.01 -0.05939999999999998 0.008999999999999999
    vertex 0.01 -0.05444999999999997 0.004499999999999999
    vertex 0.01 -0.04949999999999996 0.008999999999999999
  endloop
endfacet
facet normal 1 0 0
  outer loop
    vertex 0.01 -0.05444999999999997 0.004499999999999999
    vertex 0.01 -0.04454999999999995 0.004499999999999999
    vertex 0.01 -0.04949999999999996 0.008999999999999999
  endloop
endfacet
facet normal 1 -0 0
  outer loop
    vertex 0.01 -0.05444999999999997 0.004499999999999999
    vertex 0.01 -0.04949999999999996 -1.734723475976807e-18
    vertex 0.01 -0.04454999999999995 0.004499999999999999
  endloop
endfacet
facet normal 1 -0 0
  outer loop
    vertex 0.01 -0.04949999999999996 0.008999999999999999
    vertex 0.01 -0.04454999999999995 0.004499999999999999
    vertex 0.01 -0.03959999999999994 0.008999999999999999
  endloop
endfacet
facet normal 1 0 0
  outer loop
    vertex 0.01 -0.03959999999999994 -0.008999999999999999
    vertex 0.01 -0.04454999999999995 -0.004500000000000001
    vertex 0.01 -0.04949999999999996 -0.008999999999999999
  endloop
endfacet
facet normal 1 0 0
  outer loop
    vertex 0.01 -0.04454999999999995 -0.004500000000000001
    vertex 0.01 -0.05444999999999997 -0.004500000000000001
    vertex 0.01 -0.04949999999999996 -0.008999999999999999
  endloop
endfacet
facet normal 1 0 0
  outer loop
    vertex 0.01 -0.04454999999999995 -0.004500000000000001
    vertex 0.01 -0.04949999999999996 -1.734723475976807e-18
    vertex 0.01 -0.05444999999999997 -0.004500000000000001
  endloop
endfacet
facet normal 1 0 0
  outer loop
    vertex 0.01 -0.04949999999999996 -0.008999999999999999
    vertex 0.01 -0.05444999999999997 -0.004500000000000001
    vertex 0.01 -0.05939999999999998 -0.008999999999999999
  endloop
endfacet
facet normal 1 0 0
  outer loop
    vertex 0.01 -0.05939999999999998 -0.008999999999999999
    vertex 0.01 -0.06434999999999999 -0.004500000000000001
    vertex 0.01 -0.06929999999999999 -0.008999999999999999
  endloop
endfacet
facet normal 1 0 0
  outer loop
    vertex 0.01 -0.06434999999999999 -0.004500000000000001
    vertex 0.01 -0.07424999999999998 -0.004500000000000001
    vertex 0.01 -0.06929999999999999 -0.008999999999999999
  endloop
endfacet
facet normal 1 0 0
  outer loop
    vertex 0.01 -0.06434999999999999 -0.004500000000000001
    vertex 0.01 -0.06929999999999999 -1.734723475976807e-18
    vertex 0.01 -0.07424999999999998 -0.004500000000000001
  endloop
endfacet
facet normal 1 0 0
  outer loop
    vertex 0.01 -0.06929999999999999 -0.008999999999999999
    vertex 0.01 -0.07424999999999998 -0.004500000000000001
    vertex 0.01 -0.07919999999999999 -0.008999999999999999
  endloop
endfacet
facet normal 1 -0 0
  outer loop
    vertex 0.01 -0.099 0.008999999999999999
    vertex 0.01 -0.09405000000000001 0.004499999999999999
    vertex 0.01 -0.0891 0.008999999999999999
  endloop
endfacet
facet normal 1 0 0
  outer loop
    vertex 0.01 -0.09405000000000001 0.004499999999999999
    vertex 0.01 -0.08415 0.004499999999999999
    vertex 0.01 -0.0891 0.008999999999999999
  endloop
endfacet
facet normal 1 -0 0
  outer loop
    vertex 0.01 -0.09405000000000001 0.004499999999999999
    vertex 0.01 -0.0891 0
    vertex 0.01 -0.08415 0.004499999999999999
  endloop
endfacet
facet normal 1 -0 0
  outer loop
    vertex 0.01 -0.0891 0.008999999999999999
    vertex 0.01 -0.08415 0.004499999999999999
    vertex 0.01 -0.07919999999999999 0.008999999999999999
  endloop
endfacet
facet normal 1 0 0
  outer loop
    vertex 0.01 -0.07919999999999999 -0.008999999999999999
    vertex 0.01 -0.08415 -0.0045
    vertex 0.01 -0.0891 -0.008999999999999999
  endloop
endfacet
facet normal 1 0 0
  outer loop
    vertex 0.01 -0.08415 -0.0045
    vertex 0.01 -0.09405000000000001 -0.0045
    vertex 0.01 -0.0891 -0.008999999999999999
  endloop
endfacet
facet normal 1 0 0
  outer loop
    vertex 0.01 -0.08415 -0.0045
    vertex 0.01 -0.0891 0
    vertex 0.01 -0.09405000000000001 -0.0045
  endloop
endfacet
facet normal 1 0 0
  outer loop
    vertex 0.01 -0.0891 -0.008999999999999999
    vertex 0.01 -0.09405000000000001 -0.0045
    vertex 0.01 -0.099 -0.008999999999999999
  endloop
endfacet
facet normal 1 -0 0
  outer loop
    vertex 0.01 -0.07919999999999999 0.008999999999999999
    vertex 0.01 -0.07424999999999998 0.004499999999999999
    vertex 0.01 -0.06929999999999999 0.008999999999999999
  endloop
endfacet
facet normal 1 0 0
  outer loop
    vertex 0.01 -0.07424999999999998 0.004499999999999999
    vertex 0.01 -0.06434999999999999 0.004499999999999999
    vertex 0.01 -0.06929999999999999 0.008999999999999999
  endloop
endfacet
facet normal 1 -0 0
  outer loop
    vertex 0.01 -0.07424999999999998 0.004499999999999999
    vertex 0.01 -0.06929999999999999 -1.734723475976807e-18
    vertex 0.01 -0.06434999999999999 0.004499999999999999
  endloop
endfacet
facet normal 1 -0 0
  outer loop
    vertex 0.01 -0.06929999999999999 0.008999999999999999
    vertex 0.01 -0.06434999999999999 0.004499999999999999
    vertex 0.01 -0.05939999999999998 0.008999999999999999
  endloop
endfacet
facet normal 1 -0 0
  outer loop
    vertex 0.01 0.01979999999999996 0.008999999999999999
    vertex 0.01 0.02474999999999994 0.004499999999999999
    vertex 0.01 0.02969999999999992 0.008999999999999999
  endloop
endfacet
facet normal 1 0 0
  outer loop
    vertex 0.01 0.02474999999999994 0.004499999999999999
    vertex 0.01 0.03464999999999993 0.004499999999999999
    vertex 0.01 0.02969999999999992 0.008999999999999999
  endloop
endfacet
facet normal 1 -0 0
  outer loop
    vertex 0.01 0.02474999999999994 0.004499999999999999
    vertex 0.01 0.02969999999999992 0
    vertex 0.01 0.03464999999999993 0.004499999999999999
  endloop
endfacet
facet normal 1 -0 0
  outer loop
    vertex 0.01 0.02969999999999992 0.008999999999999999
    vertex 0.01 0.03464999999999993 0.004499999999999999
    vertex 0.01 0.03959999999999991 0.008999999999999999
  endloop
endfacet
facet normal 1 0 0
  outer loop
    vertex 0.01 0.03959999999999991 -0.008999999999999999
    vertex 0.01 0.03464999999999993 -0.0045
    vertex 0.01 0.02969999999999992 -0.008999999999999999
  endloop
endfacet
facet normal 1 0 0
  outer loop
    vertex 0.01 0.03464999999999993 -0.0045
    vertex 0.01 0.02474999999999994 -0.0045
    vertex 0.01 0.02969999999999992 -0.008999999999999999
  endloop
endfacet
facet normal 1 0 0
  outer loop
    vertex 0.01 0.03464999999999993 -0.0045
    vertex 0.01 0.02969999999999992 0
    vertex 0.01 0.02474999999999994 -0.0045
  endloop
endfacet
facet normal 1 0 0
  outer loop
    vertex 0.01 0.02969999999999992 -0.008999999999999999
    vertex 0.01 0.02474999999999994 -0.0045
    vertex 0.01 0.01979999999999996 -0.008999999999999999
  endloop
endfacet
facet normal 1 -0 0
  outer loop
    vertex 0.01 -0.0197999999999999 0.008999999999999999
    vertex 0.01 -0.01484999999999992 0.004499999999999999
    vertex 0.01 -0.009899999999999937 0.008999999999999999
  endloop
endfacet
facet normal 1 0 0
  outer loop
    vertex 0.01 -0.01484999999999992 0.004499999999999999
    vertex 0.01 -0.004949999999999954 0.004499999999999999
    vertex 0.01 -0.009899999999999937 0.008999999999999999
  endloop
endfacet
facet normal 1 -0 0
  outer loop
    vertex 0.01 -0.01484999999999992 0.004499999999999999
    vertex 0.01 -0.009899999999999937 0
    vertex 0.01 -0.004949999999999954 0.004499999999999999
  endloop
endfacet
facet normal 1 -0 0
  outer loop
    vertex 0.01 -0.009899999999999937 0.008999999999999999
    vertex 0.01 -0.004949999999999954 0.004499999999999999
    vertex 0.01 4.163336342344337e-17 0.008999999999999999
  endloop
endfacet
facet normal 1 0 0
  outer loop
    vertex 0.01 4.163336342344337e-17 -0.008999999999999999
    vertex 0.01 -0.004949999999999954 -0.0045
    vertex 0.01 -0.009899999999999937 -0.008999999999999999
  endloop
endfacet
facet normal 1 0 0
  outer loop
    vertex 0.01 -0.004949999999999954 -0.0045
    vertex 0.01 -0.01484999999999992 -0.0045
    vertex 0.01 -0.009899999999999937 -0.008999999999999999
  endloop
endfacet
facet normal 1 0 0
  outer loop
    vertex 0.01 -0.004949999999999954 -0.0045
    vertex 0.01 -0.009899999999999937 0
    vertex 0.01 -0.01484999999999992 -0.0045
  endloop
endfacet
facet normal 1 0 0
  outer loop
    vertex 0.01 -0.009899999999999937 -0.008999999999999999
    vertex 0.01 -0.01484999999999992 -0.0045
    vertex 0.01 -0.0197999999999999 -0.008999999999999999
  endloop
endfacet
facet normal 1 -0 0
  outer loop
    vertex 0.01 4.163336342344337e-17 0.008999999999999999
    vertex 0.01 0.00495000000000001 0.004499999999999999
    vertex 0.01 0.009900000000000006 0.008999999999999999
  endloop
endfacet
facet normal 1 0 0
  outer loop
    vertex 0.01 0.00495000000000001 0.004499999999999999
    vertex 0.01 0.01484999999999997 0.004499999999999999
    vertex 0.01 0.009900000000000006 0.008999999999999999
  endloop
endfacet
facet normal 1 -0 0
  outer loop
    vertex 0.01 0.00495000000000001 0.004499999999999999
    vertex 0.01 0.009899999999999992 0
    vertex 0.01 0.01484999999999997 0.004499999999999999
  endloop
endfacet
facet normal 1 -0 0
  outer loop
    vertex 0.01 0.009900000000000006 0.008999999999999999
    vertex 0.01 0.01484999999999997 0.004499999999999999
    vertex 0.01 0.01979999999999996 0.008999999999999999
  endloop
endfacet
facet normal 1 0 0
  outer loop
    vertex 0.01 0.01979999999999996 -0.008999999999999999
    vertex 0.01 0.01484999999999997 -0.0045
    vertex 0.01 0.009900000000000006 -0.008999999999999999
  endloop
endfacet
facet normal 1 0 0
  outer loop
    vertex 0.01 0.01484999999999997 -0.0045
    vertex 0.01 0.00495000000000001 -0.0045
    vertex 0.01 0.009900000000000006 -0.008999999999999999
  endloop
endfacet
facet normal 1 0 0
  outer loop
    vertex 0.01 0.01484999999999997 -0.0045
    vertex 0.01 0.009899999999999992 0
    vertex 0.01 0.00495000000000001 -0.0045
  endloop
endfacet
facet normal 1 0 0
  outer loop
    vertex 0.01 0.009900000000000006 -0.008999999999999999
    vertex 0.01 0.00495000000000001 -0.0045
    vertex 0.01 4.163336342344337e-17 -0.008999999999999999
  endloop
endfacet
facet normal 1 -0 0
  outer loop
    vertex 0.01 0.03959999999999991 0.008999999999999999
    vertex 0.01 0.0445499999999999 0.004499999999999999
    vertex 0.01 0.04949999999999988 0.008999999999999999
  endloop
endfacet
facet normal 1 0 0
  outer loop
    vertex 0.01 0.0445499999999999 0.004499999999999999
    vertex 0.01 0.05444999999999983 0.004499999999999999
    vertex 0.01 0.04949999999999988 0.008999999999999999
  endloop
endfacet
facet normal 1 -0 0
  outer loop
    vertex 0.01 0.0445499999999999 0.004499999999999999
    vertex 0.01 0.04949999999999985 0
    vertex 0.01 0.05444999999999983 0.004499999999999999
  endloop
endfacet
facet normal 1 -0 0
  outer loop
    vertex 0.01 0.04949999999999988 0.008999999999999999
    vertex 0.01 0.05444999999999983 0.004499999999999999
    vertex 0.01 0.05939999999999981 0.008999999999999999
  endloop
endfacet
facet normal 1 0 0
  outer loop
    vertex 0.01 0.05939999999999981 -0.008999999999999999
    vertex 0.01 0.05444999999999983 -0.0045
    vertex 0.01 0.04949999999999988 -0.008999999999999999
  endloop
endfacet
facet normal 1 0 0
  outer loop
    vertex 0.01 0.05444999999999983 -0.0045
    vertex 0.01 0.0445499999999999 -0.0045
    vertex 0.01 0.04949999999999988 -0.008999999999999999
  endloop
endfacet
facet normal 1 0 0
  outer loop
    vertex 0.01 0.05444999999999983 -0.0045
    vertex 0.01 0.04949999999999985 0
    vertex 0.01 0.0445499999999999 -0.0045
  endloop
endfacet
facet normal 1 0 0
  outer loop
    vertex 0.01 0.04949999999999988 -0.008999999999999999
    vertex 0.01 0.0445499999999999 -0.0045
    vertex 0.01 0.03959999999999991 -0.008999999999999999
  endloop
endfacet
facet normal 1 0 0
  outer loop
    vertex 0.01 0.099 0.008999999999999999
    vertex 0.01 0.09404999999999999 0.004500000000000001
    vertex 0.01 0.099 0
  endloop
endfacet
facet normal 1 0 0
  outer loop
    vertex 0.01 0.09404999999999999 0.004500000000000001
    vertex 0.01 0.09404999999999999 -0.004499999999999999
    vertex 0.01 0.099 0
  endloop
endfacet
facet normal 1 0 0
  outer loop
    vertex 0.01 0.09404999999999999 0.004500000000000001
    vertex 0.01 0.08909999999999996 1.734723475976807e-18
    vertex 0.01 0.09404999999999999 -0.004499999999999999
  endloop
endfacet
facet normal 1 0 0
  outer loop
    vertex 0.01 0.099 0
    vertex 0.01 0.09404999999999999 -0.004499999999999999
    vertex 0.01 0.099 -0.008999999999999999
  endloop
endfacet
facet normal 1 0 0
  outer loop
    vertex 0.01 0.05939999999999981 -0.008999999999999999
    vertex 0.01 0.06434999999999982 -0.0045
    vertex 0.01 0.05939999999999981 0
  endloop
endfacet
facet normal 1 0 -0
  outer loop
    vertex 0.01 0.06434999999999982 -0.0045
    vertex 0.01 0.06434999999999982 0.004499999999999999
    vertex 0.01 0.05939999999999981 0
  endloop
endfacet
facet normal 1 0 0
  outer loop
    vertex 0.01 0.06434999999999982 -0.0045
    vertex 0.01 0.06929999999999986 0
    vertex 0.01 0.06434999999999982 0.004499999999999999
  endloop
endfacet
facet normal 1 0 0
  outer loop
    vertex 0.01 0.05939999999999981 0
    vertex 0.01 0.06434999999999982 0.004499999999999999
    vertex 0.01 0.05939999999999981 0.008999999999999999
  endloop
endfacet
facet normal 1 0 0
  outer loop
    vertex 0.01 -0.099 -0.008999999999999999
    vertex 0.01 -0.09405000000000001 -0.0045
    vertex 0.01 -0.099 0
  endloop
endfacet
facet normal 1 0 -0
  outer loop
    vertex 0.01 -0.09405000000000001 -0.0045
    vertex 0.01 -0.09405000000000001 0.004499999999999999
    vertex 0.01 -0.099 0
  endloop
endfacet
facet normal 1 0 0
  outer loop
    vertex 0.01 -0.09405000000000001 -0.0045
    vertex 0.01 -0.0891 0
    vertex 0.01 -0.09405000000000001 0.004499999999999999
  endloop
endfacet
facet normal 1 0 0
  outer loop
    vertex 0.01 -0.099 0
    vertex 0.01 -0.09405000000000001 0.004499999999999999
    vertex 0.01 -0.099 0.008999999999999999
  endloop
endfacet
facet normal 1 0 0
  outer loop
    vertex 0.01 -0.07919999999999999 0.008999999999999999
    vertex 0.01 -0.08415 0.004499999999999999
    vertex 0.01 -0.07919999999999999 0
  endloop
endfacet
facet normal 1 0 0
  outer loop
    vertex 0.01 -0.08415 0.004499999999999999
    vertex 0.01 -0.08415 -0.0045
    vertex 0.01 -0.07919999999999999 0
  endloop
endfacet
facet normal 1 0 0
  outer loop
    vertex 0.01 -0.08415 0.004499999999999999
    vertex 0.01 -0.0891 0
    vertex 0.01 -0.08415 -0.0045
  endloop
endfacet
facet normal 1 0 0
  outer loop
    vertex 0.01 -0.07919999999999999 0
    vertex 0.01 -0.08415 -0.0045
    vertex 0.01 -0.07919999999999999 -0.008999999999999999
  endloop
endfacet
facet normal 1 0 0
  outer loop
    vertex 0.01 -0.07919999999999999 -0.008999999999999999
    vertex 0.01 -0.07424999999999998 -0.004500000000000001
    vertex 0.01 -0.07919999999999999 0
  endloop
endfacet
facet normal 1 0 -0
  outer loop
    vertex 0.01 -0.07424999999999998 -0.004500000000000001
    vertex 0.01 -0.07424999999999998 0.004499999999999999
    vertex 0.01 -0.07919999999999999 0
  endloop
endfacet
facet normal 1 0 0
  outer loop
    vertex 0.01 -0.07424999999999998 -0.004500000000000001
    vertex 0.01 -0.06929999999999999 -1.734723475976807e-18
    vertex 0.01 -0.07424999999999998 0.004499999999999999
  endloop
endfacet
facet normal 1 0 0
  outer loop
    vertex 0.01 -0.07919999999999999 0
    vertex 0.01 -0.07424999999999998 0.004499999999999999
    vertex 0.01 -0.07919999999999999 0.008999999999999999
  endloop
endfacet
facet normal 1 0 0
  outer loop
    vertex 0.01 -0.03959999999999994 -0.008999999999999999
    vertex 0.01 -0.03464999999999993 -0.0045
    vertex 0.01 -0.03959999999999994 0
  endloop
endfacet
facet normal 1 0 -0
  outer loop
    vertex 0.01 -0.03464999999999993 -0.0045
    vertex 0.01 -0.03464999999999993 0.004499999999999999
    vertex 0.01 -0.03959999999999994 0
  endloop
endfacet
facet normal 1 0 0
  outer loop
    vertex 0.01 -0.03464999999999993 -0.0045
    vertex 0.01 -0.02969999999999992 0
    vertex 0.01 -0.03464999999999993 0.004499999999999999
  endloop
endfacet
facet normal 1 0 0
  outer loop
    vertex 0.01 -0.03959999999999994 0
    vertex 0.01 -0.03464999999999993 0.004499999999999999
    vertex 0.01 -0.03959999999999994 0.008999999999999999
  endloop
endfacet
facet normal 1 0 0
  outer loop
    vertex 0.01 -0.0197999999999999 0.008999999999999999
    vertex 0.01 -0.02474999999999991 0.004499999999999999
    vertex 0.01 -0.0197999999999999 0
  endloop
endfacet
facet normal 1 0 0
  outer loop
    vertex 0.01 -0.02474999999999991 0.004499999999999999
    vertex 0.01 -0.02474999999999991 -0.0045
    vertex 0.01 -0.0197999999999999 0
  endloop
endfacet
facet normal 1 0 0
  outer loop
    vertex 0.01 -0.02474999999999991 0.004499999999999999
    vertex 0.01 -0.02969999999999992 0
    vertex 0.01 -0.02474999999999991 -0.0045
  endloop
endfacet
facet normal 1 0 0
  outer loop
    vertex 0.01 -0.0197999999999999 0
    vertex 0.01 -0.02474999999999991 -0.0045
    vertex 0.01 -0.0197999999999999 -0.008999999999999999
  endloop
endfacet
facet normal 1 0 0
  outer loop
    vertex 0.01 0.07919999999999991 -0.008999999999999999
    vertex 0.01 0.08414999999999992 -0.004499999999999999
    vertex 0.01 0.07919999999999991 0
  endloop
endfacet
facet normal 1 0 -0
  outer loop
    vertex 0.01 0.08414999999999992 -0.004499999999999999
    vertex 0.01 0.08414999999999992 0.004500000000000001
    vertex 0.01 0.07919999999999991 0
  endloop
endfacet
facet normal 1 0 0
  outer loop
    vertex 0.01 0.08414999999999992 -0.004499999999999999
    vertex 0.01 0.08909999999999996 1.734723475976807e-18
    vertex 0.01 0.08414999999999992 0.004500000000000001
  endloop
endfacet
facet normal 1 0 0
  outer loop
    vertex 0.01 0.07919999999999991 0
    vertex 0.01 0.08414999999999992 0.004500000000000001
    vertex 0.01 0.07919999999999991 0.008999999999999999
  endloop
endfacet
facet normal 1 0 0
  outer loop
    vertex 0.01 0.07919999999999991 0.008999999999999999
    vertex 0.01 0.0742499999999999 0.004499999999999999
    vertex 0.01 0.07919999999999991 0
  endloop
endfacet
facet normal 1 0 0
  outer loop
    vertex 0.01 0.0742499999999999 0.004499999999999999
    vertex 0.01 0.0742499999999999 -0.0045
    vertex 0.01 0.07919999999999991 0
  endloop
endfacet
facet normal 1 0 0
  outer loop
    vertex 0.01 0.0742499999999999 0.004499999999999999
    vertex 0.01 0.06929999999999986 0
    vertex 0.01 0.0742499999999999 -0.0045
  endloop
endfacet
facet normal 1 0 0
  outer loop
    vertex 0.01 0.07919999999999991 0
    vertex 0.01 0.0742499999999999 -0.0045
    vertex 0.01 0.07919999999999991 -0.008999999999999999
  endloop
endfacet
facet normal 1 0 0
  outer loop
    vertex 0.01 -0.05939999999999998 -0.008999999999999999
    vertex 0.01 -0.05444999999999997 -0.004500000000000001
    vertex 0.01 -0.05939999999999998 0
  endloop
endfacet
facet normal 1 0 -0
  outer loop
    vertex 0.01 -0.05444999999999997 -0.004500000000000001
    vertex 0.01 -0.05444999999999997 0.004499999999999999
    vertex 0.01 -0.05939999999999998 0
  endloop
endfacet
facet normal 1 0 0
  outer loop
    vertex 0.01 -0.05444999999999997 -0.004500000000000001
    vertex 0.01 -0.04949999999999996 -1.734723475976807e-18
    vertex 0.01 -0.05444999999999997 0.004499999999999999
  endloop
endfacet
facet normal 1 0 0
  outer loop
    vertex 0.01 -0.05939999999999998 0
    vertex 0.01 -0.05444999999999997 0.004499999999999999
    vertex 0.01 -0.05939999999999998 0.008999999999999999
  endloop
endfacet
facet normal 1 0 0
  outer loop
    vertex 0.01 -0.05939999999999998 0.008999999999999999
    vertex 0.01 -0.06434999999999999 0.004499999999999999
    vertex 0.01 -0.05939999999999998 0
  endloop
endfacet
facet normal 1 0 0
  outer loop
    vertex 0.01 -0.06434999999999999 0.004499999999999999
    vertex 0.01 -0.06434999999999999 -0.004500000000000001
    vertex 0.01 -0.05939999999999998 0
  endloop
endfacet
facet normal 1 0 0
  outer loop
    vertex 0.01 -0.06434999999999999 0.004499999999999999
    vertex 0.01 -0.06929999999999999 -1.734723475976807e-18
    vertex 0.01 -0.06434999999999999 -0.004500000000000001
  endloop
endfacet
facet normal 1 0 0
  outer loop
    vertex 0.01 -0.05939999999999998 0
    vertex 0.01 -0.06434999999999999 -0.004500000000000001
    vertex 0.01 -0.05939999999999998 -0.008999999999999999
  endloop
endfacet
facet normal 1 0 0
  outer loop
    vertex 0.01 -0.03959999999999994 0.008999999999999999
    vertex 0.01 -0.04454999999999995 0.004499999999999999
    vertex 0.01 -0.03959999999999994 0
  endloop
endfacet
facet normal 1 0 0
  outer loop
    vertex 0.01 -0.04454999999999995 0.004499999999999999
    vertex 0.01 -0.04454999999999995 -0.004500000000000001
    vertex 0.01 -0.03959999999999994 0
  endloop
endfacet
facet normal 1 0 0
  outer loop
    vertex 0.01 -0.04454999999999995 0.004499999999999999
    vertex 0.01 -0.04949999999999996 -1.734723475976807e-18
    vertex 0.01 -0.04454999999999995 -0.004500000000000001
  endloop
endfacet
facet normal 1 0 0
  outer loop
    vertex 0.01 -0.03959999999999994 0
    vertex 0.01 -0.04454999999999995 -0.004500000000000001
    vertex 0.01 -0.03959999999999994 -0.008999999999999999
  endloop
endfacet
facet normal 1 0 0
  outer loop
    vertex 0.01 0.03959999999999991 0.008999999999999999
    vertex 0.01 0.03464999999999993 0.004499999999999999
    vertex 0.01 0.03959999999999991 0
  endloop
endfacet
facet normal 1 0 0
  outer loop
    vertex 0.01 0.03464999999999993 0.004499999999999999
    vertex 0.01 0.03464999999999993 -0.0045
    vertex 0.01 0.03959999999999991 0
  endloop
endfacet
facet normal 1 0 0
  outer loop
    vertex 0.01 0.03464999999999993 0.004499999999999999
    vertex 0.01 0.02969999999999992 0
    vertex 0.01 0.03464999999999993 -0.0045
  endloop
endfacet
facet normal 1 0 0
  outer loop
    vertex 0.01 0.03959999999999991 0
    vertex 0.01 0.03464999999999993 -0.0045
    vertex 0.01 0.03959999999999991 -0.008999999999999999
  endloop
endfacet
facet normal 1 0 0
  outer loop
    vertex 0.01 4.163336342344337e-17 0.008999999999999999
    vertex 0.01 -0.004949999999999954 0.004499999999999999
    vertex 0.01 4.163336342344337e-17 0
  endloop
endfacet
facet normal 1 0 0
  outer loop
    vertex 0.01 -0.004949999999999954 0.004499999999999999
    vertex 0.01 -0.004949999999999954 -0.0045
    vertex 0.01 4.163336342344337e-17 0
  endloop
endfacet
facet normal 1 0 0
  outer loop
    vertex 0.01 -0.004949999999999954 0.004499999999999999
    vertex 0.01 -0.009899999999999937 0
    vertex 0.01 -0.004949999999999954 -0.0045
  endloop
endfacet
facet normal 1 0 0
  outer loop
    vertex 0.01 4.163336342344337e-17 0
    vertex 0.01 -0.004949999999999954 -0.0045
    vertex 0.01 4.163336342344337e-17 -0.008999999999999999
  endloop
endfacet
facet normal 1 0 0
  outer loop
    vertex 0.01 4.163336342344337e-17 -0.008999999999999999
    vertex 0.01 0.00495000000000001 -0.0045
    vertex 0.01 4.163336342344337e-17 0
  endloop
endfacet
facet normal 1 0 -0
  outer loop
    vertex 0.01 0.00495000000000001 -0.0045
    vertex 0.01 0.00495000000000001 0.004499999999999999
    vertex 0.01 4.163336342344337e-17 0
  endloop
endfacet
facet normal 1 0 0
  outer loop
    vertex 0.01 0.00495000000000001 -0.0045
    vertex 0.01 0.009899999999999992 0
    vertex 0.01 0.00495000000000001 0.004499999999999999
  endloop
endfacet
facet normal 1 0 0
  outer loop
    vertex 0.01 4.163336342344337e-17 0
    vertex 0.01 0.00495000000000001 0.004499999999999999
    vertex 0.01 4.163336342344337e-17 0.008999999999999999
  endloop
endfacet
facet normal 1 0 0
  outer loop
    vertex 0.01 0.01979999999999996 -0.008999999999999999
    vertex 0.01 0.02474999999999994 -0.0045
    vertex 0.01 0.01979999999999996 0
  endloop
endfacet
facet normal 1 0 -0
  outer loop
    vertex 0.01 0.02474999999999994 -0.0045
    vertex 0.01 0.02474999999999994 0.004499999999999999
    vertex 0.01 0.01979999999999996 0
  endloop
endfacet
facet normal 1 0 0
  outer loop
    vertex 0.01 0.02474999999999994 -0.0045
    vertex 0.01 0.02969999999999992 0
    vertex 0.01 0.02474999999999994 0.004499999999999999
  endloop
endfacet
facet normal 1 0 0
  outer loop
    vertex 0.01 0.01979999999999996 0
    vertex 0.01 0.02474999999999994 0.004499999999999999
    vertex 0.01 0.01979999999999996 0.008999999999999999
  endloop
endfacet
facet normal 1 0 0
  outer loop
    vertex 0.01 0.01979999999999996 0.008999999999999999
    vertex 0.01 0.01484999999999997 0.004499999999999999
    vertex 0.01 0.01979999999999996 0
  endloop
endfacet
facet normal 1 0 0
  outer loop
    vertex 0.01 0.01484999999999997 0.004499999999999999
    vertex 0.01 0.01484999999999997 -0.0045
    vertex 0.01 0.01979999999999996 0
  endloop
endfacet
facet normal 1 0 0
  outer loop
    vertex 0.01 0.01484999999999997 0.004499999999999999
    vertex 0.01 0.009899999999999992 0
    vertex 0.01 0.01484999999999997 -0.0045
  endloop
endfacet
facet normal 1 0 0
  outer loop
    vertex 0.01 0.01979999999999996 0
    vertex 0.01 0.01484999999999997 -0.0045
    vertex 0.01 0.01979999999999996 -0.008999999999999999
  endloop
endfacet
facet normal 1 0 0
  outer loop
    vertex 0.01 0.05939999999999981 0.008999999999999999
    vertex 0.01 0.05444999999999983 0.004499999999999999
    vertex 0.01 0.05939999999999981 0
  endloop
endfacet
facet normal 1 0 0
  outer loop
    vertex 0.01 0.05444999999999983 0.004499999999999999
    vertex 0.01 0.05444999999999983 -0.0045
    vertex 0.01 0.05939999999999981 0
  endloop
endfacet
facet normal 1 0 0
  outer loop
    vertex 0.01 0.05444999999999983 0.004499999999999999
    vertex 0.01 0.04949999999999985 0
    vertex 0.01 0.05444999999999983 -0.0045
  endloop
endfacet
facet normal 1 0 0
  outer loop
    vertex 0.01 0.05939999999999981 0
    vertex 0.01 0.05444999999999983 -0.0045
    vertex 0.01 0.05939999999999981 -0.008999999999999999
  endloop
endfacet
facet normal 1 0 0
  outer loop
    vertex 0.01 -0.0197999999999999 -0.008999999999999999
    vertex 0.01 -0.01484999999999992 -0.0045
    vertex 0.01 -0.0197999999999999 0
  endloop
endfacet
facet normal 1 0 -0
  outer loop
    vertex 0.01 -0.01484999999999992 -0.0045
    vertex 0.01 -0.01484999999999992 0.004499999999999999
    vertex 0.01 -0.0197999999999999 0
  endloop
endfacet
facet normal 1 0 0
  outer loop
    vertex 0.01 -0.01484999999999992 -0.0045
    vertex 0.01 -0.009899999999999937 0
    vertex 0.01 -0.01484999999999992 0.004499999999999999
  endloop
endfacet
facet normal 1 0 0
  outer loop
    vertex 0.01 -0.0197999999999999 0
    vertex 0.01 -0.01484999999999992 0.004499999999999999
    vertex 0.01 -0.0197999999999999 0.008999999999999999
  endloop
endfacet
facet normal 1 0 0
  outer loop
    vertex 0.01 0.03959999999999991 -0.008999999999999999
    vertex 0.01 0.0445499999999999 -0.0045
    vertex 0.01 0.03959999999999991 0
  endloop
endfacet
facet normal 1 0 -0
  outer loop
    vertex 0.01 0.0445499999999999 -0.0045
    vertex 0.01 0.0445499999999999 0.004499999999999999
    vertex 0.01 0.03959999999999991 0
  endloop
endfacet
facet normal 1 0 0
  outer loop
    vertex 0.01 0.0445499999999999 -0.0045
    vertex 0.01 0.04949999999999985 0
    vertex 0.01 0.0445499999999999 0.004499999999999999
  endloop
endfacet
facet normal 1 0 0
  outer loop
    vertex 0.01 0.03959999999999991 0
    vertex 0.01 0.0445499999999999 0.004499999999999999
    vertex 0.01 0.03959999999999991 0.008999999999999999
  endloop
endfacet
facet normal 0 -1 0
  outer loop
    vertex -0.01 -0.099 -0.008999999999999999
    vertex 0 -0.099 -0.008999999999999999
    vertex -0.005 -0.099 -0.0045
  endloop
endfacet
facet normal 0 -1 0
  outer loop
    vertex 0 -0.099 -0.008999999999999999
    vertex 0.004999999999999999 -0.099 -0.0045
    vertex -0.005 -0.099 -0.0045
  endloop
endfacet
facet normal 0 -1 0
  outer loop
    vertex 0 -0.099 -0.008999999999999999
    vertex 0.01 -0.099 -0.008999999999999999
    vertex 0.004999999999999999 -0.099 -0.0045
  endloop
endfacet
facet normal 0 -1 0
  outer loop
    vertex -0.005 -0.099 -0.0045
    vertex 0.004999999999999999 -0.099 -0.0045
    vertex 0 -0.099 0
  endloop
endfacet
facet normal -0 -1 0
  outer loop
    vertex 0.01 -0.099 0.008999999999999999
    vertex 0 -0.099 0.008999999999999999
    vertex 0.004999999999999999 -0.099 0.004499999999999999
  endloop
endfacet
facet normal 0 -1 -0
  outer loop
    vertex 0 -0.099 0.008999999999999999
    vertex -0.005 -0.099 0.004499999999999999
    vertex 0.004999999999999999 -0.099 0.004499999999999999
  endloop
endfacet
facet normal -0 -1 0
  outer loop
    vertex 0 -0.099 0.008999999999999999
    vertex -0.01 -0.099 0.008999999999999999
    vertex -0.005 -0.099 0.004499999999999999
  endloop
endfacet
facet normal -0 -1 0
  outer loop
    vertex 0.004999999999999999 -0.099 0.004499999999999999
    vertex -0.005 -0.099 0.004499999999999999
    vertex 0 -0.099 0
  endloop
endfacet
facet normal 0 -1 0
  outer loop
    vertex -0.01 -0.099 0.008999999999999999
    vertex -0.01 -0.099 0
    vertex -0.005 -0.099 0.004499999999999999
  endloop
endfacet
facet normal 0 -1 0
  outer loop
    vertex -0.01 -0.099 0
    vertex -0.005 -0.099 -0.0045
    vertex -0.005 -0.099 0.004499999999999999
  endloop
endfacet
facet normal 0 -1 0
  outer loop
    vertex -0.01 -0.099 0
    vertex -0.01 -0.099 -0.008999999999999999
    vertex -0.005 -0.099 -0.0045
  endloop
endfacet
facet normal 0 -1 0
  outer loop
    vertex -0.005 -0.099 0.004499999999999999
    vertex -0.005 -0.099 -0.0045
    vertex 0 -0.099 0
  endloop
endfacet
facet normal 0 -1 0
  outer loop
    vertex 0.01 -0.099 -0.008999999999999999
    vertex 0.01 -0.099 0
    vertex 0.004999999999999999 -0.099 -0.0045
  endloop
endfacet
facet normal -0 -1 0
  outer loop
    vertex 0.01 -0.099 0
    vertex 0.004999999999999999 -0.099 0.004499999999999999
    vertex 0.004999999999999999 -0.099 -0.0045
  endloop
endfacet
facet normal 0 -1 0
  outer loop
    vertex 0.01 -0.099 0
    vertex 0.01 -0.099 0.008999999999999999
    vertex 0.004999999999999999 -0.099 0.004499999999999999
  endloop
endfacet
facet normal 0 -1 0
  outer loop
    vertex 0.004999999999999999 -0.099 -0.0045
    vertex 0.004999999999999999 -0.099 0.004499999999999999
    vertex 0 -0.099 0
  endloop
endfacet
facet normal 0 1 0
  outer loop
    vertex -0.01 0.099 -0.008999999999999999
    vertex -0.005 0.099 -0.0045
    vertex 0 0.099 -0.008999999999999999
  endloop
endfacet
facet normal -0 1 0
  outer loop
    vertex -0.005 0.099 -0.0045
    vertex 0.004999999999999999 0.099 -0.0045
    vertex 0 0.099 -0.008999999999999999
  endloop
endfacet
facet normal 0 1 0
  outer loop
    vertex -0.005 0.099 -0.0045
    vertex 0 0.099 0
    vertex 0.004999999999999999 0.099 -0.0045
  endloop
endfacet
facet normal 0 1 0
  outer loop
    vertex 0 0.099 -0.008999999999999999
    vertex 0.004999999999999999 0.099 -0.0045
    vertex 0.01 0.099 -0.008999999999999999
  endloop
endfacet
facet normal 0 1 0
  outer loop
    vertex 0.01 0.099 0.008999999999999999
    vertex 0.004999999999999999 0.099 0.004499999999999999
    vertex 0 0.099 0.008999999999999999
  endloop
endfacet
facet normal 0 1 0
  outer loop
    vertex 0.004999999999999999 0.099 0.004499999999999999
    vertex -0.005 0.099 0.004499999999999999
    vertex 0 0.099 0.008999999999999999
  endloop
endfacet
facet normal 0 1 0
  outer loop
    vertex 0.004999999999999999 0.099 0.004499999999999999
    vertex 0 0.099 0
    vertex -0.005 0.099 0.004499999999999999
  endloop
endfacet
facet normal 0 1 0
  outer loop
    vertex 0 0.099 0.008999999999999999
    vertex -0.005 0.099 0.004499999999999999
    vertex -0.01 0.099 0.008999999999999999
  endloop
endfacet
facet normal 0 1 0
  outer loop
    vertex -0.01 0.099 0.008999999999999999
    vertex -0.005 0.099 0.004499999999999999
    vertex -0.01 0.099 0
  endloop
endfacet
facet normal 0 1 0
  outer loop
    vertex -0.005 0.099 0.004499999999999999
    vertex -0.005 0.099 -0.0045
    vertex -0.01 0.099 0
  endloop
endfacet
facet normal 0 1 0
  outer loop
    vertex -0.005 0.099 0.004499999999999999
    vertex 0 0.099 0
    vertex -0.005 0.099 -0.0045
  endloop
endfacet
facet normal 0 1 0
  outer loop
    vertex -0.01 0.099 0
    vertex -0.005 0.099 -0.0045
    vertex -0.01 0.099 -0.008999999999999999
  endloop
endfacet
facet normal 0 1 -0
  outer loop
    vertex 0.01 0.099 -0.008999999999999999
    vertex 0.004999999999999999 0.099 -0.0045
    vertex 0.01 0.099 0
  endloop
endfacet
facet normal 0 1 0
  outer loop
    vertex 0.004999999999999999 0.099 -0.0045
    vertex 0.004999999999999999 0.099 0.004499999999999999
    vertex 0.01 0.099 0
  endloop
endfacet
facet normal 0 1 -0
  outer loop
    vertex 0.004999999999999999 0.099 -0.0045
    vertex 0 0.099 0
    vertex 0.004999999999999999 0.099 0.004499999999999999
  endloop
endfacet
facet normal 0 1 -0
  outer loop
    vertex 0.01 0.099 0
    vertex 0.004999999999999999 0.099 0.004499999999999999
    vertex 0.01 0.099 0.008999999999999999
  endloop
endfacet
facet normal 0 0 -1
  outer loop
    vertex 0.01 -0.099 -0.008999999999999999
    vertex 0 -0.099 -0.008999999999999999
    vertex 0.005000000000000001 -0.09405000000000001 -0.008999999999999999
  endloop
endfacet
facet normal 0 0 -1
  outer loop
    vertex 0 -0.099 -0.008999999999999999
    vertex -0.004999999999999999 -0.09405000000000001 -0.008999999999999999
    vertex 0.005000000000000001 -0.09405000000000001 -0.008999999999999999
  endloop
endfacet
facet normal 0 0 -1
  outer loop
    vertex 0 -0.099 -0.008999999999999999
    vertex -0.01 -0.099 -0.008999999999999999
    vertex -0.004999999999999999 -0.09405000000000001 -0.008999999999999999
  endloop
endfacet
facet normal 0 0 -1
  outer loop
    vertex 0.005000000000000001 -0.09405000000000001 -0.008999999999999999
    vertex -0.004999999999999999 -0.09405000000000001 -0.008999999999999999
    vertex 1.734723475976807e-18 -0.0891 -0.008999999999999999
  endloop
endfacet
facet normal 0 0 -1
  outer loop
    vertex -0.01 0.099 -0.008999999999999999
    vertex 0 0.099 -0.008999999999999999
    vertex -0.004999999999999996 0.09404999999999997 -0.008999999999999999
  endloop
endfacet
facet normal 0 -0 -1
  outer loop
    vertex 0 0.099 -0.008999999999999999
    vertex 0.005000000000000004 0.09404999999999997 -0.008999999999999999
    vertex -0.004999999999999996 0.09404999999999997 -0.008999999999999999
  endloop
endfacet
facet normal 0 0 -1
  outer loop
    vertex 0 0.099 -0.008999999999999999
    vertex 0.01 0.099 -0.008999999999999999
    vertex 0.005000000000000004 0.09404999999999997 -0.008999999999999999
  endloop
endfacet
facet normal 0 0 -1
  outer loop
    vertex -0.004999999999999996 0.09404999999999997 -0.008999999999999999
    vertex 0.005000000000000004 0.09404999999999997 -0.008999999999999999
    vertex 8.673617379884035e-18 0.08909999999999993 -0.008999999999999999
  endloop
endfacet
facet normal 0 0 -1
  outer loop
    vertex -0.01 0.05939999999999981 -0.008999999999999999
    vertex -0.01 0.06929999999999986 -0.008999999999999999
    vertex -0.004999999999999998 0.06434999999999982 -0.008999999999999999
  endloop
endfacet
facet normal 0 0 -1
  outer loop
    vertex -0.01 0.06929999999999986 -0.008999999999999999
    vertex -0.004999999999999998 0.0742499999999999 -0.008999999999999999
    vertex -0.004999999999999998 0.06434999999999982 -0.008999999999999999
  endloop
endfacet
facet normal 0 0 -1
  outer loop
    vertex -0.01 0.06929999999999986 -0.008999999999999999
    vertex -0.01 0.07919999999999991 -0.008999999999999999
    vertex -0.004999999999999998 0.0742499999999999 -0.008999999999999999
  endloop
endfacet
facet normal 0 0 -1
  outer loop
    vertex -0.004999999999999998 0.06434999999999982 -0.008999999999999999
    vertex -0.004999999999999998 0.0742499999999999 -0.008999999999999999
    vertex 5.204170427930421e-18 0.06929999999999986 -0.008999999999999999
  endloop
endfacet
facet normal 0 -0 -1
  outer loop
    vertex 0.01 0.07919999999999991 -0.008999999999999999
    vertex 0.01 0.06929999999999986 -0.008999999999999999
    vertex 0.005000000000000003 0.0742499999999999 -0.008999999999999999
  endloop
endfacet
facet normal -0 0 -1
  outer loop
    vertex 0.01 0.06929999999999986 -0.008999999999999999
    vertex 0.005000000000000003 0.06434999999999982 -0.008999999999999999
    vertex 0.005000000000000003 0.0742499999999999 -0.008999999999999999
  endloop
endfacet
facet normal 0 -0 -1
  outer loop
    vertex 0.01 0.06929999999999986 -0.008999999999999999
    vertex 0.01 0.05939999999999981 -0.008999999999999999
    vertex 0.005000000000000003 0.06434999999999982 -0.008999999999999999
  endloop
endfacet
facet normal 0 -0 -1
  outer loop
    vertex 0.005000000000000003 0.0742499999999999 -0.008999999999999999
    vertex 0.005000000000000003 0.06434999999999982 -0.008999999999999999
    vertex 5.204170427930421e-18 0.06929999999999986 -0.008999999999999999
  endloop
endfacet
facet normal 0 0 -1
  outer loop
    vertex 0 0.02969999999999992 -0.008999999999999999
    vertex -0.005 0.03464999999999993 -0.008999999999999999
    vertex 0 0.03959999999999989 -0.008999999999999999
  endloop
endfacet
facet normal 0 0 -1
  outer loop
    vertex -0.005 0.03464999999999993 -0.008999999999999999
    vertex -0.005 0.0445499999999999 -0.008999999999999999
    vertex 0 0.03959999999999989 -0.008999999999999999
  endloop
endfacet
facet normal 0 0 -1
  outer loop
    vertex -0.005 0.03464999999999993 -0.008999999999999999
    vertex -0.01 0.03959999999999991 -0.008999999999999999
    vertex -0.005 0.0445499999999999 -0.008999999999999999
  endloop
endfacet
facet normal 0 0 -1
  outer loop
    vertex 0 0.03959999999999989 -0.008999999999999999
    vertex -0.005 0.0445499999999999 -0.008999999999999999
    vertex 0 0.04949999999999985 -0.008999999999999999
  endloop
endfacet
facet normal -0 0 -1
  outer loop
    vertex 0.01 0.03959999999999991 -0.008999999999999999
    vertex 0.004999999999999999 0.03464999999999993 -0.008999999999999999
    vertex 0.004999999999999999 0.0445499999999999 -0.008999999999999999
  endloop
endfacet
facet normal 0 0 -1
  outer loop
    vertex 0.004999999999999999 0.03464999999999993 -0.008999999999999999
    vertex 0 0.03959999999999989 -0.008999999999999999
    vertex 0.004999999999999999 0.0445499999999999 -0.008999999999999999
  endloop
endfacet
facet normal -0 0 -1
  outer loop
    vertex 0.004999999999999999 0.03464999999999993 -0.008999999999999999
    vertex 0 0.02969999999999992 -0.008999999999999999
    vertex 0 0.03959999999999989 -0.008999999999999999
  endloop
endfacet
facet normal -0 0 -1
  outer loop
    vertex 0.004999999999999999 0.0445499999999999 -0.008999999999999999
    vertex 0 0.03959999999999989 -0.008999999999999999
    vertex 0 0.04949999999999985 -0.008999999999999999
  endloop
endfacet
facet normal 0 0 -1
  outer loop
    vertex -0.01 0.05939999999999981 -0.008999999999999999
    vertex -0.004999999999999998 0.06434999999999982 -0.008999999999999999
    vertex -0.005 0.05444999999999983 -0.008999999999999999
  endloop
endfacet
facet normal 0 -0 -1
  outer loop
    vertex -0.004999999999999998 0.06434999999999982 -0.008999999999999999
    vertex 1.734723475976807e-18 0.05939999999999987 -0.008999999999999999
    vertex -0.005 0.05444999999999983 -0.008999999999999999
  endloop
endfacet
facet normal 0 0 -1
  outer loop
    vertex -0.004999999999999998 0.06434999999999982 -0.008999999999999999
    vertex 5.204170427930421e-18 0.06929999999999986 -0.008999999999999999
    vertex 1.734723475976807e-18 0.05939999999999987 -0.008999999999999999
  endloop
endfacet
facet normal 0 0 -1
  outer loop
    vertex -0.005 0.05444999999999983 -0.008999999999999999
    vertex 1.734723475976807e-18 0.05939999999999987 -0.008999999999999999
    vertex 0 0.04949999999999985 -0.008999999999999999
  endloop
endfacet
facet normal 0 -0 -1
  outer loop
    vertex 5.204170427930421e-18 0.06929999999999986 -0.008999999999999999
    vertex 0.005000000000000003 0.06434999999999982 -0.008999999999999999
    vertex 1.734723475976807e-18 0.05939999999999987 -0.008999999999999999
  endloop
endfacet
facet normal 0 0 -1
  outer loop
    vertex 0.005000000000000003 0.06434999999999982 -0.008999999999999999
    vertex 0.004999999999999999 0.05444999999999983 -0.008999999999999999
    vertex 1.734723475976807e-18 0.05939999999999987 -0.008999999999999999
  endloop
endfacet
facet normal 0 -0 -1
  outer loop
    vertex 0.005000000000000003 0.06434999999999982 -0.008999999999999999
    vertex 0.01 0.05939999999999981 -0.008999999999999999
    vertex 0.004999999999999999 0.05444999999999983 -0.008999999999999999
  endloop
endfacet
facet normal 0 -0 -1
  outer loop
    vertex 1.734723475976807e-18 0.05939999999999987 -0.008999999999999999
    vertex 0.004999999999999999 0.05444999999999983 -0.008999999999999999
    vertex 0 0.04949999999999985 -0.008999999999999999
  endloop
endfacet
facet normal 0 0 -1
  outer loop
    vertex -0.01 -0.03959999999999994 -0.008999999999999999
    vertex -0.01 -0.02969999999999992 -0.008999999999999999
    vertex -0.005 -0.03464999999999993 -0.008999999999999999
  endloop
endfacet
facet normal 0 0 -1
  outer loop
    vertex -0.01 -0.02969999999999992 -0.008999999999999999
    vertex -0.005 -0.02474999999999991 -0.008999999999999999
    vertex -0.005 -0.03464999999999993 -0.008999999999999999
  endloop
endfacet
facet normal 0 0 -1
  outer loop
    vertex -0.01 -0.02969999999999992 -0.008999999999999999
    vertex -0.01 -0.0197999999999999 -0.008999999999999999
    vertex -0.005 -0.02474999999999991 -0.008999999999999999
  endloop
endfacet
facet normal 0 0 -1
  outer loop
    vertex -0.005 -0.03464999999999993 -0.008999999999999999
    vertex -0.005 -0.02474999999999991 -0.008999999999999999
    vertex 0 -0.02969999999999992 -0.008999999999999999
  endloop
endfacet
facet normal 0 0 -1
  outer loop
    vertex -0.01 0.01979999999999996 -0.008999999999999999
    vertex -0.01 0.02969999999999992 -0.008999999999999999
    vertex -0.005 0.02474999999999994 -0.008999999999999999
  endloop
endfacet
facet normal 0 0 -1
  outer loop
    vertex -0.01 0.02969999999999992 -0.008999999999999999
    vertex -0.005 0.03464999999999993 -0.008999999999999999
    vertex -0.005 0.02474999999999994 -0.008999999999999999
  endloop
endfacet
facet normal 0 0 -1
  outer loop
    vertex -0.01 0.02969999999999992 -0.008999999999999999
    vertex -0.01 0.03959999999999991 -0.008999999999999999
    vertex -0.005 0.03464999999999993 -0.008999999999999999
  endloop
endfacet
facet normal 0 0 -1
  outer loop
    vertex -0.005 0.02474999999999994 -0.008999999999999999
    vertex -0.005 0.03464999999999993 -0.008999999999999999
    vertex 0 0.02969999999999992 -0.008999999999999999
  endloop
endfacet
facet normal 0 -0 -1
  outer loop
    vertex 0.01 -0.0197999999999999 -0.008999999999999999
    vertex 0.01 -0.02969999999999992 -0.008999999999999999
    vertex 0.004999999999999999 -0.02474999999999991 -0.008999999999999999
  endloop
endfacet
facet normal -0 0 -1
  outer loop
    vertex 0.01 -0.02969999999999992 -0.008999999999999999
    vertex 0.004999999999999999 -0.03464999999999993 -0.008999999999999999
    vertex 0.004999999999999999 -0.02474999999999991 -0.008999999999999999
  endloop
endfacet
facet normal 0 -0 -1
  outer loop
    vertex 0.01 -0.02969999999999992 -0.008999999999999999
    vertex 0.01 -0.03959999999999994 -0.008999999999999999
    vertex 0.004999999999999999 -0.03464999999999993 -0.008999999999999999
  endloop
endfacet
facet normal 0 -0 -1
  outer loop
    vertex 0.004999999999999999 -0.02474999999999991 -0.008999999999999999
    vertex 0.004999999999999999 -0.03464999999999993 -0.008999999999999999
    vertex 0 -0.02969999999999992 -0.008999999999999999
  endloop
endfacet
facet normal 0 -0 -1
  outer loop
    vertex 0.01 0.03959999999999991 -0.008999999999999999
    vertex 0.01 0.02969999999999992 -0.008999999999999999
    vertex 0.004999999999999999 0.03464999999999993 -0.008999999999999999
  endloop
endfacet
facet normal -0 0 -1
  outer loop
    vertex 0.01 0.02969999999999992 -0.008999999999999999
    vertex 0.004999999999999999 0.02474999999999994 -0.008999999999999999
    vertex 0.004999999999999999 0.03464999999999993 -0.008999999999999999
  endloop
endfacet
facet normal 0 -0 -1
  outer loop
    vertex 0.01 0.02969999999999992 -0.008999999999999999
    vertex 0.01 0.01979999999999996 -0.008999999999999999
    vertex 0.004999999999999999 0.02474999999999994 -0.008999999999999999
  endloop
endfacet
facet normal 0 -0 -1
  outer loop
    vertex 0.004999999999999999 0.03464999999999993 -0.008999999999999999
    vertex 0.004999999999999999 0.02474999999999994 -0.008999999999999999
    vertex 0 0.02969999999999992 -0.008999999999999999
  endloop
endfacet
facet normal 0 0 -1
  outer loop
    vertex -0.01 -0.0197999999999999 -0.008999999999999999
    vertex -0.005 -0.01484999999999992 -0.008999999999999999
    vertex -0.005 -0.02474999999999991 -0.008999999999999999
  endloop
endfacet
facet normal 0 0 -1
  outer loop
    vertex -0.005 -0.01484999999999992 -0.008999999999999999
    vertex 0 -0.01979999999999993 -0.008999999999999999
    vertex -0.005 -0.02474999999999991 -0.008999999999999999
  endloop
endfacet
facet normal 0 0 -1
  outer loop
    vertex -0.005 -0.01484999999999992 -0.008999999999999999
    vertex 0 -0.009899999999999937 -0.008999999999999999
    vertex 0 -0.01979999999999993 -0.008999999999999999
  endloop
endfacet
facet normal 0 0 -1
  outer loop
    vertex -0.005 -0.02474999999999991 -0.008999999999999999
    vertex 0 -0.01979999999999993 -0.008999999999999999
    vertex 0 -0.02969999999999992 -0.008999999999999999
  endloop
endfacet
facet normal 0 0 -1
  outer loop
    vertex 0 -0.009899999999999937 -0.008999999999999999
    vertex 0.004999999999999999 -0.01484999999999992 -0.008999999999999999
    vertex 0 -0.01979999999999993 -0.008999999999999999
  endloop
endfacet
facet normal 0 -0 -1
  outer loop
    vertex 0.004999999999999999 -0.01484999999999992 -0.008999999999999999
    vertex 0.004999999999999999 -0.02474999999999991 -0.008999999999999999
    vertex 0 -0.01979999999999993 -0.008999999999999999
  endloop
endfacet
facet normal 0 0 -1
  outer loop
    vertex 0.004999999999999999 -0.01484999999999992 -0.008999999999999999
    vertex 0.01 -0.0197999999999999 -0.008999999999999999
    vertex 0.004999999999999999 -0.02474999999999991 -0.008999999999999999
  endloop
endfacet
facet normal 0 0 -1
  outer loop
    vertex 0 -0.01979999999999993 -0.008999999999999999
    vertex 0.004999999999999999 -0.02474999999999991 -0.008999999999999999
    vertex 0 -0.02969999999999992 -0.008999999999999999
  endloop
endfacet
facet normal 0 0 -1
  outer loop
    vertex 0 -0.02969999999999992 -0.008999999999999999
    vertex 0.004999999999999999 -0.03464999999999993 -0.008999999999999999
    vertex 0 -0.03959999999999994 -0.008999999999999999
  endloop
endfacet
facet normal 0 -0 -1
  outer loop
    vertex 0.004999999999999999 -0.03464999999999993 -0.008999999999999999
    vertex 0.004999999999999999 -0.04454999999999995 -0.008999999999999999
    vertex 0 -0.03959999999999994 -0.008999999999999999
  endloop
endfacet
facet normal 0 0 -1
  outer loop
    vertex 0.004999999999999999 -0.03464999999999993 -0.008999999999999999
    vertex 0.01 -0.03959999999999994 -0.008999999999999999
    vertex 0.004999999999999999 -0.04454999999999995 -0.008999999999999999
  endloop
endfacet
facet normal 0 0 -1
  outer loop
    vertex 0 -0.03959999999999994 -0.008999999999999999
    vertex 0.004999999999999999 -0.04454999999999995 -0.008999999999999999
    vertex 0 -0.04949999999999996 -0.008999999999999999
  endloop
endfacet
facet normal -0 0 -1
  outer loop
    vertex 0.01 -0.05939999999999998 -0.008999999999999999
    vertex 0.004999999999999999 -0.06434999999999999 -0.008999999999999999
    vertex 0.004999999999999999 -0.05444999999999997 -0.008999999999999999
  endloop
endfacet
facet normal 0 0 -1
  outer loop
    vertex 0.004999999999999999 -0.06434999999999999 -0.008999999999999999
    vertex 0 -0.05939999999999997 -0.008999999999999999
    vertex 0.004999999999999999 -0.05444999999999997 -0.008999999999999999
  endloop
endfacet
facet normal -0 0 -1
  outer loop
    vertex 0.004999999999999999 -0.06434999999999999 -0.008999999999999999
    vertex 0 -0.06929999999999999 -0.008999999999999999
    vertex 0 -0.05939999999999997 -0.008999999999999999
  endloop
endfacet
facet normal -0 0 -1
  outer loop
    vertex 0.004999999999999999 -0.05444999999999997 -0.008999999999999999
    vertex 0 -0.05939999999999997 -0.008999999999999999
    vertex 0 -0.04949999999999996 -0.008999999999999999
  endloop
endfacet
facet normal 0 -0 -1
  outer loop
    vertex 0.01 4.163336342344337e-17 -0.008999999999999999
    vertex 0.01 -0.009899999999999937 -0.008999999999999999
    vertex 0.004999999999999999 -0.004949999999999954 -0.008999999999999999
  endloop
endfacet
facet normal -0 0 -1
  outer loop
    vertex 0.01 -0.009899999999999937 -0.008999999999999999
    vertex 0.004999999999999999 -0.01484999999999992 -0.008999999999999999
    vertex 0.004999999999999999 -0.004949999999999954 -0.008999999999999999
  endloop
endfacet
facet normal 0 -0 -1
  outer loop
    vertex 0.01 -0.009899999999999937 -0.008999999999999999
    vertex 0.01 -0.0197999999999999 -0.008999999999999999
    vertex 0.004999999999999999 -0.01484999999999992 -0.008999999999999999
  endloop
endfacet
facet normal 0 -0 -1
  outer loop
    vertex 0.004999999999999999 -0.004949999999999954 -0.008999999999999999
    vertex 0.004999999999999999 -0.01484999999999992 -0.008999999999999999
    vertex 0 -0.009899999999999937 -0.008999999999999999
  endloop
endfacet
facet normal 0 0 -1
  outer loop
    vertex 0 0.02969999999999992 -0.008999999999999999
    vertex 0.004999999999999999 0.02474999999999994 -0.008999999999999999
    vertex 0 0.01979999999999996 -0.008999999999999999
  endloop
endfacet
facet normal 0 -0 -1
  outer loop
    vertex 0.004999999999999999 0.02474999999999994 -0.008999999999999999
    vertex 0.004999999999999999 0.01484999999999997 -0.008999999999999999
    vertex 0 0.01979999999999996 -0.008999999999999999
  endloop
endfacet
facet normal 0 0 -1
  outer loop
    vertex 0.004999999999999999 0.02474999999999994 -0.008999999999999999
    vertex 0.01 0.01979999999999996 -0.008999999999999999
    vertex 0.004999999999999999 0.01484999999999997 -0.008999999999999999
  endloop
endfacet
facet normal 0 0 -1
  outer loop
    vertex 0 0.01979999999999996 -0.008999999999999999
    vertex 0.004999999999999999 0.01484999999999997 -0.008999999999999999
    vertex 0 0.009899999999999992 -0.008999999999999999
  endloop
endfacet
facet normal 0 0 -1
  outer loop
    vertex -0.01 -0.05939999999999998 -0.008999999999999999
    vertex -0.01 -0.04949999999999996 -0.008999999999999999
    vertex -0.005 -0.05444999999999997 -0.008999999999999999
  endloop
endfacet
facet normal 0 0 -1
  outer loop
    vertex -0.01 -0.04949999999999996 -0.008999999999999999
    vertex -0.005 -0.04454999999999995 -0.008999999999999999
    vertex -0.005 -0.05444999999999997 -0.008999999999999999
  endloop
endfacet
facet normal 0 0 -1
  outer loop
    vertex -0.01 -0.04949999999999996 -0.008999999999999999
    vertex -0.01 -0.03959999999999994 -0.008999999999999999
    vertex -0.005 -0.04454999999999995 -0.008999999999999999
  endloop
endfacet
facet normal 0 0 -1
  outer loop
    vertex -0.005 -0.05444999999999997 -0.008999999999999999
    vertex -0.005 -0.04454999999999995 -0.008999999999999999
    vertex 0 -0.04949999999999996 -0.008999999999999999
  endloop
endfacet
facet normal 0 0 -1
  outer loop
    vertex -0.01 -0.0197999999999999 -0.008999999999999999
    vertex -0.01 -0.009899999999999937 -0.008999999999999999
    vertex -0.005 -0.01484999999999992 -0.008999999999999999
  endloop
endfacet
facet normal 0 0 -1
  outer loop
    vertex -0.01 -0.009899999999999937 -0.008999999999999999
    vertex -0.005 -0.004949999999999954 -0.008999999999999999
    vertex -0.005 -0.01484999999999992 -0.008999999999999999
  endloop
endfacet
facet normal 0 0 -1
  outer loop
    vertex -0.01 -0.009899999999999937 -0.008999999999999999
    vertex -0.01 4.163336342344337e-17 -0.008999999999999999
    vertex -0.005 -0.004949999999999954 -0.008999999999999999
  endloop
endfacet
facet normal 0 0 -1
  outer loop
    vertex -0.005 -0.01484999999999992 -0.008999999999999999
    vertex -0.005 -0.004949999999999954 -0.008999999999999999
    vertex 0 -0.009899999999999937 -0.008999999999999999
  endloop
endfacet
facet normal 0 0 -1
  outer loop
    vertex -0.01 0.01979999999999996 -0.008999999999999999
    vertex -0.005 0.02474999999999994 -0.008999999999999999
    vertex -0.005 0.01484999999999997 -0.008999999999999999
  endloop
endfacet
facet normal 0 0 -1
  outer loop
    vertex -0.005 0.02474999999999994 -0.008999999999999999
    vertex 0 0.01979999999999996 -0.008999999999999999
    vertex -0.005 0.01484999999999997 -0.008999999999999999
  endloop
endfacet
facet normal 0 0 -1
  outer loop
    vertex -0.005 0.02474999999999994 -0.008999999999999999
    vertex 0 0.02969999999999992 -0.008999999999999999
    vertex 0 0.01979999999999996 -0.008999999999999999
  endloop
endfacet
facet normal 0 0 -1
  outer loop
    vertex -0.005 0.01484999999999997 -0.008999999999999999
    vertex 0 0.01979999999999996 -0.008999999999999999
    vertex 0 0.009899999999999992 -0.008999999999999999
  endloop
endfacet
facet normal 0 -0 -1
  outer loop
    vertex 0.01 -0.03959999999999994 -0.008999999999999999
    vertex 0.01 -0.04949999999999996 -0.008999999999999999
    vertex 0.004999999999999999 -0.04454999999999995 -0.008999999999999999
  endloop
endfacet
facet normal -0 0 -1
  outer loop
    vertex 0.01 -0.04949999999999996 -0.008999999999999999
    vertex 0.004999999999999999 -0.05444999999999997 -0.008999999999999999
    vertex 0.004999999999999999 -0.04454999999999995 -0.008999999999999999
  endloop
endfacet
facet normal 0 -0 -1
  outer loop
    vertex 0.01 -0.04949999999999996 -0.008999999999999999
    vertex 0.01 -0.05939999999999998 -0.008999999999999999
    vertex 0.004999999999999999 -0.05444999999999997 -0.008999999999999999
  endloop
endfacet
facet normal 0 -0 -1
  outer loop
    vertex 0.004999999999999999 -0.04454999999999995 -0.008999999999999999
    vertex 0.004999999999999999 -0.05444999999999997 -0.008999999999999999
    vertex 0 -0.04949999999999996 -0.008999999999999999
  endloop
endfacet
facet normal 0 0 -1
  outer loop
    vertex -0.01 -0.03959999999999994 -0.008999999999999999
    vertex -0.005 -0.03464999999999993 -0.008999999999999999
    vertex -0.005 -0.04454999999999995 -0.008999999999999999
  endloop
endfacet
facet normal 0 0 -1
  outer loop
    vertex -0.005 -0.03464999999999993 -0.008999999999999999
    vertex 0 -0.03959999999999994 -0.008999999999999999
    vertex -0.005 -0.04454999999999995 -0.008999999999999999
  endloop
endfacet
facet normal 0 0 -1
  outer loop
    vertex -0.005 -0.03464999999999993 -0.008999999999999999
    vertex 0 -0.02969999999999992 -0.008999999999999999
    vertex 0 -0.03959999999999994 -0.008999999999999999
  endloop
endfacet
facet normal 0 0 -1
  outer loop
    vertex -0.005 -0.04454999999999995 -0.008999999999999999
    vertex 0 -0.03959999999999994 -0.008999999999999999
    vertex 0 -0.04949999999999996 -0.008999999999999999
  endloop
endfacet
facet normal 0 0 -1
  outer loop
    vertex 0 -0.009899999999999937 -0.008999999999999999
    vertex -0.005 -0.004949999999999954 -0.008999999999999999
    vertex 0 2.775557561562891e-17 -0.008999999999999999
  endloop
endfacet
facet normal 0 0 -1
  outer loop
    vertex -0.005 -0.004949999999999954 -0.008999999999999999
    vertex -0.005 0.00495000000000001 -0.008999999999999999
    vertex 0 2.775557561562891e-17 -0.008999999999999999
  endloop
endfacet
facet normal 0 0 -1
  outer loop
    vertex -0.005 -0.004949999999999954 -0.008999999999999999
    vertex -0.01 4.163336342344337e-17 -0.008999999999999999
    vertex -0.005 0.00495000000000001 -0.008999999999999999
  endloop
endfacet
facet normal 0 0 -1
  outer loop
    vertex 0 2.775557561562891e-17 -0.008999999999999999
    vertex -0.005 0.00495000000000001 -0.008999999999999999
    vertex 0 0.009899999999999992 -0.008999999999999999
  endloop
endfacet
facet normal 0 0 -1
  outer loop
    vertex 5.204170427930421e-18 0.06929999999999986 -0.008999999999999999
    vertex -0.004999999999999998 0.0742499999999999 -0.008999999999999999
    vertex 6.938893903907228e-18 0.07919999999999991 -0.008999999999999999
  endloop
endfacet
facet normal 0 0 -1
  outer loop
    vertex -0.004999999999999998 0.0742499999999999 -0.008999999999999999
    vertex -0.004999999999999996 0.08414999999999992 -0.008999999999999999
    vertex 6.938893903907228e-18 0.07919999999999991 -0.008999999999999999
  endloop
endfacet
facet normal 0 0 -1
  outer loop
    vertex -0.004999999999999998 0.0742499999999999 -0.008999999999999999
    vertex -0.01 0.07919999999999991 -0.008999999999999999
    vertex -0.004999999999999996 0.08414999999999992 -0.008999999999999999
  endloop
endfacet
facet normal 0 0 -1
  outer loop
    vertex 6.938893903907228e-18 0.07919999999999991 -0.008999999999999999
    vertex -0.004999999999999996 0.08414999999999992 -0.008999999999999999
    vertex 8.673617379884035e-18 0.08909999999999993 -0.008999999999999999
  endloop
endfacet
facet normal -0 0 -1
  outer loop
    vertex 0.01 4.163336342344337e-17 -0.008999999999999999
    vertex 0.004999999999999999 -0.004949999999999954 -0.008999999999999999
    vertex 0.004999999999999999 0.00495000000000001 -0.008999999999999999
  endloop
endfacet
facet normal 0 0 -1
  outer loop
    vertex 0.004999999999999999 -0.004949999999999954 -0.008999999999999999
    vertex 0 2.775557561562891e-17 -0.008999999999999999
    vertex 0.004999999999999999 0.00495000000000001 -0.008999999999999999
  endloop
endfacet
facet normal -0 0 -1
  outer loop
    vertex 0.004999999999999999 -0.004949999999999954 -0.008999999999999999
    vertex 0 -0.009899999999999937 -0.008999999999999999
    vertex 0 2.775557561562891e-17 -0.008999999999999999
  endloop
endfacet
facet normal -0 0 -1
  outer loop
    vertex 0.004999999999999999 0.00495000000000001 -0.008999999999999999
    vertex 0 2.775557561562891e-17 -0.008999999999999999
    vertex 0 0.009899999999999992 -0.008999999999999999
  endloop
endfacet
facet normal -0 0 -1
  outer loop
    vertex 0.01 0.07919999999999991 -0.008999999999999999
    vertex 0.005000000000000003 0.0742499999999999 -0.008999999999999999
    vertex 0.005000000000000004 0.08414999999999992 -0.008999999999999999
  endloop
endfacet
facet normal 0 0 -1
  outer loop
    vertex 0.005000000000000003 0.0742499999999999 -0.008999999999999999
    vertex 6.938893903907228e-18 0.07919999999999991 -0.008999999999999999
    vertex 0.005000000000000004 0.08414999999999992 -0.008999999999999999
  endloop
endfacet
facet normal -0 0 -1
  outer loop
    vertex 0.005000000000000003 0.0742499999999999 -0.008999999999999999
    vertex 5.204170427930421e-18 0.06929999999999986 -0.008999999999999999
    vertex 6.938893903907228e-18 0.07919999999999991 -0.008999999999999999
  endloop
endfacet
facet normal -0 0 -1
  outer loop
    vertex 0.005000000000000004 0.08414999999999992 -0.008999999999999999
    vertex 6.938893903907228e-18 0.07919999999999991 -0.008999999999999999
    vertex 8.673617379884035e-18 0.08909999999999993 -0.008999999999999999
  endloop
endfacet
facet normal 0 0 -1
  outer loop
    vertex -0.01 -0.099 -0.008999999999999999
    vertex -0.01 -0.0891 -0.008999999999999999
    vertex -0.004999999999999999 -0.09405000000000001 -0.008999999999999999
  endloop
endfacet
facet normal 0 0 -1
  outer loop
    vertex -0.01 -0.0891 -0.008999999999999999
    vertex -0.004999999999999999 -0.08415 -0.008999999999999999
    vertex -0.004999999999999999 -0.09405000000000001 -0.008999999999999999
  endloop
endfacet
facet normal 0 0 -1
  outer loop
    vertex -0.01 -0.0891 -0.008999999999999999
    vertex -0.01 -0.07919999999999999 -0.008999999999999999
    vertex -0.004999999999999999 -0.08415 -0.008999999999999999
  endloop
endfacet
facet normal 0 0 -1
  outer loop
    vertex -0.004999999999999999 -0.09405000000000001 -0.008999999999999999
    vertex -0.004999999999999999 -0.08415 -0.008999999999999999
    vertex 1.734723475976807e-18 -0.0891 -0.008999999999999999
  endloop
endfacet
facet normal 0 -0 -1
  outer loop
    vertex 0.01 -0.07919999999999999 -0.008999999999999999
    vertex 0.01 -0.0891 -0.008999999999999999
    vertex 0.005000000000000001 -0.08415 -0.008999999999999999
  endloop
endfacet
facet normal -0 0 -1
  outer loop
    vertex 0.01 -0.0891 -0.008999999999999999
    vertex 0.005000000000000001 -0.09405000000000001 -0.008999999999999999
    vertex 0.005000000000000001 -0.08415 -0.008999999999999999
  endloop
endfacet
facet normal 0 -0 -1
  outer loop
    vertex 0.01 -0.0891 -0.008999999999999999
    vertex 0.01 -0.099 -0.008999999999999999
    vertex 0.005000000000000001 -0.09405000000000001 -0.008999999999999999
  endloop
endfacet
facet normal 0 -0 -1
  outer loop
    vertex 0.005000000000000001 -0.08415 -0.008999999999999999
    vertex 0.005000000000000001 -0.09405000000000001 -0.008999999999999999
    vertex 1.734723475976807e-18 -0.0891 -0.008999999999999999
  endloop
endfacet
facet normal 0 0 -1
  outer loop
    vertex -0.01 -0.07919999999999999 -0.008999999999999999
    vertex -0.01 -0.06929999999999999 -0.008999999999999999
    vertex -0.005 -0.07424999999999998 -0.008999999999999999
  endloop
endfacet
facet normal 0 0 -1
  outer loop
    vertex -0.01 -0.06929999999999999 -0.008999999999999999
    vertex -0.005 -0.06434999999999999 -0.008999999999999999
    vertex -0.005 -0.07424999999999998 -0.008999999999999999
  endloop
endfacet
facet normal 0 0 -1
  outer loop
    vertex -0.01 -0.06929999999999999 -0.008999999999999999
    vertex -0.01 -0.05939999999999998 -0.008999999999999999
    vertex -0.005 -0.06434999999999999 -0.008999999999999999
  endloop
endfacet
facet normal 0 0 -1
  outer loop
    vertex -0.005 -0.07424999999999998 -0.008999999999999999
    vertex -0.005 -0.06434999999999999 -0.008999999999999999
    vertex 0 -0.06929999999999999 -0.008999999999999999
  endloop
endfacet
facet normal 0 0 -1
  outer loop
    vertex -0.01 -0.07919999999999999 -0.008999999999999999
    vertex -0.005 -0.07424999999999998 -0.008999999999999999
    vertex -0.004999999999999999 -0.08415 -0.008999999999999999
  endloop
endfacet
facet normal 0 0 -1
  outer loop
    vertex -0.005 -0.07424999999999998 -0.008999999999999999
    vertex 1.734723475976807e-18 -0.07919999999999999 -0.008999999999999999
    vertex -0.004999999999999999 -0.08415 -0.008999999999999999
  endloop
endfacet
facet normal 0 0 -1
  outer loop
    vertex -0.005 -0.07424999999999998 -0.008999999999999999
    vertex 0 -0.06929999999999999 -0.008999999999999999
    vertex 1.734723475976807e-18 -0.07919999999999999 -0.008999999999999999
  endloop
endfacet
facet normal 0 0 -1
  outer loop
    vertex -0.004999999999999999 -0.08415 -0.008999999999999999
    vertex 1.734723475976807e-18 -0.07919999999999999 -0.008999999999999999
    vertex 1.734723475976807e-18 -0.0891 -0.008999999999999999
  endloop
endfacet
facet normal 0 0 -1
  outer loop
    vertex -0.01 0.03959999999999991 -0.008999999999999999
    vertex -0.01 0.04949999999999988 -0.008999999999999999
    vertex -0.005 0.0445499999999999 -0.008999999999999999
  endloop
endfacet
facet normal 0 0 -1
  outer loop
    vertex -0.01 0.04949999999999988 -0.008999999999999999
    vertex -0.005 0.05444999999999983 -0.008999999999999999
    vertex -0.005 0.0445499999999999 -0.008999999999999999
  endloop
endfacet
facet normal 0 0 -1
  outer loop
    vertex -0.01 0.04949999999999988 -0.008999999999999999
    vertex -0.01 0.05939999999999981 -0.008999999999999999
    vertex -0.005 0.05444999999999983 -0.008999999999999999
  endloop
endfacet
facet normal 0 0 -1
  outer loop
    vertex -0.005 0.0445499999999999 -0.008999999999999999
    vertex -0.005 0.05444999999999983 -0.008999999999999999
    vertex 0 0.04949999999999985 -0.008999999999999999
  endloop
endfacet
facet normal 0 -0 -1
  outer loop
    vertex 0.01 -0.05939999999999998 -0.008999999999999999
    vertex 0.01 -0.06929999999999999 -0.008999999999999999
    vertex 0.004999999999999999 -0.06434999999999999 -0.008999999999999999
  endloop
endfacet
facet normal -0 0 -1
  outer loop
    vertex 0.01 -0.06929999999999999 -0.008999999999999999
    vertex 0.004999999999999999 -0.07424999999999998 -0.008999999999999999
    vertex 0.004999999999999999 -0.06434999999999999 -0.008999999999999999
  endloop
endfacet
facet normal 0 -0 -1
  outer loop
    vertex 0.01 -0.06929999999999999 -0.008999999999999999
    vertex 0.01 -0.07919999999999999 -0.008999999999999999
    vertex 0.004999999999999999 -0.07424999999999998 -0.008999999999999999
  endloop
endfacet
facet normal 0 -0 -1
  outer loop
    vertex 0.004999999999999999 -0.06434999999999999 -0.008999999999999999
    vertex 0.004999999999999999 -0.07424999999999998 -0.008999999999999999
    vertex 0 -0.06929999999999999 -0.008999999999999999
  endloop
endfacet
facet normal 0 0 -1
  outer loop
    vertex 0 -0.06929999999999999 -0.008999999999999999
    vertex 0.004999999999999999 -0.07424999999999998 -0.008999999999999999
    vertex 1.734723475976807e-18 -0.07919999999999999 -0.008999999999999999
  endloop
endfacet
facet normal 0 -0 -1
  outer loop
    vertex 0.004999999999999999 -0.07424999999999998 -0.008999999999999999
    vertex 0.005000000000000001 -0.08415 -0.008999999999999999
    vertex 1.734723475976807e-18 -0.07919999999999999 -0.008999999999999999
  endloop
endfacet
facet normal 0 0 -1
  outer loop
    vertex 0.004999999999999999 -0.07424999999999998 -0.008999999999999999
    vertex 0.01 -0.07919999999999999 -0.008999999999999999
    vertex 0.005000000000000001 -0.08415 -0.008999999999999999
  endloop
endfacet
facet normal 0 0 -1
  outer loop
    vertex 1.734723475976807e-18 -0.07919999999999999 -0.008999999999999999
    vertex 0.005000000000000001 -0.08415 -0.008999999999999999
    vertex 1.734723475976807e-18 -0.0891 -0.008999999999999999
  endloop
endfacet
facet normal 0 -0 -1
  outer loop
    vertex 0.01 0.05939999999999981 -0.008999999999999999
    vertex 0.01 0.04949999999999988 -0.008999999999999999
    vertex 0.004999999999999999 0.05444999999999983 -0.008999999999999999
  endloop
endfacet
facet normal -0 0 -1
  outer loop
    vertex 0.01 0.04949999999999988 -0.008999999999999999
    vertex 0.004999999999999999 0.0445499999999999 -0.008999999999999999
    vertex 0.004999999999999999 0.05444999999999983 -0.008999999999999999
  endloop
endfacet
facet normal 0 -0 -1
  outer loop
    vertex 0.01 0.04949999999999988 -0.008999999999999999
    vertex 0.01 0.03959999999999991 -0.008999999999999999
    vertex 0.004999999999999999 0.0445499999999999 -0.008999999999999999
  endloop
endfacet
facet normal 0 -0 -1
  outer loop
    vertex 0.004999999999999999 0.05444999999999983 -0.008999999999999999
    vertex 0.004999999999999999 0.0445499999999999 -0.008999999999999999
    vertex 0 0.04949999999999985 -0.008999999999999999
  endloop
endfacet
facet normal 0 0 -1
  outer loop
    vertex -0.01 0.07919999999999991 -0.008999999999999999
    vertex -0.01 0.08909999999999996 -0.008999999999999999
    vertex -0.004999999999999996 0.08414999999999992 -0.008999999999999999
  endloop
endfacet
facet normal 0 0 -1
  outer loop
    vertex -0.01 0.08909999999999996 -0.008999999999999999
    vertex -0.004999999999999996 0.09404999999999997 -0.008999999999999999
    vertex -0.004999999999999996 0.08414999999999992 -0.008999999999999999
  endloop
endfacet
facet normal 0 0 -1
  outer loop
    vertex -0.01 0.08909999999999996 -0.008999999999999999
    vertex -0.01 0.099 -0.008999999999999999
    vertex -0.004999999999999996 0.09404999999999997 -0.008999999999999999
  endloop
endfacet
facet normal 0 0 -1
  outer loop
    vertex -0.004999999999999996 0.08414999999999992 -0.008999999999999999
    vertex -0.004999999999999996 0.09404999999999997 -0.008999999999999999
    vertex 8.673617379884035e-18 0.08909999999999993 -0.008999999999999999
  endloop
endfacet
facet normal 0 -0 -1
  outer loop
    vertex 0.01 0.099 -0.008999999999999999
    vertex 0.01 0.08909999999999996 -0.008999999999999999
    vertex 0.005000000000000004 0.09404999999999997 -0.008999999999999999
  endloop
endfacet
facet normal -0 0 -1
  outer loop
    vertex 0.01 0.08909999999999996 -0.008999999999999999
    vertex 0.005000000000000004 0.08414999999999992 -0.008999999999999999
    vertex 0.005000000000000004 0.09404999999999997 -0.008999999999999999
  endloop
endfacet
facet normal 0 -0 -1
  outer loop
    vertex 0.01 0.08909999999999996 -0.008999999999999999
    vertex 0.01 0.07919999999999991 -0.008999999999999999
    vertex 0.005000000000000004 0.08414999999999992 -0.008999999999999999
  endloop
endfacet
facet normal 0 -0 -1
  outer loop
    vertex 0.005000000000000004 0.09404999999999997 -0.008999999999999999
    vertex 0.005000000000000004 0.08414999999999992 -0.008999999999999999
    vertex 8.673617379884035e-18 0.08909999999999993 -0.008999999999999999
  endloop
endfacet
facet normal 0 0 -1
  outer loop
    vertex 0 -0.06929999999999999 -0.008999999999999999
    vertex -0.005 -0.06434999999999999 -0.008999999999999999
    vertex 0 -0.05939999999999997 -0.008999999999999999
  endloop
endfacet
facet normal 0 0 -1
  outer loop
    vertex -0.005 -0.06434999999999999 -0.008999999999999999
    vertex -0.005 -0.05444999999999997 -0.008999999999999999
    vertex 0 -0.05939999999999997 -0.008999999999999999
  endloop
endfacet
facet normal 0 0 -1
  outer loop
    vertex -0.005 -0.06434999999999999 -0.008999999999999999
    vertex -0.01 -0.05939999999999998 -0.008999999999999999
    vertex -0.005 -0.05444999999999997 -0.008999999999999999
  endloop
endfacet
facet normal 0 0 -1
  outer loop
    vertex 0 -0.05939999999999997 -0.008999999999999999
    vertex -0.005 -0.05444999999999997 -0.008999999999999999
    vertex 0 -0.04949999999999996 -0.008999999999999999
  endloop
endfacet
facet normal 0 0 -1
  outer loop
    vertex -0.01 4.163336342344337e-17 -0.008999999999999999
    vertex -0.01 0.009900000000000006 -0.008999999999999999
    vertex -0.005 0.00495000000000001 -0.008999999999999999
  endloop
endfacet
facet normal 0 0 -1
  outer loop
    vertex -0.01 0.009900000000000006 -0.008999999999999999
    vertex -0.005 0.01484999999999997 -0.008999999999999999
    vertex -0.005 0.00495000000000001 -0.008999999999999999
  endloop
endfacet
facet normal 0 0 -1
  outer loop
    vertex -0.01 0.009900000000000006 -0.008999999999999999
    vertex -0.01 0.01979999999999996 -0.008999999999999999
    vertex -0.005 0.01484999999999997 -0.008999999999999999
  endloop
endfacet
facet normal 0 0 -1
  outer loop
    vertex -0.005 0.00495000000000001 -0.008999999999999999
    vertex -0.005 0.01484999999999997 -0.008999999999999999
    vertex 0 0.009899999999999992 -0.008999999999999999
  endloop
endfacet
facet normal 0 -0 -1
  outer loop
    vertex 0.01 0.01979999999999996 -0.008999999999999999
    vertex 0.01 0.009900000000000006 -0.008999999999999999
    vertex 0.004999999999999999 0.01484999999999997 -0.008999999999999999
  endloop
endfacet
facet normal -0 0 -1
  outer loop
    vertex 0.01 0.009900000000000006 -0.008999999999999999
    vertex 0.004999999999999999 0.00495000000000001 -0.008999999999999999
    vertex 0.004999999999999999 0.01484999999999997 -0.008999999999999999
  endloop
endfacet
facet normal 0 -0 -1
  outer loop
    vertex 0.01 0.009900000000000006 -0.008999999999999999
    vertex 0.01 4.163336342344337e-17 -0.008999999999999999
    vertex 0.004999999999999999 0.00495000000000001 -0.008999999999999999
  endloop
endfacet
facet normal 0 -0 -1
  outer loop
    vertex 0.004999999999999999 0.01484999999999997 -0.008999999999999999
    vertex 0.004999999999999999 0.00495000000000001 -0.008999999999999999
    vertex 0 0.009899999999999992 -0.008999999999999999
  endloop
endfacet
facet normal 0 0 1
  outer loop
    vertex 0.01 -0.099 0.008999999999999999
    vertex 0.005000000000000001 -0.09405000000000001 0.008999999999999999
    vertex 0 -0.099 0.008999999999999999
  endloop
endfacet
facet normal 0 0 1
  outer loop
    vertex 0.005000000000000001 -0.09405000000000001 0.008999999999999999
    vertex -0.004999999999999999 -0.09405000000000001 0.008999999999999999
    vertex 0 -0.099 0.008999999999999999
  endloop
endfacet
facet normal 0 0 1
  outer loop
    vertex 0.005000000000000001 -0.09405000000000001 0.008999999999999999
    vertex 1.734723475976807e-18 -0.0891 0.008999999999999999
    vertex -0.004999999999999999 -0.09405000000000001 0.008999999999999999
  endloop
endfacet
facet normal 0 0 1
  outer loop
    vertex 0 -0.099 0.008999999999999999
    vertex -0.004999999999999999 -0.09405000000000001 0.008999999999999999
    vertex -0.01 -0.099 0.008999999999999999
  endloop
endfacet
facet normal -0 0 1
  outer loop
    vertex -0.01 0.099 0.008999999999999999
    vertex -0.004999999999999996 0.09404999999999997 0.008999999999999999
    vertex 0 0.099 0.008999999999999999
  endloop
endfacet
facet normal 0 0 1
  outer loop
    vertex -0.004999999999999996 0.09404999999999997 0.008999999999999999
    vertex 0.005000000000000004 0.09404999999999997 0.008999999999999999
    vertex 0 0.099 0.008999999999999999
  endloop
endfacet
facet normal -0 0 1
  outer loop
    vertex -0.004999999999999996 0.09404999999999997 0.008999999999999999
    vertex 8.673617379884035e-18 0.08909999999999993 0.008999999999999999
    vertex 0.005000000000000004 0.09404999999999997 0.008999999999999999
  endloop
endfacet
facet normal -0 0 1
  outer loop
    vertex 0 0.099 0.008999999999999999
    vertex 0.005000000000000004 0.09404999999999997 0.008999999999999999
    vertex 0.01 0.099 0.008999999999999999
  endloop
endfacet
facet normal 0 0 1
  outer loop
    vertex -0.01 0.05939999999999981 0.008999999999999999
    vertex -0.005 0.06434999999999982 0.008999999999999999
    vertex -0.01 0.06929999999999986 0.008999999999999999
  endloop
endfacet
facet normal 0 -0 1
  outer loop
    vertex -0.005 0.06434999999999982 0.008999999999999999
    vertex -0.005 0.0742499999999999 0.008999999999999999
    vertex -0.01 0.06929999999999986 0.008999999999999999
  endloop
endfacet
facet normal 0 0 1
  outer loop
    vertex -0.005 0.06434999999999982 0.008999999999999999
    vertex 0 0.06929999999999986 0.008999999999999999
    vertex -0.005 0.0742499999999999 0.008999999999999999
  endloop
endfacet
facet normal 0 0 1
  outer loop
    vertex -0.01 0.06929999999999986 0.008999999999999999
    vertex -0.005 0.0742499999999999 0.008999999999999999
    vertex -0.01 0.07919999999999991 0.008999999999999999
  endloop
endfacet
facet normal 0 0 1
  outer loop
    vertex 0.01 0.07919999999999991 0.008999999999999999
    vertex 0.004999999999999999 0.0742499999999999 0.008999999999999999
    vertex 0.01 0.06929999999999986 0.008999999999999999
  endloop
endfacet
facet normal 0 0 1
  outer loop
    vertex 0.004999999999999999 0.0742499999999999 0.008999999999999999
    vertex 0.004999999999999999 0.06434999999999982 0.008999999999999999
    vertex 0.01 0.06929999999999986 0.008999999999999999
  endloop
endfacet
facet normal 0 0 1
  outer loop
    vertex 0.004999999999999999 0.0742499999999999 0.008999999999999999
    vertex 0 0.06929999999999986 0.008999999999999999
    vertex 0.004999999999999999 0.06434999999999982 0.008999999999999999
  endloop
endfacet
facet normal 0 0 1
  outer loop
    vertex 0.01 0.06929999999999986 0.008999999999999999
    vertex 0.004999999999999999 0.06434999999999982 0.008999999999999999
    vertex 0.01 0.05939999999999981 0.008999999999999999
  endloop
endfacet
facet normal 0 -0 1
  outer loop
    vertex 0 0.02969999999999992 0.008999999999999999
    vertex 0 0.03959999999999989 0.008999999999999999
    vertex -0.005 0.03464999999999993 0.008999999999999999
  endloop
endfacet
facet normal 0 0 1
  outer loop
    vertex 0 0.03959999999999989 0.008999999999999999
    vertex -0.005 0.0445499999999999 0.008999999999999999
    vertex -0.005 0.03464999999999993 0.008999999999999999
  endloop
endfacet
facet normal 0 -0 1
  outer loop
    vertex 0 0.03959999999999989 0.008999999999999999
    vertex 0 0.04949999999999985 0.008999999999999999
    vertex -0.005 0.0445499999999999 0.008999999999999999
  endloop
endfacet
facet normal 0 -0 1
  outer loop
    vertex -0.005 0.03464999999999993 0.008999999999999999
    vertex -0.005 0.0445499999999999 0.008999999999999999
    vertex -0.01 0.03959999999999991 0.008999999999999999
  endloop
endfacet
facet normal -0 0 1
  outer loop
    vertex -0.01 0.05939999999999981 0.008999999999999999
    vertex -0.005 0.05444999999999983 0.008999999999999999
    vertex -0.005 0.06434999999999982 0.008999999999999999
  endloop
endfacet
facet normal 0 0 1
  outer loop
    vertex -0.005 0.05444999999999983 0.008999999999999999
    vertex 0 0.05939999999999987 0.008999999999999999
    vertex -0.005 0.06434999999999982 0.008999999999999999
  endloop
endfacet
facet normal -0 0 1
  outer loop
    vertex -0.005 0.05444999999999983 0.008999999999999999
    vertex 0 0.04949999999999985 0.008999999999999999
    vertex 0 0.05939999999999987 0.008999999999999999
  endloop
endfacet
facet normal -0 0 1
  outer loop
    vertex -0.005 0.06434999999999982 0.008999999999999999
    vertex 0 0.05939999999999987 0.008999999999999999
    vertex 0 0.06929999999999986 0.008999999999999999
  endloop
endfacet
facet normal 0 0 1
  outer loop
    vertex 0.01 0.03959999999999991 0.008999999999999999
    vertex 0.004999999999999999 0.0445499999999999 0.008999999999999999
    vertex 0.004999999999999999 0.03464999999999993 0.008999999999999999
  endloop
endfacet
facet normal 0 0 1
  outer loop
    vertex 0.004999999999999999 0.0445499999999999 0.008999999999999999
    vertex 0 0.03959999999999989 0.008999999999999999
    vertex 0.004999999999999999 0.03464999999999993 0.008999999999999999
  endloop
endfacet
facet normal 0 0 1
  outer loop
    vertex 0.004999999999999999 0.0445499999999999 0.008999999999999999
    vertex 0 0.04949999999999985 0.008999999999999999
    vertex 0 0.03959999999999989 0.008999999999999999
  endloop
endfacet
facet normal 0 0 1
  outer loop
    vertex 0.004999999999999999 0.03464999999999993 0.008999999999999999
    vertex 0 0.03959999999999989 0.008999999999999999
    vertex 0 0.02969999999999992 0.008999999999999999
  endloop
endfacet
facet normal 0 0 1
  outer loop
    vertex 0 0.06929999999999986 0.008999999999999999
    vertex 0 0.05939999999999987 0.008999999999999999
    vertex 0.004999999999999999 0.06434999999999982 0.008999999999999999
  endloop
endfacet
facet normal -0 0 1
  outer loop
    vertex 0 0.05939999999999987 0.008999999999999999
    vertex 0.004999999999999999 0.05444999999999983 0.008999999999999999
    vertex 0.004999999999999999 0.06434999999999982 0.008999999999999999
  endloop
endfacet
facet normal 0 0 1
  outer loop
    vertex 0 0.05939999999999987 0.008999999999999999
    vertex 0 0.04949999999999985 0.008999999999999999
    vertex 0.004999999999999999 0.05444999999999983 0.008999999999999999
  endloop
endfacet
facet normal 0 0 1
  outer loop
    vertex 0.004999999999999999 0.06434999999999982 0.008999999999999999
    vertex 0.004999999999999999 0.05444999999999983 0.008999999999999999
    vertex 0.01 0.05939999999999981 0.008999999999999999
  endloop
endfacet
facet normal 0 0 1
  outer loop
    vertex -0.01 -0.03959999999999994 0.008999999999999999
    vertex -0.005 -0.03464999999999993 0.008999999999999999
    vertex -0.01 -0.02969999999999992 0.008999999999999999
  endloop
endfacet
facet normal 0 -0 1
  outer loop
    vertex -0.005 -0.03464999999999993 0.008999999999999999
    vertex -0.005 -0.02474999999999991 0.008999999999999999
    vertex -0.01 -0.02969999999999992 0.008999999999999999
  endloop
endfacet
facet normal 0 0 1
  outer loop
    vertex -0.005 -0.03464999999999993 0.008999999999999999
    vertex 0 -0.02969999999999993 0.008999999999999999
    vertex -0.005 -0.02474999999999991 0.008999999999999999
  endloop
endfacet
facet normal 0 0 1
  outer loop
    vertex -0.01 -0.02969999999999992 0.008999999999999999
    vertex -0.005 -0.02474999999999991 0.008999999999999999
    vertex -0.01 -0.0197999999999999 0.008999999999999999
  endloop
endfacet
facet normal 0 0 1
  outer loop
    vertex -0.01 0.01979999999999996 0.008999999999999999
    vertex -0.005 0.02474999999999994 0.008999999999999999
    vertex -0.01 0.02969999999999992 0.008999999999999999
  endloop
endfacet
facet normal 0 -0 1
  outer loop
    vertex -0.005 0.02474999999999994 0.008999999999999999
    vertex -0.005 0.03464999999999993 0.008999999999999999
    vertex -0.01 0.02969999999999992 0.008999999999999999
  endloop
endfacet
facet normal 0 0 1
  outer loop
    vertex -0.005 0.02474999999999994 0.008999999999999999
    vertex 0 0.02969999999999992 0.008999999999999999
    vertex -0.005 0.03464999999999993 0.008999999999999999
  endloop
endfacet
facet normal 0 0 1
  outer loop
    vertex -0.01 0.02969999999999992 0.008999999999999999
    vertex -0.005 0.03464999999999993 0.008999999999999999
    vertex -0.01 0.03959999999999991 0.008999999999999999
  endloop
endfacet
facet normal 0 0 1
  outer loop
    vertex 0.01 -0.0197999999999999 0.008999999999999999
    vertex 0.004999999999999999 -0.02474999999999991 0.008999999999999999
    vertex 0.01 -0.02969999999999992 0.008999999999999999
  endloop
endfacet
facet normal 0 0 1
  outer loop
    vertex 0.004999999999999999 -0.02474999999999991 0.008999999999999999
    vertex 0.004999999999999999 -0.03464999999999993 0.008999999999999999
    vertex 0.01 -0.02969999999999992 0.008999999999999999
  endloop
endfacet
facet normal 0 0 1
  outer loop
    vertex 0.004999999999999999 -0.02474999999999991 0.008999999999999999
    vertex 0 -0.02969999999999993 0.008999999999999999
    vertex 0.004999999999999999 -0.03464999999999993 0.008999999999999999
  endloop
endfacet
facet normal 0 0 1
  outer loop
    vertex 0.01 -0.02969999999999992 0.008999999999999999
    vertex 0.004999999999999999 -0.03464999999999993 0.008999999999999999
    vertex 0.01 -0.03959999999999994 0.008999999999999999
  endloop
endfacet
facet normal 0 0 1
  outer loop
    vertex 0.01 0.03959999999999991 0.008999999999999999
    vertex 0.004999999999999999 0.03464999999999993 0.008999999999999999
    vertex 0.01 0.02969999999999992 0.008999999999999999
  endloop
endfacet
facet normal 0 0 1
  outer loop
    vertex 0.004999999999999999 0.03464999999999993 0.008999999999999999
    vertex 0.004999999999999999 0.02474999999999994 0.008999999999999999
    vertex 0.01 0.02969999999999992 0.008999999999999999
  endloop
endfacet
facet normal 0 0 1
  outer loop
    vertex 0.004999999999999999 0.03464999999999993 0.008999999999999999
    vertex 0 0.02969999999999992 0.008999999999999999
    vertex 0.004999999999999999 0.02474999999999994 0.008999999999999999
  endloop
endfacet
facet normal 0 0 1
  outer loop
    vertex 0.01 0.02969999999999992 0.008999999999999999
    vertex 0.004999999999999999 0.02474999999999994 0.008999999999999999
    vertex 0.01 0.01979999999999996 0.008999999999999999
  endloop
endfacet
facet normal -0 0 1
  outer loop
    vertex -0.01 -0.0197999999999999 0.008999999999999999
    vertex -0.005 -0.02474999999999991 0.008999999999999999
    vertex -0.005 -0.01484999999999992 0.008999999999999999
  endloop
endfacet
facet normal 0 0 1
  outer loop
    vertex -0.005 -0.02474999999999991 0.008999999999999999
    vertex 0 -0.01979999999999993 0.008999999999999999
    vertex -0.005 -0.01484999999999992 0.008999999999999999
  endloop
endfacet
facet normal -0 0 1
  outer loop
    vertex -0.005 -0.02474999999999991 0.008999999999999999
    vertex 0 -0.02969999999999993 0.008999999999999999
    vertex 0 -0.01979999999999993 0.008999999999999999
  endloop
endfacet
facet normal -0 0 1
  outer loop
    vertex -0.005 -0.01484999999999992 0.008999999999999999
    vertex 0 -0.01979999999999993 0.008999999999999999
    vertex 0 -0.009899999999999937 0.008999999999999999
  endloop
endfacet
facet normal 0 0 1
  outer loop
    vertex 0 -0.009899999999999937 0.008999999999999999
    vertex 0 -0.01979999999999993 0.008999999999999999
    vertex 0.004999999999999999 -0.01484999999999992 0.008999999999999999
  endloop
endfacet
facet normal -0 0 1
  outer loop
    vertex 0 -0.01979999999999993 0.008999999999999999
    vertex 0.004999999999999999 -0.02474999999999991 0.008999999999999999
    vertex 0.004999999999999999 -0.01484999999999992 0.008999999999999999
  endloop
endfacet
facet normal 0 0 1
  outer loop
    vertex 0 -0.01979999999999993 0.008999999999999999
    vertex 0 -0.02969999999999993 0.008999999999999999
    vertex 0.004999999999999999 -0.02474999999999991 0.008999999999999999
  endloop
endfacet
facet normal 0 0 1
  outer loop
    vertex 0.004999999999999999 -0.01484999999999992 0.008999999999999999
    vertex 0.004999999999999999 -0.02474999999999991 0.008999999999999999
    vertex 0.01 -0.0197999999999999 0.008999999999999999
  endloop
endfacet
facet normal 0 0 1
  outer loop
    vertex 0.01 4.163336342344337e-17 0.008999999999999999
    vertex 0.004999999999999999 0.004950000000000024 0.008999999999999999
    vertex 0.004999999999999999 -0.004949999999999954 0.008999999999999999
  endloop
endfacet
facet normal 0 0 1
  outer loop
    vertex 0.004999999999999999 0.004950000000000024 0.008999999999999999
    vertex -1.734723475976807e-18 2.775557561562891e-17 0.008999999999999999
    vertex 0.004999999999999999 -0.004949999999999954 0.008999999999999999
  endloop
endfacet
facet normal 0 0 1
  outer loop
    vertex 0.004999999999999999 0.004950000000000024 0.008999999999999999
    vertex -1.734723475976807e-18 0.009900000000000006 0.008999999999999999
    vertex -1.734723475976807e-18 2.775557561562891e-17 0.008999999999999999
  endloop
endfacet
facet normal 0 0 1
  outer loop
    vertex 0.004999999999999999 -0.004949999999999954 0.008999999999999999
    vertex -1.734723475976807e-18 2.775557561562891e-17 0.008999999999999999
    vertex 0 -0.009899999999999937 0.008999999999999999
  endloop
endfacet
facet normal 0 0 1
  outer loop
    vertex 0 -0.009899999999999937 0.008999999999999999
    vertex -1.734723475976807e-18 2.775557561562891e-17 0.008999999999999999
    vertex -0.005 -0.004949999999999954 0.008999999999999999
  endloop
endfacet
facet normal 0 0 1
  outer loop
    vertex -1.734723475976807e-18 2.775557561562891e-17 0.008999999999999999
    vertex -0.005000000000000001 0.004950000000000024 0.008999999999999999
    vertex -0.005 -0.004949999999999954 0.008999999999999999
  endloop
endfacet
facet normal 0 -0 1
  outer loop
    vertex -1.734723475976807e-18 2.775557561562891e-17 0.008999999999999999
    vertex -1.734723475976807e-18 0.009900000000000006 0.008999999999999999
    vertex -0.005000000000000001 0.004950000000000024 0.008999999999999999
  endloop
endfacet
facet normal 0 0 1
  outer loop
    vertex -0.005 -0.004949999999999954 0.008999999999999999
    vertex -0.005000000000000001 0.004950000000000024 0.008999999999999999
    vertex -0.01 4.163336342344337e-17 0.008999999999999999
  endloop
endfacet
facet normal 0 0 1
  outer loop
    vertex 0 -0.02969999999999993 0.008999999999999999
    vertex 1.734723475976807e-18 -0.03959999999999995 0.008999999999999999
    vertex 0.004999999999999999 -0.03464999999999993 0.008999999999999999
  endloop
endfacet
facet normal -0 0 1
  outer loop
    vertex 1.734723475976807e-18 -0.03959999999999995 0.008999999999999999
    vertex 0.005000000000000003 -0.04454999999999995 0.008999999999999999
    vertex 0.004999999999999999 -0.03464999999999993 0.008999999999999999
  endloop
endfacet
facet normal 0 0 1
  outer loop
    vertex 1.734723475976807e-18 -0.03959999999999995 0.008999999999999999
    vertex 3.469446951953614e-18 -0.04949999999999996 0.008999999999999999
    vertex 0.005000000000000003 -0.04454999999999995 0.008999999999999999
  endloop
endfacet
facet normal 0 0 1
  outer loop
    vertex 0.004999999999999999 -0.03464999999999993 0.008999999999999999
    vertex 0.005000000000000003 -0.04454999999999995 0.008999999999999999
    vertex 0.01 -0.03959999999999994 0.008999999999999999
  endloop
endfacet
facet normal 0 0 1
  outer loop
    vertex 0.01 4.163336342344337e-17 0.008999999999999999
    vertex 0.004999999999999999 -0.004949999999999954 0.008999999999999999
    vertex 0.01 -0.009899999999999937 0.008999999999999999
  endloop
endfacet
facet normal 0 0 1
  outer loop
    vertex 0.004999999999999999 -0.004949999999999954 0.008999999999999999
    vertex 0.004999999999999999 -0.01484999999999992 0.008999999999999999
    vertex 0.01 -0.009899999999999937 0.008999999999999999
  endloop
endfacet
facet normal 0 0 1
  outer loop
    vertex 0.004999999999999999 -0.004949999999999954 0.008999999999999999
    vertex 0 -0.009899999999999937 0.008999999999999999
    vertex 0.004999999999999999 -0.01484999999999992 0.008999999999999999
  endloop
endfacet
facet normal 0 0 1
  outer loop
    vertex 0.01 -0.009899999999999937 0.008999999999999999
    vertex 0.004999999999999999 -0.01484999999999992 0.008999999999999999
    vertex 0.01 -0.0197999999999999 0.008999999999999999
  endloop
endfacet
facet normal 0 0 1
  outer loop
    vertex -0.01 -0.05939999999999998 0.008999999999999999
    vertex -0.004999999999999998 -0.05444999999999997 0.008999999999999999
    vertex -0.01 -0.04949999999999996 0.008999999999999999
  endloop
endfacet
facet normal 0 -0 1
  outer loop
    vertex -0.004999999999999998 -0.05444999999999997 0.008999999999999999
    vertex -0.004999999999999998 -0.04454999999999995 0.008999999999999999
    vertex -0.01 -0.04949999999999996 0.008999999999999999
  endloop
endfacet
facet normal 0 0 1
  outer loop
    vertex -0.004999999999999998 -0.05444999999999997 0.008999999999999999
    vertex 3.469446951953614e-18 -0.04949999999999996 0.008999999999999999
    vertex -0.004999999999999998 -0.04454999999999995 0.008999999999999999
  endloop
endfacet
facet normal 0 0 1
  outer loop
    vertex -0.01 -0.04949999999999996 0.008999999999999999
    vertex -0.004999999999999998 -0.04454999999999995 0.008999999999999999
    vertex -0.01 -0.03959999999999994 0.008999999999999999
  endloop
endfacet
facet normal -0 0 1
  outer loop
    vertex -0.01 -0.03959999999999994 0.008999999999999999
    vertex -0.004999999999999998 -0.04454999999999995 0.008999999999999999
    vertex -0.005 -0.03464999999999993 0.008999999999999999
  endloop
endfacet
facet normal 0 -0 1
  outer loop
    vertex -0.004999999999999998 -0.04454999999999995 0.008999999999999999
    vertex 1.734723475976807e-18 -0.03959999999999995 0.008999999999999999
    vertex -0.005 -0.03464999999999993 0.008999999999999999
  endloop
endfacet
facet normal -0 0 1
  outer loop
    vertex -0.004999999999999998 -0.04454999999999995 0.008999999999999999
    vertex 3.469446951953614e-18 -0.04949999999999996 0.008999999999999999
    vertex 1.734723475976807e-18 -0.03959999999999995 0.008999999999999999
  endloop
endfacet
facet normal -0 0 1
  outer loop
    vertex -0.005 -0.03464999999999993 0.008999999999999999
    vertex 1.734723475976807e-18 -0.03959999999999995 0.008999999999999999
    vertex 0 -0.02969999999999993 0.008999999999999999
  endloop
endfacet
facet normal 0 0 1
  outer loop
    vertex -0.01 -0.0197999999999999 0.008999999999999999
    vertex -0.005 -0.01484999999999992 0.008999999999999999
    vertex -0.01 -0.009899999999999937 0.008999999999999999
  endloop
endfacet
facet normal 0 -0 1
  outer loop
    vertex -0.005 -0.01484999999999992 0.008999999999999999
    vertex -0.005 -0.004949999999999954 0.008999999999999999
    vertex -0.01 -0.009899999999999937 0.008999999999999999
  endloop
endfacet
facet normal 0 0 1
  outer loop
    vertex -0.005 -0.01484999999999992 0.008999999999999999
    vertex 0 -0.009899999999999937 0.008999999999999999
    vertex -0.005 -0.004949999999999954 0.008999999999999999
  endloop
endfacet
facet normal 0 0 1
  outer loop
    vertex -0.01 -0.009899999999999937 0.008999999999999999
    vertex -0.005 -0.004949999999999954 0.008999999999999999
    vertex -0.01 4.163336342344337e-17 0.008999999999999999
  endloop
endfacet
facet normal -0 0 1
  outer loop
    vertex -0.01 -0.05939999999999998 0.008999999999999999
    vertex -0.004999999999999999 -0.06434999999999999 0.008999999999999999
    vertex -0.004999999999999998 -0.05444999999999997 0.008999999999999999
  endloop
endfacet
facet normal 0 0 1
  outer loop
    vertex -0.004999999999999999 -0.06434999999999999 0.008999999999999999
    vertex 1.734723475976807e-18 -0.05939999999999997 0.008999999999999999
    vertex -0.004999999999999998 -0.05444999999999997 0.008999999999999999
  endloop
endfacet
facet normal -0 0 1
  outer loop
    vertex -0.004999999999999999 -0.06434999999999999 0.008999999999999999
    vertex 1.734723475976807e-18 -0.06929999999999999 0.008999999999999999
    vertex 1.734723475976807e-18 -0.05939999999999997 0.008999999999999999
  endloop
endfacet
facet normal -0 0 1
  outer loop
    vertex -0.004999999999999998 -0.05444999999999997 0.008999999999999999
    vertex 1.734723475976807e-18 -0.05939999999999997 0.008999999999999999
    vertex 3.469446951953614e-18 -0.04949999999999996 0.008999999999999999
  endloop
endfacet
facet normal 0 0 1
  outer loop
    vertex 0.01 -0.03959999999999994 0.008999999999999999
    vertex 0.005000000000000003 -0.04454999999999995 0.008999999999999999
    vertex 0.01 -0.04949999999999996 0.008999999999999999
  endloop
endfacet
facet normal 0 0 1
  outer loop
    vertex 0.005000000000000003 -0.04454999999999995 0.008999999999999999
    vertex 0.005000000000000003 -0.05444999999999997 0.008999999999999999
    vertex 0.01 -0.04949999999999996 0.008999999999999999
  endloop
endfacet
facet normal 0 0 1
  outer loop
    vertex 0.005000000000000003 -0.04454999999999995 0.008999999999999999
    vertex 3.469446951953614e-18 -0.04949999999999996 0.008999999999999999
    vertex 0.005000000000000003 -0.05444999999999997 0.008999999999999999
  endloop
endfacet
facet normal 0 0 1
  outer loop
    vertex 0.01 -0.04949999999999996 0.008999999999999999
    vertex 0.005000000000000003 -0.05444999999999997 0.008999999999999999
    vertex 0.01 -0.05939999999999998 0.008999999999999999
  endloop
endfacet
facet normal 0 0 1
  outer loop
    vertex 3.469446951953614e-18 -0.04949999999999996 0.008999999999999999
    vertex 1.734723475976807e-18 -0.05939999999999997 0.008999999999999999
    vertex 0.005000000000000003 -0.05444999999999997 0.008999999999999999
  endloop
endfacet
facet normal -0 0 1
  outer loop
    vertex 1.734723475976807e-18 -0.05939999999999997 0.008999999999999999
    vertex 0.005000000000000001 -0.06434999999999999 0.008999999999999999
    vertex 0.005000000000000003 -0.05444999999999997 0.008999999999999999
  endloop
endfacet
facet normal 0 0 1
  outer loop
    vertex 1.734723475976807e-18 -0.05939999999999997 0.008999999999999999
    vertex 1.734723475976807e-18 -0.06929999999999999 0.008999999999999999
    vertex 0.005000000000000001 -0.06434999999999999 0.008999999999999999
  endloop
endfacet
facet normal 0 0 1
  outer loop
    vertex 0.005000000000000003 -0.05444999999999997 0.008999999999999999
    vertex 0.005000000000000001 -0.06434999999999999 0.008999999999999999
    vertex 0.01 -0.05939999999999998 0.008999999999999999
  endloop
endfacet
facet normal 0 0 1
  outer loop
    vertex 0 0.02969999999999992 0.008999999999999999
    vertex -1.734723475976807e-18 0.01979999999999996 0.008999999999999999
    vertex 0.004999999999999999 0.02474999999999994 0.008999999999999999
  endloop
endfacet
facet normal -0 0 1
  outer loop
    vertex -1.734723475976807e-18 0.01979999999999996 0.008999999999999999
    vertex 0.004999999999999999 0.01484999999999997 0.008999999999999999
    vertex 0.004999999999999999 0.02474999999999994 0.008999999999999999
  endloop
endfacet
facet normal 0 0 1
  outer loop
    vertex -1.734723475976807e-18 0.01979999999999996 0.008999999999999999
    vertex -1.734723475976807e-18 0.009900000000000006 0.008999999999999999
    vertex 0.004999999999999999 0.01484999999999997 0.008999999999999999
  endloop
endfacet
facet normal 0 0 1
  outer loop
    vertex 0.004999999999999999 0.02474999999999994 0.008999999999999999
    vertex 0.004999999999999999 0.01484999999999997 0.008999999999999999
    vertex 0.01 0.01979999999999996 0.008999999999999999
  endloop
endfacet
facet normal 0 -0 1
  outer loop
    vertex 0 0.06929999999999986 0.008999999999999999
    vertex 5.204170427930421e-18 0.07919999999999991 0.008999999999999999
    vertex -0.005 0.0742499999999999 0.008999999999999999
  endloop
endfacet
facet normal 0 0 1
  outer loop
    vertex 5.204170427930421e-18 0.07919999999999991 0.008999999999999999
    vertex -0.004999999999999996 0.08414999999999992 0.008999999999999999
    vertex -0.005 0.0742499999999999 0.008999999999999999
  endloop
endfacet
facet normal 0 -0 1
  outer loop
    vertex 5.204170427930421e-18 0.07919999999999991 0.008999999999999999
    vertex 8.673617379884035e-18 0.08909999999999993 0.008999999999999999
    vertex -0.004999999999999996 0.08414999999999992 0.008999999999999999
  endloop
endfacet
facet normal 0 -0 1
  outer loop
    vertex -0.005 0.0742499999999999 0.008999999999999999
    vertex -0.004999999999999996 0.08414999999999992 0.008999999999999999
    vertex -0.01 0.07919999999999991 0.008999999999999999
  endloop
endfacet
facet normal 0 0 1
  outer loop
    vertex 0.01 0.07919999999999991 0.008999999999999999
    vertex 0.005000000000000004 0.08414999999999992 0.008999999999999999
    vertex 0.004999999999999999 0.0742499999999999 0.008999999999999999
  endloop
endfacet
facet normal 0 0 1
  outer loop
    vertex 0.005000000000000004 0.08414999999999992 0.008999999999999999
    vertex 5.204170427930421e-18 0.07919999999999991 0.008999999999999999
    vertex 0.004999999999999999 0.0742499999999999 0.008999999999999999
  endloop
endfacet
facet normal 0 0 1
  outer loop
    vertex 0.005000000000000004 0.08414999999999992 0.008999999999999999
    vertex 8.673617379884035e-18 0.08909999999999993 0.008999999999999999
    vertex 5.204170427930421e-18 0.07919999999999991 0.008999999999999999
  endloop
endfacet
facet normal 0 0 1
  outer loop
    vertex 0.004999999999999999 0.0742499999999999 0.008999999999999999
    vertex 5.204170427930421e-18 0.07919999999999991 0.008999999999999999
    vertex 0 0.06929999999999986 0.008999999999999999
  endloop
endfacet
facet normal 0 0 1
  outer loop
    vertex -0.01 -0.099 0.008999999999999999
    vertex -0.004999999999999999 -0.09405000000000001 0.008999999999999999
    vertex -0.01 -0.0891 0.008999999999999999
  endloop
endfacet
facet normal 0 -0 1
  outer loop
    vertex -0.004999999999999999 -0.09405000000000001 0.008999999999999999
    vertex -0.004999999999999999 -0.08415 0.008999999999999999
    vertex -0.01 -0.0891 0.008999999999999999
  endloop
endfacet
facet normal 0 0 1
  outer loop
    vertex -0.004999999999999999 -0.09405000000000001 0.008999999999999999
    vertex 1.734723475976807e-18 -0.0891 0.008999999999999999
    vertex -0.004999999999999999 -0.08415 0.008999999999999999
  endloop
endfacet
facet normal 0 0 1
  outer loop
    vertex -0.01 -0.0891 0.008999999999999999
    vertex -0.004999999999999999 -0.08415 0.008999999999999999
    vertex -0.01 -0.07919999999999999 0.008999999999999999
  endloop
endfacet
facet normal 0 0 1
  outer loop
    vertex 0.01 -0.07919999999999999 0.008999999999999999
    vertex 0.005000000000000001 -0.08415 0.008999999999999999
    vertex 0.01 -0.0891 0.008999999999999999
  endloop
endfacet
facet normal 0 0 1
  outer loop
    vertex 0.005000000000000001 -0.08415 0.008999999999999999
    vertex 0.005000000000000001 -0.09405000000000001 0.008999999999999999
    vertex 0.01 -0.0891 0.008999999999999999
  endloop
endfacet
facet normal 0 0 1
  outer loop
    vertex 0.005000000000000001 -0.08415 0.008999999999999999
    vertex 1.734723475976807e-18 -0.0891 0.008999999999999999
    vertex 0.005000000000000001 -0.09405000000000001 0.008999999999999999
  endloop
endfacet
facet normal 0 0 1
  outer loop
    vertex 0.01 -0.0891 0.008999999999999999
    vertex 0.005000000000000001 -0.09405000000000001 0.008999999999999999
    vertex 0.01 -0.099 0.008999999999999999
  endloop
endfacet
facet normal 0 0 1
  outer loop
    vertex -0.01 -0.07919999999999999 0.008999999999999999
    vertex -0.004999999999999999 -0.07424999999999998 0.008999999999999999
    vertex -0.01 -0.06929999999999999 0.008999999999999999
  endloop
endfacet
facet normal 0 -0 1
  outer loop
    vertex -0.004999999999999999 -0.07424999999999998 0.008999999999999999
    vertex -0.004999999999999999 -0.06434999999999999 0.008999999999999999
    vertex -0.01 -0.06929999999999999 0.008999999999999999
  endloop
endfacet
facet normal 0 0 1
  outer loop
    vertex -0.004999999999999999 -0.07424999999999998 0.008999999999999999
    vertex 1.734723475976807e-18 -0.06929999999999999 0.008999999999999999
    vertex -0.004999999999999999 -0.06434999999999999 0.008999999999999999
  endloop
endfacet
facet normal 0 0 1
  outer loop
    vertex -0.01 -0.06929999999999999 0.008999999999999999
    vertex -0.004999999999999999 -0.06434999999999999 0.008999999999999999
    vertex -0.01 -0.05939999999999998 0.008999999999999999
  endloop
endfacet
facet normal 0 -0 1
  outer loop
    vertex 1.734723475976807e-18 -0.0891 0.008999999999999999
    vertex 1.734723475976807e-18 -0.07919999999999999 0.008999999999999999
    vertex -0.004999999999999999 -0.08415 0.008999999999999999
  endloop
endfacet
facet normal 0 0 1
  outer loop
    vertex 1.734723475976807e-18 -0.07919999999999999 0.008999999999999999
    vertex -0.004999999999999999 -0.07424999999999998 0.008999999999999999
    vertex -0.004999999999999999 -0.08415 0.008999999999999999
  endloop
endfacet
facet normal 0 -0 1
  outer loop
    vertex 1.734723475976807e-18 -0.07919999999999999 0.008999999999999999
    vertex 1.734723475976807e-18 -0.06929999999999999 0.008999999999999999
    vertex -0.004999999999999999 -0.07424999999999998 0.008999999999999999
  endloop
endfacet
facet normal 0 -0 1
  outer loop
    vertex -0.004999999999999999 -0.08415 0.008999999999999999
    vertex -0.004999999999999999 -0.07424999999999998 0.008999999999999999
    vertex -0.01 -0.07919999999999999 0.008999999999999999
  endloop
endfacet
facet normal -0 0 1
  outer loop
    vertex -0.01 0.01979999999999996 0.008999999999999999
    vertex -0.005000000000000001 0.01484999999999997 0.008999999999999999
    vertex -0.005 0.02474999999999994 0.008999999999999999
  endloop
endfacet
facet normal 0 0 1
  outer loop
    vertex -0.005000000000000001 0.01484999999999997 0.008999999999999999
    vertex -1.734723475976807e-18 0.01979999999999996 0.008999999999999999
    vertex -0.005 0.02474999999999994 0.008999999999999999
  endloop
endfacet
facet normal -0 0 1
  outer loop
    vertex -0.005000000000000001 0.01484999999999997 0.008999999999999999
    vertex -1.734723475976807e-18 0.009900000000000006 0.008999999999999999
    vertex -1.734723475976807e-18 0.01979999999999996 0.008999999999999999
  endloop
endfacet
facet normal -0 0 1
  outer loop
    vertex -0.005 0.02474999999999994 0.008999999999999999
    vertex -1.734723475976807e-18 0.01979999999999996 0.008999999999999999
    vertex 0 0.02969999999999992 0.008999999999999999
  endloop
endfacet
facet normal 0 0 1
  outer loop
    vertex -0.01 0.03959999999999991 0.008999999999999999
    vertex -0.005 0.0445499999999999 0.008999999999999999
    vertex -0.01 0.04949999999999988 0.008999999999999999
  endloop
endfacet
facet normal 0 -0 1
  outer loop
    vertex -0.005 0.0445499999999999 0.008999999999999999
    vertex -0.005 0.05444999999999983 0.008999999999999999
    vertex -0.01 0.04949999999999988 0.008999999999999999
  endloop
endfacet
facet normal 0 0 1
  outer loop
    vertex -0.005 0.0445499999999999 0.008999999999999999
    vertex 0 0.04949999999999985 0.008999999999999999
    vertex -0.005 0.05444999999999983 0.008999999999999999
  endloop
endfacet
facet normal 0 0 1
  outer loop
    vertex -0.01 0.04949999999999988 0.008999999999999999
    vertex -0.005 0.05444999999999983 0.008999999999999999
    vertex -0.01 0.05939999999999981 0.008999999999999999
  endloop
endfacet
facet normal 0 0 1
  outer loop
    vertex 0.01 -0.05939999999999998 0.008999999999999999
    vertex 0.005000000000000001 -0.06434999999999999 0.008999999999999999
    vertex 0.01 -0.06929999999999999 0.008999999999999999
  endloop
endfacet
facet normal 0 0 1
  outer loop
    vertex 0.005000000000000001 -0.06434999999999999 0.008999999999999999
    vertex 0.005000000000000001 -0.07424999999999998 0.008999999999999999
    vertex 0.01 -0.06929999999999999 0.008999999999999999
  endloop
endfacet
facet normal 0 0 1
  outer loop
    vertex 0.005000000000000001 -0.06434999999999999 0.008999999999999999
    vertex 1.734723475976807e-18 -0.06929999999999999 0.008999999999999999
    vertex 0.005000000000000001 -0.07424999999999998 0.008999999999999999
  endloop
endfacet
facet normal 0 0 1
  outer loop
    vertex 0.01 -0.06929999999999999 0.008999999999999999
    vertex 0.005000000000000001 -0.07424999999999998 0.008999999999999999
    vertex 0.01 -0.07919999999999999 0.008999999999999999
  endloop
endfacet
facet normal 0 0 1
  outer loop
    vertex 0.01 -0.07919999999999999 0.008999999999999999
    vertex 0.005000000000000001 -0.07424999999999998 0.008999999999999999
    vertex 0.005000000000000001 -0.08415 0.008999999999999999
  endloop
endfacet
facet normal 0 0 1
  outer loop
    vertex 0.005000000000000001 -0.07424999999999998 0.008999999999999999
    vertex 1.734723475976807e-18 -0.07919999999999999 0.008999999999999999
    vertex 0.005000000000000001 -0.08415 0.008999999999999999
  endloop
endfacet
facet normal 0 0 1
  outer loop
    vertex 0.005000000000000001 -0.07424999999999998 0.008999999999999999
    vertex 1.734723475976807e-18 -0.06929999999999999 0.008999999999999999
    vertex 1.734723475976807e-18 -0.07919999999999999 0.008999999999999999
  endloop
endfacet
facet normal 0 0 1
  outer loop
    vertex 0.005000000000000001 -0.08415 0.008999999999999999
    vertex 1.734723475976807e-18 -0.07919999999999999 0.008999999999999999
    vertex 1.734723475976807e-18 -0.0891 0.008999999999999999
  endloop
endfacet
facet normal 0 0 1
  outer loop
    vertex 0.01 0.01979999999999996 0.008999999999999999
    vertex 0.004999999999999999 0.01484999999999997 0.008999999999999999
    vertex 0.01 0.009900000000000006 0.008999999999999999
  endloop
endfacet
facet normal 0 0 1
  outer loop
    vertex 0.004999999999999999 0.01484999999999997 0.008999999999999999
    vertex 0.004999999999999999 0.004950000000000024 0.008999999999999999
    vertex 0.01 0.009900000000000006 0.008999999999999999
  endloop
endfacet
facet normal 0 0 1
  outer loop
    vertex 0.004999999999999999 0.01484999999999997 0.008999999999999999
    vertex -1.734723475976807e-18 0.009900000000000006 0.008999999999999999
    vertex 0.004999999999999999 0.004950000000000024 0.008999999999999999
  endloop
endfacet
facet normal 0 0 1
  outer loop
    vertex 0.01 0.009900000000000006 0.008999999999999999
    vertex 0.004999999999999999 0.004950000000000024 0.008999999999999999
    vertex 0.01 4.163336342344337e-17 0.008999999999999999
  endloop
endfacet
facet normal 0 0 1
  outer loop
    vertex 0.01 0.05939999999999981 0.008999999999999999
    vertex 0.004999999999999999 0.05444999999999983 0.008999999999999999
    vertex 0.01 0.04949999999999988 0.008999999999999999
  endloop
endfacet
facet normal 0 0 1
  outer loop
    vertex 0.004999999999999999 0.05444999999999983 0.008999999999999999
    vertex 0.004999999999999999 0.0445499999999999 0.008999999999999999
    vertex 0.01 0.04949999999999988 0.008999999999999999
  endloop
endfacet
facet normal 0 0 1
  outer loop
    vertex 0.004999999999999999 0.05444999999999983 0.008999999999999999
    vertex 0 0.04949999999999985 0.008999999999999999
    vertex 0.004999999999999999 0.0445499999999999 0.008999999999999999
  endloop
endfacet
facet normal 0 0 1
  outer loop
    vertex 0.01 0.04949999999999988 0.008999999999999999
    vertex 0.004999999999999999 0.0445499999999999 0.008999999999999999
    vertex 0.01 0.03959999999999991 0.008999999999999999
  endloop
endfacet
facet normal 0 0 1
  outer loop
    vertex -0.01 0.07919999999999991 0.008999999999999999
    vertex -0.004999999999999996 0.08414999999999992 0.008999999999999999
    vertex -0.01 0.08909999999999996 0.008999999999999999
  endloop
endfacet
facet normal 0 -0 1
  outer loop
    vertex -0.004999999999999996 0.08414999999999992 0.008999999999999999
    vertex -0.004999999999999996 0.09404999999999997 0.008999999999999999
    vertex -0.01 0.08909999999999996 0.008999999999999999
  endloop
endfacet
facet normal 0 0 1
  outer loop
    vertex -0.004999999999999996 0.08414999999999992 0.008999999999999999
    vertex 8.673617379884035e-18 0.08909999999999993 0.008999999999999999
    vertex -0.004999999999999996 0.09404999999999997 0.008999999999999999
  endloop
endfacet
facet normal 0 0 1
  outer loop
    vertex -0.01 0.08909999999999996 0.008999999999999999
    vertex -0.004999999999999996 0.09404999999999997 0.008999999999999999
    vertex -0.01 0.099 0.008999999999999999
  endloop
endfacet
facet normal 0 0 1
  outer loop
    vertex 0.01 0.099 0.008999999999999999
    vertex 0.005000000000000004 0.09404999999999997 0.008999999999999999
    vertex 0.01 0.08909999999999996 0.008999999999999999
  endloop
endfacet
facet normal 0 0 1
  outer loop
    vertex 0.005000000000000004 0.09404999999999997 0.008999999999999999
    vertex 0.005000000000000004 0.08414999999999992 0.008999999999999999
    vertex 0.01 0.08909999999999996 0.008999999999999999
  endloop
endfacet
facet normal 0 0 1
  outer loop
    vertex 0.005000000000000004 0.09404999999999997 0.008999999999999999
    vertex 8.673617379884035e-18 0.08909999999999993 0.008999999999999999
    vertex 0.005000000000000004 0.08414999999999992 0.008999999999999999
  endloop
endfacet
facet normal 0 0 1
  outer loop
    vertex 0.01 0.08909999999999996 0.008999999999999999
    vertex 0.005000000000000004 0.08414999999999992 0.008999999999999999
    vertex 0.01 0.07919999999999991 0.008999999999999999
  endloop
endfacet
facet normal 0 0 1
  outer loop
    vertex -0.01 4.163336342344337e-17 0.008999999999999999
    vertex -0.005000000000000001 0.004950000000000024 0.008999999999999999
    vertex -0.01 0.009900000000000006 0.008999999999999999
  endloop
endfacet
facet normal 0 -0 1
  outer loop
    vertex -0.005000000000000001 0.004950000000000024 0.008999999999999999
    vertex -0.005000000000000001 0.01484999999999997 0.008999999999999999
    vertex -0.01 0.009900000000000006 0.008999999999999999
  endloop
endfacet
facet normal 0 0 1
  outer loop
    vertex -0.005000000000000001 0.004950000000000024 0.008999999999999999
    vertex -1.734723475976807e-18 0.009900000000000006 0.008999999999999999
    vertex -0.005000000000000001 0.01484999999999997 0.008999999999999999
  endloop
endfacet
facet normal 0 0 1
  outer loop
    vertex -0.01 0.009900000000000006 0.008999999999999999
    vertex -0.005000000000000001 0.01484999999999997 0.008999999999999999
    vertex -0.01 0.01979999999999996 0.008999999999999999
  endloop
endfacet
endsolid Created by Gmsh
