solid Created by Gmsh
facet normal -1 0 0
  outer loop
    vertex -0.5 0.3073102604629764 0.3341888183489098
    vertex -0.5 0.3600250303457721 0.3381218854414052
    vertex -0.5 0.3242308994441092 0.2862434398834646
  endloop
endfacet
facet normal -1 0 -0
  outer loop
    vertex -0.5 0.3600250303457721 0.3381218854414052
    vertex -0.5 0.3769456693269049 0.29017650697596
    vertex -0.5 0.3242308994441092 0.2862434398834646
  endloop
endfacet
facet normal -1 0 0
  outer loop
    vertex -0.5 0.3600250303457721 0.3381218854414052
    vertex -0.5 0.4127398002285678 0.3420549525339006
    vertex -0.5 0.3769456693269049 0.29017650697596
  endloop
endfacet
facet normal -1 0 0
  outer loop
    vertex -0.5 0.3242308994441092 0.2862434398834646
    vertex -0.5 0.3769456693269049 0.29017650697596
    vertex -0.5 0.341151538425242 0.2382980614180195
  endloop
endfacet
facet normal -1 0 -0
  outer loop
    vertex -0.5 0.4127398002285678 0.3420549525339006
    vertex -0.5 0.4229927677115691 0.2940144801806969
    vertex -0.5 0.3769456693269049 0.29017650697596
  endloop
endfacet
facet normal -1 0 0
  outer loop
    vertex -0.5 0.4229927677115691 0.2940144801806969
    vertex -0.5 0.3871986368099063 0.2421360346227563
    vertex -0.5 0.3769456693269049 0.29017650697596
  endloop
endfacet
facet normal -1 0 -0
  outer loop
    vertex -0.5 0.4229927677115691 0.2940144801806969
    vertex -0.5 0.4332457351945705 0.2459740078274931
    vertex -0.5 0.3871986368099063 0.2421360346227563
  endloop
endfacet
facet normal -1 0 -0
  outer loop
    vertex -0.5 0.3769456693269049 0.29017650697596
    vertex -0.5 0.3871986368099063 0.2421360346227563
    vertex -0.5 0.341151538425242 0.2382980614180195
  endloop
endfacet
facet normal -1 0 0
  outer loop
    vertex -0.5 0.1646327765805357 0.3019200613620556
    vertex -0.5 0.1246406602043847 0.3257729830916584
    vertex -0.5 0.1614060161833791 0.3539126067538308
  endloop
endfacet
facet normal -1 0 0
  outer loop
    vertex -0.5 0.1246406602043847 0.3257729830916584
    vertex -0.5 0.1214138998072281 0.3777655284834336
    vertex -0.5 0.1614060161833791 0.3539126067538308
  endloop
endfacet
facet normal -1 0 0
  outer loop
    vertex -0.5 0.1246406602043847 0.3257729830916584
    vertex -0.5 0.08464854382823365 0.3496259048212611
    vertex -0.5 0.1214138998072281 0.3777655284834336
  endloop
endfacet
facet normal -1 0 0
  outer loop
    vertex -0.5 0.1614060161833791 0.3539126067538308
    vertex -0.5 0.1214138998072281 0.3777655284834336
    vertex -0.5 0.1581792557862226 0.4059051521456061
  endloop
endfacet
facet normal -1 0 0
  outer loop
    vertex -0.5 0.4059544979888689 0.1576174564156413
    vertex -0.5 0.3556822053143476 0.1588284949089367
    vertex -0.5 0.3735530182070554 0.1979577589168304
  endloop
endfacet
facet normal -1 0 0
  outer loop
    vertex -0.5 0.3556822053143476 0.1588284949089367
    vertex -0.5 0.3232807255325342 0.1991687974101258
    vertex -0.5 0.3735530182070554 0.1979577589168304
  endloop
endfacet
facet normal -1 0 0
  outer loop
    vertex -0.5 0.3556822053143476 0.1588284949089367
    vertex -0.5 0.3054099126398263 0.1600395334022321
    vertex -0.5 0.3232807255325342 0.1991687974101258
  endloop
endfacet
facet normal -1 0 0
  outer loop
    vertex -0.5 0.3735530182070554 0.1979577589168304
    vertex -0.5 0.3232807255325342 0.1991687974101258
    vertex -0.5 0.341151538425242 0.2382980614180195
  endloop
endfacet
facet normal -1 0 0
  outer loop
    vertex -0.5 0.1622340012567547 0.1998947669936804
    vertex -0.5 0.1587847900078618 0.1462466236372667
    vertex -0.5 0.1208591116083084 0.1763236859795651
  endloop
endfacet
facet normal -1 -0 0
  outer loop
    vertex -0.5 0.1587847900078618 0.1462466236372667
    vertex -0.5 0.1174099003594154 0.1226755426231514
    vertex -0.5 0.1208591116083084 0.1763236859795651
  endloop
endfacet
facet normal -1 0 0
  outer loop
    vertex -0.5 0.1587847900078618 0.1462466236372667
    vertex -0.5 0.1553355787589688 0.09259848028085305
    vertex -0.5 0.1174099003594154 0.1226755426231514
  endloop
endfacet
facet normal -1 0 0
  outer loop
    vertex -0.5 0.1208591116083084 0.1763236859795651
    vertex -0.5 0.1174099003594154 0.1226755426231514
    vertex -0.5 0.07948422195986206 0.1527526049654498
  endloop
endfacet
facet normal -1 0 -0
  outer loop
    vertex -0.5 0.3499432116976144 0.4153089282616133
    vertex -0.5 0.3813415059630911 0.3786819403977569
    vertex -0.5 0.3286267360802955 0.3747488733052615
  endloop
endfacet
facet normal -1 0 0
  outer loop
    vertex -0.5 0.3813415059630911 0.3786819403977569
    vertex -0.5 0.3600250303457721 0.3381218854414052
    vertex -0.5 0.3286267360802955 0.3747488733052615
  endloop
endfacet
facet normal -1 0 -0
  outer loop
    vertex -0.5 0.3813415059630911 0.3786819403977569
    vertex -0.5 0.4127398002285678 0.3420549525339006
    vertex -0.5 0.3600250303457721 0.3381218854414052
  endloop
endfacet
facet normal -1 0 -0
  outer loop
    vertex -0.5 0.3286267360802955 0.3747488733052615
    vertex -0.5 0.3600250303457721 0.3381218854414052
    vertex -0.5 0.3073102604629764 0.3341888183489098
  endloop
endfacet
facet normal -1 -0 0
  outer loop
    vertex -0.5 0.4059544979888689 0.1576174564156413
    vertex -0.5 0.376485524264039 0.1192445076668894
    vertex -0.5 0.3556822053143476 0.1588284949089367
  endloop
endfacet
facet normal -1 0 0
  outer loop
    vertex -0.5 0.376485524264039 0.1192445076668894
    vertex -0.5 0.3262132315895178 0.1204555461601848
    vertex -0.5 0.3556822053143476 0.1588284949089367
  endloop
endfacet
facet normal -1 -0 0
  outer loop
    vertex -0.5 0.376485524264039 0.1192445076668894
    vertex -0.5 0.3470165505392092 0.08087155891813746
    vertex -0.5 0.3262132315895178 0.1204555461601848
  endloop
endfacet
facet normal -1 -0 0
  outer loop
    vertex -0.5 0.3556822053143476 0.1588284949089367
    vertex -0.5 0.3262132315895178 0.1204555461601848
    vertex -0.5 0.3054099126398263 0.1600395334022321
  endloop
endfacet
facet normal -1 0 0
  outer loop
    vertex -0.5 0.1646327765805357 0.3019200613620556
    vertex -0.5 0.1614060161833791 0.3539126067538308
    vertex -0.5 0.1968668543945349 0.3233842734894988
  endloop
endfacet
facet normal -1 0 0
  outer loop
    vertex -0.5 0.1614060161833791 0.3539126067538308
    vertex -0.5 0.1936400939973784 0.3753768188812741
    vertex -0.5 0.1968668543945349 0.3233842734894988
  endloop
endfacet
facet normal -1 0 0
  outer loop
    vertex -0.5 0.1614060161833791 0.3539126067538308
    vertex -0.5 0.1581792557862226 0.4059051521456061
    vertex -0.5 0.1936400939973784 0.3753768188812741
  endloop
endfacet
facet normal -1 0 0
  outer loop
    vertex -0.5 0.1968668543945349 0.3233842734894988
    vertex -0.5 0.1936400939973784 0.3753768188812741
    vertex -0.5 0.2291009322085341 0.344848485616942
  endloop
endfacet
facet normal -1 0 0
  outer loop
    vertex -0.5 0.1553355787589688 0.09259848028085305
    vertex -0.5 0.1587847900078618 0.1462466236372667
    vertex -0.5 0.1921985967849609 0.1238616840867463
  endloop
endfacet
facet normal -1 0 0
  outer loop
    vertex -0.5 0.1587847900078618 0.1462466236372667
    vertex -0.5 0.1956478080338538 0.17750982744316
    vertex -0.5 0.1921985967849609 0.1238616840867463
  endloop
endfacet
facet normal -1 0 0
  outer loop
    vertex -0.5 0.1587847900078618 0.1462466236372667
    vertex -0.5 0.1622340012567547 0.1998947669936804
    vertex -0.5 0.1956478080338538 0.17750982744316
  endloop
endfacet
facet normal -1 0 0
  outer loop
    vertex -0.5 0.1921985967849609 0.1238616840867463
    vertex -0.5 0.1956478080338538 0.17750982744316
    vertex -0.5 0.2290616148109529 0.1551248878926396
  endloop
endfacet
facet normal -1 0 0
  outer loop
    vertex -0.5 0.4332457351945705 0.2459740078274931
    vertex -0.5 0.4196001165917197 0.2017957321215672
    vertex -0.5 0.3871986368099063 0.2421360346227563
  endloop
endfacet
facet normal -1 -0 0
  outer loop
    vertex -0.5 0.4196001165917197 0.2017957321215672
    vertex -0.5 0.3735530182070554 0.1979577589168304
    vertex -0.5 0.3871986368099063 0.2421360346227563
  endloop
endfacet
facet normal -1 0 0
  outer loop
    vertex -0.5 0.4196001165917197 0.2017957321215672
    vertex -0.5 0.4059544979888689 0.1576174564156413
    vertex -0.5 0.3735530182070554 0.1979577589168304
  endloop
endfacet
facet normal -1 0 0
  outer loop
    vertex -0.5 0.3871986368099063 0.2421360346227563
    vertex -0.5 0.3735530182070554 0.1979577589168304
    vertex -0.5 0.341151538425242 0.2382980614180195
  endloop
endfacet
facet normal -1 0 0
  outer loop
    vertex -0.5 0 0.2000000000000001
    vertex -0.5 0 0.2500000000000001
    vertex -0.5 0.04306533549328054 0.2254086508806389
  endloop
endfacet
facet normal -1 0 0
  outer loop
    vertex -0.5 0 0.2500000000000001
    vertex -0.5 0.04306533549328054 0.2754086508806389
    vertex -0.5 0.04306533549328054 0.2254086508806389
  endloop
endfacet
facet normal -1 0 0
  outer loop
    vertex -0.5 0 0.2500000000000001
    vertex -0.5 0 0.3000000000000001
    vertex -0.5 0.04306533549328054 0.2754086508806389
  endloop
endfacet
facet normal -1 0 0
  outer loop
    vertex -0.5 0.04306533549328054 0.2254086508806389
    vertex -0.5 0.04306533549328054 0.2754086508806389
    vertex -0.5 0.08613067098656109 0.2508173017612777
  endloop
endfacet
facet normal -1 0 0
  outer loop
    vertex -0.5 0.2000000000000001 0.5
    vertex -0.5 0.2500000000000001 0.5
    vertex -0.5 0.2278337285646834 0.4590733469879357
  endloop
endfacet
facet normal -1 0 -0
  outer loop
    vertex -0.5 0.2500000000000001 0.5
    vertex -0.5 0.2778337285646834 0.4590733469879357
    vertex -0.5 0.2278337285646834 0.4590733469879357
  endloop
endfacet
facet normal -1 0 0
  outer loop
    vertex -0.5 0.2500000000000001 0.5
    vertex -0.5 0.3000000000000001 0.5
    vertex -0.5 0.2778337285646834 0.4590733469879357
  endloop
endfacet
facet normal -1 0 0
  outer loop
    vertex -0.5 0.2278337285646834 0.4590733469879357
    vertex -0.5 0.2778337285646834 0.4590733469879357
    vertex -0.5 0.2556674571293667 0.4181466939758714
  endloop
endfacet
facet normal -1 0 -0
  outer loop
    vertex -0.5 0.5 0.2000000000000001
    vertex -0.5 0.5 0.15
    vertex -0.5 0.4529772489944345 0.1788087282078207
  endloop
endfacet
facet normal -1 -0 0
  outer loop
    vertex -0.5 0.5 0.15
    vertex -0.5 0.4529772489944345 0.1288087282078206
    vertex -0.5 0.4529772489944345 0.1788087282078207
  endloop
endfacet
facet normal -1 0 -0
  outer loop
    vertex -0.5 0.5 0.15
    vertex -0.5 0.5 0.1
    vertex -0.5 0.4529772489944345 0.1288087282078206
  endloop
endfacet
facet normal -1 0 -0
  outer loop
    vertex -0.5 0.4529772489944345 0.1788087282078207
    vertex -0.5 0.4529772489944345 0.1288087282078206
    vertex -0.5 0.4059544979888689 0.1576174564156413
  endloop
endfacet
facet normal -1 0 -0
  outer loop
    vertex -0.5 0.5 0.3000000000000001
    vertex -0.5 0.5 0.2500000000000001
    vertex -0.5 0.4666228675972853 0.2729870039137466
  endloop
endfacet
facet normal -1 -0 0
  outer loop
    vertex -0.5 0.5 0.2500000000000001
    vertex -0.5 0.4666228675972853 0.2229870039137466
    vertex -0.5 0.4666228675972853 0.2729870039137466
  endloop
endfacet
facet normal -1 0 -0
  outer loop
    vertex -0.5 0.5 0.2500000000000001
    vertex -0.5 0.5 0.2000000000000001
    vertex -0.5 0.4666228675972853 0.2229870039137466
  endloop
endfacet
facet normal -1 0 -0
  outer loop
    vertex -0.5 0.4666228675972853 0.2729870039137466
    vertex -0.5 0.4666228675972853 0.2229870039137466
    vertex -0.5 0.4332457351945705 0.2459740078274931
  endloop
endfacet
facet normal -1 0 -0
  outer loop
    vertex -0.5 0.4332457351945705 0.2459740078274931
    vertex -0.5 0.4666228675972853 0.2229870039137466
    vertex -0.5 0.4196001165917197 0.2017957321215672
  endloop
endfacet
facet normal -1 0 0
  outer loop
    vertex -0.5 0.4666228675972853 0.2229870039137466
    vertex -0.5 0.4529772489944345 0.1788087282078207
    vertex -0.5 0.4196001165917197 0.2017957321215672
  endloop
endfacet
facet normal -1 0 -0
  outer loop
    vertex -0.5 0.4666228675972853 0.2229870039137466
    vertex -0.5 0.5 0.2000000000000001
    vertex -0.5 0.4529772489944345 0.1788087282078207
  endloop
endfacet
facet normal -1 0 -0
  outer loop
    vertex -0.5 0.4196001165917197 0.2017957321215672
    vertex -0.5 0.4529772489944345 0.1788087282078207
    vertex -0.5 0.4059544979888689 0.1576174564156413
  endloop
endfacet
facet normal -1 0 0
  outer loop
    vertex -0.5 0.3000000000000001 0
    vertex -0.5 0.2500000000000001 0
    vertex -0.5 0.2770083254930757 0.04092472374092166
  endloop
endfacet
facet normal -1 0 0
  outer loop
    vertex -0.5 0.2500000000000001 0
    vertex -0.5 0.2270083254930758 0.04092472374092166
    vertex -0.5 0.2770083254930757 0.04092472374092166
  endloop
endfacet
facet normal -1 0 0
  outer loop
    vertex -0.5 0.2500000000000001 0
    vertex -0.5 0.2000000000000001 0
    vertex -0.5 0.2270083254930758 0.04092472374092166
  endloop
endfacet
facet normal -1 0 0
  outer loop
    vertex -0.5 0.2770083254930757 0.04092472374092166
    vertex -0.5 0.2270083254930758 0.04092472374092166
    vertex -0.5 0.2540166509861514 0.08184944748184332
  endloop
endfacet
facet normal -1 0 0
  outer loop
    vertex -0.5 0 0.3000000000000001
    vertex -0.5 0 0.3500000000000001
    vertex -0.5 0.04232427191411683 0.3248129524106306
  endloop
endfacet
facet normal -1 0 0
  outer loop
    vertex -0.5 0 0.3500000000000001
    vertex -0.5 0.04232427191411683 0.3748129524106306
    vertex -0.5 0.04232427191411683 0.3248129524106306
  endloop
endfacet
facet normal -1 0 0
  outer loop
    vertex -0.5 0 0.3500000000000001
    vertex -0.5 0 0.4000000000000001
    vertex -0.5 0.04232427191411683 0.3748129524106306
  endloop
endfacet
facet normal -1 0 0
  outer loop
    vertex -0.5 0.04232427191411683 0.3248129524106306
    vertex -0.5 0.04232427191411683 0.3748129524106306
    vertex -0.5 0.08464854382823365 0.3496259048212611
  endloop
endfacet
facet normal -1 0 0
  outer loop
    vertex -0.5 0.3000000000000001 0.5
    vertex -0.5 0.3500000000000001 0.5
    vertex -0.5 0.3249716058488072 0.4576544641308066
  endloop
endfacet
facet normal -1 0 -0
  outer loop
    vertex -0.5 0.3500000000000001 0.5
    vertex -0.5 0.3749716058488073 0.4576544641308066
    vertex -0.5 0.3249716058488072 0.4576544641308066
  endloop
endfacet
facet normal -1 0 0
  outer loop
    vertex -0.5 0.3500000000000001 0.5
    vertex -0.5 0.4000000000000001 0.5
    vertex -0.5 0.3749716058488073 0.4576544641308066
  endloop
endfacet
facet normal -1 0 0
  outer loop
    vertex -0.5 0.3249716058488072 0.4576544641308066
    vertex -0.5 0.3749716058488073 0.4576544641308066
    vertex -0.5 0.3499432116976144 0.4153089282616133
  endloop
endfacet
facet normal -1 0 0
  outer loop
    vertex -0.5 0.2000000000000001 0
    vertex -0.5 0.15 0
    vertex -0.5 0.1776677893794844 0.04629924014042652
  endloop
endfacet
facet normal -1 0 0
  outer loop
    vertex -0.5 0.15 0
    vertex -0.5 0.1276677893794844 0.04629924014042652
    vertex -0.5 0.1776677893794844 0.04629924014042652
  endloop
endfacet
facet normal -1 0 0
  outer loop
    vertex -0.5 0.15 0
    vertex -0.5 0.1 0
    vertex -0.5 0.1276677893794844 0.04629924014042652
  endloop
endfacet
facet normal -1 0 0
  outer loop
    vertex -0.5 0.1776677893794844 0.04629924014042652
    vertex -0.5 0.1276677893794844 0.04629924014042652
    vertex -0.5 0.1553355787589688 0.09259848028085305
  endloop
endfacet
facet normal -1 -0 0
  outer loop
    vertex -0.5 0.2540166509861514 0.08184944748184332
    vertex -0.5 0.2270083254930758 0.04092472374092166
    vertex -0.5 0.2046761148725601 0.08722396388134818
  endloop
endfacet
facet normal -1 0 0
  outer loop
    vertex -0.5 0.2270083254930758 0.04092472374092166
    vertex -0.5 0.1776677893794844 0.04629924014042652
    vertex -0.5 0.2046761148725601 0.08722396388134818
  endloop
endfacet
facet normal -1 -0 0
  outer loop
    vertex -0.5 0.2270083254930758 0.04092472374092166
    vertex -0.5 0.2000000000000001 0
    vertex -0.5 0.1776677893794844 0.04629924014042652
  endloop
endfacet
facet normal -1 -0 0
  outer loop
    vertex -0.5 0.2046761148725601 0.08722396388134818
    vertex -0.5 0.1776677893794844 0.04629924014042652
    vertex -0.5 0.1553355787589688 0.09259848028085305
  endloop
endfacet
facet normal -1 0 0
  outer loop
    vertex -0.5 0.08613067098656109 0.2508173017612777
    vertex -0.5 0.1253817237835484 0.2763686815616667
    vertex -0.5 0.1241823361216579 0.2253560343774791
  endloop
endfacet
facet normal -1 0 -0
  outer loop
    vertex -0.5 0.1253817237835484 0.2763686815616667
    vertex -0.5 0.1634333889186452 0.250907414177868
    vertex -0.5 0.1241823361216579 0.2253560343774791
  endloop
endfacet
facet normal -1 0 0
  outer loop
    vertex -0.5 0.1253817237835484 0.2763686815616667
    vertex -0.5 0.1646327765805357 0.3019200613620556
    vertex -0.5 0.1634333889186452 0.250907414177868
  endloop
endfacet
facet normal -1 0 0
  outer loop
    vertex -0.5 0.1241823361216579 0.2253560343774791
    vertex -0.5 0.1634333889186452 0.250907414177868
    vertex -0.5 0.1622340012567547 0.1998947669936804
  endloop
endfacet
facet normal -1 0 0
  outer loop
    vertex -0.5 0.1622340012567547 0.1998947669936804
    vertex -0.5 0.1634333889186452 0.250907414177868
    vertex -0.5 0.2110208111960432 0.2249473834968403
  endloop
endfacet
facet normal -1 0 0
  outer loop
    vertex -0.5 0.1634333889186452 0.250907414177868
    vertex -0.5 0.2122201988579337 0.2759600306810279
    vertex -0.5 0.2110208111960432 0.2249473834968403
  endloop
endfacet
facet normal -1 0 0
  outer loop
    vertex -0.5 0.1634333889186452 0.250907414177868
    vertex -0.5 0.1646327765805357 0.3019200613620556
    vertex -0.5 0.2122201988579337 0.2759600306810279
  endloop
endfacet
facet normal -1 0 0
  outer loop
    vertex -0.5 0.2110208111960432 0.2249473834968403
    vertex -0.5 0.2122201988579337 0.2759600306810279
    vertex -0.5 0.2598076211353317 0.2500000000000001
  endloop
endfacet
facet normal -1 0 0
  outer loop
    vertex -0.5 0.08613067098656109 0.2508173017612777
    vertex -0.5 0.04306533549328054 0.2754086508806389
    vertex -0.5 0.08538960740739737 0.3002216032912694
  endloop
endfacet
facet normal -1 0 0
  outer loop
    vertex -0.5 0.04306533549328054 0.2754086508806389
    vertex -0.5 0.04232427191411683 0.3248129524106306
    vertex -0.5 0.08538960740739737 0.3002216032912694
  endloop
endfacet
facet normal -1 0 0
  outer loop
    vertex -0.5 0.04306533549328054 0.2754086508806389
    vertex -0.5 0 0.3000000000000001
    vertex -0.5 0.04232427191411683 0.3248129524106306
  endloop
endfacet
facet normal -1 0 0
  outer loop
    vertex -0.5 0.08538960740739737 0.3002216032912694
    vertex -0.5 0.04232427191411683 0.3248129524106306
    vertex -0.5 0.08464854382823365 0.3496259048212611
  endloop
endfacet
facet normal -1 0 0
  outer loop
    vertex -0.5 0.08613067098656109 0.2508173017612777
    vertex -0.5 0.08538960740739737 0.3002216032912694
    vertex -0.5 0.1253817237835484 0.2763686815616667
  endloop
endfacet
facet normal -1 0 0
  outer loop
    vertex -0.5 0.08538960740739737 0.3002216032912694
    vertex -0.5 0.1246406602043847 0.3257729830916584
    vertex -0.5 0.1253817237835484 0.2763686815616667
  endloop
endfacet
facet normal -1 0 0
  outer loop
    vertex -0.5 0.08538960740739737 0.3002216032912694
    vertex -0.5 0.08464854382823365 0.3496259048212611
    vertex -0.5 0.1246406602043847 0.3257729830916584
  endloop
endfacet
facet normal -1 0 0
  outer loop
    vertex -0.5 0.1253817237835484 0.2763686815616667
    vertex -0.5 0.1246406602043847 0.3257729830916584
    vertex -0.5 0.1646327765805357 0.3019200613620556
  endloop
endfacet
facet normal -1 0 0
  outer loop
    vertex -0.5 0.2556674571293667 0.4181466939758714
    vertex -0.5 0.2778337285646834 0.4590733469879357
    vertex -0.5 0.3028053344134906 0.4167278111187424
  endloop
endfacet
facet normal -1 0 0
  outer loop
    vertex -0.5 0.2778337285646834 0.4590733469879357
    vertex -0.5 0.3249716058488072 0.4576544641308066
    vertex -0.5 0.3028053344134906 0.4167278111187424
  endloop
endfacet
facet normal -1 0 0
  outer loop
    vertex -0.5 0.2778337285646834 0.4590733469879357
    vertex -0.5 0.3000000000000001 0.5
    vertex -0.5 0.3249716058488072 0.4576544641308066
  endloop
endfacet
facet normal -1 0 0
  outer loop
    vertex -0.5 0.3028053344134906 0.4167278111187424
    vertex -0.5 0.3249716058488072 0.4576544641308066
    vertex -0.5 0.3499432116976144 0.4153089282616133
  endloop
endfacet
facet normal -1 0 0
  outer loop
    vertex -0.5 0.4000000000000001 0
    vertex -0.5 0.3500000000000001 0
    vertex -0.5 0.3735082752696046 0.04043577945906873
  endloop
endfacet
facet normal -1 0 0
  outer loop
    vertex -0.5 0.3500000000000001 0
    vertex -0.5 0.3235082752696046 0.04043577945906873
    vertex -0.5 0.3735082752696046 0.04043577945906873
  endloop
endfacet
facet normal -1 0 0
  outer loop
    vertex -0.5 0.3500000000000001 0
    vertex -0.5 0.3000000000000001 0
    vertex -0.5 0.3235082752696046 0.04043577945906873
  endloop
endfacet
facet normal -1 0 0
  outer loop
    vertex -0.5 0.3735082752696046 0.04043577945906873
    vertex -0.5 0.3235082752696046 0.04043577945906873
    vertex -0.5 0.3470165505392092 0.08087155891813746
  endloop
endfacet
facet normal -1 0 -0
  outer loop
    vertex -0.5 0.5 0.4000000000000001
    vertex -0.5 0.5 0.3500000000000001
    vertex -0.5 0.4563699001142839 0.3710274762669504
  endloop
endfacet
facet normal -1 -0 0
  outer loop
    vertex -0.5 0.5 0.3500000000000001
    vertex -0.5 0.4563699001142839 0.3210274762669504
    vertex -0.5 0.4563699001142839 0.3710274762669504
  endloop
endfacet
facet normal -1 0 -0
  outer loop
    vertex -0.5 0.5 0.3500000000000001
    vertex -0.5 0.5 0.3000000000000001
    vertex -0.5 0.4563699001142839 0.3210274762669504
  endloop
endfacet
facet normal -1 0 -0
  outer loop
    vertex -0.5 0.4563699001142839 0.3710274762669504
    vertex -0.5 0.4563699001142839 0.3210274762669504
    vertex -0.5 0.4127398002285678 0.3420549525339006
  endloop
endfacet
facet normal -1 0 0
  outer loop
    vertex -0.5 0.1 0.5
    vertex -0.5 0.15 0.5
    vertex -0.5 0.1290896278931113 0.452952576072803
  endloop
endfacet
facet normal -1 0 -0
  outer loop
    vertex -0.5 0.15 0.5
    vertex -0.5 0.1790896278931113 0.452952576072803
    vertex -0.5 0.1290896278931113 0.452952576072803
  endloop
endfacet
facet normal -1 0 0
  outer loop
    vertex -0.5 0.15 0.5
    vertex -0.5 0.2000000000000001 0.5
    vertex -0.5 0.1790896278931113 0.452952576072803
  endloop
endfacet
facet normal -1 0 0
  outer loop
    vertex -0.5 0.1290896278931113 0.452952576072803
    vertex -0.5 0.1790896278931113 0.452952576072803
    vertex -0.5 0.1581792557862226 0.4059051521456061
  endloop
endfacet
facet normal -1 0 -0
  outer loop
    vertex -0.5 0.08613067098656109 0.2508173017612777
    vertex -0.5 0.1241823361216579 0.2253560343774791
    vertex -0.5 0.08280744647321157 0.2017849533633638
  endloop
endfacet
facet normal -1 0 0
  outer loop
    vertex -0.5 0.1241823361216579 0.2253560343774791
    vertex -0.5 0.1208591116083084 0.1763236859795651
    vertex -0.5 0.08280744647321157 0.2017849533633638
  endloop
endfacet
facet normal -1 0 -0
  outer loop
    vertex -0.5 0.1241823361216579 0.2253560343774791
    vertex -0.5 0.1622340012567547 0.1998947669936804
    vertex -0.5 0.1208591116083084 0.1763236859795651
  endloop
endfacet
facet normal -1 0 -0
  outer loop
    vertex -0.5 0.08280744647321157 0.2017849533633638
    vertex -0.5 0.1208591116083084 0.1763236859795651
    vertex -0.5 0.07948422195986206 0.1527526049654498
  endloop
endfacet
facet normal -1 0 0
  outer loop
    vertex -0.5 0 0.1
    vertex -0.5 0 0.15
    vertex -0.5 0.03974211097993103 0.1263763024827249
  endloop
endfacet
facet normal -1 0 0
  outer loop
    vertex -0.5 0 0.15
    vertex -0.5 0.03974211097993103 0.176376302482725
    vertex -0.5 0.03974211097993103 0.1263763024827249
  endloop
endfacet
facet normal -1 0 0
  outer loop
    vertex -0.5 0 0.15
    vertex -0.5 0 0.2000000000000001
    vertex -0.5 0.03974211097993103 0.176376302482725
  endloop
endfacet
facet normal -1 0 0
  outer loop
    vertex -0.5 0.03974211097993103 0.1263763024827249
    vertex -0.5 0.03974211097993103 0.176376302482725
    vertex -0.5 0.07948422195986206 0.1527526049654498
  endloop
endfacet
facet normal -1 0 0
  outer loop
    vertex -0.5 0 0.2000000000000001
    vertex -0.5 0.04306533549328054 0.2254086508806389
    vertex -0.5 0.03974211097993103 0.176376302482725
  endloop
endfacet
facet normal -1 0 -0
  outer loop
    vertex -0.5 0.04306533549328054 0.2254086508806389
    vertex -0.5 0.08280744647321157 0.2017849533633638
    vertex -0.5 0.03974211097993103 0.176376302482725
  endloop
endfacet
facet normal -1 0 0
  outer loop
    vertex -0.5 0.04306533549328054 0.2254086508806389
    vertex -0.5 0.08613067098656109 0.2508173017612777
    vertex -0.5 0.08280744647321157 0.2017849533633638
  endloop
endfacet
facet normal -1 0 0
  outer loop
    vertex -0.5 0.03974211097993103 0.176376302482725
    vertex -0.5 0.08280744647321157 0.2017849533633638
    vertex -0.5 0.07948422195986206 0.1527526049654498
  endloop
endfacet
facet normal -1 0 -0
  outer loop
    vertex -0.5 0.2000000000000001 0.5
    vertex -0.5 0.2278337285646834 0.4590733469879357
    vertex -0.5 0.1790896278931113 0.452952576072803
  endloop
endfacet
facet normal -1 0 0
  outer loop
    vertex -0.5 0.2278337285646834 0.4590733469879357
    vertex -0.5 0.2069233564577946 0.4120259230607387
    vertex -0.5 0.1790896278931113 0.452952576072803
  endloop
endfacet
facet normal -1 0 -0
  outer loop
    vertex -0.5 0.2278337285646834 0.4590733469879357
    vertex -0.5 0.2556674571293667 0.4181466939758714
    vertex -0.5 0.2069233564577946 0.4120259230607387
  endloop
endfacet
facet normal -1 0 -0
  outer loop
    vertex -0.5 0.1790896278931113 0.452952576072803
    vertex -0.5 0.2069233564577946 0.4120259230607387
    vertex -0.5 0.1581792557862226 0.4059051521456061
  endloop
endfacet
facet normal -1 0 0
  outer loop
    vertex -0.5 0.3000000000000001 0
    vertex -0.5 0.2770083254930757 0.04092472374092166
    vertex -0.5 0.3235082752696046 0.04043577945906873
  endloop
endfacet
facet normal -1 0 0
  outer loop
    vertex -0.5 0.2770083254930757 0.04092472374092166
    vertex -0.5 0.3005166007626803 0.08136050319999039
    vertex -0.5 0.3235082752696046 0.04043577945906873
  endloop
endfacet
facet normal -1 0 0
  outer loop
    vertex -0.5 0.2770083254930757 0.04092472374092166
    vertex -0.5 0.2540166509861514 0.08184944748184332
    vertex -0.5 0.3005166007626803 0.08136050319999039
  endloop
endfacet
facet normal -1 0 0
  outer loop
    vertex -0.5 0.3235082752696046 0.04043577945906873
    vertex -0.5 0.3005166007626803 0.08136050319999039
    vertex -0.5 0.3470165505392092 0.08087155891813746
  endloop
endfacet
facet normal -1 -0 0
  outer loop
    vertex -0.5 0.5 0.3000000000000001
    vertex -0.5 0.4666228675972853 0.2729870039137466
    vertex -0.5 0.4563699001142839 0.3210274762669504
  endloop
endfacet
facet normal -1 0 0
  outer loop
    vertex -0.5 0.4666228675972853 0.2729870039137466
    vertex -0.5 0.4229927677115691 0.2940144801806969
    vertex -0.5 0.4563699001142839 0.3210274762669504
  endloop
endfacet
facet normal -1 -0 0
  outer loop
    vertex -0.5 0.4666228675972853 0.2729870039137466
    vertex -0.5 0.4332457351945705 0.2459740078274931
    vertex -0.5 0.4229927677115691 0.2940144801806969
  endloop
endfacet
facet normal -1 -0 0
  outer loop
    vertex -0.5 0.4563699001142839 0.3210274762669504
    vertex -0.5 0.4229927677115691 0.2940144801806969
    vertex -0.5 0.4127398002285678 0.3420549525339006
  endloop
endfacet
facet normal -1 0 0
  outer loop
    vertex -0.5 0.2556674571293667 0.4181466939758714
    vertex -0.5 0.3028053344134906 0.4167278111187424
    vertex -0.5 0.2814888587961716 0.3761677561623906
  endloop
endfacet
facet normal -1 0 -0
  outer loop
    vertex -0.5 0.3028053344134906 0.4167278111187424
    vertex -0.5 0.3286267360802955 0.3747488733052615
    vertex -0.5 0.2814888587961716 0.3761677561623906
  endloop
endfacet
facet normal -1 0 0
  outer loop
    vertex -0.5 0.3028053344134906 0.4167278111187424
    vertex -0.5 0.3499432116976144 0.4153089282616133
    vertex -0.5 0.3286267360802955 0.3747488733052615
  endloop
endfacet
facet normal -1 0 0
  outer loop
    vertex -0.5 0.2814888587961716 0.3761677561623906
    vertex -0.5 0.3286267360802955 0.3747488733052615
    vertex -0.5 0.3073102604629764 0.3341888183489098
  endloop
endfacet
facet normal -1 0 -0
  outer loop
    vertex -0.5 0.5 0.1
    vertex -0.5 0.5 0.05000000000000001
    vertex -0.5 0.4633974596215561 0.08660254037844392
  endloop
endfacet
facet normal -1 -0 0
  outer loop
    vertex -0.5 0.5 0.05000000000000001
    vertex -0.5 0.4633974596215561 0.0366025403784439
    vertex -0.5 0.4633974596215561 0.08660254037844392
  endloop
endfacet
facet normal -1 0 -0
  outer loop
    vertex -0.5 0.5 0.05000000000000001
    vertex -0.5 0.5 0
    vertex -0.5 0.4633974596215561 0.0366025403784439
  endloop
endfacet
facet normal -1 0 -0
  outer loop
    vertex -0.5 0.4633974596215561 0.08660254037844392
    vertex -0.5 0.4633974596215561 0.0366025403784439
    vertex -0.5 0.4267949192431122 0.07320508075688781
  endloop
endfacet
facet normal -1 0 0
  outer loop
    vertex -0.5 0.5 0
    vertex -0.5 0.4500000000000001 0
    vertex -0.5 0.4633974596215561 0.0366025403784439
  endloop
endfacet
facet normal -1 0 0
  outer loop
    vertex -0.5 0.4500000000000001 0
    vertex -0.5 0.4133974596215562 0.0366025403784439
    vertex -0.5 0.4633974596215561 0.0366025403784439
  endloop
endfacet
facet normal -1 0 0
  outer loop
    vertex -0.5 0.4500000000000001 0
    vertex -0.5 0.4000000000000001 0
    vertex -0.5 0.4133974596215562 0.0366025403784439
  endloop
endfacet
facet normal -1 0 0
  outer loop
    vertex -0.5 0.4633974596215561 0.0366025403784439
    vertex -0.5 0.4133974596215562 0.0366025403784439
    vertex -0.5 0.4267949192431122 0.07320508075688781
  endloop
endfacet
facet normal -1 0 0
  outer loop
    vertex -0.5 0 0
    vertex -0.5 0 0.05000000000000001
    vertex -0.5 0.03660254037844389 0.03660254037844389
  endloop
endfacet
facet normal -1 0 0
  outer loop
    vertex -0.5 0 0.05000000000000001
    vertex -0.5 0.03660254037844389 0.08660254037844389
    vertex -0.5 0.03660254037844389 0.03660254037844389
  endloop
endfacet
facet normal -1 0 0
  outer loop
    vertex -0.5 0 0.05000000000000001
    vertex -0.5 0 0.1
    vertex -0.5 0.03660254037844389 0.08660254037844389
  endloop
endfacet
facet normal -1 0 0
  outer loop
    vertex -0.5 0.03660254037844389 0.03660254037844389
    vertex -0.5 0.03660254037844389 0.08660254037844389
    vertex -0.5 0.07320508075688778 0.07320508075688778
  endloop
endfacet
facet normal -1 0 0
  outer loop
    vertex -0.5 0.1 0
    vertex -0.5 0.05000000000000001 0
    vertex -0.5 0.08660254037844389 0.03660254037844389
  endloop
endfacet
facet normal -1 0 0
  outer loop
    vertex -0.5 0.05000000000000001 0
    vertex -0.5 0.03660254037844389 0.03660254037844389
    vertex -0.5 0.08660254037844389 0.03660254037844389
  endloop
endfacet
facet normal -1 0 0
  outer loop
    vertex -0.5 0.05000000000000001 0
    vertex -0.5 0 0
    vertex -0.5 0.03660254037844389 0.03660254037844389
  endloop
endfacet
facet normal -1 0 0
  outer loop
    vertex -0.5 0.08660254037844389 0.03660254037844389
    vertex -0.5 0.03660254037844389 0.03660254037844389
    vertex -0.5 0.07320508075688778 0.07320508075688778
  endloop
endfacet
facet normal -1 0 0
  outer loop
    vertex -0.5 0.4000000000000001 0.5
    vertex -0.5 0.4500000000000001 0.5
    vertex -0.5 0.4133974596215562 0.4633974596215562
  endloop
endfacet
facet normal -1 0 -0
  outer loop
    vertex -0.5 0.4500000000000001 0.5
    vertex -0.5 0.4633974596215562 0.4633974596215562
    vertex -0.5 0.4133974596215562 0.4633974596215562
  endloop
endfacet
facet normal -1 0 0
  outer loop
    vertex -0.5 0.4500000000000001 0.5
    vertex -0.5 0.5 0.5
    vertex -0.5 0.4633974596215562 0.4633974596215562
  endloop
endfacet
facet normal -1 0 0
  outer loop
    vertex -0.5 0.4133974596215562 0.4633974596215562
    vertex -0.5 0.4633974596215562 0.4633974596215562
    vertex -0.5 0.4267949192431123 0.4267949192431123
  endloop
endfacet
facet normal -1 0 -0
  outer loop
    vertex -0.5 0.5 0.5
    vertex -0.5 0.5 0.4500000000000001
    vertex -0.5 0.4633974596215562 0.4633974596215562
  endloop
endfacet
facet normal -1 -0 0
  outer loop
    vertex -0.5 0.5 0.4500000000000001
    vertex -0.5 0.4633974596215562 0.4133974596215562
    vertex -0.5 0.4633974596215562 0.4633974596215562
  endloop
endfacet
facet normal -1 0 -0
  outer loop
    vertex -0.5 0.5 0.4500000000000001
    vertex -0.5 0.5 0.4000000000000001
    vertex -0.5 0.4633974596215562 0.4133974596215562
  endloop
endfacet
facet normal -1 0 -0
  outer loop
    vertex -0.5 0.4633974596215562 0.4633974596215562
    vertex -0.5 0.4633974596215562 0.4133974596215562
    vertex -0.5 0.4267949192431123 0.4267949192431123
  endloop
endfacet
facet normal -1 0 0
  outer loop
    vertex -0.5 0 0.4000000000000001
    vertex -0.5 0 0.4500000000000001
    vertex -0.5 0.03660254037844386 0.4133974596215563
  endloop
endfacet
facet normal -1 0 0
  outer loop
    vertex -0.5 0 0.4500000000000001
    vertex -0.5 0.03660254037844386 0.4633974596215562
    vertex -0.5 0.03660254037844386 0.4133974596215563
  endloop
endfacet
facet normal -1 0 0
  outer loop
    vertex -0.5 0 0.4500000000000001
    vertex -0.5 0 0.5
    vertex -0.5 0.03660254037844386 0.4633974596215562
  endloop
endfacet
facet normal -1 0 0
  outer loop
    vertex -0.5 0.03660254037844386 0.4133974596215563
    vertex -0.5 0.03660254037844386 0.4633974596215562
    vertex -0.5 0.07320508075688771 0.4267949192431124
  endloop
endfacet
facet normal -1 0 0
  outer loop
    vertex -0.5 0 0.5
    vertex -0.5 0.05000000000000001 0.5
    vertex -0.5 0.03660254037844386 0.4633974596215562
  endloop
endfacet
facet normal -1 0 -0
  outer loop
    vertex -0.5 0.05000000000000001 0.5
    vertex -0.5 0.08660254037844387 0.4633974596215562
    vertex -0.5 0.03660254037844386 0.4633974596215562
  endloop
endfacet
facet normal -1 0 0
  outer loop
    vertex -0.5 0.05000000000000001 0.5
    vertex -0.5 0.1 0.5
    vertex -0.5 0.08660254037844387 0.4633974596215562
  endloop
endfacet
facet normal -1 0 0
  outer loop
    vertex -0.5 0.03660254037844386 0.4633974596215562
    vertex -0.5 0.08660254037844387 0.4633974596215562
    vertex -0.5 0.07320508075688771 0.4267949192431124
  endloop
endfacet
facet normal -1 0 0
  outer loop
    vertex -0.5 0.2598076211353317 0.2500000000000001
    vertex -0.5 0.2835589407991541 0.2920944091744549
    vertex -0.5 0.3004795797802868 0.2441490307090098
  endloop
endfacet
facet normal -1 0 0
  outer loop
    vertex -0.5 0.2835589407991541 0.2920944091744549
    vertex -0.5 0.3242308994441092 0.2862434398834646
    vertex -0.5 0.3004795797802868 0.2441490307090098
  endloop
endfacet
facet normal -1 0 0
  outer loop
    vertex -0.5 0.2835589407991541 0.2920944091744549
    vertex -0.5 0.3073102604629764 0.3341888183489098
    vertex -0.5 0.3242308994441092 0.2862434398834646
  endloop
endfacet
facet normal -1 0 0
  outer loop
    vertex -0.5 0.3004795797802868 0.2441490307090098
    vertex -0.5 0.3242308994441092 0.2862434398834646
    vertex -0.5 0.341151538425242 0.2382980614180195
  endloop
endfacet
facet normal -1 0 0
  outer loop
    vertex -0.5 0.2540166509861514 0.08184944748184332
    vertex -0.5 0.2046761148725601 0.08722396388134818
    vertex -0.5 0.2415391328985522 0.1184871676872414
  endloop
endfacet
facet normal -1 0 0
  outer loop
    vertex -0.5 0.2046761148725601 0.08722396388134818
    vertex -0.5 0.1921985967849609 0.1238616840867463
    vertex -0.5 0.2415391328985522 0.1184871676872414
  endloop
endfacet
facet normal -1 0 0
  outer loop
    vertex -0.5 0.2046761148725601 0.08722396388134818
    vertex -0.5 0.1553355787589688 0.09259848028085305
    vertex -0.5 0.1921985967849609 0.1238616840867463
  endloop
endfacet
facet normal -1 0 0
  outer loop
    vertex -0.5 0.2415391328985522 0.1184871676872414
    vertex -0.5 0.1921985967849609 0.1238616840867463
    vertex -0.5 0.2290616148109529 0.1551248878926396
  endloop
endfacet
facet normal -1 0 0
  outer loop
    vertex -0.5 0.3470165505392092 0.08087155891813746
    vertex -0.5 0.3005166007626803 0.08136050319999039
    vertex -0.5 0.3262132315895178 0.1204555461601848
  endloop
endfacet
facet normal -1 0 0
  outer loop
    vertex -0.5 0.3005166007626803 0.08136050319999039
    vertex -0.5 0.2797132818129889 0.1209444904420377
    vertex -0.5 0.3262132315895178 0.1204555461601848
  endloop
endfacet
facet normal -1 0 0
  outer loop
    vertex -0.5 0.3005166007626803 0.08136050319999039
    vertex -0.5 0.2540166509861514 0.08184944748184332
    vertex -0.5 0.2797132818129889 0.1209444904420377
  endloop
endfacet
facet normal -1 0 0
  outer loop
    vertex -0.5 0.3262132315895178 0.1204555461601848
    vertex -0.5 0.2797132818129889 0.1209444904420377
    vertex -0.5 0.3054099126398263 0.1600395334022321
  endloop
endfacet
facet normal -1 0 0
  outer loop
    vertex -0.5 0.1622340012567547 0.1998947669936804
    vertex -0.5 0.2110208111960432 0.2249473834968403
    vertex -0.5 0.1956478080338538 0.17750982744316
  endloop
endfacet
facet normal -1 0 -0
  outer loop
    vertex -0.5 0.2110208111960432 0.2249473834968403
    vertex -0.5 0.2444346179731423 0.2025624439463198
    vertex -0.5 0.1956478080338538 0.17750982744316
  endloop
endfacet
facet normal -1 0 0
  outer loop
    vertex -0.5 0.2110208111960432 0.2249473834968403
    vertex -0.5 0.2598076211353317 0.2500000000000001
    vertex -0.5 0.2444346179731423 0.2025624439463198
  endloop
endfacet
facet normal -1 0 0
  outer loop
    vertex -0.5 0.1956478080338538 0.17750982744316
    vertex -0.5 0.2444346179731423 0.2025624439463198
    vertex -0.5 0.2290616148109529 0.1551248878926396
  endloop
endfacet
facet normal -1 0 0
  outer loop
    vertex -0.5 0.2598076211353317 0.2500000000000001
    vertex -0.5 0.2122201988579337 0.2759600306810279
    vertex -0.5 0.2444542766719329 0.297424242808471
  endloop
endfacet
facet normal -1 0 0
  outer loop
    vertex -0.5 0.2122201988579337 0.2759600306810279
    vertex -0.5 0.1968668543945349 0.3233842734894988
    vertex -0.5 0.2444542766719329 0.297424242808471
  endloop
endfacet
facet normal -1 0 0
  outer loop
    vertex -0.5 0.2122201988579337 0.2759600306810279
    vertex -0.5 0.1646327765805357 0.3019200613620556
    vertex -0.5 0.1968668543945349 0.3233842734894988
  endloop
endfacet
facet normal -1 0 0
  outer loop
    vertex -0.5 0.2444542766719329 0.297424242808471
    vertex -0.5 0.1968668543945349 0.3233842734894988
    vertex -0.5 0.2291009322085341 0.344848485616942
  endloop
endfacet
facet normal -1 0 0
  outer loop
    vertex -0.5 0.1581792557862226 0.4059051521456061
    vertex -0.5 0.2069233564577946 0.4120259230607387
    vertex -0.5 0.1936400939973784 0.3753768188812741
  endloop
endfacet
facet normal -1 0 -0
  outer loop
    vertex -0.5 0.2069233564577946 0.4120259230607387
    vertex -0.5 0.2423841946689504 0.3814975897964067
    vertex -0.5 0.1936400939973784 0.3753768188812741
  endloop
endfacet
facet normal -1 0 0
  outer loop
    vertex -0.5 0.2069233564577946 0.4120259230607387
    vertex -0.5 0.2556674571293667 0.4181466939758714
    vertex -0.5 0.2423841946689504 0.3814975897964067
  endloop
endfacet
facet normal -1 0 0
  outer loop
    vertex -0.5 0.1936400939973784 0.3753768188812741
    vertex -0.5 0.2423841946689504 0.3814975897964067
    vertex -0.5 0.2291009322085341 0.344848485616942
  endloop
endfacet
facet normal -1 0 -0
  outer loop
    vertex -0.5 0.2598076211353317 0.2500000000000001
    vertex -0.5 0.282608766887579 0.2050197667011161
    vertex -0.5 0.2444346179731423 0.2025624439463198
  endloop
endfacet
facet normal -1 0 0
  outer loop
    vertex -0.5 0.282608766887579 0.2050197667011161
    vertex -0.5 0.2672357637253896 0.1575822106474358
    vertex -0.5 0.2444346179731423 0.2025624439463198
  endloop
endfacet
facet normal -1 0 -0
  outer loop
    vertex -0.5 0.282608766887579 0.2050197667011161
    vertex -0.5 0.3054099126398263 0.1600395334022321
    vertex -0.5 0.2672357637253896 0.1575822106474358
  endloop
endfacet
facet normal -1 0 -0
  outer loop
    vertex -0.5 0.2444346179731423 0.2025624439463198
    vertex -0.5 0.2672357637253896 0.1575822106474358
    vertex -0.5 0.2290616148109529 0.1551248878926396
  endloop
endfacet
facet normal -1 -0 0
  outer loop
    vertex -0.5 0.3073102604629764 0.3341888183489098
    vertex -0.5 0.2835589407991541 0.2920944091744549
    vertex -0.5 0.2682055963357553 0.3395186519829259
  endloop
endfacet
facet normal -1 0 0
  outer loop
    vertex -0.5 0.2835589407991541 0.2920944091744549
    vertex -0.5 0.2444542766719329 0.297424242808471
    vertex -0.5 0.2682055963357553 0.3395186519829259
  endloop
endfacet
facet normal -1 -0 0
  outer loop
    vertex -0.5 0.2835589407991541 0.2920944091744549
    vertex -0.5 0.2598076211353317 0.2500000000000001
    vertex -0.5 0.2444542766719329 0.297424242808471
  endloop
endfacet
facet normal -1 -0 0
  outer loop
    vertex -0.5 0.2682055963357553 0.3395186519829259
    vertex -0.5 0.2444542766719329 0.297424242808471
    vertex -0.5 0.2291009322085341 0.344848485616942
  endloop
endfacet
facet normal -1 0 -0
  outer loop
    vertex -0.5 0.1 0.5
    vertex -0.5 0.1290896278931113 0.452952576072803
    vertex -0.5 0.08660254037844387 0.4633974596215562
  endloop
endfacet
facet normal -1 -0 0
  outer loop
    vertex -0.5 0.1290896278931113 0.452952576072803
    vertex -0.5 0.1156921682715551 0.4163500356943592
    vertex -0.5 0.08660254037844387 0.4633974596215562
  endloop
endfacet
facet normal -1 0 -0
  outer loop
    vertex -0.5 0.1290896278931113 0.452952576072803
    vertex -0.5 0.1581792557862226 0.4059051521456061
    vertex -0.5 0.1156921682715551 0.4163500356943592
  endloop
endfacet
facet normal -1 0 -0
  outer loop
    vertex -0.5 0.08660254037844387 0.4633974596215562
    vertex -0.5 0.1156921682715551 0.4163500356943592
    vertex -0.5 0.07320508075688771 0.4267949192431124
  endloop
endfacet
facet normal -1 -0 0
  outer loop
    vertex -0.5 0.5 0.4000000000000001
    vertex -0.5 0.4563699001142839 0.3710274762669504
    vertex -0.5 0.4633974596215562 0.4133974596215562
  endloop
endfacet
facet normal -1 0 0
  outer loop
    vertex -0.5 0.4563699001142839 0.3710274762669504
    vertex -0.5 0.41976735973584 0.3844249358885065
    vertex -0.5 0.4633974596215562 0.4133974596215562
  endloop
endfacet
facet normal -1 -0 0
  outer loop
    vertex -0.5 0.4563699001142839 0.3710274762669504
    vertex -0.5 0.4127398002285678 0.3420549525339006
    vertex -0.5 0.41976735973584 0.3844249358885065
  endloop
endfacet
facet normal -1 -0 0
  outer loop
    vertex -0.5 0.4633974596215562 0.4133974596215562
    vertex -0.5 0.41976735973584 0.3844249358885065
    vertex -0.5 0.4267949192431123 0.4267949192431123
  endloop
endfacet
facet normal -1 0 0
  outer loop
    vertex -0.5 0 0.1
    vertex -0.5 0.03974211097993103 0.1263763024827249
    vertex -0.5 0.03660254037844389 0.08660254037844389
  endloop
endfacet
facet normal -1 0 -0
  outer loop
    vertex -0.5 0.03974211097993103 0.1263763024827249
    vertex -0.5 0.07634465135837493 0.1129788428611688
    vertex -0.5 0.03660254037844389 0.08660254037844389
  endloop
endfacet
facet normal -1 0 0
  outer loop
    vertex -0.5 0.03974211097993103 0.1263763024827249
    vertex -0.5 0.07948422195986206 0.1527526049654498
    vertex -0.5 0.07634465135837493 0.1129788428611688
  endloop
endfacet
facet normal -1 0 0
  outer loop
    vertex -0.5 0.03660254037844389 0.08660254037844389
    vertex -0.5 0.07634465135837493 0.1129788428611688
    vertex -0.5 0.07320508075688778 0.07320508075688778
  endloop
endfacet
facet normal -1 0 0
  outer loop
    vertex -0.5 0.4000000000000001 0
    vertex -0.5 0.3735082752696046 0.04043577945906873
    vertex -0.5 0.4133974596215562 0.0366025403784439
  endloop
endfacet
facet normal -1 0 0
  outer loop
    vertex -0.5 0.3735082752696046 0.04043577945906873
    vertex -0.5 0.3869057348911607 0.07703831983751264
    vertex -0.5 0.4133974596215562 0.0366025403784439
  endloop
endfacet
facet normal -1 0 0
  outer loop
    vertex -0.5 0.3735082752696046 0.04043577945906873
    vertex -0.5 0.3470165505392092 0.08087155891813746
    vertex -0.5 0.3869057348911607 0.07703831983751264
  endloop
endfacet
facet normal -1 0 0
  outer loop
    vertex -0.5 0.4133974596215562 0.0366025403784439
    vertex -0.5 0.3869057348911607 0.07703831983751264
    vertex -0.5 0.4267949192431122 0.07320508075688781
  endloop
endfacet
facet normal -1 0 0
  outer loop
    vertex -0.5 0.08464854382823365 0.3496259048212611
    vertex -0.5 0.04232427191411683 0.3748129524106306
    vertex -0.5 0.07892681229256068 0.3882104120321868
  endloop
endfacet
facet normal -1 0 0
  outer loop
    vertex -0.5 0.04232427191411683 0.3748129524106306
    vertex -0.5 0.03660254037844386 0.4133974596215563
    vertex -0.5 0.07892681229256068 0.3882104120321868
  endloop
endfacet
facet normal -1 0 0
  outer loop
    vertex -0.5 0.04232427191411683 0.3748129524106306
    vertex -0.5 0 0.4000000000000001
    vertex -0.5 0.03660254037844386 0.4133974596215563
  endloop
endfacet
facet normal -1 0 0
  outer loop
    vertex -0.5 0.07892681229256068 0.3882104120321868
    vertex -0.5 0.03660254037844386 0.4133974596215563
    vertex -0.5 0.07320508075688771 0.4267949192431124
  endloop
endfacet
facet normal -1 0 0
  outer loop
    vertex -0.5 0.4059544979888689 0.1576174564156413
    vertex -0.5 0.4529772489944345 0.1288087282078206
    vertex -0.5 0.4163747086159906 0.1154112685862645
  endloop
endfacet
facet normal -1 0 -0
  outer loop
    vertex -0.5 0.4529772489944345 0.1288087282078206
    vertex -0.5 0.4633974596215561 0.08660254037844392
    vertex -0.5 0.4163747086159906 0.1154112685862645
  endloop
endfacet
facet normal -1 0 0
  outer loop
    vertex -0.5 0.4529772489944345 0.1288087282078206
    vertex -0.5 0.5 0.1
    vertex -0.5 0.4633974596215561 0.08660254037844392
  endloop
endfacet
facet normal -1 0 0
  outer loop
    vertex -0.5 0.4163747086159906 0.1154112685862645
    vertex -0.5 0.4633974596215561 0.08660254037844392
    vertex -0.5 0.4267949192431122 0.07320508075688781
  endloop
endfacet
facet normal -1 0 0
  outer loop
    vertex -0.5 0.1553355787589688 0.09259848028085305
    vertex -0.5 0.1276677893794844 0.04629924014042652
    vertex -0.5 0.1142703297579283 0.08290178051887041
  endloop
endfacet
facet normal -1 -0 0
  outer loop
    vertex -0.5 0.1276677893794844 0.04629924014042652
    vertex -0.5 0.08660254037844389 0.03660254037844389
    vertex -0.5 0.1142703297579283 0.08290178051887041
  endloop
endfacet
facet normal -1 0 0
  outer loop
    vertex -0.5 0.1276677893794844 0.04629924014042652
    vertex -0.5 0.1 0
    vertex -0.5 0.08660254037844389 0.03660254037844389
  endloop
endfacet
facet normal -1 0 0
  outer loop
    vertex -0.5 0.1142703297579283 0.08290178051887041
    vertex -0.5 0.08660254037844389 0.03660254037844389
    vertex -0.5 0.07320508075688778 0.07320508075688778
  endloop
endfacet
facet normal -1 0 0
  outer loop
    vertex -0.5 0.3499432116976144 0.4153089282616133
    vertex -0.5 0.3749716058488073 0.4576544641308066
    vertex -0.5 0.3883690654703634 0.4210519237523628
  endloop
endfacet
facet normal -1 0 0
  outer loop
    vertex -0.5 0.3749716058488073 0.4576544641308066
    vertex -0.5 0.4133974596215562 0.4633974596215562
    vertex -0.5 0.3883690654703634 0.4210519237523628
  endloop
endfacet
facet normal -1 0 0
  outer loop
    vertex -0.5 0.3749716058488073 0.4576544641308066
    vertex -0.5 0.4000000000000001 0.5
    vertex -0.5 0.4133974596215562 0.4633974596215562
  endloop
endfacet
facet normal -1 0 0
  outer loop
    vertex -0.5 0.3883690654703634 0.4210519237523628
    vertex -0.5 0.4133974596215562 0.4633974596215562
    vertex -0.5 0.4267949192431123 0.4267949192431123
  endloop
endfacet
facet normal -1 0 0
  outer loop
    vertex -0.5 0.4127398002285678 0.3420549525339006
    vertex -0.5 0.3813415059630911 0.3786819403977569
    vertex -0.5 0.41976735973584 0.3844249358885065
  endloop
endfacet
facet normal -1 0 0
  outer loop
    vertex -0.5 0.3813415059630911 0.3786819403977569
    vertex -0.5 0.3883690654703634 0.4210519237523628
    vertex -0.5 0.41976735973584 0.3844249358885065
  endloop
endfacet
facet normal -1 0 0
  outer loop
    vertex -0.5 0.3813415059630911 0.3786819403977569
    vertex -0.5 0.3499432116976144 0.4153089282616133
    vertex -0.5 0.3883690654703634 0.4210519237523628
  endloop
endfacet
facet normal -1 0 0
  outer loop
    vertex -0.5 0.41976735973584 0.3844249358885065
    vertex -0.5 0.3883690654703634 0.4210519237523628
    vertex -0.5 0.4267949192431123 0.4267949192431123
  endloop
endfacet
facet normal -1 0 0
  outer loop
    vertex -0.5 0.3470165505392092 0.08087155891813746
    vertex -0.5 0.376485524264039 0.1192445076668894
    vertex -0.5 0.3869057348911607 0.07703831983751264
  endloop
endfacet
facet normal -1 0 0
  outer loop
    vertex -0.5 0.376485524264039 0.1192445076668894
    vertex -0.5 0.4163747086159906 0.1154112685862645
    vertex -0.5 0.3869057348911607 0.07703831983751264
  endloop
endfacet
facet normal -1 0 0
  outer loop
    vertex -0.5 0.376485524264039 0.1192445076668894
    vertex -0.5 0.4059544979888689 0.1576174564156413
    vertex -0.5 0.4163747086159906 0.1154112685862645
  endloop
endfacet
facet normal -1 0 0
  outer loop
    vertex -0.5 0.3869057348911607 0.07703831983751264
    vertex -0.5 0.4163747086159906 0.1154112685862645
    vertex -0.5 0.4267949192431122 0.07320508075688781
  endloop
endfacet
facet normal -1 -0 0
  outer loop
    vertex -0.5 0.1581792557862226 0.4059051521456061
    vertex -0.5 0.1214138998072281 0.3777655284834336
    vertex -0.5 0.1156921682715551 0.4163500356943592
  endloop
endfacet
facet normal -1 0 0
  outer loop
    vertex -0.5 0.1214138998072281 0.3777655284834336
    vertex -0.5 0.07892681229256068 0.3882104120321868
    vertex -0.5 0.1156921682715551 0.4163500356943592
  endloop
endfacet
facet normal -1 -0 0
  outer loop
    vertex -0.5 0.1214138998072281 0.3777655284834336
    vertex -0.5 0.08464854382823365 0.3496259048212611
    vertex -0.5 0.07892681229256068 0.3882104120321868
  endloop
endfacet
facet normal -1 -0 0
  outer loop
    vertex -0.5 0.1156921682715551 0.4163500356943592
    vertex -0.5 0.07892681229256068 0.3882104120321868
    vertex -0.5 0.07320508075688771 0.4267949192431124
  endloop
endfacet
facet normal -1 0 -0
  outer loop
    vertex -0.5 0.07948422195986206 0.1527526049654498
    vertex -0.5 0.1174099003594154 0.1226755426231514
    vertex -0.5 0.07634465135837493 0.1129788428611688
  endloop
endfacet
facet normal -1 0 0
  outer loop
    vertex -0.5 0.1174099003594154 0.1226755426231514
    vertex -0.5 0.1142703297579283 0.08290178051887041
    vertex -0.5 0.07634465135837493 0.1129788428611688
  endloop
endfacet
facet normal -1 0 -0
  outer loop
    vertex -0.5 0.1174099003594154 0.1226755426231514
    vertex -0.5 0.1553355787589688 0.09259848028085305
    vertex -0.5 0.1142703297579283 0.08290178051887041
  endloop
endfacet
facet normal -1 0 -0
  outer loop
    vertex -0.5 0.07634465135837493 0.1129788428611688
    vertex -0.5 0.1142703297579283 0.08290178051887041
    vertex -0.5 0.07320508075688778 0.07320508075688778
  endloop
endfacet
facet normal -1 0 0
  outer loop
    vertex -0.5 0.3054099126398263 0.1600395334022321
    vertex -0.5 0.282608766887579 0.2050197667011161
    vertex -0.5 0.3232807255325342 0.1991687974101258
  endloop
endfacet
facet normal -1 0 0
  outer loop
    vertex -0.5 0.282608766887579 0.2050197667011161
    vertex -0.5 0.3004795797802868 0.2441490307090098
    vertex -0.5 0.3232807255325342 0.1991687974101258
  endloop
endfacet
facet normal -1 0 0
  outer loop
    vertex -0.5 0.282608766887579 0.2050197667011161
    vertex -0.5 0.2598076211353317 0.2500000000000001
    vertex -0.5 0.3004795797802868 0.2441490307090098
  endloop
endfacet
facet normal -1 0 0
  outer loop
    vertex -0.5 0.3232807255325342 0.1991687974101258
    vertex -0.5 0.3004795797802868 0.2441490307090098
    vertex -0.5 0.341151538425242 0.2382980614180195
  endloop
endfacet
facet normal -1 0 -0
  outer loop
    vertex -0.5 0.2556674571293667 0.4181466939758714
    vertex -0.5 0.2814888587961716 0.3761677561623906
    vertex -0.5 0.2423841946689504 0.3814975897964067
  endloop
endfacet
facet normal -1 -0 0
  outer loop
    vertex -0.5 0.2814888587961716 0.3761677561623906
    vertex -0.5 0.2682055963357553 0.3395186519829259
    vertex -0.5 0.2423841946689504 0.3814975897964067
  endloop
endfacet
facet normal -1 0 -0
  outer loop
    vertex -0.5 0.2814888587961716 0.3761677561623906
    vertex -0.5 0.3073102604629764 0.3341888183489098
    vertex -0.5 0.2682055963357553 0.3395186519829259
  endloop
endfacet
facet normal -1 0 -0
  outer loop
    vertex -0.5 0.2423841946689504 0.3814975897964067
    vertex -0.5 0.2682055963357553 0.3395186519829259
    vertex -0.5 0.2291009322085341 0.344848485616942
  endloop
endfacet
facet normal -1 0 0
  outer loop
    vertex -0.5 0.3054099126398263 0.1600395334022321
    vertex -0.5 0.2797132818129889 0.1209444904420377
    vertex -0.5 0.2672357637253896 0.1575822106474358
  endloop
endfacet
facet normal -1 -0 0
  outer loop
    vertex -0.5 0.2797132818129889 0.1209444904420377
    vertex -0.5 0.2415391328985522 0.1184871676872414
    vertex -0.5 0.2672357637253896 0.1575822106474358
  endloop
endfacet
facet normal -1 0 0
  outer loop
    vertex -0.5 0.2797132818129889 0.1209444904420377
    vertex -0.5 0.2540166509861514 0.08184944748184332
    vertex -0.5 0.2415391328985522 0.1184871676872414
  endloop
endfacet
facet normal -1 0 0
  outer loop
    vertex -0.5 0.2672357637253896 0.1575822106474358
    vertex -0.5 0.2415391328985522 0.1184871676872414
    vertex -0.5 0.2290616148109529 0.1551248878926396
  endloop
endfacet
facet normal 1 -0 0
  outer loop
    vertex 0.5 0.3073102604629764 0.3341888183489098
    vertex 0.5 0.3242308994441092 0.2862434398834646
    vertex 0.5 0.3600250303457721 0.3381218854414052
  endloop
endfacet
facet normal 1 0 0
  outer loop
    vertex 0.5 0.3242308994441092 0.2862434398834646
    vertex 0.5 0.3769456693269049 0.29017650697596
    vertex 0.5 0.3600250303457721 0.3381218854414052
  endloop
endfacet
facet normal 1 -0 0
  outer loop
    vertex 0.5 0.3242308994441092 0.2862434398834646
    vertex 0.5 0.341151538425242 0.2382980614180195
    vertex 0.5 0.3769456693269049 0.29017650697596
  endloop
endfacet
facet normal 1 -0 0
  outer loop
    vertex 0.5 0.3600250303457721 0.3381218854414052
    vertex 0.5 0.3769456693269049 0.29017650697596
    vertex 0.5 0.4127398002285678 0.3420549525339006
  endloop
endfacet
facet normal 1 0 0
  outer loop
    vertex 0.5 0.4127398002285678 0.3420549525339006
    vertex 0.5 0.3769456693269049 0.29017650697596
    vertex 0.5 0.4229927677115691 0.2940144801806969
  endloop
endfacet
facet normal 1 -0 0
  outer loop
    vertex 0.5 0.3769456693269049 0.29017650697596
    vertex 0.5 0.3871986368099063 0.2421360346227563
    vertex 0.5 0.4229927677115691 0.2940144801806969
  endloop
endfacet
facet normal 1 0 0
  outer loop
    vertex 0.5 0.3769456693269049 0.29017650697596
    vertex 0.5 0.341151538425242 0.2382980614180195
    vertex 0.5 0.3871986368099063 0.2421360346227563
  endloop
endfacet
facet normal 1 0 0
  outer loop
    vertex 0.5 0.4229927677115691 0.2940144801806969
    vertex 0.5 0.3871986368099063 0.2421360346227563
    vertex 0.5 0.4332457351945705 0.2459740078274931
  endloop
endfacet
facet normal 1 0 0
  outer loop
    vertex 0.5 0.1646327765805357 0.3019200613620556
    vertex 0.5 0.1614060161833791 0.3539126067538308
    vertex 0.5 0.1246406602043847 0.3257729830916584
  endloop
endfacet
facet normal 1 0 0
  outer loop
    vertex 0.5 0.1614060161833791 0.3539126067538308
    vertex 0.5 0.1214138998072281 0.3777655284834336
    vertex 0.5 0.1246406602043847 0.3257729830916584
  endloop
endfacet
facet normal 1 0 0
  outer loop
    vertex 0.5 0.1614060161833791 0.3539126067538308
    vertex 0.5 0.1581792557862226 0.4059051521456061
    vertex 0.5 0.1214138998072281 0.3777655284834336
  endloop
endfacet
facet normal 1 0 0
  outer loop
    vertex 0.5 0.1246406602043847 0.3257729830916584
    vertex 0.5 0.1214138998072281 0.3777655284834336
    vertex 0.5 0.08464854382823365 0.3496259048212611
  endloop
endfacet
facet normal 1 0 0
  outer loop
    vertex 0.5 0.4059544979888689 0.1576174564156413
    vertex 0.5 0.3735530182070554 0.1979577589168304
    vertex 0.5 0.3556822053143476 0.1588284949089367
  endloop
endfacet
facet normal 1 0 0
  outer loop
    vertex 0.5 0.3735530182070554 0.1979577589168304
    vertex 0.5 0.3232807255325342 0.1991687974101258
    vertex 0.5 0.3556822053143476 0.1588284949089367
  endloop
endfacet
facet normal 1 0 0
  outer loop
    vertex 0.5 0.3735530182070554 0.1979577589168304
    vertex 0.5 0.341151538425242 0.2382980614180195
    vertex 0.5 0.3232807255325342 0.1991687974101258
  endloop
endfacet
facet normal 1 0 0
  outer loop
    vertex 0.5 0.3556822053143476 0.1588284949089367
    vertex 0.5 0.3232807255325342 0.1991687974101258
    vertex 0.5 0.3054099126398263 0.1600395334022321
  endloop
endfacet
facet normal 1 0 0
  outer loop
    vertex 0.5 0.1622340012567547 0.1998947669936804
    vertex 0.5 0.1208591116083084 0.1763236859795651
    vertex 0.5 0.1587847900078618 0.1462466236372667
  endloop
endfacet
facet normal 1 0 0
  outer loop
    vertex 0.5 0.1208591116083084 0.1763236859795651
    vertex 0.5 0.1174099003594154 0.1226755426231514
    vertex 0.5 0.1587847900078618 0.1462466236372667
  endloop
endfacet
facet normal 1 0 0
  outer loop
    vertex 0.5 0.1208591116083084 0.1763236859795651
    vertex 0.5 0.07948422195986206 0.1527526049654498
    vertex 0.5 0.1174099003594154 0.1226755426231514
  endloop
endfacet
facet normal 1 0 0
  outer loop
    vertex 0.5 0.1587847900078618 0.1462466236372667
    vertex 0.5 0.1174099003594154 0.1226755426231514
    vertex 0.5 0.1553355787589688 0.09259848028085305
  endloop
endfacet
facet normal 1 0 0
  outer loop
    vertex 0.5 0.3499432116976144 0.4153089282616133
    vertex 0.5 0.3286267360802955 0.3747488733052615
    vertex 0.5 0.3813415059630911 0.3786819403977569
  endloop
endfacet
facet normal 1 -0 0
  outer loop
    vertex 0.5 0.3286267360802955 0.3747488733052615
    vertex 0.5 0.3600250303457721 0.3381218854414052
    vertex 0.5 0.3813415059630911 0.3786819403977569
  endloop
endfacet
facet normal 1 0 0
  outer loop
    vertex 0.5 0.3286267360802955 0.3747488733052615
    vertex 0.5 0.3073102604629764 0.3341888183489098
    vertex 0.5 0.3600250303457721 0.3381218854414052
  endloop
endfacet
facet normal 1 0 0
  outer loop
    vertex 0.5 0.3813415059630911 0.3786819403977569
    vertex 0.5 0.3600250303457721 0.3381218854414052
    vertex 0.5 0.4127398002285678 0.3420549525339006
  endloop
endfacet
facet normal 1 0 0
  outer loop
    vertex 0.5 0.4059544979888689 0.1576174564156413
    vertex 0.5 0.3556822053143476 0.1588284949089367
    vertex 0.5 0.376485524264039 0.1192445076668894
  endloop
endfacet
facet normal 1 0 0
  outer loop
    vertex 0.5 0.3556822053143476 0.1588284949089367
    vertex 0.5 0.3262132315895178 0.1204555461601848
    vertex 0.5 0.376485524264039 0.1192445076668894
  endloop
endfacet
facet normal 1 0 0
  outer loop
    vertex 0.5 0.3556822053143476 0.1588284949089367
    vertex 0.5 0.3054099126398263 0.1600395334022321
    vertex 0.5 0.3262132315895178 0.1204555461601848
  endloop
endfacet
facet normal 1 0 0
  outer loop
    vertex 0.5 0.376485524264039 0.1192445076668894
    vertex 0.5 0.3262132315895178 0.1204555461601848
    vertex 0.5 0.3470165505392092 0.08087155891813746
  endloop
endfacet
facet normal 1 0 -0
  outer loop
    vertex 0.5 0.1646327765805357 0.3019200613620556
    vertex 0.5 0.1968668543945349 0.3233842734894988
    vertex 0.5 0.1614060161833791 0.3539126067538308
  endloop
endfacet
facet normal 1 0 0
  outer loop
    vertex 0.5 0.1968668543945349 0.3233842734894988
    vertex 0.5 0.1936400939973784 0.3753768188812741
    vertex 0.5 0.1614060161833791 0.3539126067538308
  endloop
endfacet
facet normal 1 0 -0
  outer loop
    vertex 0.5 0.1968668543945349 0.3233842734894988
    vertex 0.5 0.2291009322085341 0.344848485616942
    vertex 0.5 0.1936400939973784 0.3753768188812741
  endloop
endfacet
facet normal 1 0 -0
  outer loop
    vertex 0.5 0.1614060161833791 0.3539126067538308
    vertex 0.5 0.1936400939973784 0.3753768188812741
    vertex 0.5 0.1581792557862226 0.4059051521456061
  endloop
endfacet
facet normal 1 0 0
  outer loop
    vertex 0.5 0.1553355787589688 0.09259848028085305
    vertex 0.5 0.1921985967849609 0.1238616840867463
    vertex 0.5 0.1587847900078618 0.1462466236372667
  endloop
endfacet
facet normal 1 0 -0
  outer loop
    vertex 0.5 0.1921985967849609 0.1238616840867463
    vertex 0.5 0.1956478080338538 0.17750982744316
    vertex 0.5 0.1587847900078618 0.1462466236372667
  endloop
endfacet
facet normal 1 0 0
  outer loop
    vertex 0.5 0.1921985967849609 0.1238616840867463
    vertex 0.5 0.2290616148109529 0.1551248878926396
    vertex 0.5 0.1956478080338538 0.17750982744316
  endloop
endfacet
facet normal 1 0 0
  outer loop
    vertex 0.5 0.1587847900078618 0.1462466236372667
    vertex 0.5 0.1956478080338538 0.17750982744316
    vertex 0.5 0.1622340012567547 0.1998947669936804
  endloop
endfacet
facet normal 1 0 0
  outer loop
    vertex 0.5 0.4332457351945705 0.2459740078274931
    vertex 0.5 0.3871986368099063 0.2421360346227563
    vertex 0.5 0.4196001165917197 0.2017957321215672
  endloop
endfacet
facet normal 1 0 0
  outer loop
    vertex 0.5 0.3871986368099063 0.2421360346227563
    vertex 0.5 0.3735530182070554 0.1979577589168304
    vertex 0.5 0.4196001165917197 0.2017957321215672
  endloop
endfacet
facet normal 1 0 0
  outer loop
    vertex 0.5 0.3871986368099063 0.2421360346227563
    vertex 0.5 0.341151538425242 0.2382980614180195
    vertex 0.5 0.3735530182070554 0.1979577589168304
  endloop
endfacet
facet normal 1 0 0
  outer loop
    vertex 0.5 0.4196001165917197 0.2017957321215672
    vertex 0.5 0.3735530182070554 0.1979577589168304
    vertex 0.5 0.4059544979888689 0.1576174564156413
  endloop
endfacet
facet normal 1 0 0
  outer loop
    vertex 0.5 0 0.2000000000000001
    vertex 0.5 0.04306533549328054 0.2254086508806389
    vertex 0.5 0 0.2500000000000001
  endloop
endfacet
facet normal 1 0 -0
  outer loop
    vertex 0.5 0.04306533549328054 0.2254086508806389
    vertex 0.5 0.04306533549328054 0.2754086508806389
    vertex 0.5 0 0.2500000000000001
  endloop
endfacet
facet normal 1 0 0
  outer loop
    vertex 0.5 0.04306533549328054 0.2254086508806389
    vertex 0.5 0.08613067098656109 0.2508173017612777
    vertex 0.5 0.04306533549328054 0.2754086508806389
  endloop
endfacet
facet normal 1 0 0
  outer loop
    vertex 0.5 0 0.2500000000000001
    vertex 0.5 0.04306533549328054 0.2754086508806389
    vertex 0.5 0 0.3000000000000001
  endloop
endfacet
facet normal 1 -0 0
  outer loop
    vertex 0.5 0.2000000000000001 0.5
    vertex 0.5 0.2278337285646834 0.4590733469879357
    vertex 0.5 0.2500000000000001 0.5
  endloop
endfacet
facet normal 1 0 0
  outer loop
    vertex 0.5 0.2278337285646834 0.4590733469879357
    vertex 0.5 0.2778337285646834 0.4590733469879357
    vertex 0.5 0.2500000000000001 0.5
  endloop
endfacet
facet normal 1 -0 0
  outer loop
    vertex 0.5 0.2278337285646834 0.4590733469879357
    vertex 0.5 0.2556674571293667 0.4181466939758714
    vertex 0.5 0.2778337285646834 0.4590733469879357
  endloop
endfacet
facet normal 1 -0 0
  outer loop
    vertex 0.5 0.2500000000000001 0.5
    vertex 0.5 0.2778337285646834 0.4590733469879357
    vertex 0.5 0.3000000000000001 0.5
  endloop
endfacet
facet normal 1 0 0
  outer loop
    vertex 0.5 0.5 0.2000000000000001
    vertex 0.5 0.4529772489944345 0.1788087282078207
    vertex 0.5 0.5 0.15
  endloop
endfacet
facet normal 1 0 0
  outer loop
    vertex 0.5 0.4529772489944345 0.1788087282078207
    vertex 0.5 0.4529772489944345 0.1288087282078206
    vertex 0.5 0.5 0.15
  endloop
endfacet
facet normal 1 0 0
  outer loop
    vertex 0.5 0.4529772489944345 0.1788087282078207
    vertex 0.5 0.4059544979888689 0.1576174564156413
    vertex 0.5 0.4529772489944345 0.1288087282078206
  endloop
endfacet
facet normal 1 0 0
  outer loop
    vertex 0.5 0.5 0.15
    vertex 0.5 0.4529772489944345 0.1288087282078206
    vertex 0.5 0.5 0.1
  endloop
endfacet
facet normal 1 0 0
  outer loop
    vertex 0.5 0.5 0.3000000000000001
    vertex 0.5 0.4666228675972853 0.2729870039137466
    vertex 0.5 0.5 0.2500000000000001
  endloop
endfacet
facet normal 1 0 0
  outer loop
    vertex 0.5 0.4666228675972853 0.2729870039137466
    vertex 0.5 0.4666228675972853 0.2229870039137466
    vertex 0.5 0.5 0.2500000000000001
  endloop
endfacet
facet normal 1 0 0
  outer loop
    vertex 0.5 0.4666228675972853 0.2729870039137466
    vertex 0.5 0.4332457351945705 0.2459740078274931
    vertex 0.5 0.4666228675972853 0.2229870039137466
  endloop
endfacet
facet normal 1 0 0
  outer loop
    vertex 0.5 0.5 0.2500000000000001
    vertex 0.5 0.4666228675972853 0.2229870039137466
    vertex 0.5 0.5 0.2000000000000001
  endloop
endfacet
facet normal 1 0 0
  outer loop
    vertex 0.5 0.4332457351945705 0.2459740078274931
    vertex 0.5 0.4196001165917197 0.2017957321215672
    vertex 0.5 0.4666228675972853 0.2229870039137466
  endloop
endfacet
facet normal 1 -0 0
  outer loop
    vertex 0.5 0.4196001165917197 0.2017957321215672
    vertex 0.5 0.4529772489944345 0.1788087282078207
    vertex 0.5 0.4666228675972853 0.2229870039137466
  endloop
endfacet
facet normal 1 0 0
  outer loop
    vertex 0.5 0.4196001165917197 0.2017957321215672
    vertex 0.5 0.4059544979888689 0.1576174564156413
    vertex 0.5 0.4529772489944345 0.1788087282078207
  endloop
endfacet
facet normal 1 0 0
  outer loop
    vertex 0.5 0.4666228675972853 0.2229870039137466
    vertex 0.5 0.4529772489944345 0.1788087282078207
    vertex 0.5 0.5 0.2000000000000001
  endloop
endfacet
facet normal 1 0 0
  outer loop
    vertex 0.5 0.3000000000000001 0
    vertex 0.5 0.2770083254930757 0.04092472374092166
    vertex 0.5 0.2500000000000001 0
  endloop
endfacet
facet normal 1 0 0
  outer loop
    vertex 0.5 0.2770083254930757 0.04092472374092166
    vertex 0.5 0.2270083254930758 0.04092472374092166
    vertex 0.5 0.2500000000000001 0
  endloop
endfacet
facet normal 1 0 0
  outer loop
    vertex 0.5 0.2770083254930757 0.04092472374092166
    vertex 0.5 0.2540166509861514 0.08184944748184332
    vertex 0.5 0.2270083254930758 0.04092472374092166
  endloop
endfacet
facet normal 1 0 0
  outer loop
    vertex 0.5 0.2500000000000001 0
    vertex 0.5 0.2270083254930758 0.04092472374092166
    vertex 0.5 0.2000000000000001 0
  endloop
endfacet
facet normal 1 0 0
  outer loop
    vertex 0.5 0 0.3000000000000001
    vertex 0.5 0.04232427191411683 0.3248129524106306
    vertex 0.5 0 0.3500000000000001
  endloop
endfacet
facet normal 1 0 -0
  outer loop
    vertex 0.5 0.04232427191411683 0.3248129524106306
    vertex 0.5 0.04232427191411683 0.3748129524106306
    vertex 0.5 0 0.3500000000000001
  endloop
endfacet
facet normal 1 0 0
  outer loop
    vertex 0.5 0.04232427191411683 0.3248129524106306
    vertex 0.5 0.08464854382823365 0.3496259048212611
    vertex 0.5 0.04232427191411683 0.3748129524106306
  endloop
endfacet
facet normal 1 0 0
  outer loop
    vertex 0.5 0 0.3500000000000001
    vertex 0.5 0.04232427191411683 0.3748129524106306
    vertex 0.5 0 0.4000000000000001
  endloop
endfacet
facet normal 1 -0 0
  outer loop
    vertex 0.5 0.3000000000000001 0.5
    vertex 0.5 0.3249716058488072 0.4576544641308066
    vertex 0.5 0.3500000000000001 0.5
  endloop
endfacet
facet normal 1 0 0
  outer loop
    vertex 0.5 0.3249716058488072 0.4576544641308066
    vertex 0.5 0.3749716058488073 0.4576544641308066
    vertex 0.5 0.3500000000000001 0.5
  endloop
endfacet
facet normal 1 -0 0
  outer loop
    vertex 0.5 0.3249716058488072 0.4576544641308066
    vertex 0.5 0.3499432116976144 0.4153089282616133
    vertex 0.5 0.3749716058488073 0.4576544641308066
  endloop
endfacet
facet normal 1 -0 0
  outer loop
    vertex 0.5 0.3500000000000001 0.5
    vertex 0.5 0.3749716058488073 0.4576544641308066
    vertex 0.5 0.4000000000000001 0.5
  endloop
endfacet
facet normal 1 0 0
  outer loop
    vertex 0.5 0.2000000000000001 0
    vertex 0.5 0.1776677893794844 0.04629924014042652
    vertex 0.5 0.15 0
  endloop
endfacet
facet normal 1 0 0
  outer loop
    vertex 0.5 0.1776677893794844 0.04629924014042652
    vertex 0.5 0.1276677893794844 0.04629924014042652
    vertex 0.5 0.15 0
  endloop
endfacet
facet normal 1 0 0
  outer loop
    vertex 0.5 0.1776677893794844 0.04629924014042652
    vertex 0.5 0.1553355787589688 0.09259848028085305
    vertex 0.5 0.1276677893794844 0.04629924014042652
  endloop
endfacet
facet normal 1 0 0
  outer loop
    vertex 0.5 0.15 0
    vertex 0.5 0.1276677893794844 0.04629924014042652
    vertex 0.5 0.1 0
  endloop
endfacet
facet normal 1 0 0
  outer loop
    vertex 0.5 0.2540166509861514 0.08184944748184332
    vertex 0.5 0.2046761148725601 0.08722396388134818
    vertex 0.5 0.2270083254930758 0.04092472374092166
  endloop
endfacet
facet normal 1 0 0
  outer loop
    vertex 0.5 0.2046761148725601 0.08722396388134818
    vertex 0.5 0.1776677893794844 0.04629924014042652
    vertex 0.5 0.2270083254930758 0.04092472374092166
  endloop
endfacet
facet normal 1 0 0
  outer loop
    vertex 0.5 0.2046761148725601 0.08722396388134818
    vertex 0.5 0.1553355787589688 0.09259848028085305
    vertex 0.5 0.1776677893794844 0.04629924014042652
  endloop
endfacet
facet normal 1 0 0
  outer loop
    vertex 0.5 0.2270083254930758 0.04092472374092166
    vertex 0.5 0.1776677893794844 0.04629924014042652
    vertex 0.5 0.2000000000000001 0
  endloop
endfacet
facet normal 1 -0 0
  outer loop
    vertex 0.5 0.08613067098656109 0.2508173017612777
    vertex 0.5 0.1241823361216579 0.2253560343774791
    vertex 0.5 0.1253817237835484 0.2763686815616667
  endloop
endfacet
facet normal 1 0 0
  outer loop
    vertex 0.5 0.1241823361216579 0.2253560343774791
    vertex 0.5 0.1634333889186452 0.250907414177868
    vertex 0.5 0.1253817237835484 0.2763686815616667
  endloop
endfacet
facet normal 1 -0 0
  outer loop
    vertex 0.5 0.1241823361216579 0.2253560343774791
    vertex 0.5 0.1622340012567547 0.1998947669936804
    vertex 0.5 0.1634333889186452 0.250907414177868
  endloop
endfacet
facet normal 1 -0 0
  outer loop
    vertex 0.5 0.1253817237835484 0.2763686815616667
    vertex 0.5 0.1634333889186452 0.250907414177868
    vertex 0.5 0.1646327765805357 0.3019200613620556
  endloop
endfacet
facet normal 1 0 0
  outer loop
    vertex 0.5 0.1622340012567547 0.1998947669936804
    vertex 0.5 0.2110208111960432 0.2249473834968403
    vertex 0.5 0.1634333889186452 0.250907414177868
  endloop
endfacet
facet normal 1 0 -0
  outer loop
    vertex 0.5 0.2110208111960432 0.2249473834968403
    vertex 0.5 0.2122201988579337 0.2759600306810279
    vertex 0.5 0.1634333889186452 0.250907414177868
  endloop
endfacet
facet normal 1 0 0
  outer loop
    vertex 0.5 0.2110208111960432 0.2249473834968403
    vertex 0.5 0.2598076211353317 0.2500000000000001
    vertex 0.5 0.2122201988579337 0.2759600306810279
  endloop
endfacet
facet normal 1 0 0
  outer loop
    vertex 0.5 0.1634333889186452 0.250907414177868
    vertex 0.5 0.2122201988579337 0.2759600306810279
    vertex 0.5 0.1646327765805357 0.3019200613620556
  endloop
endfacet
facet normal 1 0 0
  outer loop
    vertex 0.5 0.08613067098656109 0.2508173017612777
    vertex 0.5 0.08538960740739737 0.3002216032912694
    vertex 0.5 0.04306533549328054 0.2754086508806389
  endloop
endfacet
facet normal 1 0 0
  outer loop
    vertex 0.5 0.08538960740739737 0.3002216032912694
    vertex 0.5 0.04232427191411683 0.3248129524106306
    vertex 0.5 0.04306533549328054 0.2754086508806389
  endloop
endfacet
facet normal 1 0 0
  outer loop
    vertex 0.5 0.08538960740739737 0.3002216032912694
    vertex 0.5 0.08464854382823365 0.3496259048212611
    vertex 0.5 0.04232427191411683 0.3248129524106306
  endloop
endfacet
facet normal 1 0 0
  outer loop
    vertex 0.5 0.04306533549328054 0.2754086508806389
    vertex 0.5 0.04232427191411683 0.3248129524106306
    vertex 0.5 0 0.3000000000000001
  endloop
endfacet
facet normal 1 0 -0
  outer loop
    vertex 0.5 0.08613067098656109 0.2508173017612777
    vertex 0.5 0.1253817237835484 0.2763686815616667
    vertex 0.5 0.08538960740739737 0.3002216032912694
  endloop
endfacet
facet normal 1 0 0
  outer loop
    vertex 0.5 0.1253817237835484 0.2763686815616667
    vertex 0.5 0.1246406602043847 0.3257729830916584
    vertex 0.5 0.08538960740739737 0.3002216032912694
  endloop
endfacet
facet normal 1 0 -0
  outer loop
    vertex 0.5 0.1253817237835484 0.2763686815616667
    vertex 0.5 0.1646327765805357 0.3019200613620556
    vertex 0.5 0.1246406602043847 0.3257729830916584
  endloop
endfacet
facet normal 1 0 -0
  outer loop
    vertex 0.5 0.08538960740739737 0.3002216032912694
    vertex 0.5 0.1246406602043847 0.3257729830916584
    vertex 0.5 0.08464854382823365 0.3496259048212611
  endloop
endfacet
facet normal 1 -0 0
  outer loop
    vertex 0.5 0.2556674571293667 0.4181466939758714
    vertex 0.5 0.3028053344134906 0.4167278111187424
    vertex 0.5 0.2778337285646834 0.4590733469879357
  endloop
endfacet
facet normal 1 0 -0
  outer loop
    vertex 0.5 0.3028053344134906 0.4167278111187424
    vertex 0.5 0.3249716058488072 0.4576544641308066
    vertex 0.5 0.2778337285646834 0.4590733469879357
  endloop
endfacet
facet normal 1 -0 0
  outer loop
    vertex 0.5 0.3028053344134906 0.4167278111187424
    vertex 0.5 0.3499432116976144 0.4153089282616133
    vertex 0.5 0.3249716058488072 0.4576544641308066
  endloop
endfacet
facet normal 1 -0 0
  outer loop
    vertex 0.5 0.2778337285646834 0.4590733469879357
    vertex 0.5 0.3249716058488072 0.4576544641308066
    vertex 0.5 0.3000000000000001 0.5
  endloop
endfacet
facet normal 1 0 0
  outer loop
    vertex 0.5 0.4000000000000001 0
    vertex 0.5 0.3735082752696046 0.04043577945906873
    vertex 0.5 0.3500000000000001 0
  endloop
endfacet
facet normal 1 0 0
  outer loop
    vertex 0.5 0.3735082752696046 0.04043577945906873
    vertex 0.5 0.3235082752696046 0.04043577945906873
    vertex 0.5 0.3500000000000001 0
  endloop
endfacet
facet normal 1 0 0
  outer loop
    vertex 0.5 0.3735082752696046 0.04043577945906873
    vertex 0.5 0.3470165505392092 0.08087155891813746
    vertex 0.5 0.3235082752696046 0.04043577945906873
  endloop
endfacet
facet normal 1 0 0
  outer loop
    vertex 0.5 0.3500000000000001 0
    vertex 0.5 0.3235082752696046 0.04043577945906873
    vertex 0.5 0.3000000000000001 0
  endloop
endfacet
facet normal 1 0 0
  outer loop
    vertex 0.5 0.5 0.4000000000000001
    vertex 0.5 0.4563699001142839 0.3710274762669504
    vertex 0.5 0.5 0.3500000000000001
  endloop
endfacet
facet normal 1 0 0
  outer loop
    vertex 0.5 0.4563699001142839 0.3710274762669504
    vertex 0.5 0.4563699001142839 0.3210274762669504
    vertex 0.5 0.5 0.3500000000000001
  endloop
endfacet
facet normal 1 0 0
  outer loop
    vertex 0.5 0.4563699001142839 0.3710274762669504
    vertex 0.5 0.4127398002285678 0.3420549525339006
    vertex 0.5 0.4563699001142839 0.3210274762669504
  endloop
endfacet
facet normal 1 0 0
  outer loop
    vertex 0.5 0.5 0.3500000000000001
    vertex 0.5 0.4563699001142839 0.3210274762669504
    vertex 0.5 0.5 0.3000000000000001
  endloop
endfacet
facet normal 1 -0 0
  outer loop
    vertex 0.5 0.1 0.5
    vertex 0.5 0.1290896278931113 0.452952576072803
    vertex 0.5 0.15 0.5
  endloop
endfacet
facet normal 1 0 0
  outer loop
    vertex 0.5 0.1290896278931113 0.452952576072803
    vertex 0.5 0.1790896278931113 0.452952576072803
    vertex 0.5 0.15 0.5
  endloop
endfacet
facet normal 1 -0 0
  outer loop
    vertex 0.5 0.1290896278931113 0.452952576072803
    vertex 0.5 0.1581792557862226 0.4059051521456061
    vertex 0.5 0.1790896278931113 0.452952576072803
  endloop
endfacet
facet normal 1 -0 0
  outer loop
    vertex 0.5 0.15 0.5
    vertex 0.5 0.1790896278931113 0.452952576072803
    vertex 0.5 0.2000000000000001 0.5
  endloop
endfacet
facet normal 1 0 0
  outer loop
    vertex 0.5 0.08613067098656109 0.2508173017612777
    vertex 0.5 0.08280744647321157 0.2017849533633638
    vertex 0.5 0.1241823361216579 0.2253560343774791
  endloop
endfacet
facet normal 1 -0 0
  outer loop
    vertex 0.5 0.08280744647321157 0.2017849533633638
    vertex 0.5 0.1208591116083084 0.1763236859795651
    vertex 0.5 0.1241823361216579 0.2253560343774791
  endloop
endfacet
facet normal 1 0 0
  outer loop
    vertex 0.5 0.08280744647321157 0.2017849533633638
    vertex 0.5 0.07948422195986206 0.1527526049654498
    vertex 0.5 0.1208591116083084 0.1763236859795651
  endloop
endfacet
facet normal 1 0 0
  outer loop
    vertex 0.5 0.1241823361216579 0.2253560343774791
    vertex 0.5 0.1208591116083084 0.1763236859795651
    vertex 0.5 0.1622340012567547 0.1998947669936804
  endloop
endfacet
facet normal 1 0 0
  outer loop
    vertex 0.5 0 0.1
    vertex 0.5 0.03974211097993103 0.1263763024827249
    vertex 0.5 0 0.15
  endloop
endfacet
facet normal 1 0 -0
  outer loop
    vertex 0.5 0.03974211097993103 0.1263763024827249
    vertex 0.5 0.03974211097993103 0.176376302482725
    vertex 0.5 0 0.15
  endloop
endfacet
facet normal 1 0 0
  outer loop
    vertex 0.5 0.03974211097993103 0.1263763024827249
    vertex 0.5 0.07948422195986206 0.1527526049654498
    vertex 0.5 0.03974211097993103 0.176376302482725
  endloop
endfacet
facet normal 1 0 0
  outer loop
    vertex 0.5 0 0.15
    vertex 0.5 0.03974211097993103 0.176376302482725
    vertex 0.5 0 0.2000000000000001
  endloop
endfacet
facet normal 1 -0 0
  outer loop
    vertex 0.5 0 0.2000000000000001
    vertex 0.5 0.03974211097993103 0.176376302482725
    vertex 0.5 0.04306533549328054 0.2254086508806389
  endloop
endfacet
facet normal 1 0 0
  outer loop
    vertex 0.5 0.03974211097993103 0.176376302482725
    vertex 0.5 0.08280744647321157 0.2017849533633638
    vertex 0.5 0.04306533549328054 0.2254086508806389
  endloop
endfacet
facet normal 1 -0 0
  outer loop
    vertex 0.5 0.03974211097993103 0.176376302482725
    vertex 0.5 0.07948422195986206 0.1527526049654498
    vertex 0.5 0.08280744647321157 0.2017849533633638
  endloop
endfacet
facet normal 1 -0 0
  outer loop
    vertex 0.5 0.04306533549328054 0.2254086508806389
    vertex 0.5 0.08280744647321157 0.2017849533633638
    vertex 0.5 0.08613067098656109 0.2508173017612777
  endloop
endfacet
facet normal 1 0 0
  outer loop
    vertex 0.5 0.2000000000000001 0.5
    vertex 0.5 0.1790896278931113 0.452952576072803
    vertex 0.5 0.2278337285646834 0.4590733469879357
  endloop
endfacet
facet normal 1 -0 0
  outer loop
    vertex 0.5 0.1790896278931113 0.452952576072803
    vertex 0.5 0.2069233564577946 0.4120259230607387
    vertex 0.5 0.2278337285646834 0.4590733469879357
  endloop
endfacet
facet normal 1 0 0
  outer loop
    vertex 0.5 0.1790896278931113 0.452952576072803
    vertex 0.5 0.1581792557862226 0.4059051521456061
    vertex 0.5 0.2069233564577946 0.4120259230607387
  endloop
endfacet
facet normal 1 0 0
  outer loop
    vertex 0.5 0.2278337285646834 0.4590733469879357
    vertex 0.5 0.2069233564577946 0.4120259230607387
    vertex 0.5 0.2556674571293667 0.4181466939758714
  endloop
endfacet
facet normal 1 0 -0
  outer loop
    vertex 0.5 0.3000000000000001 0
    vertex 0.5 0.3235082752696046 0.04043577945906873
    vertex 0.5 0.2770083254930757 0.04092472374092166
  endloop
endfacet
facet normal 1 0 0
  outer loop
    vertex 0.5 0.3235082752696046 0.04043577945906873
    vertex 0.5 0.3005166007626803 0.08136050319999039
    vertex 0.5 0.2770083254930757 0.04092472374092166
  endloop
endfacet
facet normal 1 0 -0
  outer loop
    vertex 0.5 0.3235082752696046 0.04043577945906873
    vertex 0.5 0.3470165505392092 0.08087155891813746
    vertex 0.5 0.3005166007626803 0.08136050319999039
  endloop
endfacet
facet normal 1 0 -0
  outer loop
    vertex 0.5 0.2770083254930757 0.04092472374092166
    vertex 0.5 0.3005166007626803 0.08136050319999039
    vertex 0.5 0.2540166509861514 0.08184944748184332
  endloop
endfacet
facet normal 1 0 0
  outer loop
    vertex 0.5 0.5 0.3000000000000001
    vertex 0.5 0.4563699001142839 0.3210274762669504
    vertex 0.5 0.4666228675972853 0.2729870039137466
  endloop
endfacet
facet normal 1 0 0
  outer loop
    vertex 0.5 0.4563699001142839 0.3210274762669504
    vertex 0.5 0.4229927677115691 0.2940144801806969
    vertex 0.5 0.4666228675972853 0.2729870039137466
  endloop
endfacet
facet normal 1 0 0
  outer loop
    vertex 0.5 0.4563699001142839 0.3210274762669504
    vertex 0.5 0.4127398002285678 0.3420549525339006
    vertex 0.5 0.4229927677115691 0.2940144801806969
  endloop
endfacet
facet normal 1 0 0
  outer loop
    vertex 0.5 0.4666228675972853 0.2729870039137466
    vertex 0.5 0.4229927677115691 0.2940144801806969
    vertex 0.5 0.4332457351945705 0.2459740078274931
  endloop
endfacet
facet normal 1 0 0
  outer loop
    vertex 0.5 0.2556674571293667 0.4181466939758714
    vertex 0.5 0.2814888587961716 0.3761677561623906
    vertex 0.5 0.3028053344134906 0.4167278111187424
  endloop
endfacet
facet normal 1 -0 0
  outer loop
    vertex 0.5 0.2814888587961716 0.3761677561623906
    vertex 0.5 0.3286267360802955 0.3747488733052615
    vertex 0.5 0.3028053344134906 0.4167278111187424
  endloop
endfacet
facet normal 1 0 0
  outer loop
    vertex 0.5 0.2814888587961716 0.3761677561623906
    vertex 0.5 0.3073102604629764 0.3341888183489098
    vertex 0.5 0.3286267360802955 0.3747488733052615
  endloop
endfacet
facet normal 1 0 0
  outer loop
    vertex 0.5 0.3028053344134906 0.4167278111187424
    vertex 0.5 0.3286267360802955 0.3747488733052615
    vertex 0.5 0.3499432116976144 0.4153089282616133
  endloop
endfacet
facet normal 1 0 0
  outer loop
    vertex 0.5 0.5 0.1
    vertex 0.5 0.4633974596215561 0.08660254037844392
    vertex 0.5 0.5 0.05000000000000001
  endloop
endfacet
facet normal 1 0 0
  outer loop
    vertex 0.5 0.4633974596215561 0.08660254037844392
    vertex 0.5 0.4633974596215561 0.0366025403784439
    vertex 0.5 0.5 0.05000000000000001
  endloop
endfacet
facet normal 1 0 0
  outer loop
    vertex 0.5 0.4633974596215561 0.08660254037844392
    vertex 0.5 0.4267949192431122 0.07320508075688781
    vertex 0.5 0.4633974596215561 0.0366025403784439
  endloop
endfacet
facet normal 1 0 0
  outer loop
    vertex 0.5 0.5 0.05000000000000001
    vertex 0.5 0.4633974596215561 0.0366025403784439
    vertex 0.5 0.5 0
  endloop
endfacet
facet normal 1 0 0
  outer loop
    vertex 0.5 0.5 0
    vertex 0.5 0.4633974596215561 0.0366025403784439
    vertex 0.5 0.4500000000000001 0
  endloop
endfacet
facet normal 1 0 0
  outer loop
    vertex 0.5 0.4633974596215561 0.0366025403784439
    vertex 0.5 0.4133974596215562 0.0366025403784439
    vertex 0.5 0.4500000000000001 0
  endloop
endfacet
facet normal 1 0 0
  outer loop
    vertex 0.5 0.4633974596215561 0.0366025403784439
    vertex 0.5 0.4267949192431122 0.07320508075688781
    vertex 0.5 0.4133974596215562 0.0366025403784439
  endloop
endfacet
facet normal 1 0 0
  outer loop
    vertex 0.5 0.4500000000000001 0
    vertex 0.5 0.4133974596215562 0.0366025403784439
    vertex 0.5 0.4000000000000001 0
  endloop
endfacet
facet normal 1 0 0
  outer loop
    vertex 0.5 0 0
    vertex 0.5 0.03660254037844389 0.03660254037844389
    vertex 0.5 0 0.05000000000000001
  endloop
endfacet
facet normal 1 0 -0
  outer loop
    vertex 0.5 0.03660254037844389 0.03660254037844389
    vertex 0.5 0.03660254037844389 0.08660254037844389
    vertex 0.5 0 0.05000000000000001
  endloop
endfacet
facet normal 1 0 0
  outer loop
    vertex 0.5 0.03660254037844389 0.03660254037844389
    vertex 0.5 0.07320508075688778 0.07320508075688778
    vertex 0.5 0.03660254037844389 0.08660254037844389
  endloop
endfacet
facet normal 1 0 0
  outer loop
    vertex 0.5 0 0.05000000000000001
    vertex 0.5 0.03660254037844389 0.08660254037844389
    vertex 0.5 0 0.1
  endloop
endfacet
facet normal 1 0 0
  outer loop
    vertex 0.5 0.1 0
    vertex 0.5 0.08660254037844389 0.03660254037844389
    vertex 0.5 0.05000000000000001 0
  endloop
endfacet
facet normal 1 0 0
  outer loop
    vertex 0.5 0.08660254037844389 0.03660254037844389
    vertex 0.5 0.03660254037844389 0.03660254037844389
    vertex 0.5 0.05000000000000001 0
  endloop
endfacet
facet normal 1 0 0
  outer loop
    vertex 0.5 0.08660254037844389 0.03660254037844389
    vertex 0.5 0.07320508075688778 0.07320508075688778
    vertex 0.5 0.03660254037844389 0.03660254037844389
  endloop
endfacet
facet normal 1 0 0
  outer loop
    vertex 0.5 0.05000000000000001 0
    vertex 0.5 0.03660254037844389 0.03660254037844389
    vertex 0.5 0 0
  endloop
endfacet
facet normal 1 -0 0
  outer loop
    vertex 0.5 0.4000000000000001 0.5
    vertex 0.5 0.4133974596215562 0.4633974596215562
    vertex 0.5 0.4500000000000001 0.5
  endloop
endfacet
facet normal 1 0 0
  outer loop
    vertex 0.5 0.4133974596215562 0.4633974596215562
    vertex 0.5 0.4633974596215562 0.4633974596215562
    vertex 0.5 0.4500000000000001 0.5
  endloop
endfacet
facet normal 1 -0 0
  outer loop
    vertex 0.5 0.4133974596215562 0.4633974596215562
    vertex 0.5 0.4267949192431123 0.4267949192431123
    vertex 0.5 0.4633974596215562 0.4633974596215562
  endloop
endfacet
facet normal 1 -0 0
  outer loop
    vertex 0.5 0.4500000000000001 0.5
    vertex 0.5 0.4633974596215562 0.4633974596215562
    vertex 0.5 0.5 0.5
  endloop
endfacet
facet normal 1 0 0
  outer loop
    vertex 0.5 0.5 0.5
    vertex 0.5 0.4633974596215562 0.4633974596215562
    vertex 0.5 0.5 0.4500000000000001
  endloop
endfacet
facet normal 1 0 0
  outer loop
    vertex 0.5 0.4633974596215562 0.4633974596215562
    vertex 0.5 0.4633974596215562 0.4133974596215562
    vertex 0.5 0.5 0.4500000000000001
  endloop
endfacet
facet normal 1 0 0
  outer loop
    vertex 0.5 0.4633974596215562 0.4633974596215562
    vertex 0.5 0.4267949192431123 0.4267949192431123
    vertex 0.5 0.4633974596215562 0.4133974596215562
  endloop
endfacet
facet normal 1 0 0
  outer loop
    vertex 0.5 0.5 0.4500000000000001
    vertex 0.5 0.4633974596215562 0.4133974596215562
    vertex 0.5 0.5 0.4000000000000001
  endloop
endfacet
facet normal 1 0 0
  outer loop
    vertex 0.5 0 0.4000000000000001
    vertex 0.5 0.03660254037844386 0.4133974596215563
    vertex 0.5 0 0.4500000000000001
  endloop
endfacet
facet normal 1 0 -0
  outer loop
    vertex 0.5 0.03660254037844386 0.4133974596215563
    vertex 0.5 0.03660254037844386 0.4633974596215562
    vertex 0.5 0 0.4500000000000001
  endloop
endfacet
facet normal 1 0 0
  outer loop
    vertex 0.5 0.03660254037844386 0.4133974596215563
    vertex 0.5 0.07320508075688771 0.4267949192431124
    vertex 0.5 0.03660254037844386 0.4633974596215562
  endloop
endfacet
facet normal 1 0 0
  outer loop
    vertex 0.5 0 0.4500000000000001
    vertex 0.5 0.03660254037844386 0.4633974596215562
    vertex 0.5 0 0.5
  endloop
endfacet
facet normal 1 -0 0
  outer loop
    vertex 0.5 0 0.5
    vertex 0.5 0.03660254037844386 0.4633974596215562
    vertex 0.5 0.05000000000000001 0.5
  endloop
endfacet
facet normal 1 0 0
  outer loop
    vertex 0.5 0.03660254037844386 0.4633974596215562
    vertex 0.5 0.08660254037844387 0.4633974596215562
    vertex 0.5 0.05000000000000001 0.5
  endloop
endfacet
facet normal 1 -0 0
  outer loop
    vertex 0.5 0.03660254037844386 0.4633974596215562
    vertex 0.5 0.07320508075688771 0.4267949192431124
    vertex 0.5 0.08660254037844387 0.4633974596215562
  endloop
endfacet
facet normal 1 -0 0
  outer loop
    vertex 0.5 0.05000000000000001 0.5
    vertex 0.5 0.08660254037844387 0.4633974596215562
    vertex 0.5 0.1 0.5
  endloop
endfacet
facet normal 1 -0 0
  outer loop
    vertex 0.5 0.2598076211353317 0.2500000000000001
    vertex 0.5 0.3004795797802868 0.2441490307090098
    vertex 0.5 0.2835589407991541 0.2920944091744549
  endloop
endfacet
facet normal 1 0 -0
  outer loop
    vertex 0.5 0.3004795797802868 0.2441490307090098
    vertex 0.5 0.3242308994441092 0.2862434398834646
    vertex 0.5 0.2835589407991541 0.2920944091744549
  endloop
endfacet
facet normal 1 -0 0
  outer loop
    vertex 0.5 0.3004795797802868 0.2441490307090098
    vertex 0.5 0.341151538425242 0.2382980614180195
    vertex 0.5 0.3242308994441092 0.2862434398834646
  endloop
endfacet
facet normal 1 -0 0
  outer loop
    vertex 0.5 0.2835589407991541 0.2920944091744549
    vertex 0.5 0.3242308994441092 0.2862434398834646
    vertex 0.5 0.3073102604629764 0.3341888183489098
  endloop
endfacet
facet normal 1 0 0
  outer loop
    vertex 0.5 0.2540166509861514 0.08184944748184332
    vertex 0.5 0.2415391328985522 0.1184871676872414
    vertex 0.5 0.2046761148725601 0.08722396388134818
  endloop
endfacet
facet normal 1 0 0
  outer loop
    vertex 0.5 0.2415391328985522 0.1184871676872414
    vertex 0.5 0.1921985967849609 0.1238616840867463
    vertex 0.5 0.2046761148725601 0.08722396388134818
  endloop
endfacet
facet normal 1 0 0
  outer loop
    vertex 0.5 0.2415391328985522 0.1184871676872414
    vertex 0.5 0.2290616148109529 0.1551248878926396
    vertex 0.5 0.1921985967849609 0.1238616840867463
  endloop
endfacet
facet normal 1 0 0
  outer loop
    vertex 0.5 0.2046761148725601 0.08722396388134818
    vertex 0.5 0.1921985967849609 0.1238616840867463
    vertex 0.5 0.1553355787589688 0.09259848028085305
  endloop
endfacet
facet normal 1 0 0
  outer loop
    vertex 0.5 0.3470165505392092 0.08087155891813746
    vertex 0.5 0.3262132315895178 0.1204555461601848
    vertex 0.5 0.3005166007626803 0.08136050319999039
  endloop
endfacet
facet normal 1 0 0
  outer loop
    vertex 0.5 0.3262132315895178 0.1204555461601848
    vertex 0.5 0.2797132818129889 0.1209444904420377
    vertex 0.5 0.3005166007626803 0.08136050319999039
  endloop
endfacet
facet normal 1 0 0
  outer loop
    vertex 0.5 0.3262132315895178 0.1204555461601848
    vertex 0.5 0.3054099126398263 0.1600395334022321
    vertex 0.5 0.2797132818129889 0.1209444904420377
  endloop
endfacet
facet normal 1 0 0
  outer loop
    vertex 0.5 0.3005166007626803 0.08136050319999039
    vertex 0.5 0.2797132818129889 0.1209444904420377
    vertex 0.5 0.2540166509861514 0.08184944748184332
  endloop
endfacet
facet normal 1 -0 0
  outer loop
    vertex 0.5 0.1622340012567547 0.1998947669936804
    vertex 0.5 0.1956478080338538 0.17750982744316
    vertex 0.5 0.2110208111960432 0.2249473834968403
  endloop
endfacet
facet normal 1 0 0
  outer loop
    vertex 0.5 0.1956478080338538 0.17750982744316
    vertex 0.5 0.2444346179731423 0.2025624439463198
    vertex 0.5 0.2110208111960432 0.2249473834968403
  endloop
endfacet
facet normal 1 -0 0
  outer loop
    vertex 0.5 0.1956478080338538 0.17750982744316
    vertex 0.5 0.2290616148109529 0.1551248878926396
    vertex 0.5 0.2444346179731423 0.2025624439463198
  endloop
endfacet
facet normal 1 -0 0
  outer loop
    vertex 0.5 0.2110208111960432 0.2249473834968403
    vertex 0.5 0.2444346179731423 0.2025624439463198
    vertex 0.5 0.2598076211353317 0.2500000000000001
  endloop
endfacet
facet normal 1 0 0
  outer loop
    vertex 0.5 0.2598076211353317 0.2500000000000001
    vertex 0.5 0.2444542766719329 0.297424242808471
    vertex 0.5 0.2122201988579337 0.2759600306810279
  endloop
endfacet
facet normal 1 0 0
  outer loop
    vertex 0.5 0.2444542766719329 0.297424242808471
    vertex 0.5 0.1968668543945349 0.3233842734894988
    vertex 0.5 0.2122201988579337 0.2759600306810279
  endloop
endfacet
facet normal 1 0 0
  outer loop
    vertex 0.5 0.2444542766719329 0.297424242808471
    vertex 0.5 0.2291009322085341 0.344848485616942
    vertex 0.5 0.1968668543945349 0.3233842734894988
  endloop
endfacet
facet normal 1 0 0
  outer loop
    vertex 0.5 0.2122201988579337 0.2759600306810279
    vertex 0.5 0.1968668543945349 0.3233842734894988
    vertex 0.5 0.1646327765805357 0.3019200613620556
  endloop
endfacet
facet normal 1 -0 0
  outer loop
    vertex 0.5 0.1581792557862226 0.4059051521456061
    vertex 0.5 0.1936400939973784 0.3753768188812741
    vertex 0.5 0.2069233564577946 0.4120259230607387
  endloop
endfacet
facet normal 1 0 0
  outer loop
    vertex 0.5 0.1936400939973784 0.3753768188812741
    vertex 0.5 0.2423841946689504 0.3814975897964067
    vertex 0.5 0.2069233564577946 0.4120259230607387
  endloop
endfacet
facet normal 1 -0 0
  outer loop
    vertex 0.5 0.1936400939973784 0.3753768188812741
    vertex 0.5 0.2291009322085341 0.344848485616942
    vertex 0.5 0.2423841946689504 0.3814975897964067
  endloop
endfacet
facet normal 1 -0 0
  outer loop
    vertex 0.5 0.2069233564577946 0.4120259230607387
    vertex 0.5 0.2423841946689504 0.3814975897964067
    vertex 0.5 0.2556674571293667 0.4181466939758714
  endloop
endfacet
facet normal 1 0 0
  outer loop
    vertex 0.5 0.2598076211353317 0.2500000000000001
    vertex 0.5 0.2444346179731423 0.2025624439463198
    vertex 0.5 0.282608766887579 0.2050197667011161
  endloop
endfacet
facet normal 1 -0 0
  outer loop
    vertex 0.5 0.2444346179731423 0.2025624439463198
    vertex 0.5 0.2672357637253896 0.1575822106474358
    vertex 0.5 0.282608766887579 0.2050197667011161
  endloop
endfacet
facet normal 1 0 0
  outer loop
    vertex 0.5 0.2444346179731423 0.2025624439463198
    vertex 0.5 0.2290616148109529 0.1551248878926396
    vertex 0.5 0.2672357637253896 0.1575822106474358
  endloop
endfacet
facet normal 1 0 0
  outer loop
    vertex 0.5 0.282608766887579 0.2050197667011161
    vertex 0.5 0.2672357637253896 0.1575822106474358
    vertex 0.5 0.3054099126398263 0.1600395334022321
  endloop
endfacet
facet normal 1 0 0
  outer loop
    vertex 0.5 0.3073102604629764 0.3341888183489098
    vertex 0.5 0.2682055963357553 0.3395186519829259
    vertex 0.5 0.2835589407991541 0.2920944091744549
  endloop
endfacet
facet normal 1 0 0
  outer loop
    vertex 0.5 0.2682055963357553 0.3395186519829259
    vertex 0.5 0.2444542766719329 0.297424242808471
    vertex 0.5 0.2835589407991541 0.2920944091744549
  endloop
endfacet
facet normal 1 0 0
  outer loop
    vertex 0.5 0.2682055963357553 0.3395186519829259
    vertex 0.5 0.2291009322085341 0.344848485616942
    vertex 0.5 0.2444542766719329 0.297424242808471
  endloop
endfacet
facet normal 1 0 0
  outer loop
    vertex 0.5 0.2835589407991541 0.2920944091744549
    vertex 0.5 0.2444542766719329 0.297424242808471
    vertex 0.5 0.2598076211353317 0.2500000000000001
  endloop
endfacet
facet normal 1 0 0
  outer loop
    vertex 0.5 0.1 0.5
    vertex 0.5 0.08660254037844387 0.4633974596215562
    vertex 0.5 0.1290896278931113 0.452952576072803
  endloop
endfacet
facet normal 1 0 0
  outer loop
    vertex 0.5 0.08660254037844387 0.4633974596215562
    vertex 0.5 0.1156921682715551 0.4163500356943592
    vertex 0.5 0.1290896278931113 0.452952576072803
  endloop
endfacet
facet normal 1 0 0
  outer loop
    vertex 0.5 0.08660254037844387 0.4633974596215562
    vertex 0.5 0.07320508075688771 0.4267949192431124
    vertex 0.5 0.1156921682715551 0.4163500356943592
  endloop
endfacet
facet normal 1 0 0
  outer loop
    vertex 0.5 0.1290896278931113 0.452952576072803
    vertex 0.5 0.1156921682715551 0.4163500356943592
    vertex 0.5 0.1581792557862226 0.4059051521456061
  endloop
endfacet
facet normal 1 0 0
  outer loop
    vertex 0.5 0.5 0.4000000000000001
    vertex 0.5 0.4633974596215562 0.4133974596215562
    vertex 0.5 0.4563699001142839 0.3710274762669504
  endloop
endfacet
facet normal 1 0 0
  outer loop
    vertex 0.5 0.4633974596215562 0.4133974596215562
    vertex 0.5 0.41976735973584 0.3844249358885065
    vertex 0.5 0.4563699001142839 0.3710274762669504
  endloop
endfacet
facet normal 1 0 0
  outer loop
    vertex 0.5 0.4633974596215562 0.4133974596215562
    vertex 0.5 0.4267949192431123 0.4267949192431123
    vertex 0.5 0.41976735973584 0.3844249358885065
  endloop
endfacet
facet normal 1 0 0
  outer loop
    vertex 0.5 0.4563699001142839 0.3710274762669504
    vertex 0.5 0.41976735973584 0.3844249358885065
    vertex 0.5 0.4127398002285678 0.3420549525339006
  endloop
endfacet
facet normal 1 -0 0
  outer loop
    vertex 0.5 0 0.1
    vertex 0.5 0.03660254037844389 0.08660254037844389
    vertex 0.5 0.03974211097993103 0.1263763024827249
  endloop
endfacet
facet normal 1 0 0
  outer loop
    vertex 0.5 0.03660254037844389 0.08660254037844389
    vertex 0.5 0.07634465135837493 0.1129788428611688
    vertex 0.5 0.03974211097993103 0.1263763024827249
  endloop
endfacet
facet normal 1 -0 0
  outer loop
    vertex 0.5 0.03660254037844389 0.08660254037844389
    vertex 0.5 0.07320508075688778 0.07320508075688778
    vertex 0.5 0.07634465135837493 0.1129788428611688
  endloop
endfacet
facet normal 1 -0 0
  outer loop
    vertex 0.5 0.03974211097993103 0.1263763024827249
    vertex 0.5 0.07634465135837493 0.1129788428611688
    vertex 0.5 0.07948422195986206 0.1527526049654498
  endloop
endfacet
facet normal 1 0 -0
  outer loop
    vertex 0.5 0.4000000000000001 0
    vertex 0.5 0.4133974596215562 0.0366025403784439
    vertex 0.5 0.3735082752696046 0.04043577945906873
  endloop
endfacet
facet normal 1 0 0
  outer loop
    vertex 0.5 0.4133974596215562 0.0366025403784439
    vertex 0.5 0.3869057348911607 0.07703831983751264
    vertex 0.5 0.3735082752696046 0.04043577945906873
  endloop
endfacet
facet normal 1 0 -0
  outer loop
    vertex 0.5 0.4133974596215562 0.0366025403784439
    vertex 0.5 0.4267949192431122 0.07320508075688781
    vertex 0.5 0.3869057348911607 0.07703831983751264
  endloop
endfacet
facet normal 1 0 -0
  outer loop
    vertex 0.5 0.3735082752696046 0.04043577945906873
    vertex 0.5 0.3869057348911607 0.07703831983751264
    vertex 0.5 0.3470165505392092 0.08087155891813746
  endloop
endfacet
facet normal 1 0 0
  outer loop
    vertex 0.5 0.08464854382823365 0.3496259048212611
    vertex 0.5 0.07892681229256068 0.3882104120321868
    vertex 0.5 0.04232427191411683 0.3748129524106306
  endloop
endfacet
facet normal 1 0 0
  outer loop
    vertex 0.5 0.07892681229256068 0.3882104120321868
    vertex 0.5 0.03660254037844386 0.4133974596215563
    vertex 0.5 0.04232427191411683 0.3748129524106306
  endloop
endfacet
facet normal 1 0 0
  outer loop
    vertex 0.5 0.07892681229256068 0.3882104120321868
    vertex 0.5 0.07320508075688771 0.4267949192431124
    vertex 0.5 0.03660254037844386 0.4133974596215563
  endloop
endfacet
facet normal 1 0 0
  outer loop
    vertex 0.5 0.04232427191411683 0.3748129524106306
    vertex 0.5 0.03660254037844386 0.4133974596215563
    vertex 0.5 0 0.4000000000000001
  endloop
endfacet
facet normal 1 0 0
  outer loop
    vertex 0.5 0.4059544979888689 0.1576174564156413
    vertex 0.5 0.4163747086159906 0.1154112685862645
    vertex 0.5 0.4529772489944345 0.1288087282078206
  endloop
endfacet
facet normal 1 -0 0
  outer loop
    vertex 0.5 0.4163747086159906 0.1154112685862645
    vertex 0.5 0.4633974596215561 0.08660254037844392
    vertex 0.5 0.4529772489944345 0.1288087282078206
  endloop
endfacet
facet normal 1 0 0
  outer loop
    vertex 0.5 0.4163747086159906 0.1154112685862645
    vertex 0.5 0.4267949192431122 0.07320508075688781
    vertex 0.5 0.4633974596215561 0.08660254037844392
  endloop
endfacet
facet normal 1 0 0
  outer loop
    vertex 0.5 0.4529772489944345 0.1288087282078206
    vertex 0.5 0.4633974596215561 0.08660254037844392
    vertex 0.5 0.5 0.1
  endloop
endfacet
facet normal 1 0 0
  outer loop
    vertex 0.5 0.1553355787589688 0.09259848028085305
    vertex 0.5 0.1142703297579283 0.08290178051887041
    vertex 0.5 0.1276677893794844 0.04629924014042652
  endloop
endfacet
facet normal 1 0 0
  outer loop
    vertex 0.5 0.1142703297579283 0.08290178051887041
    vertex 0.5 0.08660254037844389 0.03660254037844389
    vertex 0.5 0.1276677893794844 0.04629924014042652
  endloop
endfacet
facet normal 1 0 0
  outer loop
    vertex 0.5 0.1142703297579283 0.08290178051887041
    vertex 0.5 0.07320508075688778 0.07320508075688778
    vertex 0.5 0.08660254037844389 0.03660254037844389
  endloop
endfacet
facet normal 1 0 0
  outer loop
    vertex 0.5 0.1276677893794844 0.04629924014042652
    vertex 0.5 0.08660254037844389 0.03660254037844389
    vertex 0.5 0.1 0
  endloop
endfacet
facet normal 1 0 0
  outer loop
    vertex 0.5 0.3499432116976144 0.4153089282616133
    vertex 0.5 0.3883690654703634 0.4210519237523628
    vertex 0.5 0.3749716058488073 0.4576544641308066
  endloop
endfacet
facet normal 1 0 -0
  outer loop
    vertex 0.5 0.3883690654703634 0.4210519237523628
    vertex 0.5 0.4133974596215562 0.4633974596215562
    vertex 0.5 0.3749716058488073 0.4576544641308066
  endloop
endfacet
facet normal 1 0 0
  outer loop
    vertex 0.5 0.3883690654703634 0.4210519237523628
    vertex 0.5 0.4267949192431123 0.4267949192431123
    vertex 0.5 0.4133974596215562 0.4633974596215562
  endloop
endfacet
facet normal 1 0 0
  outer loop
    vertex 0.5 0.3749716058488073 0.4576544641308066
    vertex 0.5 0.4133974596215562 0.4633974596215562
    vertex 0.5 0.4000000000000001 0.5
  endloop
endfacet
facet normal 1 0 -0
  outer loop
    vertex 0.5 0.4127398002285678 0.3420549525339006
    vertex 0.5 0.41976735973584 0.3844249358885065
    vertex 0.5 0.3813415059630911 0.3786819403977569
  endloop
endfacet
facet normal 1 0 0
  outer loop
    vertex 0.5 0.41976735973584 0.3844249358885065
    vertex 0.5 0.3883690654703634 0.4210519237523628
    vertex 0.5 0.3813415059630911 0.3786819403977569
  endloop
endfacet
facet normal 1 0 -0
  outer loop
    vertex 0.5 0.41976735973584 0.3844249358885065
    vertex 0.5 0.4267949192431123 0.4267949192431123
    vertex 0.5 0.3883690654703634 0.4210519237523628
  endloop
endfacet
facet normal 1 0 -0
  outer loop
    vertex 0.5 0.3813415059630911 0.3786819403977569
    vertex 0.5 0.3883690654703634 0.4210519237523628
    vertex 0.5 0.3499432116976144 0.4153089282616133
  endloop
endfacet
facet normal 1 -0 0
  outer loop
    vertex 0.5 0.3470165505392092 0.08087155891813746
    vertex 0.5 0.3869057348911607 0.07703831983751264
    vertex 0.5 0.376485524264039 0.1192445076668894
  endloop
endfacet
facet normal 1 0 -0
  outer loop
    vertex 0.5 0.3869057348911607 0.07703831983751264
    vertex 0.5 0.4163747086159906 0.1154112685862645
    vertex 0.5 0.376485524264039 0.1192445076668894
  endloop
endfacet
facet normal 1 -0 0
  outer loop
    vertex 0.5 0.3869057348911607 0.07703831983751264
    vertex 0.5 0.4267949192431122 0.07320508075688781
    vertex 0.5 0.4163747086159906 0.1154112685862645
  endloop
endfacet
facet normal 1 -0 0
  outer loop
    vertex 0.5 0.376485524264039 0.1192445076668894
    vertex 0.5 0.4163747086159906 0.1154112685862645
    vertex 0.5 0.4059544979888689 0.1576174564156413
  endloop
endfacet
facet normal 1 0 0
  outer loop
    vertex 0.5 0.1581792557862226 0.4059051521456061
    vertex 0.5 0.1156921682715551 0.4163500356943592
    vertex 0.5 0.1214138998072281 0.3777655284834336
  endloop
endfacet
facet normal 1 0 0
  outer loop
    vertex 0.5 0.1156921682715551 0.4163500356943592
    vertex 0.5 0.07892681229256068 0.3882104120321868
    vertex 0.5 0.1214138998072281 0.3777655284834336
  endloop
endfacet
facet normal 1 0 0
  outer loop
    vertex 0.5 0.1156921682715551 0.4163500356943592
    vertex 0.5 0.07320508075688771 0.4267949192431124
    vertex 0.5 0.07892681229256068 0.3882104120321868
  endloop
endfacet
facet normal 1 0 0
  outer loop
    vertex 0.5 0.1214138998072281 0.3777655284834336
    vertex 0.5 0.07892681229256068 0.3882104120321868
    vertex 0.5 0.08464854382823365 0.3496259048212611
  endloop
endfacet
facet normal 1 0 0
  outer loop
    vertex 0.5 0.07948422195986206 0.1527526049654498
    vertex 0.5 0.07634465135837493 0.1129788428611688
    vertex 0.5 0.1174099003594154 0.1226755426231514
  endloop
endfacet
facet normal 1 -0 0
  outer loop
    vertex 0.5 0.07634465135837493 0.1129788428611688
    vertex 0.5 0.1142703297579283 0.08290178051887041
    vertex 0.5 0.1174099003594154 0.1226755426231514
  endloop
endfacet
facet normal 1 0 0
  outer loop
    vertex 0.5 0.07634465135837493 0.1129788428611688
    vertex 0.5 0.07320508075688778 0.07320508075688778
    vertex 0.5 0.1142703297579283 0.08290178051887041
  endloop
endfacet
facet normal 1 0 0
  outer loop
    vertex 0.5 0.1174099003594154 0.1226755426231514
    vertex 0.5 0.1142703297579283 0.08290178051887041
    vertex 0.5 0.1553355787589688 0.09259848028085305
  endloop
endfacet
facet normal 1 0 -0
  outer loop
    vertex 0.5 0.3054099126398263 0.1600395334022321
    vertex 0.5 0.3232807255325342 0.1991687974101258
    vertex 0.5 0.282608766887579 0.2050197667011161
  endloop
endfacet
facet normal 1 0 0
  outer loop
    vertex 0.5 0.3232807255325342 0.1991687974101258
    vertex 0.5 0.3004795797802868 0.2441490307090098
    vertex 0.5 0.282608766887579 0.2050197667011161
  endloop
endfacet
facet normal 1 0 -0
  outer loop
    vertex 0.5 0.3232807255325342 0.1991687974101258
    vertex 0.5 0.341151538425242 0.2382980614180195
    vertex 0.5 0.3004795797802868 0.2441490307090098
  endloop
endfacet
facet normal 1 0 -0
  outer loop
    vertex 0.5 0.282608766887579 0.2050197667011161
    vertex 0.5 0.3004795797802868 0.2441490307090098
    vertex 0.5 0.2598076211353317 0.2500000000000001
  endloop
endfacet
facet normal 1 0 0
  outer loop
    vertex 0.5 0.2556674571293667 0.4181466939758714
    vertex 0.5 0.2423841946689504 0.3814975897964067
    vertex 0.5 0.2814888587961716 0.3761677561623906
  endloop
endfacet
facet normal 1 0 0
  outer loop
    vertex 0.5 0.2423841946689504 0.3814975897964067
    vertex 0.5 0.2682055963357553 0.3395186519829259
    vertex 0.5 0.2814888587961716 0.3761677561623906
  endloop
endfacet
facet normal 1 0 0
  outer loop
    vertex 0.5 0.2423841946689504 0.3814975897964067
    vertex 0.5 0.2291009322085341 0.344848485616942
    vertex 0.5 0.2682055963357553 0.3395186519829259
  endloop
endfacet
facet normal 1 0 0
  outer loop
    vertex 0.5 0.2814888587961716 0.3761677561623906
    vertex 0.5 0.2682055963357553 0.3395186519829259
    vertex 0.5 0.3073102604629764 0.3341888183489098
  endloop
endfacet
facet normal 1 0 0
  outer loop
    vertex 0.5 0.3054099126398263 0.1600395334022321
    vertex 0.5 0.2672357637253896 0.1575822106474358
    vertex 0.5 0.2797132818129889 0.1209444904420377
  endloop
endfacet
facet normal 1 0 0
  outer loop
    vertex 0.5 0.2672357637253896 0.1575822106474358
    vertex 0.5 0.2415391328985522 0.1184871676872414
    vertex 0.5 0.2797132818129889 0.1209444904420377
  endloop
endfacet
facet normal 1 0 0
  outer loop
    vertex 0.5 0.2672357637253896 0.1575822106474358
    vertex 0.5 0.2290616148109529 0.1551248878926396
    vertex 0.5 0.2415391328985522 0.1184871676872414
  endloop
endfacet
facet normal 1 0 0
  outer loop
    vertex 0.5 0.2797132818129889 0.1209444904420377
    vertex 0.5 0.2415391328985522 0.1184871676872414
    vertex 0.5 0.2540166509861514 0.08184944748184332
  endloop
endfacet
facet normal -0 -1 0
  outer loop
    vertex -0.2825255492684334 0 0.3298837200450135
    vertex -0.3438923706440925 0 0.3360770397855622
    vertex -0.3118975244848783 0 0.2898170762144199
  endloop
endfacet
facet normal 0 -1 -0
  outer loop
    vertex -0.3438923706440925 0 0.3360770397855622
    vertex -0.3732643458605374 0 0.2960103959549686
    vertex -0.3118975244848783 0 0.2898170762144199
  endloop
endfacet
facet normal -0 -1 0
  outer loop
    vertex -0.3438923706440925 0 0.3360770397855622
    vertex -0.4052591920197516 0 0.3422703595261109
    vertex -0.3732643458605374 0 0.2960103959549686
  endloop
endfacet
facet normal -0 -1 0
  outer loop
    vertex -0.3118975244848783 0 0.2898170762144199
    vertex -0.3732643458605374 0 0.2960103959549686
    vertex -0.3412694997013233 0 0.2497504323838264
  endloop
endfacet
facet normal 0 -1 0
  outer loop
    vertex -0.4052621573917333 0 0.1576013631470045
    vertex -0.3438264581335514 0 0.1634688610668898
    vertex -0.3732658285465283 0 0.2036758977654154
  endloop
endfacet
facet normal 0 -1 0
  outer loop
    vertex -0.3438264581335514 0 0.1634688610668898
    vertex -0.3118301292883464 0 0.2095433956853008
    vertex -0.3732658285465283 0 0.2036758977654154
  endloop
endfacet
facet normal 0 -1 0
  outer loop
    vertex -0.3438264581335514 0 0.1634688610668898
    vertex -0.2823907588753694 0 0.1693363589867752
    vertex -0.3118301292883464 0 0.2095433956853008
  endloop
endfacet
facet normal 0 -1 0
  outer loop
    vertex -0.3732658285465283 0 0.2036758977654154
    vertex -0.3118301292883464 0 0.2095433956853008
    vertex -0.3412694997013233 0 0.2497504323838264
  endloop
endfacet
facet normal 0 -1 0
  outer loop
    vertex -0.2825255492684334 0 0.3298837200450135
    vertex -0.3085839825081433 0 0.3726242724664037
    vertex -0.3438923706440925 0 0.3360770397855622
  endloop
endfacet
facet normal -0 -1 0
  outer loop
    vertex -0.3085839825081433 0 0.3726242724664037
    vertex -0.3699508038838024 0 0.3788175922069524
    vertex -0.3438923706440925 0 0.3360770397855622
  endloop
endfacet
facet normal 0 -1 0
  outer loop
    vertex -0.3085839825081433 0 0.3726242724664037
    vertex -0.3346424157478533 0 0.4153648248877939
    vertex -0.3699508038838024 0 0.3788175922069524
  endloop
endfacet
facet normal 0 -1 0
  outer loop
    vertex -0.3438923706440925 0 0.3360770397855622
    vertex -0.3699508038838024 0 0.3788175922069524
    vertex -0.4052591920197516 0 0.3422703595261109
  endloop
endfacet
facet normal 0 -1 0
  outer loop
    vertex 0.2222379744879412 0 0.2124458899670328
    vertex 0.2232942832862803 0 0.1556395031266994
    vertex 0.2718261319307611 0 0.2063673561555903
  endloop
endfacet
facet normal 0 -1 0
  outer loop
    vertex 0.2232942832862803 0 0.1556395031266994
    vertex 0.2728824407291002 0 0.1495609693152569
    vertex 0.2718261319307611 0 0.2063673561555903
  endloop
endfacet
facet normal 0 -1 0
  outer loop
    vertex 0.2232942832862803 0 0.1556395031266994
    vertex 0.2243505920846193 0 0.09883311628636596
    vertex 0.2728824407291002 0 0.1495609693152569
  endloop
endfacet
facet normal 0 -1 0
  outer loop
    vertex 0.2718261319307611 0 0.2063673561555903
    vertex 0.2728824407291002 0 0.1495609693152569
    vertex 0.321414289373581 0 0.2002888223441479
  endloop
endfacet
facet normal 0 -1 0
  outer loop
    vertex -0.3348062667863391 0 0.08449369722784679
    vertex -0.3085985128308543 0 0.126915028107311
    vertex -0.3700342120890363 0 0.1210475301874256
  endloop
endfacet
facet normal -0 -1 0
  outer loop
    vertex -0.3085985128308543 0 0.126915028107311
    vertex -0.3438264581335514 0 0.1634688610668898
    vertex -0.3700342120890363 0 0.1210475301874256
  endloop
endfacet
facet normal 0 -1 0
  outer loop
    vertex -0.3085985128308543 0 0.126915028107311
    vertex -0.2823907588753694 0 0.1693363589867752
    vertex -0.3438264581335514 0 0.1634688610668898
  endloop
endfacet
facet normal 0 -1 0
  outer loop
    vertex -0.3700342120890363 0 0.1210475301874256
    vertex -0.3438264581335514 0 0.1634688610668898
    vertex -0.4052621573917333 0 0.1576013631470045
  endloop
endfacet
facet normal 0 -1 0
  outer loop
    vertex 0.2243505920846193 0 0.09883311628636596
    vertex 0.2834574280446254 0 0.09234903606299982
    vertex 0.2728824407291002 0 0.1495609693152569
  endloop
endfacet
facet normal 0 -1 0
  outer loop
    vertex 0.2834574280446254 0 0.09234903606299982
    vertex 0.3319892766891062 0 0.1430768890918908
    vertex 0.2728824407291002 0 0.1495609693152569
  endloop
endfacet
facet normal 0 -1 0
  outer loop
    vertex 0.2834574280446254 0 0.09234903606299982
    vertex 0.3425642640046314 0 0.08586495583963369
    vertex 0.3319892766891062 0 0.1430768890918908
  endloop
endfacet
facet normal 0 -1 0
  outer loop
    vertex 0.2728824407291002 0 0.1495609693152569
    vertex 0.3319892766891062 0 0.1430768890918908
    vertex 0.321414289373581 0 0.2002888223441479
  endloop
endfacet
facet normal 0 -1 -0
  outer loop
    vertex -0.4052591920197516 0 0.3422703595261109
    vertex -0.4189864772440668 0 0.2961211914734347
    vertex -0.3732643458605374 0 0.2960103959549686
  endloop
endfacet
facet normal 0 -1 0
  outer loop
    vertex -0.4189864772440668 0 0.2961211914734347
    vertex -0.3869916310848526 0 0.2498612279022924
    vertex -0.3732643458605374 0 0.2960103959549686
  endloop
endfacet
facet normal 0 -1 -0
  outer loop
    vertex -0.4189864772440668 0 0.2961211914734347
    vertex -0.4327137624683819 0 0.2499720234207584
    vertex -0.3869916310848526 0 0.2498612279022924
  endloop
endfacet
facet normal 0 -1 -0
  outer loop
    vertex -0.3732643458605374 0 0.2960103959549686
    vertex -0.3869916310848526 0 0.2498612279022924
    vertex -0.3412694997013233 0 0.2497504323838264
  endloop
endfacet
facet normal 0 -1 0
  outer loop
    vertex -0.4327137624683819 0 0.2499720234207584
    vertex -0.4189879599300577 0 0.2037866932838814
    vertex -0.3869916310848526 0 0.2498612279022924
  endloop
endfacet
facet normal 0 -1 0
  outer loop
    vertex -0.4189879599300577 0 0.2037866932838814
    vertex -0.3732658285465283 0 0.2036758977654154
    vertex -0.3869916310848526 0 0.2498612279022924
  endloop
endfacet
facet normal 0 -1 0
  outer loop
    vertex -0.4189879599300577 0 0.2037866932838814
    vertex -0.4052621573917333 0 0.1576013631470045
    vertex -0.3732658285465283 0 0.2036758977654154
  endloop
endfacet
facet normal 0 -1 0
  outer loop
    vertex -0.3869916310848526 0 0.2498612279022924
    vertex -0.3732658285465283 0 0.2036758977654154
    vertex -0.3412694997013233 0 0.2497504323838264
  endloop
endfacet
facet normal 0 -1 -0
  outer loop
    vertex 0.2716687443321475 0 0.3037374703382447
    vertex 0.2469533594100444 0 0.2580916801526387
    vertex 0.2965415168528642 0 0.2520131463411963
  endloop
endfacet
facet normal 0 -1 0
  outer loop
    vertex 0.2469533594100444 0 0.2580916801526387
    vertex 0.2718261319307611 0 0.2063673561555903
    vertex 0.2965415168528642 0 0.2520131463411963
  endloop
endfacet
facet normal 0 -1 -0
  outer loop
    vertex 0.2469533594100444 0 0.2580916801526387
    vertex 0.2222379744879412 0 0.2124458899670328
    vertex 0.2718261319307611 0 0.2063673561555903
  endloop
endfacet
facet normal 0 -1 -0
  outer loop
    vertex 0.2965415168528642 0 0.2520131463411963
    vertex 0.2718261319307611 0 0.2063673561555903
    vertex 0.321414289373581 0 0.2002888223441479
  endloop
endfacet
facet normal -0 -1 0
  outer loop
    vertex -0.2224530636374418 0 0.4061062759420428
    vertex -0.2785477396926476 0 0.4107355504149184
    vertex -0.2524893064529376 0 0.3679949979935281
  endloop
endfacet
facet normal 0 -1 -0
  outer loop
    vertex -0.2785477396926476 0 0.4107355504149184
    vertex -0.3085839825081433 0 0.3726242724664037
    vertex -0.2524893064529376 0 0.3679949979935281
  endloop
endfacet
facet normal -0 -1 0
  outer loop
    vertex -0.2785477396926476 0 0.4107355504149184
    vertex -0.3346424157478533 0 0.4153648248877939
    vertex -0.3085839825081433 0 0.3726242724664037
  endloop
endfacet
facet normal -0 -1 0
  outer loop
    vertex -0.2524893064529376 0 0.3679949979935281
    vertex -0.3085839825081433 0 0.3726242724664037
    vertex -0.2825255492684334 0 0.3298837200450135
  endloop
endfacet
facet normal 0 -1 0
  outer loop
    vertex 0.1669412716532965 0 0.3081517932225155
    vertex 0.1945896230706189 0 0.2602988415947741
    vertex 0.219305007992722 0 0.3059446317803801
  endloop
endfacet
facet normal 0 -1 0
  outer loop
    vertex 0.1945896230706189 0 0.2602988415947741
    vertex 0.2469533594100444 0 0.2580916801526387
    vertex 0.219305007992722 0 0.3059446317803801
  endloop
endfacet
facet normal 0 -1 0
  outer loop
    vertex 0.1945896230706189 0 0.2602988415947741
    vertex 0.2222379744879412 0 0.2124458899670328
    vertex 0.2469533594100444 0 0.2580916801526387
  endloop
endfacet
facet normal 0 -1 0
  outer loop
    vertex 0.219305007992722 0 0.3059446317803801
    vertex 0.2469533594100444 0 0.2580916801526387
    vertex 0.2716687443321475 0 0.3037374703382447
  endloop
endfacet
facet normal 0 -1 0
  outer loop
    vertex 0.2777777777777781 0 0
    vertex 0.3101710208912047 0 0.04293247791981684
    vertex 0.2510641849311988 0 0.04941655814318298
  endloop
endfacet
facet normal 0 -1 0
  outer loop
    vertex 0.3101710208912047 0 0.04293247791981684
    vertex 0.2834574280446254 0 0.09234903606299982
    vertex 0.2510641849311988 0 0.04941655814318298
  endloop
endfacet
facet normal 0 -1 0
  outer loop
    vertex 0.3101710208912047 0 0.04293247791981684
    vertex 0.3425642640046314 0 0.08586495583963369
    vertex 0.2834574280446254 0 0.09234903606299982
  endloop
endfacet
facet normal 0 -1 0
  outer loop
    vertex 0.2510641849311988 0 0.04941655814318298
    vertex 0.2834574280446254 0 0.09234903606299982
    vertex 0.2243505920846193 0 0.09883311628636596
  endloop
endfacet
facet normal 0 -1 0
  outer loop
    vertex 0.3375553441670838 0 0.3990618583894388
    vertex 0.3076665609724309 0 0.4495309291947194
    vertex 0.280245718925368 0 0.4012247756846096
  endloop
endfacet
facet normal -0 -1 0
  outer loop
    vertex 0.3076665609724309 0 0.4495309291947194
    vertex 0.2503569357307152 0 0.4516938464898901
    vertex 0.280245718925368 0 0.4012247756846096
  endloop
endfacet
facet normal 0 -1 0
  outer loop
    vertex 0.3076665609724309 0 0.4495309291947194
    vertex 0.2777777777777781 0 0.5
    vertex 0.2503569357307152 0 0.4516938464898901
  endloop
endfacet
facet normal 0 -1 0
  outer loop
    vertex 0.280245718925368 0 0.4012247756846096
    vertex 0.2503569357307152 0 0.4516938464898901
    vertex 0.2229360936836523 0 0.4033876929797803
  endloop
endfacet
facet normal 0 -1 -0
  outer loop
    vertex -0.2777777777777777 0 0.5
    vertex -0.3062100967628155 0 0.457682412443897
    vertex -0.2501154207076098 0 0.4530531379710214
  endloop
endfacet
facet normal 0 -1 0
  outer loop
    vertex -0.3062100967628155 0 0.457682412443897
    vertex -0.2785477396926476 0 0.4107355504149184
    vertex -0.2501154207076098 0 0.4530531379710214
  endloop
endfacet
facet normal 0 -1 -0
  outer loop
    vertex -0.3062100967628155 0 0.457682412443897
    vertex -0.3346424157478533 0 0.4153648248877939
    vertex -0.2785477396926476 0 0.4107355504149184
  endloop
endfacet
facet normal 0 -1 -0
  outer loop
    vertex -0.2501154207076098 0 0.4530531379710214
    vertex -0.2785477396926476 0 0.4107355504149184
    vertex -0.2224530636374418 0 0.4061062759420428
  endloop
endfacet
facet normal 0 -1 -0
  outer loop
    vertex -0.2224530636374418 0 0.4061062759420428
    vertex -0.2524893064529376 0 0.3679949979935281
    vertex -0.1945598651520542 0 0.3571106341099249
  endloop
endfacet
facet normal 0 -1 0
  outer loop
    vertex -0.2524893064529376 0 0.3679949979935281
    vertex -0.22459610796755 0 0.3189993561614103
    vertex -0.1945598651520542 0 0.3571106341099249
  endloop
endfacet
facet normal 0 -1 -0
  outer loop
    vertex -0.2524893064529376 0 0.3679949979935281
    vertex -0.2825255492684334 0 0.3298837200450135
    vertex -0.22459610796755 0 0.3189993561614103
  endloop
endfacet
facet normal 0 -1 -0
  outer loop
    vertex -0.1945598651520542 0 0.3571106341099249
    vertex -0.22459610796755 0 0.3189993561614103
    vertex -0.1666666666666666 0 0.3081149922778071
  endloop
endfacet
facet normal -0 -1 0
  outer loop
    vertex 0.3375553441670838 0 0.3990618583894388
    vertex 0.280245718925368 0 0.4012247756846096
    vertex 0.3046120442496156 0 0.3513996643638417
  endloop
endfacet
facet normal 0 -1 -0
  outer loop
    vertex 0.280245718925368 0 0.4012247756846096
    vertex 0.2473024190078998 0 0.3535625816590125
    vertex 0.3046120442496156 0 0.3513996643638417
  endloop
endfacet
facet normal -0 -1 0
  outer loop
    vertex 0.280245718925368 0 0.4012247756846096
    vertex 0.2229360936836523 0 0.4033876929797803
    vertex 0.2473024190078998 0 0.3535625816590125
  endloop
endfacet
facet normal -0 -1 0
  outer loop
    vertex 0.3046120442496156 0 0.3513996643638417
    vertex 0.2473024190078998 0 0.3535625816590125
    vertex 0.2716687443321475 0 0.3037374703382447
  endloop
endfacet
facet normal -0 -1 0
  outer loop
    vertex -0.2777777777777777 0 0.5
    vertex -0.3333333333333333 0 0.5
    vertex -0.3062100967628155 0 0.457682412443897
  endloop
endfacet
facet normal 0 -1 -0
  outer loop
    vertex -0.3333333333333333 0 0.5
    vertex -0.3617656523183711 0 0.457682412443897
    vertex -0.3062100967628155 0 0.457682412443897
  endloop
endfacet
facet normal -0 -1 0
  outer loop
    vertex -0.3333333333333333 0 0.5
    vertex -0.3888888888888889 0 0.5
    vertex -0.3617656523183711 0 0.457682412443897
  endloop
endfacet
facet normal -0 -1 0
  outer loop
    vertex -0.3062100967628155 0 0.457682412443897
    vertex -0.3617656523183711 0 0.457682412443897
    vertex -0.3346424157478533 0 0.4153648248877939
  endloop
endfacet
facet normal 0 -1 0
  outer loop
    vertex -0.3888888888888889 0 0
    vertex -0.3333333333333333 0 0
    vertex -0.361847577837614 0 0.04224684861392339
  endloop
endfacet
facet normal 0 -1 0
  outer loop
    vertex -0.3333333333333333 0 0
    vertex -0.3062920222820584 0 0.04224684861392339
    vertex -0.361847577837614 0 0.04224684861392339
  endloop
endfacet
facet normal 0 -1 0
  outer loop
    vertex -0.3333333333333333 0 0
    vertex -0.2777777777777777 0 0
    vertex -0.3062920222820584 0 0.04224684861392339
  endloop
endfacet
facet normal 0 -1 0
  outer loop
    vertex -0.361847577837614 0 0.04224684861392339
    vertex -0.3062920222820584 0 0.04224684861392339
    vertex -0.3348062667863391 0 0.08449369722784679
  endloop
endfacet
facet normal 0 -1 0
  outer loop
    vertex 0.2777777777777781 0 0
    vertex 0.3333333333333337 0 0
    vertex 0.3101710208912047 0 0.04293247791981684
  endloop
endfacet
facet normal 0 -1 0
  outer loop
    vertex 0.3333333333333337 0 0
    vertex 0.3657265764467603 0 0.04293247791981684
    vertex 0.3101710208912047 0 0.04293247791981684
  endloop
endfacet
facet normal 0 -1 0
  outer loop
    vertex 0.3333333333333337 0 0
    vertex 0.3888888888888892 0 0
    vertex 0.3657265764467603 0 0.04293247791981684
  endloop
endfacet
facet normal 0 -1 0
  outer loop
    vertex 0.3101710208912047 0 0.04293247791981684
    vertex 0.3657265764467603 0 0.04293247791981684
    vertex 0.3425642640046314 0 0.08586495583963369
  endloop
endfacet
facet normal -0 -1 0
  outer loop
    vertex 0.3888888888888892 0 0.5
    vertex 0.3333333333333337 0 0.5
    vertex 0.3632221165279865 0 0.4495309291947194
  endloop
endfacet
facet normal 0 -1 -0
  outer loop
    vertex 0.3333333333333337 0 0.5
    vertex 0.3076665609724309 0 0.4495309291947194
    vertex 0.3632221165279865 0 0.4495309291947194
  endloop
endfacet
facet normal -0 -1 0
  outer loop
    vertex 0.3333333333333337 0 0.5
    vertex 0.2777777777777781 0 0.5
    vertex 0.3076665609724309 0 0.4495309291947194
  endloop
endfacet
facet normal -0 -1 0
  outer loop
    vertex 0.3632221165279865 0 0.4495309291947194
    vertex 0.3076665609724309 0 0.4495309291947194
    vertex 0.3375553441670838 0 0.3990618583894388
  endloop
endfacet
facet normal 0 -1 0
  outer loop
    vertex -0.222684551203185 0 0.0926442538199735
    vertex -0.1670603622783876 0 0.09097188498078265
    vertex -0.1940735684536194 0 0.1409041147651834
  endloop
endfacet
facet normal 0 -1 0
  outer loop
    vertex -0.1670603622783876 0 0.09097188498078265
    vertex -0.138449379528822 0 0.1392317459259925
    vertex -0.1940735684536194 0 0.1409041147651834
  endloop
endfacet
facet normal 0 -1 0
  outer loop
    vertex -0.1670603622783876 0 0.09097188498078265
    vertex -0.1114361733535901 0 0.08929951614159179
    vertex -0.138449379528822 0 0.1392317459259925
  endloop
endfacet
facet normal 0 -1 0
  outer loop
    vertex -0.1940735684536194 0 0.1409041147651834
    vertex -0.138449379528822 0 0.1392317459259925
    vertex -0.1654625857040539 0 0.1891639757103933
  endloop
endfacet
facet normal 0 -1 0
  outer loop
    vertex -0.1666666666666666 0 0
    vertex -0.1390514200101284 0 0.04464975807079589
    vertex -0.1946756089349257 0 0.04632212690998675
  endloop
endfacet
facet normal 0 -1 0
  outer loop
    vertex -0.1390514200101284 0 0.04464975807079589
    vertex -0.1670603622783876 0 0.09097188498078265
    vertex -0.1946756089349257 0 0.04632212690998675
  endloop
endfacet
facet normal 0 -1 0
  outer loop
    vertex -0.1390514200101284 0 0.04464975807079589
    vertex -0.1114361733535901 0 0.08929951614159179
    vertex -0.1670603622783876 0 0.09097188498078265
  endloop
endfacet
facet normal 0 -1 0
  outer loop
    vertex -0.1946756089349257 0 0.04632212690998675
    vertex -0.1670603622783876 0 0.09097188498078265
    vertex -0.222684551203185 0 0.0926442538199735
  endloop
endfacet
facet normal 0 -1 -0
  outer loop
    vertex 0.2229360936836523 0 0.4033876929797803
    vertex 0.1949386826684745 0 0.3557697431011479
    vertex 0.2473024190078998 0 0.3535625816590125
  endloop
endfacet
facet normal 0 -1 0
  outer loop
    vertex 0.1949386826684745 0 0.3557697431011479
    vertex 0.219305007992722 0 0.3059446317803801
    vertex 0.2473024190078998 0 0.3535625816590125
  endloop
endfacet
facet normal 0 -1 -0
  outer loop
    vertex 0.1949386826684745 0 0.3557697431011479
    vertex 0.1669412716532965 0 0.3081517932225155
    vertex 0.219305007992722 0 0.3059446317803801
  endloop
endfacet
facet normal 0 -1 -0
  outer loop
    vertex 0.2473024190078998 0 0.3535625816590125
    vertex 0.219305007992722 0 0.3059446317803801
    vertex 0.2716687443321475 0 0.3037374703382447
  endloop
endfacet
facet normal 0 -1 0
  outer loop
    vertex -0.3348062667863391 0 0.08449369722784679
    vertex -0.3062920222820584 0 0.04224684861392339
    vertex -0.2787454089947621 0 0.08856897552391015
  endloop
endfacet
facet normal 0 -1 0
  outer loop
    vertex -0.3062920222820584 0 0.04224684861392339
    vertex -0.2502311644904813 0 0.04632212690998675
    vertex -0.2787454089947621 0 0.08856897552391015
  endloop
endfacet
facet normal 0 -1 0
  outer loop
    vertex -0.3062920222820584 0 0.04224684861392339
    vertex -0.2777777777777777 0 0
    vertex -0.2502311644904813 0 0.04632212690998675
  endloop
endfacet
facet normal 0 -1 0
  outer loop
    vertex -0.2787454089947621 0 0.08856897552391015
    vertex -0.2502311644904813 0 0.04632212690998675
    vertex -0.222684551203185 0 0.0926442538199735
  endloop
endfacet
facet normal 0 -1 0
  outer loop
    vertex -0.3348062667863391 0 0.08449369722784679
    vertex -0.2787454089947621 0 0.08856897552391015
    vertex -0.3085985128308543 0 0.126915028107311
  endloop
endfacet
facet normal 0 -1 0
  outer loop
    vertex -0.2787454089947621 0 0.08856897552391015
    vertex -0.2525376550392772 0 0.1309903064033743
    vertex -0.3085985128308543 0 0.126915028107311
  endloop
endfacet
facet normal 0 -1 0
  outer loop
    vertex -0.2787454089947621 0 0.08856897552391015
    vertex -0.222684551203185 0 0.0926442538199735
    vertex -0.2525376550392772 0 0.1309903064033743
  endloop
endfacet
facet normal 0 -1 0
  outer loop
    vertex -0.3085985128308543 0 0.126915028107311
    vertex -0.2525376550392772 0 0.1309903064033743
    vertex -0.2823907588753694 0 0.1693363589867752
  endloop
endfacet
facet normal 0 -1 0
  outer loop
    vertex 0.003354639455755981 0 0.222350551375591
    vertex 0.02955804104038984 0 0.265132901687708
    vertex -0.02373237706079068 0 0.2671035544894005
  endloop
endfacet
facet normal 0 -1 0
  outer loop
    vertex 0.02955804104038984 0 0.265132901687708
    vertex 0.002471024523843179 0 0.3098859048015176
    vertex -0.02373237706079068 0 0.2671035544894005
  endloop
endfacet
facet normal 0 -1 0
  outer loop
    vertex 0.02955804104038984 0 0.265132901687708
    vertex 0.05576144262502369 0 0.307915251999825
    vertex 0.002471024523843179 0 0.3098859048015176
  endloop
endfacet
facet normal 0 -1 0
  outer loop
    vertex -0.02373237706079068 0 0.2671035544894005
    vertex 0.002471024523843179 0 0.3098859048015176
    vertex -0.05081939357733728 0 0.3118565576032101
  endloop
endfacet
facet normal 0 -1 0
  outer loop
    vertex -0.222684551203185 0 0.0926442538199735
    vertex -0.1940735684536194 0 0.1409041147651834
    vertex -0.2525376550392772 0 0.1309903064033743
  endloop
endfacet
facet normal -0 -1 0
  outer loop
    vertex -0.1940735684536194 0 0.1409041147651834
    vertex -0.2239266722897116 0 0.1792501673485842
    vertex -0.2525376550392772 0 0.1309903064033743
  endloop
endfacet
facet normal 0 -1 0
  outer loop
    vertex -0.1940735684536194 0 0.1409041147651834
    vertex -0.1654625857040539 0 0.1891639757103933
    vertex -0.2239266722897116 0 0.1792501673485842
  endloop
endfacet
facet normal 0 -1 0
  outer loop
    vertex -0.2525376550392772 0 0.1309903064033743
    vertex -0.2239266722897116 0 0.1792501673485842
    vertex -0.2823907588753694 0 0.1693363589867752
  endloop
endfacet
facet normal 0 -1 0
  outer loop
    vertex -0.05081939357733728 0 0.3118565576032101
    vertex 0.002471024523843179 0 0.3098859048015176
    vertex -0.02499908837985887 0 0.3582273323611703
  endloop
endfacet
facet normal 0 -1 0
  outer loop
    vertex 0.002471024523843179 0 0.3098859048015176
    vertex 0.02829132972132165 0 0.3562566795594777
    vertex -0.02499908837985887 0 0.3582273323611703
  endloop
endfacet
facet normal 0 -1 0
  outer loop
    vertex 0.002471024523843179 0 0.3098859048015176
    vertex 0.05576144262502369 0 0.307915251999825
    vertex 0.02829132972132165 0 0.3562566795594777
  endloop
endfacet
facet normal 0 -1 0
  outer loop
    vertex -0.02499908837985887 0 0.3582273323611703
    vertex 0.02829132972132165 0 0.3562566795594777
    vertex 0.0008212168176195966 0 0.4045981071191305
  endloop
endfacet
facet normal -0 -1 0
  outer loop
    vertex 0.2777777777777781 0 0.5
    vertex 0.2222222222222225 0 0.5
    vertex 0.2503569357307152 0 0.4516938464898901
  endloop
endfacet
facet normal 0 -1 -0
  outer loop
    vertex 0.2222222222222225 0 0.5
    vertex 0.1948013801751596 0 0.4516938464898901
    vertex 0.2503569357307152 0 0.4516938464898901
  endloop
endfacet
facet normal -0 -1 0
  outer loop
    vertex 0.2222222222222225 0 0.5
    vertex 0.1666666666666669 0 0.5
    vertex 0.1948013801751596 0 0.4516938464898901
  endloop
endfacet
facet normal -0 -1 0
  outer loop
    vertex 0.2503569357307152 0 0.4516938464898901
    vertex 0.1948013801751596 0 0.4516938464898901
    vertex 0.2229360936836523 0 0.4033876929797803
  endloop
endfacet
facet normal 0 -1 0
  outer loop
    vertex 0.1666666666666669 0 0
    vertex 0.2222222222222225 0 0
    vertex 0.1955086293756431 0 0.04941655814318298
  endloop
endfacet
facet normal 0 -1 0
  outer loop
    vertex 0.2222222222222225 0 0
    vertex 0.2510641849311988 0 0.04941655814318298
    vertex 0.1955086293756431 0 0.04941655814318298
  endloop
endfacet
facet normal 0 -1 0
  outer loop
    vertex 0.2222222222222225 0 0
    vertex 0.2777777777777781 0 0
    vertex 0.2510641849311988 0 0.04941655814318298
  endloop
endfacet
facet normal 0 -1 0
  outer loop
    vertex 0.1955086293756431 0 0.04941655814318298
    vertex 0.2510641849311988 0 0.04941655814318298
    vertex 0.2243505920846193 0 0.09883311628636596
  endloop
endfacet
facet normal 0 -1 0
  outer loop
    vertex -0.1111870771879093 0 0.4039126821934838
    vertex -0.1389268719272879 0 0.4519563410967419
    vertex -0.1668200704126755 0 0.4050094790677633
  endloop
endfacet
facet normal -0 -1 0
  outer loop
    vertex -0.1389268719272879 0 0.4519563410967419
    vertex -0.1945598651520542 0 0.4530531379710214
    vertex -0.1668200704126755 0 0.4050094790677633
  endloop
endfacet
facet normal 0 -1 0
  outer loop
    vertex -0.1389268719272879 0 0.4519563410967419
    vertex -0.1666666666666666 0 0.5
    vertex -0.1945598651520542 0 0.4530531379710214
  endloop
endfacet
facet normal 0 -1 0
  outer loop
    vertex -0.1668200704126755 0 0.4050094790677633
    vertex -0.1945598651520542 0 0.4530531379710214
    vertex -0.2224530636374418 0 0.4061062759420428
  endloop
endfacet
facet normal -0 -1 0
  outer loop
    vertex -0.1666666666666666 0 0.5
    vertex -0.2222222222222222 0 0.5
    vertex -0.1945598651520542 0 0.4530531379710214
  endloop
endfacet
facet normal 0 -1 -0
  outer loop
    vertex -0.2222222222222222 0 0.5
    vertex -0.2501154207076098 0 0.4530531379710214
    vertex -0.1945598651520542 0 0.4530531379710214
  endloop
endfacet
facet normal -0 -1 0
  outer loop
    vertex -0.2222222222222222 0 0.5
    vertex -0.2777777777777777 0 0.5
    vertex -0.2501154207076098 0 0.4530531379710214
  endloop
endfacet
facet normal -0 -1 0
  outer loop
    vertex -0.1945598651520542 0 0.4530531379710214
    vertex -0.2501154207076098 0 0.4530531379710214
    vertex -0.2224530636374418 0 0.4061062759420428
  endloop
endfacet
facet normal 0 -1 -0
  outer loop
    vertex 0.1666666666666669 0 0.5
    vertex 0.1389194978563038 0 0.451952075459132
    vertex 0.1948013801751596 0 0.4516938464898901
  endloop
endfacet
facet normal 0 -1 0
  outer loop
    vertex 0.1389194978563038 0 0.451952075459132
    vertex 0.1670542113647964 0 0.4036459219490222
    vertex 0.1948013801751596 0 0.4516938464898901
  endloop
endfacet
facet normal 0 -1 -0
  outer loop
    vertex 0.1389194978563038 0 0.451952075459132
    vertex 0.1111723290459405 0 0.403904150918264
    vertex 0.1670542113647964 0 0.4036459219490222
  endloop
endfacet
facet normal 0 -1 -0
  outer loop
    vertex 0.1948013801751596 0 0.4516938464898901
    vertex 0.1670542113647964 0 0.4036459219490222
    vertex 0.2229360936836523 0 0.4033876929797803
  endloop
endfacet
facet normal 0 -1 0
  outer loop
    vertex 0.111168703934291 0 0.0929221661347434
    vertex 0.138917685300479 0 0.0464610830673717
    vertex 0.1677596480094552 0 0.09587764121055467
  endloop
endfacet
facet normal 0 -1 0
  outer loop
    vertex 0.138917685300479 0 0.0464610830673717
    vertex 0.1955086293756431 0 0.04941655814318298
    vertex 0.1677596480094552 0 0.09587764121055467
  endloop
endfacet
facet normal 0 -1 0
  outer loop
    vertex 0.138917685300479 0 0.0464610830673717
    vertex 0.1666666666666669 0 0
    vertex 0.1955086293756431 0 0.04941655814318298
  endloop
endfacet
facet normal 0 -1 0
  outer loop
    vertex 0.1677596480094552 0 0.09587764121055467
    vertex 0.1955086293756431 0 0.04941655814318298
    vertex 0.2243505920846193 0 0.09883311628636596
  endloop
endfacet
facet normal -0 -1 0
  outer loop
    vertex -0.1111870771879093 0 0.4039126821934838
    vertex -0.1668200704126755 0 0.4050094790677633
    vertex -0.1389268719272879 0 0.3560138372356454
  endloop
endfacet
facet normal 0 -1 -0
  outer loop
    vertex -0.1668200704126755 0 0.4050094790677633
    vertex -0.1945598651520542 0 0.3571106341099249
    vertex -0.1389268719272879 0 0.3560138372356454
  endloop
endfacet
facet normal -0 -1 0
  outer loop
    vertex -0.1668200704126755 0 0.4050094790677633
    vertex -0.2224530636374418 0 0.4061062759420428
    vertex -0.1945598651520542 0 0.3571106341099249
  endloop
endfacet
facet normal -0 -1 0
  outer loop
    vertex -0.1389268719272879 0 0.3560138372356454
    vertex -0.1945598651520542 0 0.3571106341099249
    vertex -0.1666666666666666 0 0.3081149922778071
  endloop
endfacet
facet normal -0 -1 0
  outer loop
    vertex 0.2229360936836523 0 0.4033876929797803
    vertex 0.1670542113647964 0 0.4036459219490222
    vertex 0.1949386826684745 0 0.3557697431011479
  endloop
endfacet
facet normal 0 -1 -0
  outer loop
    vertex 0.1670542113647964 0 0.4036459219490222
    vertex 0.1390568003496185 0 0.3560279720703897
    vertex 0.1949386826684745 0 0.3557697431011479
  endloop
endfacet
facet normal -0 -1 0
  outer loop
    vertex 0.1670542113647964 0 0.4036459219490222
    vertex 0.1111723290459405 0 0.403904150918264
    vertex 0.1390568003496185 0 0.3560279720703897
  endloop
endfacet
facet normal -0 -1 0
  outer loop
    vertex 0.1949386826684745 0 0.3557697431011479
    vertex 0.1390568003496185 0 0.3560279720703897
    vertex 0.1669412716532965 0 0.3081517932225155
  endloop
endfacet
facet normal 0 -1 -0
  outer loop
    vertex 0.1669412716532965 0 0.3081517932225155
    vertex 0.1392708442333701 0 0.2601590008474247
    vertex 0.1945896230706189 0 0.2602988415947741
  endloop
endfacet
facet normal 0 -1 0
  outer loop
    vertex 0.1392708442333701 0 0.2601590008474247
    vertex 0.1669191956506926 0 0.2123060492196834
    vertex 0.1945896230706189 0 0.2602988415947741
  endloop
endfacet
facet normal 0 -1 -0
  outer loop
    vertex 0.1392708442333701 0 0.2601590008474247
    vertex 0.1116004168134438 0 0.212166208472334
    vertex 0.1669191956506926 0 0.2123060492196834
  endloop
endfacet
facet normal 0 -1 -0
  outer loop
    vertex 0.1945896230706189 0 0.2602988415947741
    vertex 0.1669191956506926 0 0.2123060492196834
    vertex 0.2222379744879412 0 0.2124458899670328
  endloop
endfacet
facet normal 0 -1 0
  outer loop
    vertex -0.2777777777777777 0 0
    vertex -0.2222222222222222 0 0
    vertex -0.2502311644904813 0 0.04632212690998675
  endloop
endfacet
facet normal 0 -1 0
  outer loop
    vertex -0.2222222222222222 0 0
    vertex -0.1946756089349257 0 0.04632212690998675
    vertex -0.2502311644904813 0 0.04632212690998675
  endloop
endfacet
facet normal 0 -1 0
  outer loop
    vertex -0.2222222222222222 0 0
    vertex -0.1666666666666666 0 0
    vertex -0.1946756089349257 0 0.04632212690998675
  endloop
endfacet
facet normal 0 -1 0
  outer loop
    vertex -0.2502311644904813 0 0.04632212690998675
    vertex -0.1946756089349257 0 0.04632212690998675
    vertex -0.222684551203185 0 0.0926442538199735
  endloop
endfacet
facet normal 0 -1 0
  outer loop
    vertex 0.05576144262502369 0 0.307915251999825
    vertex 0.08346688583548212 0 0.3559097014590445
    vertex 0.02829132972132165 0 0.3562566795594777
  endloop
endfacet
facet normal 0 -1 0
  outer loop
    vertex 0.08346688583548212 0 0.3559097014590445
    vertex 0.05599677293178007 0 0.4042511290186972
    vertex 0.02829132972132165 0 0.3562566795594777
  endloop
endfacet
facet normal 0 -1 0
  outer loop
    vertex 0.08346688583548212 0 0.3559097014590445
    vertex 0.1111723290459405 0 0.403904150918264
    vertex 0.05599677293178007 0 0.4042511290186972
  endloop
endfacet
facet normal 0 -1 0
  outer loop
    vertex 0.02829132972132165 0 0.3562566795594777
    vertex 0.05599677293178007 0 0.4042511290186972
    vertex 0.0008212168176195966 0 0.4045981071191305
  endloop
endfacet
facet normal -0 -1 0
  outer loop
    vertex 0.05555555555555569 0 0.5
    vertex 1.110223024625157e-16 0 0.5
    vertex 0.0281883861865877 0 0.4522990535595652
  endloop
endfacet
facet normal 0 -1 -0
  outer loop
    vertex 1.110223024625157e-16 0 0.5
    vertex -0.02736716936896788 0 0.4522990535595652
    vertex 0.0281883861865877 0 0.4522990535595652
  endloop
endfacet
facet normal -0 -1 0
  outer loop
    vertex 1.110223024625157e-16 0 0.5
    vertex -0.05555555555555541 0 0.5
    vertex -0.02736716936896788 0 0.4522990535595652
  endloop
endfacet
facet normal -0 -1 0
  outer loop
    vertex 0.0281883861865877 0 0.4522990535595652
    vertex -0.02736716936896788 0 0.4522990535595652
    vertex 0.0008212168176195966 0 0.4045981071191305
  endloop
endfacet
facet normal 0 -1 0
  outer loop
    vertex 0.1111723290459405 0 0.403904150918264
    vertex 0.08336394230074817 0 0.451952075459132
    vertex 0.05599677293178007 0 0.4042511290186972
  endloop
endfacet
facet normal -0 -1 0
  outer loop
    vertex 0.08336394230074817 0 0.451952075459132
    vertex 0.0281883861865877 0 0.4522990535595652
    vertex 0.05599677293178007 0 0.4042511290186972
  endloop
endfacet
facet normal 0 -1 0
  outer loop
    vertex 0.08336394230074817 0 0.451952075459132
    vertex 0.05555555555555569 0 0.5
    vertex 0.0281883861865877 0 0.4522990535595652
  endloop
endfacet
facet normal 0 -1 0
  outer loop
    vertex 0.05599677293178007 0 0.4042511290186972
    vertex 0.0281883861865877 0 0.4522990535595652
    vertex 0.0008212168176195966 0 0.4045981071191305
  endloop
endfacet
facet normal 0 -1 -0
  outer loop
    vertex -0.05555555555555541 0 0.5
    vertex -0.08337131637173234 0 0.4519563410967419
    vertex -0.02736716936896788 0 0.4522990535595652
  endloop
endfacet
facet normal 0 -1 0
  outer loop
    vertex -0.08337131637173234 0 0.4519563410967419
    vertex -0.05518293018514486 0 0.4042553946563071
    vertex -0.02736716936896788 0 0.4522990535595652
  endloop
endfacet
facet normal 0 -1 -0
  outer loop
    vertex -0.08337131637173234 0 0.4519563410967419
    vertex -0.1111870771879093 0 0.4039126821934838
    vertex -0.05518293018514486 0 0.4042553946563071
  endloop
endfacet
facet normal 0 -1 -0
  outer loop
    vertex -0.02736716936896788 0 0.4522990535595652
    vertex -0.05518293018514486 0 0.4042553946563071
    vertex 0.0008212168176195966 0 0.4045981071191305
  endloop
endfacet
facet normal -0 -1 0
  outer loop
    vertex -0.05555555555555541 0 0.5
    vertex -0.111111111111111 0 0.5
    vertex -0.08337131637173234 0 0.4519563410967419
  endloop
endfacet
facet normal 0 -1 -0
  outer loop
    vertex -0.111111111111111 0 0.5
    vertex -0.1389268719272879 0 0.4519563410967419
    vertex -0.08337131637173234 0 0.4519563410967419
  endloop
endfacet
facet normal -0 -1 0
  outer loop
    vertex -0.111111111111111 0 0.5
    vertex -0.1666666666666666 0 0.5
    vertex -0.1389268719272879 0 0.4519563410967419
  endloop
endfacet
facet normal -0 -1 0
  outer loop
    vertex -0.08337131637173234 0 0.4519563410967419
    vertex -0.1389268719272879 0 0.4519563410967419
    vertex -0.1111870771879093 0 0.4039126821934838
  endloop
endfacet
facet normal -0 -1 0
  outer loop
    vertex 0.1666666666666669 0 0.5
    vertex 0.1111111111111113 0 0.5
    vertex 0.1389194978563038 0 0.451952075459132
  endloop
endfacet
facet normal 0 -1 -0
  outer loop
    vertex 0.1111111111111113 0 0.5
    vertex 0.08336394230074817 0 0.451952075459132
    vertex 0.1389194978563038 0 0.451952075459132
  endloop
endfacet
facet normal -0 -1 0
  outer loop
    vertex 0.1111111111111113 0 0.5
    vertex 0.05555555555555569 0 0.5
    vertex 0.08336394230074817 0 0.451952075459132
  endloop
endfacet
facet normal -0 -1 0
  outer loop
    vertex 0.1389194978563038 0 0.451952075459132
    vertex 0.08336394230074817 0 0.451952075459132
    vertex 0.1111723290459405 0 0.403904150918264
  endloop
endfacet
facet normal 0 -1 0
  outer loop
    vertex -0.1666666666666666 0 0
    vertex -0.111111111111111 0 0
    vertex -0.1390514200101284 0 0.04464975807079589
  endloop
endfacet
facet normal 0 -1 0
  outer loop
    vertex -0.111111111111111 0 0
    vertex -0.0834958644545728 0 0.04464975807079589
    vertex -0.1390514200101284 0 0.04464975807079589
  endloop
endfacet
facet normal 0 -1 0
  outer loop
    vertex -0.111111111111111 0 0
    vertex -0.05555555555555541 0 0
    vertex -0.0834958644545728 0 0.04464975807079589
  endloop
endfacet
facet normal 0 -1 0
  outer loop
    vertex -0.1390514200101284 0 0.04464975807079589
    vertex -0.0834958644545728 0 0.04464975807079589
    vertex -0.1114361733535901 0 0.08929951614159179
  endloop
endfacet
facet normal 0 -1 0
  outer loop
    vertex 0.05555555555555569 0 0
    vertex 0.1111111111111113 0 0
    vertex 0.08336212974492341 0 0.0464610830673717
  endloop
endfacet
facet normal 0 -1 0
  outer loop
    vertex 0.1111111111111113 0 0
    vertex 0.138917685300479 0 0.0464610830673717
    vertex 0.08336212974492341 0 0.0464610830673717
  endloop
endfacet
facet normal 0 -1 0
  outer loop
    vertex 0.1111111111111113 0 0
    vertex 0.1666666666666669 0 0
    vertex 0.138917685300479 0 0.0464610830673717
  endloop
endfacet
facet normal 0 -1 0
  outer loop
    vertex 0.08336212974492341 0 0.0464610830673717
    vertex 0.138917685300479 0 0.0464610830673717
    vertex 0.111168703934291 0 0.0929221661347434
  endloop
endfacet
facet normal 0 -1 0
  outer loop
    vertex 0.05555555555555569 0 0
    vertex 0.08336212974492341 0 0.0464610830673717
    vertex 0.02779785090019748 0 0.04542816421765494
  endloop
endfacet
facet normal -0 -1 0
  outer loop
    vertex 0.08336212974492341 0 0.0464610830673717
    vertex 0.0556044250895652 0 0.09188924728502665
    vertex 0.02779785090019748 0 0.04542816421765494
  endloop
endfacet
facet normal 0 -1 0
  outer loop
    vertex 0.08336212974492341 0 0.0464610830673717
    vertex 0.111168703934291 0 0.0929221661347434
    vertex 0.0556044250895652 0 0.09188924728502665
  endloop
endfacet
facet normal 0 -1 0
  outer loop
    vertex 0.02779785090019748 0 0.04542816421765494
    vertex 0.0556044250895652 0 0.09188924728502665
    vertex 4.014624483938967e-05 0 0.09085632843530989
  endloop
endfacet
facet normal 0 -1 0
  outer loop
    vertex -0.05555555555555541 0 0
    vertex 1.110223024625157e-16 0 0
    vertex -0.02775770465535798 0 0.04542816421765494
  endloop
endfacet
facet normal 0 -1 0
  outer loop
    vertex 1.110223024625157e-16 0 0
    vertex 0.02779785090019748 0 0.04542816421765494
    vertex -0.02775770465535798 0 0.04542816421765494
  endloop
endfacet
facet normal 0 -1 0
  outer loop
    vertex 1.110223024625157e-16 0 0
    vertex 0.05555555555555569 0 0
    vertex 0.02779785090019748 0 0.04542816421765494
  endloop
endfacet
facet normal 0 -1 0
  outer loop
    vertex -0.02775770465535798 0 0.04542816421765494
    vertex 0.02779785090019748 0 0.04542816421765494
    vertex 4.014624483938967e-05 0 0.09085632843530989
  endloop
endfacet
facet normal 0 -1 0
  outer loop
    vertex -0.1114361733535901 0 0.08929951614159179
    vertex -0.0834958644545728 0 0.04464975807079589
    vertex -0.05569801355437537 0 0.09007792228845084
  endloop
endfacet
facet normal 0 -1 0
  outer loop
    vertex -0.0834958644545728 0 0.04464975807079589
    vertex -0.02775770465535798 0 0.04542816421765494
    vertex -0.05569801355437537 0 0.09007792228845084
  endloop
endfacet
facet normal 0 -1 0
  outer loop
    vertex -0.0834958644545728 0 0.04464975807079589
    vertex -0.05555555555555541 0 0
    vertex -0.02775770465535798 0 0.04542816421765494
  endloop
endfacet
facet normal 0 -1 0
  outer loop
    vertex -0.05569801355437537 0 0.09007792228845084
    vertex -0.02775770465535798 0 0.04542816421765494
    vertex 4.014624483938967e-05 0 0.09085632843530989
  endloop
endfacet
facet normal 0 -1 0
  outer loop
    vertex 0.1669412716532965 0 0.3081517932225155
    vertex 0.1113513571391601 0 0.3080335226111702
    vertex 0.1392708442333701 0 0.2601590008474247
  endloop
endfacet
facet normal 0 -1 -0
  outer loop
    vertex 0.1113513571391601 0 0.3080335226111702
    vertex 0.0836809297192338 0 0.2600407302360795
    vertex 0.1392708442333701 0 0.2601590008474247
  endloop
endfacet
facet normal 0 -1 0
  outer loop
    vertex 0.1113513571391601 0 0.3080335226111702
    vertex 0.05576144262502369 0 0.307915251999825
    vertex 0.0836809297192338 0 0.2600407302360795
  endloop
endfacet
facet normal 0 -1 0
  outer loop
    vertex 0.1392708442333701 0 0.2601590008474247
    vertex 0.0836809297192338 0 0.2600407302360795
    vertex 0.1116004168134438 0 0.212166208472334
  endloop
endfacet
facet normal -0 -1 0
  outer loop
    vertex 0.1669412716532965 0 0.3081517932225155
    vertex 0.1390568003496185 0 0.3560279720703897
    vertex 0.1113513571391601 0 0.3080335226111702
  endloop
endfacet
facet normal 0 -1 0
  outer loop
    vertex 0.1390568003496185 0 0.3560279720703897
    vertex 0.08346688583548212 0 0.3559097014590445
    vertex 0.1113513571391601 0 0.3080335226111702
  endloop
endfacet
facet normal -0 -1 0
  outer loop
    vertex 0.1390568003496185 0 0.3560279720703897
    vertex 0.1111723290459405 0 0.403904150918264
    vertex 0.08346688583548212 0 0.3559097014590445
  endloop
endfacet
facet normal -0 -1 0
  outer loop
    vertex 0.1113513571391601 0 0.3080335226111702
    vertex 0.08346688583548212 0 0.3559097014590445
    vertex 0.05576144262502369 0 0.307915251999825
  endloop
endfacet
facet normal 0 -1 0
  outer loop
    vertex 0.1116004168134438 0 0.212166208472334
    vertex 0.0836809297192338 0 0.2600407302360795
    vertex 0.05747752813459983 0 0.2172583799239625
  endloop
endfacet
facet normal -0 -1 0
  outer loop
    vertex 0.0836809297192338 0 0.2600407302360795
    vertex 0.02955804104038984 0 0.265132901687708
    vertex 0.05747752813459983 0 0.2172583799239625
  endloop
endfacet
facet normal 0 -1 0
  outer loop
    vertex 0.0836809297192338 0 0.2600407302360795
    vertex 0.05576144262502369 0 0.307915251999825
    vertex 0.02955804104038984 0 0.265132901687708
  endloop
endfacet
facet normal 0 -1 0
  outer loop
    vertex 0.05747752813459983 0 0.2172583799239625
    vertex 0.02955804104038984 0 0.265132901687708
    vertex 0.003354639455755981 0 0.222350551375591
  endloop
endfacet
facet normal 0 -1 0
  outer loop
    vertex -0.1111870771879093 0 0.4039126821934838
    vertex -0.08100323538262333 0 0.3578846198983469
    vertex -0.05518293018514486 0 0.4042553946563071
  endloop
endfacet
facet normal 0 -1 0
  outer loop
    vertex -0.08100323538262333 0 0.3578846198983469
    vertex -0.02499908837985887 0 0.3582273323611703
    vertex -0.05518293018514486 0 0.4042553946563071
  endloop
endfacet
facet normal 0 -1 0
  outer loop
    vertex -0.08100323538262333 0 0.3578846198983469
    vertex -0.05081939357733728 0 0.3118565576032101
    vertex -0.02499908837985887 0 0.3582273323611703
  endloop
endfacet
facet normal 0 -1 0
  outer loop
    vertex -0.05518293018514486 0 0.4042553946563071
    vertex -0.02499908837985887 0 0.3582273323611703
    vertex 0.0008212168176195966 0 0.4045981071191305
  endloop
endfacet
facet normal 0 -1 -0
  outer loop
    vertex -0.1111870771879093 0 0.4039126821934838
    vertex -0.1389268719272879 0 0.3560138372356454
    vertex -0.08100323538262333 0 0.3578846198983469
  endloop
endfacet
facet normal 0 -1 0
  outer loop
    vertex -0.1389268719272879 0 0.3560138372356454
    vertex -0.1087430301220019 0 0.3099857749405086
    vertex -0.08100323538262333 0 0.3578846198983469
  endloop
endfacet
facet normal 0 -1 -0
  outer loop
    vertex -0.1389268719272879 0 0.3560138372356454
    vertex -0.1666666666666666 0 0.3081149922778071
    vertex -0.1087430301220019 0 0.3099857749405086
  endloop
endfacet
facet normal 0 -1 -0
  outer loop
    vertex -0.08100323538262333 0 0.3578846198983469
    vertex -0.1087430301220019 0 0.3099857749405086
    vertex -0.05081939357733728 0 0.3118565576032101
  endloop
endfacet
facet normal 0 -1 0
  outer loop
    vertex 0.2716687443321475 0 0.3037374703382447
    vertex 0.2965415168528642 0 0.2520131463411963
    vertex 0.3133508295073064 0 0.3024907648687764
  endloop
endfacet
facet normal 0 -1 0
  outer loop
    vertex 0.2965415168528642 0 0.2520131463411963
    vertex 0.3382236020280232 0 0.250766440871728
    vertex 0.3133508295073064 0 0.3024907648687764
  endloop
endfacet
facet normal 0 -1 0
  outer loop
    vertex 0.2965415168528642 0 0.2520131463411963
    vertex 0.321414289373581 0 0.2002888223441479
    vertex 0.3382236020280232 0 0.250766440871728
  endloop
endfacet
facet normal 0 -1 0
  outer loop
    vertex 0.3133508295073064 0 0.3024907648687764
    vertex 0.3382236020280232 0 0.250766440871728
    vertex 0.3550329146824653 0 0.3012440593993081
  endloop
endfacet
facet normal 0 -1 0
  outer loop
    vertex -0.5 0 0.3000000000000001
    vertex -0.5 0 0.2500000000000001
    vertex -0.466356881234191 0 0.2749860117103793
  endloop
endfacet
facet normal 0 -1 0
  outer loop
    vertex -0.5 0 0.2500000000000001
    vertex -0.466356881234191 0 0.2249860117103792
    vertex -0.466356881234191 0 0.2749860117103793
  endloop
endfacet
facet normal 0 -1 0
  outer loop
    vertex -0.5 0 0.2500000000000001
    vertex -0.5 0 0.2000000000000001
    vertex -0.466356881234191 0 0.2249860117103792
  endloop
endfacet
facet normal 0 -1 0
  outer loop
    vertex -0.466356881234191 0 0.2749860117103793
    vertex -0.466356881234191 0 0.2249860117103792
    vertex -0.4327137624683819 0 0.2499720234207584
  endloop
endfacet
facet normal 0 -1 0
  outer loop
    vertex 0.5 0 0.2000000000000001
    vertex 0.5 0 0.2500000000000001
    vertex 0.4592770533779647 0 0.2249481322892252
  endloop
endfacet
facet normal -0 -1 0
  outer loop
    vertex 0.5 0 0.2500000000000001
    vertex 0.4592770533779647 0 0.2749481322892252
    vertex 0.4592770533779647 0 0.2249481322892252
  endloop
endfacet
facet normal 0 -1 0
  outer loop
    vertex 0.5 0 0.2500000000000001
    vertex 0.5 0 0.3000000000000001
    vertex 0.4592770533779647 0 0.2749481322892252
  endloop
endfacet
facet normal 0 -1 0
  outer loop
    vertex 0.4592770533779647 0 0.2249481322892252
    vertex 0.4592770533779647 0 0.2749481322892252
    vertex 0.4185541067559294 0 0.2498962645784503
  endloop
endfacet
facet normal 0 -1 0
  outer loop
    vertex -0.1666666666666666 0 0.3081149922778071
    vertex -0.1660646261853602 0 0.2486394839941002
    vertex -0.1266397864362816 0 0.269575111076556
  endloop
endfacet
facet normal 0 -1 0
  outer loop
    vertex -0.1660646261853602 0 0.2486394839941002
    vertex -0.1260377459549752 0 0.210099602792849
    vertex -0.1266397864362816 0 0.269575111076556
  endloop
endfacet
facet normal 0 -1 0
  outer loop
    vertex -0.1660646261853602 0 0.2486394839941002
    vertex -0.1654625857040539 0 0.1891639757103933
    vertex -0.1260377459549752 0 0.210099602792849
  endloop
endfacet
facet normal 0 -1 0
  outer loop
    vertex -0.1266397864362816 0 0.269575111076556
    vertex -0.1260377459549752 0 0.210099602792849
    vertex -0.08661290620589657 0 0.2310352298753048
  endloop
endfacet
facet normal 0 -1 0
  outer loop
    vertex -0.5 0 0.4000000000000001
    vertex -0.5 0 0.3500000000000001
    vertex -0.4526295960098758 0 0.3711351797630555
  endloop
endfacet
facet normal 0 -1 0
  outer loop
    vertex -0.5 0 0.3500000000000001
    vertex -0.4526295960098758 0 0.3211351797630555
    vertex -0.4526295960098758 0 0.3711351797630555
  endloop
endfacet
facet normal 0 -1 0
  outer loop
    vertex -0.5 0 0.3500000000000001
    vertex -0.5 0 0.3000000000000001
    vertex -0.4526295960098758 0 0.3211351797630555
  endloop
endfacet
facet normal 0 -1 0
  outer loop
    vertex -0.4526295960098758 0 0.3711351797630555
    vertex -0.4526295960098758 0 0.3211351797630555
    vertex -0.4052591920197516 0 0.3422703595261109
  endloop
endfacet
facet normal 0 -1 0
  outer loop
    vertex -0.5 0 0.2000000000000001
    vertex -0.5 0 0.15
    vertex -0.4526310786958667 0 0.1788006815735023
  endloop
endfacet
facet normal 0 -1 0
  outer loop
    vertex -0.5 0 0.15
    vertex -0.4526310786958667 0 0.1288006815735022
    vertex -0.4526310786958667 0 0.1788006815735023
  endloop
endfacet
facet normal 0 -1 0
  outer loop
    vertex -0.5 0 0.15
    vertex -0.5 0 0.1
    vertex -0.4526310786958667 0 0.1288006815735022
  endloop
endfacet
facet normal 0 -1 0
  outer loop
    vertex -0.4526310786958667 0 0.1788006815735023
    vertex -0.4526310786958667 0 0.1288006815735022
    vertex -0.4052621573917333 0 0.1576013631470045
  endloop
endfacet
facet normal 0 -1 0
  outer loop
    vertex 0.5 0 0.3000000000000001
    vertex 0.5 0 0.3500000000000001
    vertex 0.4614032303465498 0 0.3232809183554772
  endloop
endfacet
facet normal -0 -1 0
  outer loop
    vertex 0.5 0 0.3500000000000001
    vertex 0.4614032303465498 0 0.3732809183554772
    vertex 0.4614032303465498 0 0.3232809183554772
  endloop
endfacet
facet normal 0 -1 0
  outer loop
    vertex 0.5 0 0.3500000000000001
    vertex 0.5 0 0.4000000000000001
    vertex 0.4614032303465498 0 0.3732809183554772
  endloop
endfacet
facet normal 0 -1 0
  outer loop
    vertex 0.4614032303465498 0 0.3232809183554772
    vertex 0.4614032303465498 0 0.3732809183554772
    vertex 0.4228064606930997 0 0.3465618367109543
  endloop
endfacet
facet normal 0 -1 0
  outer loop
    vertex 0.5 0 0.1
    vertex 0.5 0 0.15
    vertex 0.4577457146336665 0 0.1250000000000001
  endloop
endfacet
facet normal -0 -1 0
  outer loop
    vertex 0.5 0 0.15
    vertex 0.4577457146336665 0 0.1750000000000001
    vertex 0.4577457146336665 0 0.1250000000000001
  endloop
endfacet
facet normal 0 -1 0
  outer loop
    vertex 0.5 0 0.15
    vertex 0.5 0 0.2000000000000001
    vertex 0.4577457146336665 0 0.1750000000000001
  endloop
endfacet
facet normal 0 -1 0
  outer loop
    vertex 0.4577457146336665 0 0.1250000000000001
    vertex 0.4577457146336665 0 0.1750000000000001
    vertex 0.4154914292673331 0 0.1500000000000001
  endloop
endfacet
facet normal 0 -1 -0
  outer loop
    vertex -0.4327137624683819 0 0.2499720234207584
    vertex -0.466356881234191 0 0.2249860117103792
    vertex -0.4189879599300577 0 0.2037866932838814
  endloop
endfacet
facet normal 0 -1 0
  outer loop
    vertex -0.466356881234191 0 0.2249860117103792
    vertex -0.4526310786958667 0 0.1788006815735023
    vertex -0.4189879599300577 0 0.2037866932838814
  endloop
endfacet
facet normal 0 -1 -0
  outer loop
    vertex -0.466356881234191 0 0.2249860117103792
    vertex -0.5 0 0.2000000000000001
    vertex -0.4526310786958667 0 0.1788006815735023
  endloop
endfacet
facet normal 0 -1 -0
  outer loop
    vertex -0.4189879599300577 0 0.2037866932838814
    vertex -0.4526310786958667 0 0.1788006815735023
    vertex -0.4052621573917333 0 0.1576013631470045
  endloop
endfacet
facet normal 0 -1 0
  outer loop
    vertex -0.5 0 0.3000000000000001
    vertex -0.466356881234191 0 0.2749860117103793
    vertex -0.4526295960098758 0 0.3211351797630555
  endloop
endfacet
facet normal 0 -1 0
  outer loop
    vertex -0.466356881234191 0 0.2749860117103793
    vertex -0.4189864772440668 0 0.2961211914734347
    vertex -0.4526295960098758 0 0.3211351797630555
  endloop
endfacet
facet normal 0 -1 0
  outer loop
    vertex -0.466356881234191 0 0.2749860117103793
    vertex -0.4327137624683819 0 0.2499720234207584
    vertex -0.4189864772440668 0 0.2961211914734347
  endloop
endfacet
facet normal 0 -1 0
  outer loop
    vertex -0.4526295960098758 0 0.3211351797630555
    vertex -0.4189864772440668 0 0.2961211914734347
    vertex -0.4052591920197516 0 0.3422703595261109
  endloop
endfacet
facet normal 0 -1 0
  outer loop
    vertex 0.4185541067559294 0 0.2498962645784503
    vertex 0.4592770533779647 0 0.2749481322892252
    vertex 0.4206802837245145 0 0.2982290506447023
  endloop
endfacet
facet normal 0 -1 0
  outer loop
    vertex 0.4592770533779647 0 0.2749481322892252
    vertex 0.4614032303465498 0 0.3232809183554772
    vertex 0.4206802837245145 0 0.2982290506447023
  endloop
endfacet
facet normal 0 -1 0
  outer loop
    vertex 0.4592770533779647 0 0.2749481322892252
    vertex 0.5 0 0.3000000000000001
    vertex 0.4614032303465498 0 0.3232809183554772
  endloop
endfacet
facet normal 0 -1 0
  outer loop
    vertex 0.4206802837245145 0 0.2982290506447023
    vertex 0.4614032303465498 0 0.3232809183554772
    vertex 0.4228064606930997 0 0.3465618367109543
  endloop
endfacet
facet normal -0 -1 0
  outer loop
    vertex 0.5 0 0.2000000000000001
    vertex 0.4592770533779647 0 0.2249481322892252
    vertex 0.4577457146336665 0 0.1750000000000001
  endloop
endfacet
facet normal 0 -1 0
  outer loop
    vertex 0.4592770533779647 0 0.2249481322892252
    vertex 0.4170227680116312 0 0.1999481322892252
    vertex 0.4577457146336665 0 0.1750000000000001
  endloop
endfacet
facet normal -0 -1 0
  outer loop
    vertex 0.4592770533779647 0 0.2249481322892252
    vertex 0.4185541067559294 0 0.2498962645784503
    vertex 0.4170227680116312 0 0.1999481322892252
  endloop
endfacet
facet normal -0 -1 0
  outer loop
    vertex 0.4577457146336665 0 0.1750000000000001
    vertex 0.4170227680116312 0 0.1999481322892252
    vertex 0.4154914292673331 0 0.1500000000000001
  endloop
endfacet
facet normal 0 -1 0
  outer loop
    vertex 0.4154914292673331 0 0.1500000000000001
    vertex 0.4170227680116312 0 0.1999481322892252
    vertex 0.368452859320457 0 0.175144411172074
  endloop
endfacet
facet normal -0 -1 0
  outer loop
    vertex 0.4170227680116312 0 0.1999481322892252
    vertex 0.3699841980647551 0 0.2250925434612991
    vertex 0.368452859320457 0 0.175144411172074
  endloop
endfacet
facet normal 0 -1 0
  outer loop
    vertex 0.4170227680116312 0 0.1999481322892252
    vertex 0.4185541067559294 0 0.2498962645784503
    vertex 0.3699841980647551 0 0.2250925434612991
  endloop
endfacet
facet normal 0 -1 0
  outer loop
    vertex 0.368452859320457 0 0.175144411172074
    vertex 0.3699841980647551 0 0.2250925434612991
    vertex 0.321414289373581 0 0.2002888223441479
  endloop
endfacet
facet normal 0 -1 0
  outer loop
    vertex -0.05081939357733728 0 0.3118565576032101
    vertex -0.1087430301220019 0 0.3099857749405086
    vertex -0.0687161498916169 0 0.2714458937392574
  endloop
endfacet
facet normal 0 -1 -0
  outer loop
    vertex -0.1087430301220019 0 0.3099857749405086
    vertex -0.1266397864362816 0 0.269575111076556
    vertex -0.0687161498916169 0 0.2714458937392574
  endloop
endfacet
facet normal 0 -1 0
  outer loop
    vertex -0.1087430301220019 0 0.3099857749405086
    vertex -0.1666666666666666 0 0.3081149922778071
    vertex -0.1266397864362816 0 0.269575111076556
  endloop
endfacet
facet normal 0 -1 0
  outer loop
    vertex -0.0687161498916169 0 0.2714458937392574
    vertex -0.1266397864362816 0 0.269575111076556
    vertex -0.08661290620589657 0 0.2310352298753048
  endloop
endfacet
facet normal 0 -1 0
  outer loop
    vertex -0.1654625857040539 0 0.1891639757103933
    vertex -0.138449379528822 0 0.1392317459259925
    vertex -0.1098692446511738 0 0.1721039977301623
  endloop
endfacet
facet normal 0 -1 0
  outer loop
    vertex -0.138449379528822 0 0.1392317459259925
    vertex -0.08285603847594192 0 0.1221717679457616
    vertex -0.1098692446511738 0 0.1721039977301623
  endloop
endfacet
facet normal 0 -1 0
  outer loop
    vertex -0.138449379528822 0 0.1392317459259925
    vertex -0.1114361733535901 0 0.08929951614159179
    vertex -0.08285603847594192 0 0.1221717679457616
  endloop
endfacet
facet normal 0 -1 0
  outer loop
    vertex -0.1098692446511738 0 0.1721039977301623
    vertex -0.08285603847594192 0 0.1221717679457616
    vertex -0.05427590359829365 0 0.1550440197499314
  endloop
endfacet
facet normal 0 -1 0
  outer loop
    vertex -0.5 0 0
    vertex -0.4444444444444444 0 0
    vertex -0.4628481992765601 0 0.03541558105073565
  endloop
endfacet
facet normal 0 -1 0
  outer loop
    vertex -0.4444444444444444 0 0
    vertex -0.4072926437210046 0 0.03541558105073565
    vertex -0.4628481992765601 0 0.03541558105073565
  endloop
endfacet
facet normal 0 -1 0
  outer loop
    vertex -0.4444444444444444 0 0
    vertex -0.3888888888888889 0 0
    vertex -0.4072926437210046 0 0.03541558105073565
  endloop
endfacet
facet normal 0 -1 0
  outer loop
    vertex -0.4628481992765601 0 0.03541558105073565
    vertex -0.4072926437210046 0 0.03541558105073565
    vertex -0.4256963985531202 0 0.07083116210147129
  endloop
endfacet
facet normal -0 -1 0
  outer loop
    vertex -0.3888888888888889 0 0.5
    vertex -0.4444444444444444 0 0.5
    vertex -0.4072926437210046 0 0.4645844189492644
  endloop
endfacet
facet normal 0 -1 -0
  outer loop
    vertex -0.4444444444444444 0 0.5
    vertex -0.4628481992765602 0 0.4645844189492644
    vertex -0.4072926437210046 0 0.4645844189492644
  endloop
endfacet
facet normal -0 -1 0
  outer loop
    vertex -0.4444444444444444 0 0.5
    vertex -0.5 0 0.5
    vertex -0.4628481992765602 0 0.4645844189492644
  endloop
endfacet
facet normal -0 -1 0
  outer loop
    vertex -0.4072926437210046 0 0.4645844189492644
    vertex -0.4628481992765602 0 0.4645844189492644
    vertex -0.4256963985531204 0 0.4291688378985288
  endloop
endfacet
facet normal 0 -1 0
  outer loop
    vertex 0.3888888888888892 0 0
    vertex 0.4444444444444445 0 0
    vertex 0.4072926437210047 0 0.03541558105073569
  endloop
endfacet
facet normal 0 -1 0
  outer loop
    vertex 0.4444444444444445 0 0
    vertex 0.4628481992765602 0 0.03541558105073569
    vertex 0.4072926437210047 0 0.03541558105073569
  endloop
endfacet
facet normal 0 -1 0
  outer loop
    vertex 0.4444444444444445 0 0
    vertex 0.5 0 0
    vertex 0.4628481992765602 0 0.03541558105073569
  endloop
endfacet
facet normal 0 -1 0
  outer loop
    vertex 0.4072926437210047 0 0.03541558105073569
    vertex 0.4628481992765602 0 0.03541558105073569
    vertex 0.4256963985531204 0 0.07083116210147138
  endloop
endfacet
facet normal -0 -1 0
  outer loop
    vertex 0.5 0 0.5
    vertex 0.4444444444444445 0 0.5
    vertex 0.4643316779182366 0 0.4645686693498179
  endloop
endfacet
facet normal 0 -1 -0
  outer loop
    vertex 0.4444444444444445 0 0.5
    vertex 0.4087761223626811 0 0.4645686693498179
    vertex 0.4643316779182366 0 0.4645686693498179
  endloop
endfacet
facet normal -0 -1 0
  outer loop
    vertex 0.4444444444444445 0 0.5
    vertex 0.3888888888888892 0 0.5
    vertex 0.4087761223626811 0 0.4645686693498179
  endloop
endfacet
facet normal -0 -1 0
  outer loop
    vertex 0.4643316779182366 0 0.4645686693498179
    vertex 0.4087761223626811 0 0.4645686693498179
    vertex 0.4286633558364732 0 0.4291373386996358
  endloop
endfacet
facet normal 0 -1 0
  outer loop
    vertex 0.3425642640046314 0 0.08586495583963369
    vertex 0.3790278466359822 0 0.1179324779198169
    vertex 0.3319892766891062 0 0.1430768890918908
  endloop
endfacet
facet normal 0 -1 0
  outer loop
    vertex 0.3790278466359822 0 0.1179324779198169
    vertex 0.368452859320457 0 0.175144411172074
    vertex 0.3319892766891062 0 0.1430768890918908
  endloop
endfacet
facet normal 0 -1 0
  outer loop
    vertex 0.3790278466359822 0 0.1179324779198169
    vertex 0.4154914292673331 0 0.1500000000000001
    vertex 0.368452859320457 0 0.175144411172074
  endloop
endfacet
facet normal 0 -1 0
  outer loop
    vertex 0.3319892766891062 0 0.1430768890918908
    vertex 0.368452859320457 0 0.175144411172074
    vertex 0.321414289373581 0 0.2002888223441479
  endloop
endfacet
facet normal 0 -1 0
  outer loop
    vertex -0.5 0 0.1
    vertex -0.5 0 0.05000000000000001
    vertex -0.4628481992765601 0 0.08541558105073566
  endloop
endfacet
facet normal 0 -1 0
  outer loop
    vertex -0.5 0 0.05000000000000001
    vertex -0.4628481992765601 0 0.03541558105073565
    vertex -0.4628481992765601 0 0.08541558105073566
  endloop
endfacet
facet normal 0 -1 0
  outer loop
    vertex -0.5 0 0.05000000000000001
    vertex -0.5 0 0
    vertex -0.4628481992765601 0 0.03541558105073565
  endloop
endfacet
facet normal 0 -1 0
  outer loop
    vertex -0.4628481992765601 0 0.08541558105073566
    vertex -0.4628481992765601 0 0.03541558105073565
    vertex -0.4256963985531202 0 0.07083116210147129
  endloop
endfacet
facet normal 0 -1 0
  outer loop
    vertex 0.5 0 0.4000000000000001
    vertex 0.5 0 0.4500000000000001
    vertex 0.4643316779182366 0 0.414568669349818
  endloop
endfacet
facet normal -0 -1 0
  outer loop
    vertex 0.5 0 0.4500000000000001
    vertex 0.4643316779182366 0 0.4645686693498179
    vertex 0.4643316779182366 0 0.414568669349818
  endloop
endfacet
facet normal 0 -1 0
  outer loop
    vertex 0.5 0 0.4500000000000001
    vertex 0.5 0 0.5
    vertex 0.4643316779182366 0 0.4645686693498179
  endloop
endfacet
facet normal 0 -1 0
  outer loop
    vertex 0.4643316779182366 0 0.414568669349818
    vertex 0.4643316779182366 0 0.4645686693498179
    vertex 0.4286633558364732 0 0.4291373386996358
  endloop
endfacet
facet normal 0 -1 0
  outer loop
    vertex -0.5 0 0.5
    vertex -0.5 0 0.4500000000000001
    vertex -0.4628481992765602 0 0.4645844189492644
  endloop
endfacet
facet normal 0 -1 0
  outer loop
    vertex -0.5 0 0.4500000000000001
    vertex -0.4628481992765602 0 0.4145844189492645
    vertex -0.4628481992765602 0 0.4645844189492644
  endloop
endfacet
facet normal 0 -1 0
  outer loop
    vertex -0.5 0 0.4500000000000001
    vertex -0.5 0 0.4000000000000001
    vertex -0.4628481992765602 0 0.4145844189492645
  endloop
endfacet
facet normal 0 -1 0
  outer loop
    vertex -0.4628481992765602 0 0.4645844189492644
    vertex -0.4628481992765602 0 0.4145844189492645
    vertex -0.4256963985531204 0 0.4291688378985288
  endloop
endfacet
facet normal 0 -1 0
  outer loop
    vertex 0.5 0 0
    vertex 0.5 0 0.05000000000000001
    vertex 0.4628481992765602 0 0.03541558105073569
  endloop
endfacet
facet normal -0 -1 0
  outer loop
    vertex 0.5 0 0.05000000000000001
    vertex 0.4628481992765602 0 0.0854155810507357
    vertex 0.4628481992765602 0 0.03541558105073569
  endloop
endfacet
facet normal 0 -1 0
  outer loop
    vertex 0.5 0 0.05000000000000001
    vertex 0.5 0 0.1
    vertex 0.4628481992765602 0 0.0854155810507357
  endloop
endfacet
facet normal 0 -1 0
  outer loop
    vertex 0.4628481992765602 0 0.03541558105073569
    vertex 0.4628481992765602 0 0.0854155810507357
    vertex 0.4256963985531204 0 0.07083116210147138
  endloop
endfacet
facet normal 0 -1 -0
  outer loop
    vertex -0.08661290620589657 0 0.2310352298753048
    vertex -0.1260377459549752 0 0.210099602792849
    vertex -0.07044440490209514 0 0.193039624812618
  endloop
endfacet
facet normal 0 -1 0
  outer loop
    vertex -0.1260377459549752 0 0.210099602792849
    vertex -0.1098692446511738 0 0.1721039977301623
    vertex -0.07044440490209514 0 0.193039624812618
  endloop
endfacet
facet normal 0 -1 -0
  outer loop
    vertex -0.1260377459549752 0 0.210099602792849
    vertex -0.1654625857040539 0 0.1891639757103933
    vertex -0.1098692446511738 0 0.1721039977301623
  endloop
endfacet
facet normal 0 -1 -0
  outer loop
    vertex -0.07044440490209514 0 0.193039624812618
    vertex -0.1098692446511738 0 0.1721039977301623
    vertex -0.05427590359829365 0 0.1550440197499314
  endloop
endfacet
facet normal 0 -1 -0
  outer loop
    vertex 0.3375553441670838 0 0.3990618583894388
    vertex 0.3046120442496156 0 0.3513996643638417
    vertex 0.3462941294247746 0 0.3501529588943735
  endloop
endfacet
facet normal 0 -1 0
  outer loop
    vertex 0.3046120442496156 0 0.3513996643638417
    vertex 0.3133508295073064 0 0.3024907648687764
    vertex 0.3462941294247746 0 0.3501529588943735
  endloop
endfacet
facet normal 0 -1 -0
  outer loop
    vertex 0.3046120442496156 0 0.3513996643638417
    vertex 0.2716687443321475 0 0.3037374703382447
    vertex 0.3133508295073064 0 0.3024907648687764
  endloop
endfacet
facet normal 0 -1 -0
  outer loop
    vertex 0.3462941294247746 0 0.3501529588943735
    vertex 0.3133508295073064 0 0.3024907648687764
    vertex 0.3550329146824653 0 0.3012440593993081
  endloop
endfacet
facet normal 0 -1 0
  outer loop
    vertex 0.321414289373581 0 0.2002888223441479
    vertex 0.3699841980647551 0 0.2250925434612991
    vertex 0.3382236020280232 0 0.250766440871728
  endloop
endfacet
facet normal 0 -1 0
  outer loop
    vertex 0.3699841980647551 0 0.2250925434612991
    vertex 0.3867935107191973 0 0.2755701619888792
    vertex 0.3382236020280232 0 0.250766440871728
  endloop
endfacet
facet normal 0 -1 0
  outer loop
    vertex 0.3699841980647551 0 0.2250925434612991
    vertex 0.4185541067559294 0 0.2498962645784503
    vertex 0.3867935107191973 0 0.2755701619888792
  endloop
endfacet
facet normal 0 -1 0
  outer loop
    vertex 0.3382236020280232 0 0.250766440871728
    vertex 0.3867935107191973 0 0.2755701619888792
    vertex 0.3550329146824653 0 0.3012440593993081
  endloop
endfacet
facet normal 0 -1 0
  outer loop
    vertex -0.1654625857040539 0 0.1891639757103933
    vertex -0.1660646261853602 0 0.2486394839941002
    vertex -0.202464081944162 0 0.2193013724438446
  endloop
endfacet
facet normal -0 -1 0
  outer loop
    vertex -0.1660646261853602 0 0.2486394839941002
    vertex -0.2030661224254683 0 0.2787768807275516
    vertex -0.202464081944162 0 0.2193013724438446
  endloop
endfacet
facet normal 0 -1 0
  outer loop
    vertex -0.1660646261853602 0 0.2486394839941002
    vertex -0.1666666666666666 0 0.3081149922778071
    vertex -0.2030661224254683 0 0.2787768807275516
  endloop
endfacet
facet normal 0 -1 0
  outer loop
    vertex -0.202464081944162 0 0.2193013724438446
    vertex -0.2030661224254683 0 0.2787768807275516
    vertex -0.2394655781842701 0 0.249438769177296
  endloop
endfacet
facet normal 0 -1 0
  outer loop
    vertex 0.2243505920846193 0 0.09883311628636596
    vertex 0.2232942832862803 0 0.1556395031266994
    vertex 0.1957081565470575 0 0.1265880302680207
  endloop
endfacet
facet normal -0 -1 0
  outer loop
    vertex 0.2232942832862803 0 0.1556395031266994
    vertex 0.1946518477487186 0 0.1833944171083541
    vertex 0.1957081565470575 0 0.1265880302680207
  endloop
endfacet
facet normal 0 -1 0
  outer loop
    vertex 0.2232942832862803 0 0.1556395031266994
    vertex 0.2222379744879412 0 0.2124458899670328
    vertex 0.1946518477487186 0 0.1833944171083541
  endloop
endfacet
facet normal 0 -1 0
  outer loop
    vertex 0.1957081565470575 0 0.1265880302680207
    vertex 0.1946518477487186 0 0.1833944171083541
    vertex 0.1670657210094959 0 0.1543429442496754
  endloop
endfacet
facet normal 0 -1 0
  outer loop
    vertex 0.3425642640046314 0 0.08586495583963369
    vertex 0.3657265764467603 0 0.04293247791981684
    vertex 0.3841303312788759 0 0.07834805897055253
  endloop
endfacet
facet normal 0 -1 0
  outer loop
    vertex 0.3657265764467603 0 0.04293247791981684
    vertex 0.4072926437210047 0 0.03541558105073569
    vertex 0.3841303312788759 0 0.07834805897055253
  endloop
endfacet
facet normal 0 -1 0
  outer loop
    vertex 0.3657265764467603 0 0.04293247791981684
    vertex 0.3888888888888892 0 0
    vertex 0.4072926437210047 0 0.03541558105073569
  endloop
endfacet
facet normal 0 -1 0
  outer loop
    vertex 0.3841303312788759 0 0.07834805897055253
    vertex 0.4072926437210047 0 0.03541558105073569
    vertex 0.4256963985531204 0 0.07083116210147138
  endloop
endfacet
facet normal 0 -1 0
  outer loop
    vertex -0.3346424157478533 0 0.4153648248877939
    vertex -0.3617656523183711 0 0.457682412443897
    vertex -0.3801694071504869 0 0.4222668313931613
  endloop
endfacet
facet normal -0 -1 0
  outer loop
    vertex -0.3617656523183711 0 0.457682412443897
    vertex -0.4072926437210046 0 0.4645844189492644
    vertex -0.3801694071504869 0 0.4222668313931613
  endloop
endfacet
facet normal 0 -1 0
  outer loop
    vertex -0.3617656523183711 0 0.457682412443897
    vertex -0.3888888888888889 0 0.5
    vertex -0.4072926437210046 0 0.4645844189492644
  endloop
endfacet
facet normal 0 -1 0
  outer loop
    vertex -0.3801694071504869 0 0.4222668313931613
    vertex -0.4072926437210046 0 0.4645844189492644
    vertex -0.4256963985531204 0 0.4291688378985288
  endloop
endfacet
facet normal 0 -1 -0
  outer loop
    vertex 0.3888888888888892 0 0.5
    vertex 0.3632221165279865 0 0.4495309291947194
    vertex 0.4087761223626811 0 0.4645686693498179
  endloop
endfacet
facet normal 0 -1 0
  outer loop
    vertex 0.3632221165279865 0 0.4495309291947194
    vertex 0.3831093500017785 0 0.4140995985445373
    vertex 0.4087761223626811 0 0.4645686693498179
  endloop
endfacet
facet normal 0 -1 -0
  outer loop
    vertex 0.3632221165279865 0 0.4495309291947194
    vertex 0.3375553441670838 0 0.3990618583894388
    vertex 0.3831093500017785 0 0.4140995985445373
  endloop
endfacet
facet normal 0 -1 -0
  outer loop
    vertex 0.4087761223626811 0 0.4645686693498179
    vertex 0.3831093500017785 0 0.4140995985445373
    vertex 0.4286633558364732 0 0.4291373386996358
  endloop
endfacet
facet normal 0 -1 0
  outer loop
    vertex -0.3888888888888889 0 0
    vertex -0.361847577837614 0 0.04224684861392339
    vertex -0.4072926437210046 0 0.03541558105073565
  endloop
endfacet
facet normal -0 -1 0
  outer loop
    vertex -0.361847577837614 0 0.04224684861392339
    vertex -0.3802513326697297 0 0.07766242966465904
    vertex -0.4072926437210046 0 0.03541558105073565
  endloop
endfacet
facet normal 0 -1 0
  outer loop
    vertex -0.361847577837614 0 0.04224684861392339
    vertex -0.3348062667863391 0 0.08449369722784679
    vertex -0.3802513326697297 0 0.07766242966465904
  endloop
endfacet
facet normal 0 -1 0
  outer loop
    vertex -0.4072926437210046 0 0.03541558105073565
    vertex -0.3802513326697297 0 0.07766242966465904
    vertex -0.4256963985531202 0 0.07083116210147129
  endloop
endfacet
facet normal -0 -1 0
  outer loop
    vertex 0.4228064606930997 0 0.3465618367109543
    vertex 0.3801809024300917 0 0.3728118475501966
    vertex 0.3889196876877825 0 0.3239029480551312
  endloop
endfacet
facet normal 0 -1 -0
  outer loop
    vertex 0.3801809024300917 0 0.3728118475501966
    vertex 0.3462941294247746 0 0.3501529588943735
    vertex 0.3889196876877825 0 0.3239029480551312
  endloop
endfacet
facet normal -0 -1 0
  outer loop
    vertex 0.3801809024300917 0 0.3728118475501966
    vertex 0.3375553441670838 0 0.3990618583894388
    vertex 0.3462941294247746 0 0.3501529588943735
  endloop
endfacet
facet normal -0 -1 0
  outer loop
    vertex 0.3889196876877825 0 0.3239029480551312
    vertex 0.3462941294247746 0 0.3501529588943735
    vertex 0.3550329146824653 0 0.3012440593993081
  endloop
endfacet
facet normal 0 -1 0
  outer loop
    vertex 0.003354639455755981 0 0.222350551375591
    vertex -0.02373237706079068 0 0.2671035544894005
    vertex -0.04162913337507029 0 0.2266928906254478
  endloop
endfacet
facet normal -0 -1 0
  outer loop
    vertex -0.02373237706079068 0 0.2671035544894005
    vertex -0.0687161498916169 0 0.2714458937392574
    vertex -0.04162913337507029 0 0.2266928906254478
  endloop
endfacet
facet normal 0 -1 0
  outer loop
    vertex -0.02373237706079068 0 0.2671035544894005
    vertex -0.05081939357733728 0 0.3118565576032101
    vertex -0.0687161498916169 0 0.2714458937392574
  endloop
endfacet
facet normal 0 -1 0
  outer loop
    vertex -0.04162913337507029 0 0.2266928906254478
    vertex -0.0687161498916169 0 0.2714458937392574
    vertex -0.08661290620589657 0 0.2310352298753048
  endloop
endfacet
facet normal -0 -1 0
  outer loop
    vertex -0.1666666666666666 0 0.3081149922778071
    vertex -0.22459610796755 0 0.3189993561614103
    vertex -0.2030661224254683 0 0.2787768807275516
  endloop
endfacet
facet normal 0 -1 -0
  outer loop
    vertex -0.22459610796755 0 0.3189993561614103
    vertex -0.2609955637263517 0 0.2896612446111547
    vertex -0.2030661224254683 0 0.2787768807275516
  endloop
endfacet
facet normal -0 -1 0
  outer loop
    vertex -0.22459610796755 0 0.3189993561614103
    vertex -0.2825255492684334 0 0.3298837200450135
    vertex -0.2609955637263517 0 0.2896612446111547
  endloop
endfacet
facet normal -0 -1 0
  outer loop
    vertex -0.2030661224254683 0 0.2787768807275516
    vertex -0.2609955637263517 0 0.2896612446111547
    vertex -0.2394655781842701 0 0.249438769177296
  endloop
endfacet
facet normal 0 -1 0
  outer loop
    vertex -0.2394655781842701 0 0.249438769177296
    vertex -0.2609955637263517 0 0.2896612446111547
    vertex -0.2903675389427967 0 0.2495946007805612
  endloop
endfacet
facet normal -0 -1 0
  outer loop
    vertex -0.2609955637263517 0 0.2896612446111547
    vertex -0.3118975244848783 0 0.2898170762144199
    vertex -0.2903675389427967 0 0.2495946007805612
  endloop
endfacet
facet normal 0 -1 0
  outer loop
    vertex -0.2609955637263517 0 0.2896612446111547
    vertex -0.2825255492684334 0 0.3298837200450135
    vertex -0.3118975244848783 0 0.2898170762144199
  endloop
endfacet
facet normal 0 -1 0
  outer loop
    vertex -0.2903675389427967 0 0.2495946007805612
    vertex -0.3118975244848783 0 0.2898170762144199
    vertex -0.3412694997013233 0 0.2497504323838264
  endloop
endfacet
facet normal 0 -1 0
  outer loop
    vertex -0.2823907588753694 0 0.1693363589867752
    vertex -0.2609281685298197 0 0.2093875640820356
    vertex -0.3118301292883464 0 0.2095433956853008
  endloop
endfacet
facet normal 0 -1 0
  outer loop
    vertex -0.2609281685298197 0 0.2093875640820356
    vertex -0.2903675389427967 0 0.2495946007805612
    vertex -0.3118301292883464 0 0.2095433956853008
  endloop
endfacet
facet normal 0 -1 0
  outer loop
    vertex -0.2609281685298197 0 0.2093875640820356
    vertex -0.2394655781842701 0 0.249438769177296
    vertex -0.2903675389427967 0 0.2495946007805612
  endloop
endfacet
facet normal 0 -1 0
  outer loop
    vertex -0.3118301292883464 0 0.2095433956853008
    vertex -0.2903675389427967 0 0.2495946007805612
    vertex -0.3412694997013233 0 0.2497504323838264
  endloop
endfacet
facet normal 0 -1 0
  outer loop
    vertex 0.05627901198371177 0 0.1541581727754938
    vertex 0.02981682571973387 0 0.1882543620755424
    vertex 0.001001554192709087 0 0.1546010962627126
  endloop
endfacet
facet normal -0 -1 0
  outer loop
    vertex 0.02981682571973387 0 0.1882543620755424
    vertex -0.02546063207126881 0 0.1886972855627612
    vertex 0.001001554192709087 0 0.1546010962627126
  endloop
endfacet
facet normal 0 -1 0
  outer loop
    vertex 0.02981682571973387 0 0.1882543620755424
    vertex 0.003354639455755981 0 0.222350551375591
    vertex -0.02546063207126881 0 0.1886972855627612
  endloop
endfacet
facet normal 0 -1 0
  outer loop
    vertex 0.001001554192709087 0 0.1546010962627126
    vertex -0.02546063207126881 0 0.1886972855627612
    vertex -0.05427590359829365 0 0.1550440197499314
  endloop
endfacet
facet normal 0 -1 0
  outer loop
    vertex 4.014624483938967e-05 0 0.09085632843530989
    vertex 0.02815957911427558 0 0.1225072506054019
    vertex -0.0271178786767271 0 0.1229501740926206
  endloop
endfacet
facet normal 0 -1 0
  outer loop
    vertex 0.02815957911427558 0 0.1225072506054019
    vertex 0.001001554192709087 0 0.1546010962627126
    vertex -0.0271178786767271 0 0.1229501740926206
  endloop
endfacet
facet normal 0 -1 0
  outer loop
    vertex 0.02815957911427558 0 0.1225072506054019
    vertex 0.05627901198371177 0 0.1541581727754938
    vertex 0.001001554192709087 0 0.1546010962627126
  endloop
endfacet
facet normal 0 -1 0
  outer loop
    vertex -0.0271178786767271 0 0.1229501740926206
    vertex 0.001001554192709087 0 0.1546010962627126
    vertex -0.05427590359829365 0 0.1550440197499314
  endloop
endfacet
facet normal 0 -1 0
  outer loop
    vertex -0.2823907588753694 0 0.1693363589867752
    vertex -0.2239266722897116 0 0.1792501673485842
    vertex -0.2609281685298197 0 0.2093875640820356
  endloop
endfacet
facet normal 0 -1 0
  outer loop
    vertex -0.2239266722897116 0 0.1792501673485842
    vertex -0.202464081944162 0 0.2193013724438446
    vertex -0.2609281685298197 0 0.2093875640820356
  endloop
endfacet
facet normal 0 -1 0
  outer loop
    vertex -0.2239266722897116 0 0.1792501673485842
    vertex -0.1654625857040539 0 0.1891639757103933
    vertex -0.202464081944162 0 0.2193013724438446
  endloop
endfacet
facet normal 0 -1 0
  outer loop
    vertex -0.2609281685298197 0 0.2093875640820356
    vertex -0.202464081944162 0 0.2193013724438446
    vertex -0.2394655781842701 0 0.249438769177296
  endloop
endfacet
facet normal 0 -1 0
  outer loop
    vertex 0.111168703934291 0 0.0929221661347434
    vertex 0.1677596480094552 0 0.09587764121055467
    vertex 0.1391172124718935 0 0.1236325551922094
  endloop
endfacet
facet normal 0 -1 0
  outer loop
    vertex 0.1677596480094552 0 0.09587764121055467
    vertex 0.1957081565470575 0 0.1265880302680207
    vertex 0.1391172124718935 0 0.1236325551922094
  endloop
endfacet
facet normal 0 -1 0
  outer loop
    vertex 0.1677596480094552 0 0.09587764121055467
    vertex 0.2243505920846193 0 0.09883311628636596
    vertex 0.1957081565470575 0 0.1265880302680207
  endloop
endfacet
facet normal 0 -1 0
  outer loop
    vertex 0.1391172124718935 0 0.1236325551922094
    vertex 0.1957081565470575 0 0.1265880302680207
    vertex 0.1670657210094959 0 0.1543429442496754
  endloop
endfacet
facet normal 0 -1 0
  outer loop
    vertex 0.2222379744879412 0 0.2124458899670328
    vertex 0.1669191956506926 0 0.2123060492196834
    vertex 0.1946518477487186 0 0.1833944171083541
  endloop
endfacet
facet normal 0 -1 -0
  outer loop
    vertex 0.1669191956506926 0 0.2123060492196834
    vertex 0.1393330689114698 0 0.1832545763610047
    vertex 0.1946518477487186 0 0.1833944171083541
  endloop
endfacet
facet normal 0 -1 0
  outer loop
    vertex 0.1669191956506926 0 0.2123060492196834
    vertex 0.1116004168134438 0 0.212166208472334
    vertex 0.1393330689114698 0 0.1832545763610047
  endloop
endfacet
facet normal 0 -1 0
  outer loop
    vertex 0.1946518477487186 0 0.1833944171083541
    vertex 0.1393330689114698 0 0.1832545763610047
    vertex 0.1670657210094959 0 0.1543429442496754
  endloop
endfacet
facet normal 0 -1 0
  outer loop
    vertex 4.014624483938967e-05 0 0.09085632843530989
    vertex 0.0556044250895652 0 0.09188924728502665
    vertex 0.02815957911427558 0 0.1225072506054019
  endloop
endfacet
facet normal 0 -1 0
  outer loop
    vertex 0.0556044250895652 0 0.09188924728502665
    vertex 0.08372385795900139 0 0.1235401694551186
    vertex 0.02815957911427558 0 0.1225072506054019
  endloop
endfacet
facet normal 0 -1 0
  outer loop
    vertex 0.0556044250895652 0 0.09188924728502665
    vertex 0.111168703934291 0 0.0929221661347434
    vertex 0.08372385795900139 0 0.1235401694551186
  endloop
endfacet
facet normal 0 -1 0
  outer loop
    vertex 0.02815957911427558 0 0.1225072506054019
    vertex 0.08372385795900139 0 0.1235401694551186
    vertex 0.05627901198371177 0 0.1541581727754938
  endloop
endfacet
facet normal 0 -1 -0
  outer loop
    vertex 0.4154914292673331 0 0.1500000000000001
    vertex 0.3790278466359822 0 0.1179324779198169
    vertex 0.4205939139102267 0 0.1104155810507357
  endloop
endfacet
facet normal 0 -1 0
  outer loop
    vertex 0.3790278466359822 0 0.1179324779198169
    vertex 0.3841303312788759 0 0.07834805897055253
    vertex 0.4205939139102267 0 0.1104155810507357
  endloop
endfacet
facet normal 0 -1 -0
  outer loop
    vertex 0.3790278466359822 0 0.1179324779198169
    vertex 0.3425642640046314 0 0.08586495583963369
    vertex 0.3841303312788759 0 0.07834805897055253
  endloop
endfacet
facet normal 0 -1 -0
  outer loop
    vertex 0.4205939139102267 0 0.1104155810507357
    vertex 0.3841303312788759 0 0.07834805897055253
    vertex 0.4256963985531204 0 0.07083116210147138
  endloop
endfacet
facet normal 0 -1 0
  outer loop
    vertex -0.4052591920197516 0 0.3422703595261109
    vertex -0.3699508038838024 0 0.3788175922069524
    vertex -0.415477795286436 0 0.3857195987123199
  endloop
endfacet
facet normal 0 -1 0
  outer loop
    vertex -0.3699508038838024 0 0.3788175922069524
    vertex -0.3801694071504869 0 0.4222668313931613
    vertex -0.415477795286436 0 0.3857195987123199
  endloop
endfacet
facet normal 0 -1 0
  outer loop
    vertex -0.3699508038838024 0 0.3788175922069524
    vertex -0.3346424157478533 0 0.4153648248877939
    vertex -0.3801694071504869 0 0.4222668313931613
  endloop
endfacet
facet normal 0 -1 0
  outer loop
    vertex -0.415477795286436 0 0.3857195987123199
    vertex -0.3801694071504869 0 0.4222668313931613
    vertex -0.4256963985531204 0 0.4291688378985288
  endloop
endfacet
facet normal 0 -1 0
  outer loop
    vertex 0.3375553441670838 0 0.3990618583894388
    vertex 0.3801809024300917 0 0.3728118475501966
    vertex 0.3831093500017785 0 0.4140995985445373
  endloop
endfacet
facet normal 0 -1 0
  outer loop
    vertex 0.3801809024300917 0 0.3728118475501966
    vertex 0.4257349082647864 0 0.387849587705295
    vertex 0.3831093500017785 0 0.4140995985445373
  endloop
endfacet
facet normal 0 -1 0
  outer loop
    vertex 0.3801809024300917 0 0.3728118475501966
    vertex 0.4228064606930997 0 0.3465618367109543
    vertex 0.4257349082647864 0 0.387849587705295
  endloop
endfacet
facet normal 0 -1 0
  outer loop
    vertex 0.3831093500017785 0 0.4140995985445373
    vertex 0.4257349082647864 0 0.387849587705295
    vertex 0.4286633558364732 0 0.4291373386996358
  endloop
endfacet
facet normal -0 -1 0
  outer loop
    vertex -0.3348062667863391 0 0.08449369722784679
    vertex -0.3700342120890363 0 0.1210475301874256
    vertex -0.3802513326697297 0 0.07766242966465904
  endloop
endfacet
facet normal 0 -1 0
  outer loop
    vertex -0.3700342120890363 0 0.1210475301874256
    vertex -0.4154792779724268 0 0.1142162626242379
    vertex -0.3802513326697297 0 0.07766242966465904
  endloop
endfacet
facet normal -0 -1 0
  outer loop
    vertex -0.3700342120890363 0 0.1210475301874256
    vertex -0.4052621573917333 0 0.1576013631470045
    vertex -0.4154792779724268 0 0.1142162626242379
  endloop
endfacet
facet normal -0 -1 0
  outer loop
    vertex -0.3802513326697297 0 0.07766242966465904
    vertex -0.4154792779724268 0 0.1142162626242379
    vertex -0.4256963985531202 0 0.07083116210147129
  endloop
endfacet
facet normal 0 -1 0
  outer loop
    vertex -0.1114361733535901 0 0.08929951614159179
    vertex -0.05569801355437537 0 0.09007792228845084
    vertex -0.08285603847594192 0 0.1221717679457616
  endloop
endfacet
facet normal 0 -1 0
  outer loop
    vertex -0.05569801355437537 0 0.09007792228845084
    vertex -0.0271178786767271 0 0.1229501740926206
    vertex -0.08285603847594192 0 0.1221717679457616
  endloop
endfacet
facet normal 0 -1 0
  outer loop
    vertex -0.05569801355437537 0 0.09007792228845084
    vertex 4.014624483938967e-05 0 0.09085632843530989
    vertex -0.0271178786767271 0 0.1229501740926206
  endloop
endfacet
facet normal 0 -1 0
  outer loop
    vertex -0.08285603847594192 0 0.1221717679457616
    vertex -0.0271178786767271 0 0.1229501740926206
    vertex -0.05427590359829365 0 0.1550440197499314
  endloop
endfacet
facet normal -0 -1 0
  outer loop
    vertex 0.1670657210094959 0 0.1543429442496754
    vertex 0.1393330689114698 0 0.1832545763610047
    vertex 0.1116723664966038 0 0.1542505585125846
  endloop
endfacet
facet normal 0 -1 0
  outer loop
    vertex 0.1393330689114698 0 0.1832545763610047
    vertex 0.08393971439857784 0 0.1831621906239139
    vertex 0.1116723664966038 0 0.1542505585125846
  endloop
endfacet
facet normal -0 -1 0
  outer loop
    vertex 0.1393330689114698 0 0.1832545763610047
    vertex 0.1116004168134438 0 0.212166208472334
    vertex 0.08393971439857784 0 0.1831621906239139
  endloop
endfacet
facet normal -0 -1 0
  outer loop
    vertex 0.1116723664966038 0 0.1542505585125846
    vertex 0.08393971439857784 0 0.1831621906239139
    vertex 0.05627901198371177 0 0.1541581727754938
  endloop
endfacet
facet normal 0 -1 0
  outer loop
    vertex 0.111168703934291 0 0.0929221661347434
    vertex 0.1391172124718935 0 0.1236325551922094
    vertex 0.08372385795900139 0 0.1235401694551186
  endloop
endfacet
facet normal -0 -1 0
  outer loop
    vertex 0.1391172124718935 0 0.1236325551922094
    vertex 0.1116723664966038 0 0.1542505585125846
    vertex 0.08372385795900139 0 0.1235401694551186
  endloop
endfacet
facet normal 0 -1 0
  outer loop
    vertex 0.1391172124718935 0 0.1236325551922094
    vertex 0.1670657210094959 0 0.1543429442496754
    vertex 0.1116723664966038 0 0.1542505585125846
  endloop
endfacet
facet normal 0 -1 0
  outer loop
    vertex 0.08372385795900139 0 0.1235401694551186
    vertex 0.1116723664966038 0 0.1542505585125846
    vertex 0.05627901198371177 0 0.1541581727754938
  endloop
endfacet
facet normal -0 -1 0
  outer loop
    vertex 0.1116004168134438 0 0.212166208472334
    vertex 0.05747752813459983 0 0.2172583799239625
    vertex 0.08393971439857784 0 0.1831621906239139
  endloop
endfacet
facet normal 0 -1 -0
  outer loop
    vertex 0.05747752813459983 0 0.2172583799239625
    vertex 0.02981682571973387 0 0.1882543620755424
    vertex 0.08393971439857784 0 0.1831621906239139
  endloop
endfacet
facet normal -0 -1 0
  outer loop
    vertex 0.05747752813459983 0 0.2172583799239625
    vertex 0.003354639455755981 0 0.222350551375591
    vertex 0.02981682571973387 0 0.1882543620755424
  endloop
endfacet
facet normal -0 -1 0
  outer loop
    vertex 0.08393971439857784 0 0.1831621906239139
    vertex 0.02981682571973387 0 0.1882543620755424
    vertex 0.05627901198371177 0 0.1541581727754938
  endloop
endfacet
facet normal 0 -1 0
  outer loop
    vertex -0.4052621573917333 0 0.1576013631470045
    vertex -0.4526310786958667 0 0.1288006815735022
    vertex -0.4154792779724268 0 0.1142162626242379
  endloop
endfacet
facet normal 0 -1 -0
  outer loop
    vertex -0.4526310786958667 0 0.1288006815735022
    vertex -0.4628481992765601 0 0.08541558105073566
    vertex -0.4154792779724268 0 0.1142162626242379
  endloop
endfacet
facet normal 0 -1 0
  outer loop
    vertex -0.4526310786958667 0 0.1288006815735022
    vertex -0.5 0 0.1
    vertex -0.4628481992765601 0 0.08541558105073566
  endloop
endfacet
facet normal 0 -1 0
  outer loop
    vertex -0.4154792779724268 0 0.1142162626242379
    vertex -0.4628481992765601 0 0.08541558105073566
    vertex -0.4256963985531202 0 0.07083116210147129
  endloop
endfacet
facet normal 0 -1 0
  outer loop
    vertex -0.5 0 0.4000000000000001
    vertex -0.4526295960098758 0 0.3711351797630555
    vertex -0.4628481992765602 0 0.4145844189492645
  endloop
endfacet
facet normal 0 -1 0
  outer loop
    vertex -0.4526295960098758 0 0.3711351797630555
    vertex -0.415477795286436 0 0.3857195987123199
    vertex -0.4628481992765602 0 0.4145844189492645
  endloop
endfacet
facet normal 0 -1 0
  outer loop
    vertex -0.4526295960098758 0 0.3711351797630555
    vertex -0.4052591920197516 0 0.3422703595261109
    vertex -0.415477795286436 0 0.3857195987123199
  endloop
endfacet
facet normal 0 -1 0
  outer loop
    vertex -0.4628481992765602 0 0.4145844189492645
    vertex -0.415477795286436 0 0.3857195987123199
    vertex -0.4256963985531204 0 0.4291688378985288
  endloop
endfacet
facet normal 0 -1 0
  outer loop
    vertex 0.4228064606930997 0 0.3465618367109543
    vertex 0.4614032303465498 0 0.3732809183554772
    vertex 0.4257349082647864 0 0.387849587705295
  endloop
endfacet
facet normal 0 -1 0
  outer loop
    vertex 0.4614032303465498 0 0.3732809183554772
    vertex 0.4643316779182366 0 0.414568669349818
    vertex 0.4257349082647864 0 0.387849587705295
  endloop
endfacet
facet normal 0 -1 0
  outer loop
    vertex 0.4614032303465498 0 0.3732809183554772
    vertex 0.5 0 0.4000000000000001
    vertex 0.4643316779182366 0 0.414568669349818
  endloop
endfacet
facet normal 0 -1 0
  outer loop
    vertex 0.4257349082647864 0 0.387849587705295
    vertex 0.4643316779182366 0 0.414568669349818
    vertex 0.4286633558364732 0 0.4291373386996358
  endloop
endfacet
facet normal -0 -1 0
  outer loop
    vertex 0.5 0 0.1
    vertex 0.4577457146336665 0 0.1250000000000001
    vertex 0.4628481992765602 0 0.0854155810507357
  endloop
endfacet
facet normal 0 -1 -0
  outer loop
    vertex 0.4577457146336665 0 0.1250000000000001
    vertex 0.4205939139102267 0 0.1104155810507357
    vertex 0.4628481992765602 0 0.0854155810507357
  endloop
endfacet
facet normal -0 -1 0
  outer loop
    vertex 0.4577457146336665 0 0.1250000000000001
    vertex 0.4154914292673331 0 0.1500000000000001
    vertex 0.4205939139102267 0 0.1104155810507357
  endloop
endfacet
facet normal -0 -1 0
  outer loop
    vertex 0.4628481992765602 0 0.0854155810507357
    vertex 0.4205939139102267 0 0.1104155810507357
    vertex 0.4256963985531204 0 0.07083116210147138
  endloop
endfacet
facet normal 0 -1 0
  outer loop
    vertex 0.4185541067559294 0 0.2498962645784503
    vertex 0.4206802837245145 0 0.2982290506447023
    vertex 0.3867935107191973 0 0.2755701619888792
  endloop
endfacet
facet normal -0 -1 0
  outer loop
    vertex 0.4206802837245145 0 0.2982290506447023
    vertex 0.3889196876877825 0 0.3239029480551312
    vertex 0.3867935107191973 0 0.2755701619888792
  endloop
endfacet
facet normal 0 -1 0
  outer loop
    vertex 0.4206802837245145 0 0.2982290506447023
    vertex 0.4228064606930997 0 0.3465618367109543
    vertex 0.3889196876877825 0 0.3239029480551312
  endloop
endfacet
facet normal 0 -1 0
  outer loop
    vertex 0.3867935107191973 0 0.2755701619888792
    vertex 0.3889196876877825 0 0.3239029480551312
    vertex 0.3550329146824653 0 0.3012440593993081
  endloop
endfacet
facet normal -0 -1 0
  outer loop
    vertex 0.003354639455755981 0 0.222350551375591
    vertex -0.04162913337507029 0 0.2266928906254478
    vertex -0.02546063207126881 0 0.1886972855627612
  endloop
endfacet
facet normal 0 -1 -0
  outer loop
    vertex -0.04162913337507029 0 0.2266928906254478
    vertex -0.07044440490209514 0 0.193039624812618
    vertex -0.02546063207126881 0 0.1886972855627612
  endloop
endfacet
facet normal -0 -1 0
  outer loop
    vertex -0.04162913337507029 0 0.2266928906254478
    vertex -0.08661290620589657 0 0.2310352298753048
    vertex -0.07044440490209514 0 0.193039624812618
  endloop
endfacet
facet normal -0 -1 0
  outer loop
    vertex -0.02546063207126881 0 0.1886972855627612
    vertex -0.07044440490209514 0 0.193039624812618
    vertex -0.05427590359829365 0 0.1550440197499314
  endloop
endfacet
facet normal 0 1 -0
  outer loop
    vertex -0.2240153587350057 0.5 0.09933160351427468
    vertex -0.2726902498500454 0.5 0.1498956897548976
    vertex -0.2229961432812422 0.5 0.1559637080881549
  endloop
endfacet
facet normal 0 1 0
  outer loop
    vertex -0.2726902498500454 0.5 0.1498956897548976
    vertex -0.2716710343962819 0.5 0.2065277943287778
    vertex -0.2229961432812422 0.5 0.1559637080881549
  endloop
endfacet
facet normal 0 1 -0
  outer loop
    vertex -0.2726902498500454 0.5 0.1498956897548976
    vertex -0.3213651409650852 0.5 0.2004597759955205
    vertex -0.2716710343962819 0.5 0.2065277943287778
  endloop
endfacet
facet normal 0 1 -0
  outer loop
    vertex -0.2229961432812422 0.5 0.1559637080881549
    vertex -0.2716710343962819 0.5 0.2065277943287778
    vertex -0.2219769278274786 0.5 0.2125958126620351
  endloop
endfacet
facet normal 0 1 0
  outer loop
    vertex 0.2231842445461579 0.5 0.2140996701380149
    vertex 0.2723826709461047 0.5 0.2075386836799467
    vertex 0.2240011356748988 0.5 0.1574196290140137
  endloop
endfacet
facet normal 0 1 0
  outer loop
    vertex 0.2723826709461047 0.5 0.2075386836799467
    vertex 0.2731995620748455 0.5 0.1508586425559455
    vertex 0.2240011356748988 0.5 0.1574196290140137
  endloop
endfacet
facet normal 0 1 0
  outer loop
    vertex 0.2723826709461047 0.5 0.2075386836799467
    vertex 0.3215810973460514 0.5 0.2009776972218784
    vertex 0.2731995620748455 0.5 0.1508586425559455
  endloop
endfacet
facet normal 0 1 0
  outer loop
    vertex 0.2240011356748988 0.5 0.1574196290140137
    vertex 0.2731995620748455 0.5 0.1508586425559455
    vertex 0.2248180268036397 0.5 0.1007395878900126
  endloop
endfacet
facet normal -0 1 0
  outer loop
    vertex 0.2248180268036397 0.5 0.1007395878900126
    vertex 0.2731995620748455 0.5 0.1508586425559455
    vertex 0.2838124361889325 0.5 0.09371211677045396
  endloop
endfacet
facet normal 0 1 0
  outer loop
    vertex 0.2731995620748455 0.5 0.1508586425559455
    vertex 0.3321939714601383 0.5 0.1438311714363869
    vertex 0.2838124361889325 0.5 0.09371211677045396
  endloop
endfacet
facet normal -0 1 0
  outer loop
    vertex 0.2731995620748455 0.5 0.1508586425559455
    vertex 0.3215810973460514 0.5 0.2009776972218784
    vertex 0.3321939714601383 0.5 0.1438311714363869
  endloop
endfacet
facet normal -0 1 0
  outer loop
    vertex 0.2838124361889325 0.5 0.09371211677045396
    vertex 0.3321939714601383 0.5 0.1438311714363869
    vertex 0.3428068455742252 0.5 0.08668464565089537
  endloop
endfacet
facet normal 0 1 0
  outer loop
    vertex -0.342863120090095 0.5 0.08638271561452329
    vertex -0.3321141305275901 0.5 0.1434212458050219
    vertex -0.2834392394125504 0.5 0.09285715956439899
  endloop
endfacet
facet normal -0 1 0
  outer loop
    vertex -0.3321141305275901 0.5 0.1434212458050219
    vertex -0.2726902498500454 0.5 0.1498956897548976
    vertex -0.2834392394125504 0.5 0.09285715956439899
  endloop
endfacet
facet normal 0 1 0
  outer loop
    vertex -0.3321141305275901 0.5 0.1434212458050219
    vertex -0.3213651409650852 0.5 0.2004597759955205
    vertex -0.2726902498500454 0.5 0.1498956897548976
  endloop
endfacet
facet normal 0 1 0
  outer loop
    vertex -0.2834392394125504 0.5 0.09285715956439899
    vertex -0.2726902498500454 0.5 0.1498956897548976
    vertex -0.2240153587350057 0.5 0.09933160351427468
  endloop
endfacet
facet normal 0 1 0
  outer loop
    vertex -0.2219769278274786 0.5 0.2125958126620351
    vertex -0.2716710343962819 0.5 0.2065277943287778
    vertex -0.2467995286123842 0.5 0.2581818944310439
  endloop
endfacet
facet normal 0 1 -0
  outer loop
    vertex -0.2716710343962819 0.5 0.2065277943287778
    vertex -0.2964936351811874 0.5 0.2521138760977866
    vertex -0.2467995286123842 0.5 0.2581818944310439
  endloop
endfacet
facet normal 0 1 0
  outer loop
    vertex -0.2716710343962819 0.5 0.2065277943287778
    vertex -0.3213651409650852 0.5 0.2004597759955205
    vertex -0.2964936351811874 0.5 0.2521138760977866
  endloop
endfacet
facet normal 0 1 0
  outer loop
    vertex -0.2467995286123842 0.5 0.2581818944310439
    vertex -0.2964936351811874 0.5 0.2521138760977866
    vertex -0.2716221293972897 0.5 0.3037679762000527
  endloop
endfacet
facet normal 0 1 0
  outer loop
    vertex 0.2717875779241292 0.5 0.3041181898676436
    vertex 0.2966843376350903 0.5 0.252547943544761
    vertex 0.2474859112351435 0.5 0.2591089300028292
  endloop
endfacet
facet normal 0 1 0
  outer loop
    vertex 0.2966843376350903 0.5 0.252547943544761
    vertex 0.2723826709461047 0.5 0.2075386836799467
    vertex 0.2474859112351435 0.5 0.2591089300028292
  endloop
endfacet
facet normal 0 1 0
  outer loop
    vertex 0.2966843376350903 0.5 0.252547943544761
    vertex 0.3215810973460514 0.5 0.2009776972218784
    vertex 0.2723826709461047 0.5 0.2075386836799467
  endloop
endfacet
facet normal 0 1 0
  outer loop
    vertex 0.2474859112351435 0.5 0.2591089300028292
    vertex 0.2723826709461047 0.5 0.2075386836799467
    vertex 0.2231842445461579 0.5 0.2140996701380149
  endloop
endfacet
facet normal -0 1 0
  outer loop
    vertex -0.000394854280643564 0.5 0.2185077024305664
    vertex 0.02772446844675058 0.5 0.2641075799285636
    vertex 0.05631894826010952 0.5 0.2171942708311993
  endloop
endfacet
facet normal 0 1 0
  outer loop
    vertex 0.02772446844675058 0.5 0.2641075799285636
    vertex 0.08443827098750367 0.5 0.2627941483291965
    vertex 0.05631894826010952 0.5 0.2171942708311993
  endloop
endfacet
facet normal -0 1 0
  outer loop
    vertex 0.02772446844675058 0.5 0.2641075799285636
    vertex 0.05584379117414473 0.5 0.3097074574265608
    vertex 0.08443827098750367 0.5 0.2627941483291965
  endloop
endfacet
facet normal -0 1 0
  outer loop
    vertex 0.05631894826010952 0.5 0.2171942708311993
    vertex 0.08443827098750367 0.5 0.2627941483291965
    vertex 0.1130327508008626 0.5 0.2158808392318322
  endloop
endfacet
facet normal 0 1 -0
  outer loop
    vertex -0.2219769278274786 0.5 0.2125958126620351
    vertex -0.2467995286123842 0.5 0.2581818944310439
    vertex -0.1944456216083114 0.5 0.260392080482778
  endloop
endfacet
facet normal 0 1 0
  outer loop
    vertex -0.2467995286123842 0.5 0.2581818944310439
    vertex -0.2192682223932169 0.5 0.3059781622517868
    vertex -0.1944456216083114 0.5 0.260392080482778
  endloop
endfacet
facet normal 0 1 -0
  outer loop
    vertex -0.2467995286123842 0.5 0.2581818944310439
    vertex -0.2716221293972897 0.5 0.3037679762000527
    vertex -0.2192682223932169 0.5 0.3059781622517868
  endloop
endfacet
facet normal 0 1 -0
  outer loop
    vertex -0.1944456216083114 0.5 0.260392080482778
    vertex -0.2192682223932169 0.5 0.3059781622517868
    vertex -0.1669143153891441 0.5 0.3081883483035208
  endloop
endfacet
facet normal 0 1 0
  outer loop
    vertex 0.3375553441670838 0.5 0.3990618583894388
    vertex 0.3046714610456065 0.5 0.3515900241285412
    vertex 0.280242713617574 0.5 0.4012230543820295
  endloop
endfacet
facet normal 0 1 0
  outer loop
    vertex 0.3046714610456065 0.5 0.3515900241285412
    vertex 0.2473588304960967 0.5 0.3537512201211319
    vertex 0.280242713617574 0.5 0.4012230543820295
  endloop
endfacet
facet normal 0 1 0
  outer loop
    vertex 0.3046714610456065 0.5 0.3515900241285412
    vertex 0.2717875779241292 0.5 0.3041181898676436
    vertex 0.2473588304960967 0.5 0.3537512201211319
  endloop
endfacet
facet normal 0 1 0
  outer loop
    vertex 0.280242713617574 0.5 0.4012230543820295
    vertex 0.2473588304960967 0.5 0.3537512201211319
    vertex 0.2229300830680644 0.5 0.4033842503746203
  endloop
endfacet
facet normal 0 1 -0
  outer loop
    vertex -0.2777777777777777 0.5 0
    vertex -0.3103204489339364 0.5 0.04319135780726165
    vertex -0.2508965682563917 0.5 0.04966580175713734
  endloop
endfacet
facet normal 0 1 0
  outer loop
    vertex -0.3103204489339364 0.5 0.04319135780726165
    vertex -0.2834392394125504 0.5 0.09285715956439899
    vertex -0.2508965682563917 0.5 0.04966580175713734
  endloop
endfacet
facet normal 0 1 -0
  outer loop
    vertex -0.3103204489339364 0.5 0.04319135780726165
    vertex -0.342863120090095 0.5 0.08638271561452329
    vertex -0.2834392394125504 0.5 0.09285715956439899
  endloop
endfacet
facet normal 0 1 -0
  outer loop
    vertex -0.2508965682563917 0.5 0.04966580175713734
    vertex -0.2834392394125504 0.5 0.09285715956439899
    vertex -0.2240153587350057 0.5 0.09933160351427468
  endloop
endfacet
facet normal 0 1 0
  outer loop
    vertex 0.3375553441670838 0.5 0.3990618583894388
    vertex 0.280242713617574 0.5 0.4012230543820295
    vertex 0.3076665609724309 0.5 0.4495309291947194
  endloop
endfacet
facet normal 0 1 -0
  outer loop
    vertex 0.280242713617574 0.5 0.4012230543820295
    vertex 0.2503539304229212 0.5 0.4516921251873102
    vertex 0.3076665609724309 0.5 0.4495309291947194
  endloop
endfacet
facet normal 0 1 0
  outer loop
    vertex 0.280242713617574 0.5 0.4012230543820295
    vertex 0.2229300830680644 0.5 0.4033842503746203
    vertex 0.2503539304229212 0.5 0.4516921251873102
  endloop
endfacet
facet normal 0 1 0
  outer loop
    vertex 0.3076665609724309 0.5 0.4495309291947194
    vertex 0.2503539304229212 0.5 0.4516921251873102
    vertex 0.2777777777777781 0.5 0.5
  endloop
endfacet
facet normal 0 1 0
  outer loop
    vertex -0.2777777777777777 0.5 0.5
    vertex -0.2503610923884499 0.5 0.4516921251873102
    vertex -0.3076665609724306 0.5 0.4495309291947193
  endloop
endfacet
facet normal 0 1 0
  outer loop
    vertex -0.2503610923884499 0.5 0.4516921251873102
    vertex -0.2802498755831029 0.5 0.4012230543820295
    vertex -0.3076665609724306 0.5 0.4495309291947193
  endloop
endfacet
facet normal 0 1 0
  outer loop
    vertex -0.2503610923884499 0.5 0.4516921251873102
    vertex -0.2229444069991222 0.5 0.4033842503746203
    vertex -0.2802498755831029 0.5 0.4012230543820295
  endloop
endfacet
facet normal 0 1 0
  outer loop
    vertex -0.3076665609724306 0.5 0.4495309291947193
    vertex -0.2802498755831029 0.5 0.4012230543820295
    vertex -0.3375553441670835 0.5 0.3990618583894386
  endloop
endfacet
facet normal 0 1 0
  outer loop
    vertex -0.2229444069991222 0.5 0.4033842503746203
    vertex -0.247283268198206 0.5 0.3535761132873365
    vertex -0.2802498755831029 0.5 0.4012230543820295
  endloop
endfacet
facet normal 0 1 0
  outer loop
    vertex -0.247283268198206 0.5 0.3535761132873365
    vertex -0.3045887367821866 0.5 0.3514149172947457
    vertex -0.2802498755831029 0.5 0.4012230543820295
  endloop
endfacet
facet normal 0 1 0
  outer loop
    vertex -0.247283268198206 0.5 0.3535761132873365
    vertex -0.2716221293972897 0.5 0.3037679762000527
    vertex -0.3045887367821866 0.5 0.3514149172947457
  endloop
endfacet
facet normal 0 1 0
  outer loop
    vertex -0.2802498755831029 0.5 0.4012230543820295
    vertex -0.3045887367821866 0.5 0.3514149172947457
    vertex -0.3375553441670835 0.5 0.3990618583894386
  endloop
endfacet
facet normal 0 1 0
  outer loop
    vertex 0.2229300830680644 0.5 0.4033842503746203
    vertex 0.2473588304960967 0.5 0.3537512201211319
    vertex 0.1951652209186191 0.5 0.355900622517381
  endloop
endfacet
facet normal 0 1 0
  outer loop
    vertex 0.2473588304960967 0.5 0.3537512201211319
    vertex 0.2195939683466515 0.5 0.3062675922638926
    vertex 0.1951652209186191 0.5 0.355900622517381
  endloop
endfacet
facet normal 0 1 0
  outer loop
    vertex 0.2473588304960967 0.5 0.3537512201211319
    vertex 0.2717875779241292 0.5 0.3041181898676436
    vertex 0.2195939683466515 0.5 0.3062675922638926
  endloop
endfacet
facet normal 0 1 0
  outer loop
    vertex 0.1951652209186191 0.5 0.355900622517381
    vertex 0.2195939683466515 0.5 0.3062675922638926
    vertex 0.1674003587691738 0.5 0.3084169946601416
  endloop
endfacet
facet normal 0 1 0
  outer loop
    vertex 0.2717875779241292 0.5 0.3041181898676436
    vertex 0.2474859112351435 0.5 0.2591089300028292
    vertex 0.2195939683466515 0.5 0.3062675922638926
  endloop
endfacet
facet normal 0 1 0
  outer loop
    vertex 0.2474859112351435 0.5 0.2591089300028292
    vertex 0.1952923016576659 0.5 0.2612583323990783
    vertex 0.2195939683466515 0.5 0.3062675922638926
  endloop
endfacet
facet normal 0 1 0
  outer loop
    vertex 0.2474859112351435 0.5 0.2591089300028292
    vertex 0.2231842445461579 0.5 0.2140996701380149
    vertex 0.1952923016576659 0.5 0.2612583323990783
  endloop
endfacet
facet normal 0 1 0
  outer loop
    vertex 0.2195939683466515 0.5 0.3062675922638926
    vertex 0.1952923016576659 0.5 0.2612583323990783
    vertex 0.1674003587691738 0.5 0.3084169946601416
  endloop
endfacet
facet normal 0 1 0
  outer loop
    vertex 0.2248180268036397 0.5 0.1007395878900126
    vertex 0.2838124361889325 0.5 0.09371211677045396
    vertex 0.2512979022907089 0.5 0.05036979394500628
  endloop
endfacet
facet normal 0 1 0
  outer loop
    vertex 0.2838124361889325 0.5 0.09371211677045396
    vertex 0.3102923116760017 0.5 0.04334232282544768
    vertex 0.2512979022907089 0.5 0.05036979394500628
  endloop
endfacet
facet normal 0 1 0
  outer loop
    vertex 0.2838124361889325 0.5 0.09371211677045396
    vertex 0.3428068455742252 0.5 0.08668464565089537
    vertex 0.3102923116760017 0.5 0.04334232282544768
  endloop
endfacet
facet normal 0 1 0
  outer loop
    vertex 0.2512979022907089 0.5 0.05036979394500628
    vertex 0.3102923116760017 0.5 0.04334232282544768
    vertex 0.2777777777777781 0.5 0
  endloop
endfacet
facet normal 0 1 0
  outer loop
    vertex -0.2777777777777777 0.5 0.5
    vertex -0.3076665609724306 0.5 0.4495309291947193
    vertex -0.3333333333333333 0.5 0.5
  endloop
endfacet
facet normal 0 1 0
  outer loop
    vertex -0.3076665609724306 0.5 0.4495309291947193
    vertex -0.3632221165279862 0.5 0.4495309291947193
    vertex -0.3333333333333333 0.5 0.5
  endloop
endfacet
facet normal 0 1 0
  outer loop
    vertex -0.3076665609724306 0.5 0.4495309291947193
    vertex -0.3375553441670835 0.5 0.3990618583894386
    vertex -0.3632221165279862 0.5 0.4495309291947193
  endloop
endfacet
facet normal 0 1 0
  outer loop
    vertex -0.3333333333333333 0.5 0.5
    vertex -0.3632221165279862 0.5 0.4495309291947193
    vertex -0.3888888888888889 0.5 0.5
  endloop
endfacet
facet normal 0 1 0
  outer loop
    vertex 0.3888888888888892 0.5 0.5
    vertex 0.3632221165279865 0.5 0.4495309291947194
    vertex 0.3333333333333337 0.5 0.5
  endloop
endfacet
facet normal 0 1 0
  outer loop
    vertex 0.3632221165279865 0.5 0.4495309291947194
    vertex 0.3076665609724309 0.5 0.4495309291947194
    vertex 0.3333333333333337 0.5 0.5
  endloop
endfacet
facet normal 0 1 0
  outer loop
    vertex 0.3632221165279865 0.5 0.4495309291947194
    vertex 0.3375553441670838 0.5 0.3990618583894388
    vertex 0.3076665609724309 0.5 0.4495309291947194
  endloop
endfacet
facet normal 0 1 0
  outer loop
    vertex 0.3333333333333337 0.5 0.5
    vertex 0.3076665609724309 0.5 0.4495309291947194
    vertex 0.2777777777777781 0.5 0.5
  endloop
endfacet
facet normal 0 1 -0
  outer loop
    vertex 0.1666666666666669 0.5 0
    vertex 0.1390188935931929 0.5 0.04660462218610708
    vertex 0.1957423467351533 0.5 0.05036979394500628
  endloop
endfacet
facet normal 0 1 0
  outer loop
    vertex 0.1390188935931929 0.5 0.04660462218610708
    vertex 0.1680945736616792 0.5 0.09697441613111335
    vertex 0.1957423467351533 0.5 0.05036979394500628
  endloop
endfacet
facet normal 0 1 -0
  outer loop
    vertex 0.1390188935931929 0.5 0.04660462218610708
    vertex 0.1113711205197188 0.5 0.09320924437221416
    vertex 0.1680945736616792 0.5 0.09697441613111335
  endloop
endfacet
facet normal 0 1 -0
  outer loop
    vertex 0.1957423467351533 0.5 0.05036979394500628
    vertex 0.1680945736616792 0.5 0.09697441613111335
    vertex 0.2248180268036397 0.5 0.1007395878900126
  endloop
endfacet
facet normal 0 1 0
  outer loop
    vertex -0.1669143153891441 0.5 0.3081883483035208
    vertex -0.2192682223932169 0.5 0.3059781622517868
    vertex -0.1949293611941332 0.5 0.3557862993390706
  endloop
endfacet
facet normal 0 1 -0
  outer loop
    vertex -0.2192682223932169 0.5 0.3059781622517868
    vertex -0.247283268198206 0.5 0.3535761132873365
    vertex -0.1949293611941332 0.5 0.3557862993390706
  endloop
endfacet
facet normal 0 1 0
  outer loop
    vertex -0.2192682223932169 0.5 0.3059781622517868
    vertex -0.2716221293972897 0.5 0.3037679762000527
    vertex -0.247283268198206 0.5 0.3535761132873365
  endloop
endfacet
facet normal 0 1 0
  outer loop
    vertex -0.1949293611941332 0.5 0.3557862993390706
    vertex -0.247283268198206 0.5 0.3535761132873365
    vertex -0.2229444069991222 0.5 0.4033842503746203
  endloop
endfacet
facet normal 0 1 0
  outer loop
    vertex -0.3888888888888889 0.5 0
    vertex -0.365876004489492 0.5 0.04319135780726165
    vertex -0.3333333333333333 0.5 0
  endloop
endfacet
facet normal -0 1 0
  outer loop
    vertex -0.365876004489492 0.5 0.04319135780726165
    vertex -0.3103204489339364 0.5 0.04319135780726165
    vertex -0.3333333333333333 0.5 0
  endloop
endfacet
facet normal 0 1 0
  outer loop
    vertex -0.365876004489492 0.5 0.04319135780726165
    vertex -0.342863120090095 0.5 0.08638271561452329
    vertex -0.3103204489339364 0.5 0.04319135780726165
  endloop
endfacet
facet normal 0 1 0
  outer loop
    vertex -0.3333333333333333 0.5 0
    vertex -0.3103204489339364 0.5 0.04319135780726165
    vertex -0.2777777777777777 0.5 0
  endloop
endfacet
facet normal 0 1 0
  outer loop
    vertex 0.1666666666666669 0.5 0
    vertex 0.1957423467351533 0.5 0.05036979394500628
    vertex 0.2222222222222225 0.5 0
  endloop
endfacet
facet normal -0 1 0
  outer loop
    vertex 0.1957423467351533 0.5 0.05036979394500628
    vertex 0.2512979022907089 0.5 0.05036979394500628
    vertex 0.2222222222222225 0.5 0
  endloop
endfacet
facet normal 0 1 0
  outer loop
    vertex 0.1957423467351533 0.5 0.05036979394500628
    vertex 0.2248180268036397 0.5 0.1007395878900126
    vertex 0.2512979022907089 0.5 0.05036979394500628
  endloop
endfacet
facet normal 0 1 0
  outer loop
    vertex 0.2222222222222225 0.5 0
    vertex 0.2512979022907089 0.5 0.05036979394500628
    vertex 0.2777777777777781 0.5 0
  endloop
endfacet
facet normal 0 1 0
  outer loop
    vertex -0.2777777777777777 0.5 0
    vertex -0.2508965682563917 0.5 0.04966580175713734
    vertex -0.2222222222222222 0.5 0
  endloop
endfacet
facet normal -0 1 0
  outer loop
    vertex -0.2508965682563917 0.5 0.04966580175713734
    vertex -0.1953410127008361 0.5 0.04966580175713734
    vertex -0.2222222222222222 0.5 0
  endloop
endfacet
facet normal 0 1 0
  outer loop
    vertex -0.2508965682563917 0.5 0.04966580175713734
    vertex -0.2240153587350057 0.5 0.09933160351427468
    vertex -0.1953410127008361 0.5 0.04966580175713734
  endloop
endfacet
facet normal 0 1 0
  outer loop
    vertex -0.2222222222222222 0.5 0
    vertex -0.1953410127008361 0.5 0.04966580175713734
    vertex -0.1666666666666666 0.5 0
  endloop
endfacet
facet normal 0 1 0
  outer loop
    vertex 0.2777777777777781 0.5 0
    vertex 0.3102923116760017 0.5 0.04334232282544768
    vertex 0.3333333333333337 0.5 0
  endloop
endfacet
facet normal -0 1 0
  outer loop
    vertex 0.3102923116760017 0.5 0.04334232282544768
    vertex 0.3658478672315573 0.5 0.04334232282544768
    vertex 0.3333333333333337 0.5 0
  endloop
endfacet
facet normal 0 1 0
  outer loop
    vertex 0.3102923116760017 0.5 0.04334232282544768
    vertex 0.3428068455742252 0.5 0.08668464565089537
    vertex 0.3658478672315573 0.5 0.04334232282544768
  endloop
endfacet
facet normal 0 1 0
  outer loop
    vertex 0.3333333333333337 0.5 0
    vertex 0.3658478672315573 0.5 0.04334232282544768
    vertex 0.3888888888888892 0.5 0
  endloop
endfacet
facet normal 0 1 0
  outer loop
    vertex -0.1116002590293108 0.5 0.2122357443811151
    vertex -0.1667885934283947 0.5 0.2124157785215751
    vertex -0.1392572872092275 0.5 0.260212046342318
  endloop
endfacet
facet normal 0 1 -0
  outer loop
    vertex -0.1667885934283947 0.5 0.2124157785215751
    vertex -0.1944456216083114 0.5 0.260392080482778
    vertex -0.1392572872092275 0.5 0.260212046342318
  endloop
endfacet
facet normal 0 1 0
  outer loop
    vertex -0.1667885934283947 0.5 0.2124157785215751
    vertex -0.2219769278274786 0.5 0.2125958126620351
    vertex -0.1944456216083114 0.5 0.260392080482778
  endloop
endfacet
facet normal 0 1 0
  outer loop
    vertex -0.1392572872092275 0.5 0.260212046342318
    vertex -0.1944456216083114 0.5 0.260392080482778
    vertex -0.1669143153891441 0.5 0.3081883483035208
  endloop
endfacet
facet normal 0 1 -0
  outer loop
    vertex -0.05555555555555541 0.5 0
    vertex -0.08364446728952002 0.5 0.04793288915911034
    vertex -0.02777777777777768 0.5 0.04811252243246881
  endloop
endfacet
facet normal 0 1 0
  outer loop
    vertex -0.08364446728952002 0.5 0.04793288915911034
    vertex -0.05586668951174223 0.5 0.09604541159157914
    vertex -0.02777777777777768 0.5 0.04811252243246881
  endloop
endfacet
facet normal 0 1 -0
  outer loop
    vertex -0.08364446728952002 0.5 0.04793288915911034
    vertex -0.1117333790234846 0.5 0.09586577831822068
    vertex -0.05586668951174223 0.5 0.09604541159157914
  endloop
endfacet
facet normal 0 1 -0
  outer loop
    vertex -0.02777777777777768 0.5 0.04811252243246881
    vertex -0.05586668951174223 0.5 0.09604541159157914
    vertex 1.110223024625157e-16 0.5 0.09622504486493762
  endloop
endfacet
facet normal -0 1 0
  outer loop
    vertex -0.0558539428378963 0.5 0.3079303194614441
    vertex -5.07583187581151e-06 0.5 0.3088188884440025
    vertex -0.02812439855926996 0.5 0.2632190109460053
  endloop
endfacet
facet normal 0 1 0
  outer loop
    vertex -5.07583187581151e-06 0.5 0.3088188884440025
    vertex 0.02772446844675058 0.5 0.2641075799285636
    vertex -0.02812439855926996 0.5 0.2632190109460053
  endloop
endfacet
facet normal -0 1 0
  outer loop
    vertex -5.07583187581151e-06 0.5 0.3088188884440025
    vertex 0.05584379117414473 0.5 0.3097074574265608
    vertex 0.02772446844675058 0.5 0.2641075799285636
  endloop
endfacet
facet normal -0 1 0
  outer loop
    vertex -0.02812439855926996 0.5 0.2632190109460053
    vertex 0.02772446844675058 0.5 0.2641075799285636
    vertex -0.000394854280643564 0.5 0.2185077024305664
  endloop
endfacet
facet normal 0 1 0
  outer loop
    vertex 0.2777777777777781 0.5 0.5
    vertex 0.2503539304229212 0.5 0.4516921251873102
    vertex 0.2222222222222225 0.5 0.5
  endloop
endfacet
facet normal 0 1 0
  outer loop
    vertex 0.2503539304229212 0.5 0.4516921251873102
    vertex 0.1947983748673656 0.5 0.4516921251873102
    vertex 0.2222222222222225 0.5 0.5
  endloop
endfacet
facet normal 0 1 0
  outer loop
    vertex 0.2503539304229212 0.5 0.4516921251873102
    vertex 0.2229300830680644 0.5 0.4033842503746203
    vertex 0.1947983748673656 0.5 0.4516921251873102
  endloop
endfacet
facet normal 0 1 0
  outer loop
    vertex 0.2222222222222225 0.5 0.5
    vertex 0.1947983748673656 0.5 0.4516921251873102
    vertex 0.1666666666666669 0.5 0.5
  endloop
endfacet
facet normal 0 1 0
  outer loop
    vertex -0.1112222089387611 0.5 0.4038834952873041
    vertex -0.1670833079689417 0.5 0.4036338728309622
    vertex -0.1389444378027138 0.5 0.451941747643652
  endloop
endfacet
facet normal 0 1 -0
  outer loop
    vertex -0.1670833079689417 0.5 0.4036338728309622
    vertex -0.1948055368328944 0.5 0.4516921251873102
    vertex -0.1389444378027138 0.5 0.451941747643652
  endloop
endfacet
facet normal 0 1 0
  outer loop
    vertex -0.1670833079689417 0.5 0.4036338728309622
    vertex -0.2229444069991222 0.5 0.4033842503746203
    vertex -0.1948055368328944 0.5 0.4516921251873102
  endloop
endfacet
facet normal 0 1 0
  outer loop
    vertex -0.1389444378027138 0.5 0.451941747643652
    vertex -0.1948055368328944 0.5 0.4516921251873102
    vertex -0.1666666666666666 0.5 0.5
  endloop
endfacet
facet normal 0 1 0
  outer loop
    vertex -0.1666666666666666 0.5 0.5
    vertex -0.1948055368328944 0.5 0.4516921251873102
    vertex -0.2222222222222222 0.5 0.5
  endloop
endfacet
facet normal 0 1 0
  outer loop
    vertex -0.1948055368328944 0.5 0.4516921251873102
    vertex -0.2503610923884499 0.5 0.4516921251873102
    vertex -0.2222222222222222 0.5 0.5
  endloop
endfacet
facet normal 0 1 0
  outer loop
    vertex -0.1948055368328944 0.5 0.4516921251873102
    vertex -0.2229444069991222 0.5 0.4033842503746203
    vertex -0.2503610923884499 0.5 0.4516921251873102
  endloop
endfacet
facet normal 0 1 0
  outer loop
    vertex -0.2222222222222222 0.5 0.5
    vertex -0.2503610923884499 0.5 0.4516921251873102
    vertex -0.2777777777777777 0.5 0.5
  endloop
endfacet
facet normal 0 1 0
  outer loop
    vertex 0.1666666666666669 0.5 0.5
    vertex 0.1947983748673656 0.5 0.4516921251873102
    vertex 0.1389014660095405 0.5 0.451941747643652
  endloop
endfacet
facet normal 0 1 0
  outer loop
    vertex 0.1947983748673656 0.5 0.4516921251873102
    vertex 0.1670331742102391 0.5 0.4036338728309622
    vertex 0.1389014660095405 0.5 0.451941747643652
  endloop
endfacet
facet normal 0 1 0
  outer loop
    vertex 0.1947983748673656 0.5 0.4516921251873102
    vertex 0.2229300830680644 0.5 0.4033842503746203
    vertex 0.1670331742102391 0.5 0.4036338728309622
  endloop
endfacet
facet normal 0 1 0
  outer loop
    vertex 0.1389014660095405 0.5 0.451941747643652
    vertex 0.1670331742102391 0.5 0.4036338728309622
    vertex 0.1111362653524139 0.5 0.4038834952873041
  endloop
endfacet
facet normal 0 1 0
  outer loop
    vertex -0.2240153587350057 0.5 0.09933160351427468
    vertex -0.1678743688792452 0.5 0.09759869091624768
    vertex -0.1953410127008361 0.5 0.04966580175713734
  endloop
endfacet
facet normal 0 1 0
  outer loop
    vertex -0.1678743688792452 0.5 0.09759869091624768
    vertex -0.1392000228450756 0.5 0.04793288915911034
    vertex -0.1953410127008361 0.5 0.04966580175713734
  endloop
endfacet
facet normal 0 1 0
  outer loop
    vertex -0.1678743688792452 0.5 0.09759869091624768
    vertex -0.1117333790234846 0.5 0.09586577831822068
    vertex -0.1392000228450756 0.5 0.04793288915911034
  endloop
endfacet
facet normal 0 1 0
  outer loop
    vertex -0.1953410127008361 0.5 0.04966580175713734
    vertex -0.1392000228450756 0.5 0.04793288915911034
    vertex -0.1666666666666666 0.5 0
  endloop
endfacet
facet normal 0 1 0
  outer loop
    vertex 0.2229300830680644 0.5 0.4033842503746203
    vertex 0.1951652209186191 0.5 0.355900622517381
    vertex 0.1670331742102391 0.5 0.4036338728309622
  endloop
endfacet
facet normal 0 1 0
  outer loop
    vertex 0.1951652209186191 0.5 0.355900622517381
    vertex 0.1392683120607938 0.5 0.3561502449737228
    vertex 0.1670331742102391 0.5 0.4036338728309622
  endloop
endfacet
facet normal 0 1 0
  outer loop
    vertex 0.1951652209186191 0.5 0.355900622517381
    vertex 0.1674003587691738 0.5 0.3084169946601416
    vertex 0.1392683120607938 0.5 0.3561502449737228
  endloop
endfacet
facet normal 0 1 0
  outer loop
    vertex 0.1670331742102391 0.5 0.4036338728309622
    vertex 0.1392683120607938 0.5 0.3561502449737228
    vertex 0.1111362653524139 0.5 0.4038834952873041
  endloop
endfacet
facet normal 0 1 0
  outer loop
    vertex -0.1112222089387611 0.5 0.4038834952873041
    vertex -0.1390682621639526 0.5 0.3560359217954124
    vertex -0.1670833079689417 0.5 0.4036338728309622
  endloop
endfacet
facet normal 0 1 0
  outer loop
    vertex -0.1390682621639526 0.5 0.3560359217954124
    vertex -0.1949293611941332 0.5 0.3557862993390706
    vertex -0.1670833079689417 0.5 0.4036338728309622
  endloop
endfacet
facet normal 0 1 0
  outer loop
    vertex -0.1390682621639526 0.5 0.3560359217954124
    vertex -0.1669143153891441 0.5 0.3081883483035208
    vertex -0.1949293611941332 0.5 0.3557862993390706
  endloop
endfacet
facet normal 0 1 0
  outer loop
    vertex -0.1670833079689417 0.5 0.4036338728309622
    vertex -0.1949293611941332 0.5 0.3557862993390706
    vertex -0.2229444069991222 0.5 0.4033842503746203
  endloop
endfacet
facet normal 0 1 0
  outer loop
    vertex -0.0558539428378963 0.5 0.3079303194614441
    vertex -0.02793497935645639 0.5 0.3560822236859398
    vertex -5.07583187581151e-06 0.5 0.3088188884440025
  endloop
endfacet
facet normal -0 1 0
  outer loop
    vertex -0.02793497935645639 0.5 0.3560822236859398
    vertex 0.02791388764956415 0.5 0.3569707926684981
    vertex -5.07583187581151e-06 0.5 0.3088188884440025
  endloop
endfacet
facet normal 0 1 0
  outer loop
    vertex -0.02793497935645639 0.5 0.3560822236859398
    vertex -1.601587501642854e-05 0.5 0.4042341279104354
    vertex 0.02791388764956415 0.5 0.3569707926684981
  endloop
endfacet
facet normal 0 1 0
  outer loop
    vertex -5.07583187581151e-06 0.5 0.3088188884440025
    vertex 0.02791388764956415 0.5 0.3569707926684981
    vertex 0.05584379117414473 0.5 0.3097074574265608
  endloop
endfacet
facet normal 0 1 0
  outer loop
    vertex 1.110223024625157e-16 0.5 0.09622504486493762
    vertex 0.05568556025985938 0.5 0.09471714461857589
    vertex 0.0277777777777779 0.5 0.04811252243246881
  endloop
endfacet
facet normal 0 1 0
  outer loop
    vertex 0.05568556025985938 0.5 0.09471714461857589
    vertex 0.08346333803763728 0.5 0.04660462218610708
    vertex 0.0277777777777779 0.5 0.04811252243246881
  endloop
endfacet
facet normal 0 1 0
  outer loop
    vertex 0.05568556025985938 0.5 0.09471714461857589
    vertex 0.1113711205197188 0.5 0.09320924437221416
    vertex 0.08346333803763728 0.5 0.04660462218610708
  endloop
endfacet
facet normal 0 1 0
  outer loop
    vertex 0.0277777777777779 0.5 0.04811252243246881
    vertex 0.08346333803763728 0.5 0.04660462218610708
    vertex 0.05555555555555569 0.5 0
  endloop
endfacet
facet normal 0 1 0
  outer loop
    vertex 0.05555555555555569 0.5 0
    vertex 0.08346333803763728 0.5 0.04660462218610708
    vertex 0.1111111111111113 0.5 0
  endloop
endfacet
facet normal -0 1 0
  outer loop
    vertex 0.08346333803763728 0.5 0.04660462218610708
    vertex 0.1390188935931929 0.5 0.04660462218610708
    vertex 0.1111111111111113 0.5 0
  endloop
endfacet
facet normal 0 1 0
  outer loop
    vertex 0.08346333803763728 0.5 0.04660462218610708
    vertex 0.1113711205197188 0.5 0.09320924437221416
    vertex 0.1390188935931929 0.5 0.04660462218610708
  endloop
endfacet
facet normal 0 1 0
  outer loop
    vertex 0.1111111111111113 0.5 0
    vertex 0.1390188935931929 0.5 0.04660462218610708
    vertex 0.1666666666666669 0.5 0
  endloop
endfacet
facet normal 0 1 -0
  outer loop
    vertex 0.1130327508008626 0.5 0.2158808392318322
    vertex 0.08443827098750367 0.5 0.2627941483291965
    vertex 0.1402165547850183 0.5 0.2621489169459869
  endloop
endfacet
facet normal -0 1 0
  outer loop
    vertex 0.08443827098750367 0.5 0.2627941483291965
    vertex 0.1116220749716592 0.5 0.3090622260433512
    vertex 0.1402165547850183 0.5 0.2621489169459869
  endloop
endfacet
facet normal 0 1 -0
  outer loop
    vertex 0.08443827098750367 0.5 0.2627941483291965
    vertex 0.05584379117414473 0.5 0.3097074574265608
    vertex 0.1116220749716592 0.5 0.3090622260433512
  endloop
endfacet
facet normal 0 1 -0
  outer loop
    vertex 0.1402165547850183 0.5 0.2621489169459869
    vertex 0.1116220749716592 0.5 0.3090622260433512
    vertex 0.1674003587691738 0.5 0.3084169946601416
  endloop
endfacet
facet normal 0 1 0
  outer loop
    vertex -0.0558539428378963 0.5 0.3079303194614441
    vertex -0.08372710093360358 0.5 0.2600830319212796
    vertex -0.1113841291135202 0.5 0.3080593338824824
  endloop
endfacet
facet normal 0 1 0
  outer loop
    vertex -0.08372710093360358 0.5 0.2600830319212796
    vertex -0.1392572872092275 0.5 0.260212046342318
    vertex -0.1113841291135202 0.5 0.3080593338824824
  endloop
endfacet
facet normal 0 1 0
  outer loop
    vertex -0.08372710093360358 0.5 0.2600830319212796
    vertex -0.1116002590293108 0.5 0.2122357443811151
    vertex -0.1392572872092275 0.5 0.260212046342318
  endloop
endfacet
facet normal 0 1 0
  outer loop
    vertex -0.1113841291135202 0.5 0.3080593338824824
    vertex -0.1392572872092275 0.5 0.260212046342318
    vertex -0.1669143153891441 0.5 0.3081883483035208
  endloop
endfacet
facet normal 0 1 0
  outer loop
    vertex 0.1111362653524139 0.5 0.4038834952873041
    vertex 0.05556012473869876 0.5 0.4040588115988697
    vertex 0.08334591045398487 0.5 0.451941747643652
  endloop
endfacet
facet normal 0 1 -0
  outer loop
    vertex 0.05556012473869876 0.5 0.4040588115988697
    vertex 0.02776976984026969 0.5 0.4521170639552177
    vertex 0.08334591045398487 0.5 0.451941747643652
  endloop
endfacet
facet normal 0 1 0
  outer loop
    vertex 0.05556012473869876 0.5 0.4040588115988697
    vertex -1.601587501642854e-05 0.5 0.4042341279104354
    vertex 0.02776976984026969 0.5 0.4521170639552177
  endloop
endfacet
facet normal 0 1 0
  outer loop
    vertex 0.08334591045398487 0.5 0.451941747643652
    vertex 0.02776976984026969 0.5 0.4521170639552177
    vertex 0.05555555555555569 0.5 0.5
  endloop
endfacet
facet normal 0 1 0
  outer loop
    vertex 0.05555555555555569 0.5 0.5
    vertex 0.02776976984026969 0.5 0.4521170639552177
    vertex 1.110223024625157e-16 0.5 0.5
  endloop
endfacet
facet normal 0 1 0
  outer loop
    vertex 0.02776976984026969 0.5 0.4521170639552177
    vertex -0.02778578571528589 0.5 0.4521170639552177
    vertex 1.110223024625157e-16 0.5 0.5
  endloop
endfacet
facet normal 0 1 0
  outer loop
    vertex 0.02776976984026969 0.5 0.4521170639552177
    vertex -1.601587501642854e-05 0.5 0.4042341279104354
    vertex -0.02778578571528589 0.5 0.4521170639552177
  endloop
endfacet
facet normal 0 1 0
  outer loop
    vertex 1.110223024625157e-16 0.5 0.5
    vertex -0.02778578571528589 0.5 0.4521170639552177
    vertex -0.05555555555555541 0.5 0.5
  endloop
endfacet
facet normal 0 1 0
  outer loop
    vertex -0.1666666666666666 0.5 0
    vertex -0.1392000228450756 0.5 0.04793288915911034
    vertex -0.111111111111111 0.5 0
  endloop
endfacet
facet normal -0 1 0
  outer loop
    vertex -0.1392000228450756 0.5 0.04793288915911034
    vertex -0.08364446728952002 0.5 0.04793288915911034
    vertex -0.111111111111111 0.5 0
  endloop
endfacet
facet normal 0 1 0
  outer loop
    vertex -0.1392000228450756 0.5 0.04793288915911034
    vertex -0.1117333790234846 0.5 0.09586577831822068
    vertex -0.08364446728952002 0.5 0.04793288915911034
  endloop
endfacet
facet normal 0 1 0
  outer loop
    vertex -0.111111111111111 0.5 0
    vertex -0.08364446728952002 0.5 0.04793288915911034
    vertex -0.05555555555555541 0.5 0
  endloop
endfacet
facet normal 0 1 0
  outer loop
    vertex -0.05555555555555541 0.5 0.5
    vertex -0.08338888224715824 0.5 0.451941747643652
    vertex -0.111111111111111 0.5 0.5
  endloop
endfacet
facet normal 0 1 0
  outer loop
    vertex -0.08338888224715824 0.5 0.451941747643652
    vertex -0.1389444378027138 0.5 0.451941747643652
    vertex -0.111111111111111 0.5 0.5
  endloop
endfacet
facet normal 0 1 0
  outer loop
    vertex -0.08338888224715824 0.5 0.451941747643652
    vertex -0.1112222089387611 0.5 0.4038834952873041
    vertex -0.1389444378027138 0.5 0.451941747643652
  endloop
endfacet
facet normal 0 1 0
  outer loop
    vertex -0.111111111111111 0.5 0.5
    vertex -0.1389444378027138 0.5 0.451941747643652
    vertex -0.1666666666666666 0.5 0.5
  endloop
endfacet
facet normal 0 1 0
  outer loop
    vertex 0.1666666666666669 0.5 0.5
    vertex 0.1389014660095405 0.5 0.451941747643652
    vertex 0.1111111111111113 0.5 0.5
  endloop
endfacet
facet normal 0 1 0
  outer loop
    vertex 0.1389014660095405 0.5 0.451941747643652
    vertex 0.08334591045398487 0.5 0.451941747643652
    vertex 0.1111111111111113 0.5 0.5
  endloop
endfacet
facet normal 0 1 0
  outer loop
    vertex 0.1389014660095405 0.5 0.451941747643652
    vertex 0.1111362653524139 0.5 0.4038834952873041
    vertex 0.08334591045398487 0.5 0.451941747643652
  endloop
endfacet
facet normal 0 1 0
  outer loop
    vertex 0.1111111111111113 0.5 0.5
    vertex 0.08334591045398487 0.5 0.451941747643652
    vertex 0.05555555555555569 0.5 0.5
  endloop
endfacet
facet normal 0 1 0
  outer loop
    vertex -0.05555555555555541 0.5 0
    vertex -0.02777777777777768 0.5 0.04811252243246881
    vertex 1.110223024625157e-16 0.5 0
  endloop
endfacet
facet normal -0 1 0
  outer loop
    vertex -0.02777777777777768 0.5 0.04811252243246881
    vertex 0.0277777777777779 0.5 0.04811252243246881
    vertex 1.110223024625157e-16 0.5 0
  endloop
endfacet
facet normal 0 1 0
  outer loop
    vertex -0.02777777777777768 0.5 0.04811252243246881
    vertex 1.110223024625157e-16 0.5 0.09622504486493762
    vertex 0.0277777777777779 0.5 0.04811252243246881
  endloop
endfacet
facet normal 0 1 0
  outer loop
    vertex 1.110223024625157e-16 0.5 0
    vertex 0.0277777777777779 0.5 0.04811252243246881
    vertex 0.05555555555555569 0.5 0
  endloop
endfacet
facet normal 0 1 -0
  outer loop
    vertex 0.05584379117414473 0.5 0.3097074574265608
    vertex 0.02791388764956415 0.5 0.3569707926684981
    vertex 0.08349002826327934 0.5 0.3567954763569324
  endloop
endfacet
facet normal -0 1 0
  outer loop
    vertex 0.02791388764956415 0.5 0.3569707926684981
    vertex 0.05556012473869876 0.5 0.4040588115988697
    vertex 0.08349002826327934 0.5 0.3567954763569324
  endloop
endfacet
facet normal 0 1 -0
  outer loop
    vertex 0.02791388764956415 0.5 0.3569707926684981
    vertex -1.601587501642854e-05 0.5 0.4042341279104354
    vertex 0.05556012473869876 0.5 0.4040588115988697
  endloop
endfacet
facet normal 0 1 -0
  outer loop
    vertex 0.08349002826327934 0.5 0.3567954763569324
    vertex 0.05556012473869876 0.5 0.4040588115988697
    vertex 0.1111362653524139 0.5 0.4038834952873041
  endloop
endfacet
facet normal 0 1 0
  outer loop
    vertex -0.1112222089387611 0.5 0.4038834952873041
    vertex -0.08353807588832873 0.5 0.3559069073743741
    vertex -0.1390682621639526 0.5 0.3560359217954124
  endloop
endfacet
facet normal 0 1 0
  outer loop
    vertex -0.08353807588832873 0.5 0.3559069073743741
    vertex -0.1113841291135202 0.5 0.3080593338824824
    vertex -0.1390682621639526 0.5 0.3560359217954124
  endloop
endfacet
facet normal 0 1 0
  outer loop
    vertex -0.08353807588832873 0.5 0.3559069073743741
    vertex -0.0558539428378963 0.5 0.3079303194614441
    vertex -0.1113841291135202 0.5 0.3080593338824824
  endloop
endfacet
facet normal 0 1 0
  outer loop
    vertex -0.1390682621639526 0.5 0.3560359217954124
    vertex -0.1113841291135202 0.5 0.3080593338824824
    vertex -0.1669143153891441 0.5 0.3081883483035208
  endloop
endfacet
facet normal 0 1 0
  outer loop
    vertex -0.05555555555555541 0.5 0.5
    vertex -0.02778578571528589 0.5 0.4521170639552177
    vertex -0.08338888224715824 0.5 0.451941747643652
  endloop
endfacet
facet normal 0 1 0
  outer loop
    vertex -0.02778578571528589 0.5 0.4521170639552177
    vertex -0.05561911240688877 0.5 0.4040588115988697
    vertex -0.08338888224715824 0.5 0.451941747643652
  endloop
endfacet
facet normal 0 1 0
  outer loop
    vertex -0.02778578571528589 0.5 0.4521170639552177
    vertex -1.601587501642854e-05 0.5 0.4042341279104354
    vertex -0.05561911240688877 0.5 0.4040588115988697
  endloop
endfacet
facet normal 0 1 0
  outer loop
    vertex -0.08338888224715824 0.5 0.451941747643652
    vertex -0.05561911240688877 0.5 0.4040588115988697
    vertex -0.1112222089387611 0.5 0.4038834952873041
  endloop
endfacet
facet normal 0 1 0
  outer loop
    vertex -0.0558539428378963 0.5 0.3079303194614441
    vertex -0.02812439855926996 0.5 0.2632190109460053
    vertex -0.08372710093360358 0.5 0.2600830319212796
  endloop
endfacet
facet normal 0 1 0
  outer loop
    vertex -0.02812439855926996 0.5 0.2632190109460053
    vertex -0.05599755665497719 0.5 0.2153717234058408
    vertex -0.08372710093360358 0.5 0.2600830319212796
  endloop
endfacet
facet normal 0 1 0
  outer loop
    vertex -0.02812439855926996 0.5 0.2632190109460053
    vertex -0.000394854280643564 0.5 0.2185077024305664
    vertex -0.05599755665497719 0.5 0.2153717234058408
  endloop
endfacet
facet normal 0 1 0
  outer loop
    vertex -0.08372710093360358 0.5 0.2600830319212796
    vertex -0.05599755665497719 0.5 0.2153717234058408
    vertex -0.1116002590293108 0.5 0.2122357443811151
  endloop
endfacet
facet normal 0 1 0
  outer loop
    vertex 0.1674003587691738 0.5 0.3084169946601416
    vertex 0.1116220749716592 0.5 0.3090622260433512
    vertex 0.1392683120607938 0.5 0.3561502449737228
  endloop
endfacet
facet normal 0 1 -0
  outer loop
    vertex 0.1116220749716592 0.5 0.3090622260433512
    vertex 0.08349002826327934 0.5 0.3567954763569324
    vertex 0.1392683120607938 0.5 0.3561502449737228
  endloop
endfacet
facet normal 0 1 0
  outer loop
    vertex 0.1116220749716592 0.5 0.3090622260433512
    vertex 0.05584379117414473 0.5 0.3097074574265608
    vertex 0.08349002826327934 0.5 0.3567954763569324
  endloop
endfacet
facet normal 0 1 0
  outer loop
    vertex 0.1392683120607938 0.5 0.3561502449737228
    vertex 0.08349002826327934 0.5 0.3567954763569324
    vertex 0.1111362653524139 0.5 0.4038834952873041
  endloop
endfacet
facet normal 0 1 0
  outer loop
    vertex 0.2231842445461579 0.5 0.2140996701380149
    vertex 0.1681084976735103 0.5 0.2149902546849235
    vertex 0.1952923016576659 0.5 0.2612583323990783
  endloop
endfacet
facet normal 0 1 -0
  outer loop
    vertex 0.1681084976735103 0.5 0.2149902546849235
    vertex 0.1402165547850183 0.5 0.2621489169459869
    vertex 0.1952923016576659 0.5 0.2612583323990783
  endloop
endfacet
facet normal 0 1 0
  outer loop
    vertex 0.1681084976735103 0.5 0.2149902546849235
    vertex 0.1130327508008626 0.5 0.2158808392318322
    vertex 0.1402165547850183 0.5 0.2621489169459869
  endloop
endfacet
facet normal 0 1 0
  outer loop
    vertex 0.1952923016576659 0.5 0.2612583323990783
    vertex 0.1402165547850183 0.5 0.2621489169459869
    vertex 0.1674003587691738 0.5 0.3084169946601416
  endloop
endfacet
facet normal -0 1 0
  outer loop
    vertex -0.1112222089387611 0.5 0.4038834952873041
    vertex -0.05561911240688877 0.5 0.4040588115988697
    vertex -0.08353807588832873 0.5 0.3559069073743741
  endloop
endfacet
facet normal 0 1 0
  outer loop
    vertex -0.05561911240688877 0.5 0.4040588115988697
    vertex -0.02793497935645639 0.5 0.3560822236859398
    vertex -0.08353807588832873 0.5 0.3559069073743741
  endloop
endfacet
facet normal -0 1 0
  outer loop
    vertex -0.05561911240688877 0.5 0.4040588115988697
    vertex -1.601587501642854e-05 0.5 0.4042341279104354
    vertex -0.02793497935645639 0.5 0.3560822236859398
  endloop
endfacet
facet normal -0 1 0
  outer loop
    vertex -0.08353807588832873 0.5 0.3559069073743741
    vertex -0.02793497935645639 0.5 0.3560822236859398
    vertex -0.0558539428378963 0.5 0.3079303194614441
  endloop
endfacet
facet normal 0 1 0
  outer loop
    vertex 0.2717875779241292 0.5 0.3041181898676436
    vertex 0.3134102463032971 0.5 0.3026811246334759
    vertex 0.2966843376350903 0.5 0.252547943544761
  endloop
endfacet
facet normal 0 1 0
  outer loop
    vertex 0.3134102463032971 0.5 0.3026811246334759
    vertex 0.3383070060142582 0.5 0.2511108783105933
    vertex 0.2966843376350903 0.5 0.252547943544761
  endloop
endfacet
facet normal 0 1 0
  outer loop
    vertex 0.3134102463032971 0.5 0.3026811246334759
    vertex 0.355032914682465 0.5 0.3012440593993082
    vertex 0.3383070060142582 0.5 0.2511108783105933
  endloop
endfacet
facet normal 0 1 0
  outer loop
    vertex 0.2966843376350903 0.5 0.252547943544761
    vertex 0.3383070060142582 0.5 0.2511108783105933
    vertex 0.3215810973460514 0.5 0.2009776972218784
  endloop
endfacet
facet normal 0 1 -0
  outer loop
    vertex -0.3213651409650852 0.5 0.2004597759955205
    vertex -0.338199027823775 0.5 0.250851917697414
    vertex -0.2964936351811874 0.5 0.2521138760977866
  endloop
endfacet
facet normal 0 1 0
  outer loop
    vertex -0.338199027823775 0.5 0.250851917697414
    vertex -0.3133275220398773 0.5 0.3025060177996801
    vertex -0.2964936351811874 0.5 0.2521138760977866
  endloop
endfacet
facet normal 0 1 -0
  outer loop
    vertex -0.338199027823775 0.5 0.250851917697414
    vertex -0.3550329146824648 0.5 0.3012440593993075
    vertex -0.3133275220398773 0.5 0.3025060177996801
  endloop
endfacet
facet normal 0 1 -0
  outer loop
    vertex -0.2964936351811874 0.5 0.2521138760977866
    vertex -0.3133275220398773 0.5 0.3025060177996801
    vertex -0.2716221293972897 0.5 0.3037679762000527
  endloop
endfacet
facet normal 0 1 0
  outer loop
    vertex -0.5 0.5 0.3000000000000001
    vertex -0.4592770533779646 0.5 0.2749481322892252
    vertex -0.5 0.5 0.2500000000000001
  endloop
endfacet
facet normal 0 1 0
  outer loop
    vertex -0.4592770533779646 0.5 0.2749481322892252
    vertex -0.4592770533779646 0.5 0.2249481322892252
    vertex -0.5 0.5 0.2500000000000001
  endloop
endfacet
facet normal 0 1 0
  outer loop
    vertex -0.4592770533779646 0.5 0.2749481322892252
    vertex -0.4185541067559292 0.5 0.2498962645784503
    vertex -0.4592770533779646 0.5 0.2249481322892252
  endloop
endfacet
facet normal 0 1 0
  outer loop
    vertex -0.5 0.5 0.2500000000000001
    vertex -0.4592770533779646 0.5 0.2249481322892252
    vertex -0.5 0.5 0.2000000000000001
  endloop
endfacet
facet normal 0 1 -0
  outer loop
    vertex 0.5 0.5 0.2000000000000001
    vertex 0.4591846384395265 0.5 0.2249788638036372
    vertex 0.5 0.5 0.2500000000000001
  endloop
endfacet
facet normal 0 1 0
  outer loop
    vertex 0.4591846384395265 0.5 0.2249788638036372
    vertex 0.4591846384395265 0.5 0.2749788638036372
    vertex 0.5 0.5 0.2500000000000001
  endloop
endfacet
facet normal 0 1 -0
  outer loop
    vertex 0.4591846384395265 0.5 0.2249788638036372
    vertex 0.418369276879053 0.5 0.2499577276072743
    vertex 0.4591846384395265 0.5 0.2749788638036372
  endloop
endfacet
facet normal 0 1 -0
  outer loop
    vertex 0.5 0.5 0.2500000000000001
    vertex 0.4591846384395265 0.5 0.2749788638036372
    vertex 0.5 0.5 0.3000000000000001
  endloop
endfacet
facet normal 0 1 -0
  outer loop
    vertex 0.5 0.5 0.1
    vertex 0.4575343975063448 0.5 0.125
    vertex 0.5 0.5 0.15
  endloop
endfacet
facet normal 0 1 0
  outer loop
    vertex 0.4575343975063448 0.5 0.125
    vertex 0.4575343975063448 0.5 0.175
    vertex 0.5 0.5 0.15
  endloop
endfacet
facet normal 0 1 -0
  outer loop
    vertex 0.4575343975063448 0.5 0.125
    vertex 0.4150687950126897 0.5 0.15
    vertex 0.4575343975063448 0.5 0.175
  endloop
endfacet
facet normal 0 1 -0
  outer loop
    vertex 0.5 0.5 0.15
    vertex 0.4575343975063448 0.5 0.175
    vertex 0.5 0.5 0.2000000000000001
  endloop
endfacet
facet normal 0 1 0
  outer loop
    vertex -0.5 0.5 0.4000000000000001
    vertex -0.4614032303465498 0.5 0.3732809183554772
    vertex -0.5 0.5 0.3500000000000001
  endloop
endfacet
facet normal 0 1 0
  outer loop
    vertex -0.4614032303465498 0.5 0.3732809183554772
    vertex -0.4614032303465498 0.5 0.3232809183554771
    vertex -0.5 0.5 0.3500000000000001
  endloop
endfacet
facet normal 0 1 0
  outer loop
    vertex -0.4614032303465498 0.5 0.3732809183554772
    vertex -0.4228064606930997 0.5 0.3465618367109542
    vertex -0.4614032303465498 0.5 0.3232809183554771
  endloop
endfacet
facet normal 0 1 0
  outer loop
    vertex -0.5 0.5 0.3500000000000001
    vertex -0.4614032303465498 0.5 0.3232809183554771
    vertex -0.5 0.5 0.3000000000000001
  endloop
endfacet
facet normal 0 1 -0
  outer loop
    vertex 0.5 0.5 0.3000000000000001
    vertex 0.4613878278568102 0.5 0.3232860402745459
    vertex 0.5 0.5 0.3500000000000001
  endloop
endfacet
facet normal 0 1 0
  outer loop
    vertex 0.4613878278568102 0.5 0.3232860402745459
    vertex 0.4613878278568102 0.5 0.3732860402745459
    vertex 0.5 0.5 0.3500000000000001
  endloop
endfacet
facet normal 0 1 -0
  outer loop
    vertex 0.4613878278568102 0.5 0.3232860402745459
    vertex 0.4227756557136204 0.5 0.3465720805490917
    vertex 0.4613878278568102 0.5 0.3732860402745459
  endloop
endfacet
facet normal 0 1 -0
  outer loop
    vertex 0.5 0.5 0.3500000000000001
    vertex 0.4613878278568102 0.5 0.3732860402745459
    vertex 0.5 0.5 0.4000000000000001
  endloop
endfacet
facet normal 0 1 0
  outer loop
    vertex -0.5 0.5 0.2000000000000001
    vertex -0.4577457146336664 0.5 0.1750000000000001
    vertex -0.5 0.5 0.15
  endloop
endfacet
facet normal 0 1 0
  outer loop
    vertex -0.4577457146336664 0.5 0.1750000000000001
    vertex -0.4577457146336664 0.5 0.1250000000000001
    vertex -0.5 0.5 0.15
  endloop
endfacet
facet normal 0 1 0
  outer loop
    vertex -0.4577457146336664 0.5 0.1750000000000001
    vertex -0.4154914292673327 0.5 0.1500000000000001
    vertex -0.4577457146336664 0.5 0.1250000000000001
  endloop
endfacet
facet normal 0 1 0
  outer loop
    vertex -0.5 0.5 0.15
    vertex -0.4577457146336664 0.5 0.1250000000000001
    vertex -0.5 0.5 0.1
  endloop
endfacet
facet normal 0 1 -0
  outer loop
    vertex 0.4150687950126897 0.5 0.15
    vertex 0.3683249461793705 0.5 0.1754888486109392
    vertex 0.4167190359458713 0.5 0.1999788638036372
  endloop
endfacet
facet normal 0 1 0
  outer loop
    vertex 0.3683249461793705 0.5 0.1754888486109392
    vertex 0.3699751871125523 0.5 0.2254677124145764
    vertex 0.4167190359458713 0.5 0.1999788638036372
  endloop
endfacet
facet normal 0 1 -0
  outer loop
    vertex 0.3683249461793705 0.5 0.1754888486109392
    vertex 0.3215810973460514 0.5 0.2009776972218784
    vertex 0.3699751871125523 0.5 0.2254677124145764
  endloop
endfacet
facet normal 0 1 -0
  outer loop
    vertex 0.4167190359458713 0.5 0.1999788638036372
    vertex 0.3699751871125523 0.5 0.2254677124145764
    vertex 0.418369276879053 0.5 0.2499577276072743
  endloop
endfacet
facet normal 0 1 0
  outer loop
    vertex 0.5 0.5 0.2000000000000001
    vertex 0.4575343975063448 0.5 0.175
    vertex 0.4591846384395265 0.5 0.2249788638036372
  endloop
endfacet
facet normal 0 1 -0
  outer loop
    vertex 0.4575343975063448 0.5 0.175
    vertex 0.4167190359458713 0.5 0.1999788638036372
    vertex 0.4591846384395265 0.5 0.2249788638036372
  endloop
endfacet
facet normal 0 1 0
  outer loop
    vertex 0.4575343975063448 0.5 0.175
    vertex 0.4150687950126897 0.5 0.15
    vertex 0.4167190359458713 0.5 0.1999788638036372
  endloop
endfacet
facet normal 0 1 0
  outer loop
    vertex 0.4591846384395265 0.5 0.2249788638036372
    vertex 0.4167190359458713 0.5 0.1999788638036372
    vertex 0.418369276879053 0.5 0.2499577276072743
  endloop
endfacet
facet normal 0 1 0
  outer loop
    vertex 0.418369276879053 0.5 0.2499577276072743
    vertex 0.4205724662963367 0.5 0.298264904078183
    vertex 0.4591846384395265 0.5 0.2749788638036372
  endloop
endfacet
facet normal -0 1 0
  outer loop
    vertex 0.4205724662963367 0.5 0.298264904078183
    vertex 0.4613878278568102 0.5 0.3232860402745459
    vertex 0.4591846384395265 0.5 0.2749788638036372
  endloop
endfacet
facet normal 0 1 0
  outer loop
    vertex 0.4205724662963367 0.5 0.298264904078183
    vertex 0.4227756557136204 0.5 0.3465720805490917
    vertex 0.4613878278568102 0.5 0.3232860402745459
  endloop
endfacet
facet normal 0 1 0
  outer loop
    vertex 0.4591846384395265 0.5 0.2749788638036372
    vertex 0.4613878278568102 0.5 0.3232860402745459
    vertex 0.5 0.5 0.3000000000000001
  endloop
endfacet
facet normal -0 1 0
  outer loop
    vertex -0.5 0.5 0.3000000000000001
    vertex -0.4614032303465498 0.5 0.3232809183554771
    vertex -0.4592770533779646 0.5 0.2749481322892252
  endloop
endfacet
facet normal 0 1 0
  outer loop
    vertex -0.4614032303465498 0.5 0.3232809183554771
    vertex -0.4206802837245144 0.5 0.2982290506447022
    vertex -0.4592770533779646 0.5 0.2749481322892252
  endloop
endfacet
facet normal -0 1 0
  outer loop
    vertex -0.4614032303465498 0.5 0.3232809183554771
    vertex -0.4228064606930997 0.5 0.3465618367109542
    vertex -0.4206802837245144 0.5 0.2982290506447022
  endloop
endfacet
facet normal -0 1 0
  outer loop
    vertex -0.4592770533779646 0.5 0.2749481322892252
    vertex -0.4206802837245144 0.5 0.2982290506447022
    vertex -0.4185541067559292 0.5 0.2498962645784503
  endloop
endfacet
facet normal 0 1 0
  outer loop
    vertex -0.4185541067559292 0.5 0.2498962645784503
    vertex -0.417022768011631 0.5 0.1999481322892252
    vertex -0.4592770533779646 0.5 0.2249481322892252
  endloop
endfacet
facet normal 0 1 0
  outer loop
    vertex -0.417022768011631 0.5 0.1999481322892252
    vertex -0.4577457146336664 0.5 0.1750000000000001
    vertex -0.4592770533779646 0.5 0.2249481322892252
  endloop
endfacet
facet normal 0 1 0
  outer loop
    vertex -0.417022768011631 0.5 0.1999481322892252
    vertex -0.4154914292673327 0.5 0.1500000000000001
    vertex -0.4577457146336664 0.5 0.1750000000000001
  endloop
endfacet
facet normal 0 1 0
  outer loop
    vertex -0.4592770533779646 0.5 0.2249481322892252
    vertex -0.4577457146336664 0.5 0.1750000000000001
    vertex -0.5 0.5 0.2000000000000001
  endloop
endfacet
facet normal 0 1 0
  outer loop
    vertex -0.4185541067559292 0.5 0.2498962645784503
    vertex -0.3699596238605072 0.5 0.2251780202869854
    vertex -0.417022768011631 0.5 0.1999481322892252
  endloop
endfacet
facet normal 0 1 0
  outer loop
    vertex -0.3699596238605072 0.5 0.2251780202869854
    vertex -0.368428285116209 0.5 0.1752298879977603
    vertex -0.417022768011631 0.5 0.1999481322892252
  endloop
endfacet
facet normal 0 1 0
  outer loop
    vertex -0.3699596238605072 0.5 0.2251780202869854
    vertex -0.3213651409650852 0.5 0.2004597759955205
    vertex -0.368428285116209 0.5 0.1752298879977603
  endloop
endfacet
facet normal 0 1 0
  outer loop
    vertex -0.417022768011631 0.5 0.1999481322892252
    vertex -0.368428285116209 0.5 0.1752298879977603
    vertex -0.4154914292673327 0.5 0.1500000000000001
  endloop
endfacet
facet normal 0 1 -0
  outer loop
    vertex 0.3428068455742252 0.5 0.08668464565089537
    vertex 0.3321939714601383 0.5 0.1438311714363869
    vertex 0.3789378202934575 0.5 0.1183423228254477
  endloop
endfacet
facet normal -0 1 0
  outer loop
    vertex 0.3321939714601383 0.5 0.1438311714363869
    vertex 0.3683249461793705 0.5 0.1754888486109392
    vertex 0.3789378202934575 0.5 0.1183423228254477
  endloop
endfacet
facet normal 0 1 -0
  outer loop
    vertex 0.3321939714601383 0.5 0.1438311714363869
    vertex 0.3215810973460514 0.5 0.2009776972218784
    vertex 0.3683249461793705 0.5 0.1754888486109392
  endloop
endfacet
facet normal 0 1 -0
  outer loop
    vertex 0.3789378202934575 0.5 0.1183423228254477
    vertex 0.3683249461793705 0.5 0.1754888486109392
    vertex 0.4150687950126897 0.5 0.15
  endloop
endfacet
facet normal 0 1 0
  outer loop
    vertex 0.3888888888888892 0.5 0
    vertex 0.407276975769707 0.5 0.03543298988551104
    vertex 0.4444444444444445 0.5 0
  endloop
endfacet
facet normal -0 1 0
  outer loop
    vertex 0.407276975769707 0.5 0.03543298988551104
    vertex 0.4628325313252624 0.5 0.03543298988551104
    vertex 0.4444444444444445 0.5 0
  endloop
endfacet
facet normal 0 1 0
  outer loop
    vertex 0.407276975769707 0.5 0.03543298988551104
    vertex 0.4256650626505247 0.5 0.07086597977102208
    vertex 0.4628325313252624 0.5 0.03543298988551104
  endloop
endfacet
facet normal 0 1 0
  outer loop
    vertex 0.4444444444444445 0.5 0
    vertex 0.4628325313252624 0.5 0.03543298988551104
    vertex 0.5 0.5 0
  endloop
endfacet
facet normal 0 1 0
  outer loop
    vertex -0.3888888888888889 0.5 0.5
    vertex -0.4087761223626811 0.5 0.4645686693498179
    vertex -0.4444444444444444 0.5 0.5
  endloop
endfacet
facet normal 0 1 0
  outer loop
    vertex -0.4087761223626811 0.5 0.4645686693498179
    vertex -0.4643316779182366 0.5 0.4645686693498179
    vertex -0.4444444444444444 0.5 0.5
  endloop
endfacet
facet normal 0 1 0
  outer loop
    vertex -0.4087761223626811 0.5 0.4645686693498179
    vertex -0.4286633558364732 0.5 0.4291373386996359
    vertex -0.4643316779182366 0.5 0.4645686693498179
  endloop
endfacet
facet normal 0 1 0
  outer loop
    vertex -0.4444444444444444 0.5 0.5
    vertex -0.4643316779182366 0.5 0.4645686693498179
    vertex -0.5 0.5 0.5
  endloop
endfacet
facet normal 0 1 0
  outer loop
    vertex 0.5 0.5 0.5
    vertex 0.4643294775625596 0.5 0.464569401052542
    vertex 0.4444444444444445 0.5 0.5
  endloop
endfacet
facet normal 0 1 0
  outer loop
    vertex 0.4643294775625596 0.5 0.464569401052542
    vertex 0.4087739220070041 0.5 0.464569401052542
    vertex 0.4444444444444445 0.5 0.5
  endloop
endfacet
facet normal 0 1 0
  outer loop
    vertex 0.4643294775625596 0.5 0.464569401052542
    vertex 0.4286589551251192 0.5 0.429138802105084
    vertex 0.4087739220070041 0.5 0.464569401052542
  endloop
endfacet
facet normal 0 1 0
  outer loop
    vertex 0.4444444444444445 0.5 0.5
    vertex 0.4087739220070041 0.5 0.464569401052542
    vertex 0.3888888888888892 0.5 0.5
  endloop
endfacet
facet normal 0 1 0
  outer loop
    vertex -0.5 0.5 0
    vertex -0.4647243438246317 0.5 0.03363827156145234
    vertex -0.4444444444444444 0.5 0
  endloop
endfacet
facet normal -0 1 0
  outer loop
    vertex -0.4647243438246317 0.5 0.03363827156145234
    vertex -0.4091687882690761 0.5 0.03363827156145234
    vertex -0.4444444444444444 0.5 0
  endloop
endfacet
facet normal 0 1 0
  outer loop
    vertex -0.4647243438246317 0.5 0.03363827156145234
    vertex -0.4294486876492634 0.5 0.06727654312290468
    vertex -0.4091687882690761 0.5 0.03363827156145234
  endloop
endfacet
facet normal 0 1 0
  outer loop
    vertex -0.4444444444444444 0.5 0
    vertex -0.4091687882690761 0.5 0.03363827156145234
    vertex -0.3888888888888889 0.5 0
  endloop
endfacet
facet normal -0 1 0
  outer loop
    vertex -0.4154914292673327 0.5 0.1500000000000001
    vertex -0.368428285116209 0.5 0.1752298879977603
    vertex -0.3791772746787139 0.5 0.1181913578072617
  endloop
endfacet
facet normal 0 1 0
  outer loop
    vertex -0.368428285116209 0.5 0.1752298879977603
    vertex -0.3321141305275901 0.5 0.1434212458050219
    vertex -0.3791772746787139 0.5 0.1181913578072617
  endloop
endfacet
facet normal -0 1 0
  outer loop
    vertex -0.368428285116209 0.5 0.1752298879977603
    vertex -0.3213651409650852 0.5 0.2004597759955205
    vertex -0.3321141305275901 0.5 0.1434212458050219
  endloop
endfacet
facet normal -0 1 0
  outer loop
    vertex -0.3791772746787139 0.5 0.1181913578072617
    vertex -0.3321141305275901 0.5 0.1434212458050219
    vertex -0.342863120090095 0.5 0.08638271561452329
  endloop
endfacet
facet normal 0 1 0
  outer loop
    vertex 0.2248180268036397 0.5 0.1007395878900126
    vertex 0.1940041176744237 0.5 0.1282079800585293
    vertex 0.2240011356748988 0.5 0.1574196290140137
  endloop
endfacet
facet normal 0 1 -0
  outer loop
    vertex 0.1940041176744237 0.5 0.1282079800585293
    vertex 0.1931872265456829 0.5 0.1848880211825305
    vertex 0.2240011356748988 0.5 0.1574196290140137
  endloop
endfacet
facet normal 0 1 0
  outer loop
    vertex 0.1940041176744237 0.5 0.1282079800585293
    vertex 0.1631902085452077 0.5 0.1556763722270462
    vertex 0.1931872265456829 0.5 0.1848880211825305
  endloop
endfacet
facet normal 0 1 0
  outer loop
    vertex 0.2240011356748988 0.5 0.1574196290140137
    vertex 0.1931872265456829 0.5 0.1848880211825305
    vertex 0.2231842445461579 0.5 0.2140996701380149
  endloop
endfacet
facet normal 0 1 -0
  outer loop
    vertex 0.5 0.5 0
    vertex 0.4628325313252624 0.5 0.03543298988551104
    vertex 0.5 0.5 0.05000000000000001
  endloop
endfacet
facet normal 0 1 0
  outer loop
    vertex 0.4628325313252624 0.5 0.03543298988551104
    vertex 0.4628325313252624 0.5 0.08543298988551104
    vertex 0.5 0.5 0.05000000000000001
  endloop
endfacet
facet normal 0 1 -0
  outer loop
    vertex 0.4628325313252624 0.5 0.03543298988551104
    vertex 0.4256650626505247 0.5 0.07086597977102208
    vertex 0.4628325313252624 0.5 0.08543298988551104
  endloop
endfacet
facet normal 0 1 -0
  outer loop
    vertex 0.5 0.5 0.05000000000000001
    vertex 0.4628325313252624 0.5 0.08543298988551104
    vertex 0.5 0.5 0.1
  endloop
endfacet
facet normal 0 1 -0
  outer loop
    vertex 0.5 0.5 0.4000000000000001
    vertex 0.4643294775625596 0.5 0.4145694010525421
    vertex 0.5 0.5 0.4500000000000001
  endloop
endfacet
facet normal 0 1 0
  outer loop
    vertex 0.4643294775625596 0.5 0.4145694010525421
    vertex 0.4643294775625596 0.5 0.464569401052542
    vertex 0.5 0.5 0.4500000000000001
  endloop
endfacet
facet normal 0 1 -0
  outer loop
    vertex 0.4643294775625596 0.5 0.4145694010525421
    vertex 0.4286589551251192 0.5 0.429138802105084
    vertex 0.4643294775625596 0.5 0.464569401052542
  endloop
endfacet
facet normal 0 1 -0
  outer loop
    vertex 0.5 0.5 0.4500000000000001
    vertex 0.4643294775625596 0.5 0.464569401052542
    vertex 0.5 0.5 0.5
  endloop
endfacet
facet normal 0 1 0
  outer loop
    vertex -0.5 0.5 0.5
    vertex -0.4643316779182366 0.5 0.4645686693498179
    vertex -0.5 0.5 0.4500000000000001
  endloop
endfacet
facet normal 0 1 0
  outer loop
    vertex -0.4643316779182366 0.5 0.4645686693498179
    vertex -0.4643316779182366 0.5 0.414568669349818
    vertex -0.5 0.5 0.4500000000000001
  endloop
endfacet
facet normal 0 1 0
  outer loop
    vertex -0.4643316779182366 0.5 0.4645686693498179
    vertex -0.4286633558364732 0.5 0.4291373386996359
    vertex -0.4643316779182366 0.5 0.414568669349818
  endloop
endfacet
facet normal 0 1 0
  outer loop
    vertex -0.5 0.5 0.4500000000000001
    vertex -0.4643316779182366 0.5 0.414568669349818
    vertex -0.5 0.5 0.4000000000000001
  endloop
endfacet
facet normal 0 1 0
  outer loop
    vertex -0.5 0.5 0.1
    vertex -0.4647243438246317 0.5 0.08363827156145234
    vertex -0.5 0.5 0.05000000000000001
  endloop
endfacet
facet normal 0 1 0
  outer loop
    vertex -0.4647243438246317 0.5 0.08363827156145234
    vertex -0.4647243438246317 0.5 0.03363827156145234
    vertex -0.5 0.5 0.05000000000000001
  endloop
endfacet
facet normal 0 1 0
  outer loop
    vertex -0.4647243438246317 0.5 0.08363827156145234
    vertex -0.4294486876492634 0.5 0.06727654312290468
    vertex -0.4647243438246317 0.5 0.03363827156145234
  endloop
endfacet
facet normal 0 1 0
  outer loop
    vertex -0.5 0.5 0.05000000000000001
    vertex -0.4647243438246317 0.5 0.03363827156145234
    vertex -0.5 0.5 0
  endloop
endfacet
facet normal 0 1 0
  outer loop
    vertex 0.3375553441670838 0.5 0.3990618583894388
    vertex 0.3462941294247743 0.5 0.3501529588943735
    vertex 0.3046714610456065 0.5 0.3515900241285412
  endloop
endfacet
facet normal 0 1 0
  outer loop
    vertex 0.3462941294247743 0.5 0.3501529588943735
    vertex 0.3134102463032971 0.5 0.3026811246334759
    vertex 0.3046714610456065 0.5 0.3515900241285412
  endloop
endfacet
facet normal 0 1 0
  outer loop
    vertex 0.3462941294247743 0.5 0.3501529588943735
    vertex 0.355032914682465 0.5 0.3012440593993082
    vertex 0.3134102463032971 0.5 0.3026811246334759
  endloop
endfacet
facet normal 0 1 0
  outer loop
    vertex 0.3046714610456065 0.5 0.3515900241285412
    vertex 0.3134102463032971 0.5 0.3026811246334759
    vertex 0.2717875779241292 0.5 0.3041181898676436
  endloop
endfacet
facet normal 0 1 0
  outer loop
    vertex 0.3215810973460514 0.5 0.2009776972218784
    vertex 0.3383070060142582 0.5 0.2511108783105933
    vertex 0.3699751871125523 0.5 0.2254677124145764
  endloop
endfacet
facet normal -0 1 0
  outer loop
    vertex 0.3383070060142582 0.5 0.2511108783105933
    vertex 0.3867010957807591 0.5 0.2756008935032913
    vertex 0.3699751871125523 0.5 0.2254677124145764
  endloop
endfacet
facet normal 0 1 0
  outer loop
    vertex 0.3383070060142582 0.5 0.2511108783105933
    vertex 0.355032914682465 0.5 0.3012440593993082
    vertex 0.3867010957807591 0.5 0.2756008935032913
  endloop
endfacet
facet normal 0 1 0
  outer loop
    vertex 0.3699751871125523 0.5 0.2254677124145764
    vertex 0.3867010957807591 0.5 0.2756008935032913
    vertex 0.418369276879053 0.5 0.2499577276072743
  endloop
endfacet
facet normal 0 1 0
  outer loop
    vertex -0.2716221293972897 0.5 0.3037679762000527
    vertex -0.3133275220398773 0.5 0.3025060177996801
    vertex -0.3045887367821866 0.5 0.3514149172947457
  endloop
endfacet
facet normal 0 1 -0
  outer loop
    vertex -0.3133275220398773 0.5 0.3025060177996801
    vertex -0.3462941294247742 0.5 0.350152958894373
    vertex -0.3045887367821866 0.5 0.3514149172947457
  endloop
endfacet
facet normal 0 1 0
  outer loop
    vertex -0.3133275220398773 0.5 0.3025060177996801
    vertex -0.3550329146824648 0.5 0.3012440593993075
    vertex -0.3462941294247742 0.5 0.350152958894373
  endloop
endfacet
facet normal 0 1 0
  outer loop
    vertex -0.3045887367821866 0.5 0.3514149172947457
    vertex -0.3462941294247742 0.5 0.350152958894373
    vertex -0.3375553441670835 0.5 0.3990618583894386
  endloop
endfacet
facet normal -0 1 0
  outer loop
    vertex -0.4185541067559292 0.5 0.2498962645784503
    vertex -0.386793510719197 0.5 0.2755701619888789
    vertex -0.3699596238605072 0.5 0.2251780202869854
  endloop
endfacet
facet normal 0 1 0
  outer loop
    vertex -0.386793510719197 0.5 0.2755701619888789
    vertex -0.338199027823775 0.5 0.250851917697414
    vertex -0.3699596238605072 0.5 0.2251780202869854
  endloop
endfacet
facet normal -0 1 0
  outer loop
    vertex -0.386793510719197 0.5 0.2755701619888789
    vertex -0.3550329146824648 0.5 0.3012440593993075
    vertex -0.338199027823775 0.5 0.250851917697414
  endloop
endfacet
facet normal -0 1 0
  outer loop
    vertex -0.3699596238605072 0.5 0.2251780202869854
    vertex -0.338199027823775 0.5 0.250851917697414
    vertex -0.3213651409650852 0.5 0.2004597759955205
  endloop
endfacet
facet normal 0 1 0
  outer loop
    vertex -0.2219769278274786 0.5 0.2125958126620351
    vertex -0.1944775620142066 0.5 0.1834450263755316
    vertex -0.2229961432812422 0.5 0.1559637080881549
  endloop
endfacet
facet normal 0 1 0
  outer loop
    vertex -0.1944775620142066 0.5 0.1834450263755316
    vertex -0.1954967774679701 0.5 0.1268129218016514
    vertex -0.2229961432812422 0.5 0.1559637080881549
  endloop
endfacet
facet normal 0 1 0
  outer loop
    vertex -0.1944775620142066 0.5 0.1834450263755316
    vertex -0.1669781962009345 0.5 0.1542942400890281
    vertex -0.1954967774679701 0.5 0.1268129218016514
  endloop
endfacet
facet normal 0 1 0
  outer loop
    vertex -0.2229961432812422 0.5 0.1559637080881549
    vertex -0.1954967774679701 0.5 0.1268129218016514
    vertex -0.2240153587350057 0.5 0.09933160351427468
  endloop
endfacet
facet normal 0 1 0
  outer loop
    vertex -0.3375553441670835 0.5 0.3990618583894386
    vertex -0.3831093500017784 0.5 0.4140995985445373
    vertex -0.3632221165279862 0.5 0.4495309291947193
  endloop
endfacet
facet normal 0 1 -0
  outer loop
    vertex -0.3831093500017784 0.5 0.4140995985445373
    vertex -0.4087761223626811 0.5 0.4645686693498179
    vertex -0.3632221165279862 0.5 0.4495309291947193
  endloop
endfacet
facet normal 0 1 0
  outer loop
    vertex -0.3831093500017784 0.5 0.4140995985445373
    vertex -0.4286633558364732 0.5 0.4291373386996359
    vertex -0.4087761223626811 0.5 0.4645686693498179
  endloop
endfacet
facet normal 0 1 0
  outer loop
    vertex -0.3632221165279862 0.5 0.4495309291947193
    vertex -0.4087761223626811 0.5 0.4645686693498179
    vertex -0.3888888888888889 0.5 0.5
  endloop
endfacet
facet normal 0 1 0
  outer loop
    vertex 0.3888888888888892 0.5 0.5
    vertex 0.4087739220070041 0.5 0.464569401052542
    vertex 0.3632221165279865 0.5 0.4495309291947194
  endloop
endfacet
facet normal 0 1 0
  outer loop
    vertex 0.4087739220070041 0.5 0.464569401052542
    vertex 0.3831071496461015 0.5 0.4141003302472615
    vertex 0.3632221165279865 0.5 0.4495309291947194
  endloop
endfacet
facet normal 0 1 0
  outer loop
    vertex 0.4087739220070041 0.5 0.464569401052542
    vertex 0.4286589551251192 0.5 0.429138802105084
    vertex 0.3831071496461015 0.5 0.4141003302472615
  endloop
endfacet
facet normal 0 1 0
  outer loop
    vertex 0.3632221165279865 0.5 0.4495309291947194
    vertex 0.3831071496461015 0.5 0.4141003302472615
    vertex 0.3375553441670838 0.5 0.3990618583894388
  endloop
endfacet
facet normal 0 1 0
  outer loop
    vertex 0.3428068455742252 0.5 0.08668464565089537
    vertex 0.384235954112375 0.5 0.07877531271095872
    vertex 0.3658478672315573 0.5 0.04334232282544768
  endloop
endfacet
facet normal 0 1 0
  outer loop
    vertex 0.384235954112375 0.5 0.07877531271095872
    vertex 0.407276975769707 0.5 0.03543298988551104
    vertex 0.3658478672315573 0.5 0.04334232282544768
  endloop
endfacet
facet normal 0 1 0
  outer loop
    vertex 0.384235954112375 0.5 0.07877531271095872
    vertex 0.4256650626505247 0.5 0.07086597977102208
    vertex 0.407276975769707 0.5 0.03543298988551104
  endloop
endfacet
facet normal 0 1 0
  outer loop
    vertex 0.3658478672315573 0.5 0.04334232282544768
    vertex 0.407276975769707 0.5 0.03543298988551104
    vertex 0.3888888888888892 0.5 0
  endloop
endfacet
facet normal 0 1 -0
  outer loop
    vertex -0.3888888888888889 0.5 0
    vertex -0.4091687882690761 0.5 0.03363827156145234
    vertex -0.365876004489492 0.5 0.04319135780726165
  endloop
endfacet
facet normal 0 1 0
  outer loop
    vertex -0.4091687882690761 0.5 0.03363827156145234
    vertex -0.3861559038696792 0.5 0.07682962936871399
    vertex -0.365876004489492 0.5 0.04319135780726165
  endloop
endfacet
facet normal 0 1 -0
  outer loop
    vertex -0.4091687882690761 0.5 0.03363827156145234
    vertex -0.4294486876492634 0.5 0.06727654312290468
    vertex -0.3861559038696792 0.5 0.07682962936871399
  endloop
endfacet
facet normal 0 1 -0
  outer loop
    vertex -0.365876004489492 0.5 0.04319135780726165
    vertex -0.3861559038696792 0.5 0.07682962936871399
    vertex -0.342863120090095 0.5 0.08638271561452329
  endloop
endfacet
facet normal 0 1 0
  outer loop
    vertex 0.4227756557136204 0.5 0.3465720805490917
    vertex 0.3889042851980427 0.5 0.3239080699742
    vertex 0.3801654999403521 0.5 0.3728169694692652
  endloop
endfacet
facet normal 0 1 0
  outer loop
    vertex 0.3889042851980427 0.5 0.3239080699742
    vertex 0.3462941294247743 0.5 0.3501529588943735
    vertex 0.3801654999403521 0.5 0.3728169694692652
  endloop
endfacet
facet normal 0 1 0
  outer loop
    vertex 0.3889042851980427 0.5 0.3239080699742
    vertex 0.355032914682465 0.5 0.3012440593993082
    vertex 0.3462941294247743 0.5 0.3501529588943735
  endloop
endfacet
facet normal 0 1 0
  outer loop
    vertex 0.3801654999403521 0.5 0.3728169694692652
    vertex 0.3462941294247743 0.5 0.3501529588943735
    vertex 0.3375553441670838 0.5 0.3990618583894388
  endloop
endfacet
facet normal 0 1 0
  outer loop
    vertex 0.1130327508008626 0.5 0.2158808392318322
    vertex 0.08458378434643854 0.5 0.1857244521464553
    vertex 0.05631894826010952 0.5 0.2171942708311993
  endloop
endfacet
facet normal 0 1 0
  outer loop
    vertex 0.08458378434643854 0.5 0.1857244521464553
    vertex 0.02786998180568545 0.5 0.1870378837458224
    vertex 0.05631894826010952 0.5 0.2171942708311993
  endloop
endfacet
facet normal 0 1 0
  outer loop
    vertex 0.08458378434643854 0.5 0.1857244521464553
    vertex 0.05613481789201447 0.5 0.1555680650610785
    vertex 0.02786998180568545 0.5 0.1870378837458224
  endloop
endfacet
facet normal 0 1 0
  outer loop
    vertex 0.05631894826010952 0.5 0.2171942708311993
    vertex 0.02786998180568545 0.5 0.1870378837458224
    vertex -0.000394854280643564 0.5 0.2185077024305664
  endloop
endfacet
facet normal 0 1 0
  outer loop
    vertex -0.3375553441670835 0.5 0.3990618583894386
    vertex -0.3462941294247742 0.5 0.350152958894373
    vertex -0.3801809024300916 0.5 0.3728118475501964
  endloop
endfacet
facet normal 0 1 0
  outer loop
    vertex -0.3462941294247742 0.5 0.350152958894373
    vertex -0.3889196876877823 0.5 0.3239029480551309
    vertex -0.3801809024300916 0.5 0.3728118475501964
  endloop
endfacet
facet normal 0 1 0
  outer loop
    vertex -0.3462941294247742 0.5 0.350152958894373
    vertex -0.3550329146824648 0.5 0.3012440593993075
    vertex -0.3889196876877823 0.5 0.3239029480551309
  endloop
endfacet
facet normal 0 1 0
  outer loop
    vertex -0.3801809024300916 0.5 0.3728118475501964
    vertex -0.3889196876877823 0.5 0.3239029480551309
    vertex -0.4228064606930997 0.5 0.3465618367109542
  endloop
endfacet
facet normal -0 1 0
  outer loop
    vertex 0.05613481789201447 0.5 0.1555680650610785
    vertex 0.1096625132186111 0.5 0.1556222186440623
    vertex 0.08375296920586661 0.5 0.1243886547166463
  endloop
endfacet
facet normal 0 1 0
  outer loop
    vertex 0.1096625132186111 0.5 0.1556222186440623
    vertex 0.1372806645324632 0.5 0.1244428082996302
    vertex 0.08375296920586661 0.5 0.1243886547166463
  endloop
endfacet
facet normal -0 1 0
  outer loop
    vertex 0.1096625132186111 0.5 0.1556222186440623
    vertex 0.1631902085452077 0.5 0.1556763722270462
    vertex 0.1372806645324632 0.5 0.1244428082996302
  endloop
endfacet
facet normal -0 1 0
  outer loop
    vertex 0.08375296920586661 0.5 0.1243886547166463
    vertex 0.1372806645324632 0.5 0.1244428082996302
    vertex 0.1113711205197188 0.5 0.09320924437221416
  endloop
endfacet
facet normal 0 1 0
  outer loop
    vertex 0.1130327508008626 0.5 0.2158808392318322
    vertex 0.1381114796730352 0.5 0.1857786057294392
    vertex 0.08458378434643854 0.5 0.1857244521464553
  endloop
endfacet
facet normal 0 1 0
  outer loop
    vertex 0.1381114796730352 0.5 0.1857786057294392
    vertex 0.1096625132186111 0.5 0.1556222186440623
    vertex 0.08458378434643854 0.5 0.1857244521464553
  endloop
endfacet
facet normal 0 1 0
  outer loop
    vertex 0.1381114796730352 0.5 0.1857786057294392
    vertex 0.1631902085452077 0.5 0.1556763722270462
    vertex 0.1096625132186111 0.5 0.1556222186440623
  endloop
endfacet
facet normal 0 1 0
  outer loop
    vertex 0.08458378434643854 0.5 0.1857244521464553
    vertex 0.1096625132186111 0.5 0.1556222186440623
    vertex 0.05613481789201447 0.5 0.1555680650610785
  endloop
endfacet
facet normal 0 1 -0
  outer loop
    vertex 1.110223024625157e-16 0.5 0.09622504486493762
    vertex -0.02827124590438279 0.5 0.1251063737085827
    vertex 0.02806740894600734 0.5 0.125896554963008
  endloop
endfacet
facet normal 0 1 0
  outer loop
    vertex -0.02827124590438279 0.5 0.1251063737085827
    vertex -0.0002038369583755584 0.5 0.1547778838066532
    vertex 0.02806740894600734 0.5 0.125896554963008
  endloop
endfacet
facet normal 0 1 -0
  outer loop
    vertex -0.02827124590438279 0.5 0.1251063737085827
    vertex -0.05654249180876564 0.5 0.1539877025522279
    vertex -0.0002038369583755584 0.5 0.1547778838066532
  endloop
endfacet
facet normal 0 1 -0
  outer loop
    vertex 0.02806740894600734 0.5 0.125896554963008
    vertex -0.0002038369583755584 0.5 0.1547778838066532
    vertex 0.05613481789201447 0.5 0.1555680650610785
  endloop
endfacet
facet normal 0 1 0
  outer loop
    vertex 0.05613481789201447 0.5 0.1555680650610785
    vertex -0.0002038369583755584 0.5 0.1547778838066532
    vertex 0.02786998180568545 0.5 0.1870378837458224
  endloop
endfacet
facet normal 0 1 -0
  outer loop
    vertex -0.0002038369583755584 0.5 0.1547778838066532
    vertex -0.02846867304470457 0.5 0.1862477024913972
    vertex 0.02786998180568545 0.5 0.1870378837458224
  endloop
endfacet
facet normal 0 1 0
  outer loop
    vertex -0.0002038369583755584 0.5 0.1547778838066532
    vertex -0.05654249180876564 0.5 0.1539877025522279
    vertex -0.02846867304470457 0.5 0.1862477024913972
  endloop
endfacet
facet normal 0 1 0
  outer loop
    vertex 0.02786998180568545 0.5 0.1870378837458224
    vertex -0.02846867304470457 0.5 0.1862477024913972
    vertex -0.000394854280643564 0.5 0.2185077024305664
  endloop
endfacet
facet normal 0 1 0
  outer loop
    vertex 0.1113711205197188 0.5 0.09320924437221416
    vertex 0.1372806645324632 0.5 0.1244428082996302
    vertex 0.1680945736616792 0.5 0.09697441613111335
  endloop
endfacet
facet normal -0 1 0
  outer loop
    vertex 0.1372806645324632 0.5 0.1244428082996302
    vertex 0.1940041176744237 0.5 0.1282079800585293
    vertex 0.1680945736616792 0.5 0.09697441613111335
  endloop
endfacet
facet normal 0 1 0
  outer loop
    vertex 0.1372806645324632 0.5 0.1244428082996302
    vertex 0.1631902085452077 0.5 0.1556763722270462
    vertex 0.1940041176744237 0.5 0.1282079800585293
  endloop
endfacet
facet normal 0 1 0
  outer loop
    vertex 0.1680945736616792 0.5 0.09697441613111335
    vertex 0.1940041176744237 0.5 0.1282079800585293
    vertex 0.2248180268036397 0.5 0.1007395878900126
  endloop
endfacet
facet normal 0 1 0
  outer loop
    vertex -0.1117333790234846 0.5 0.09586577831822068
    vertex -0.08413793541612513 0.5 0.1249267404352243
    vertex -0.05586668951174223 0.5 0.09604541159157914
  endloop
endfacet
facet normal -0 1 0
  outer loop
    vertex -0.08413793541612513 0.5 0.1249267404352243
    vertex -0.02827124590438279 0.5 0.1251063737085827
    vertex -0.05586668951174223 0.5 0.09604541159157914
  endloop
endfacet
facet normal 0 1 0
  outer loop
    vertex -0.08413793541612513 0.5 0.1249267404352243
    vertex -0.05654249180876564 0.5 0.1539877025522279
    vertex -0.02827124590438279 0.5 0.1251063737085827
  endloop
endfacet
facet normal 0 1 0
  outer loop
    vertex -0.05586668951174223 0.5 0.09604541159157914
    vertex -0.02827124590438279 0.5 0.1251063737085827
    vertex 1.110223024625157e-16 0.5 0.09622504486493762
  endloop
endfacet
facet normal -0 1 0
  outer loop
    vertex -0.2240153587350057 0.5 0.09933160351427468
    vertex -0.1954967774679701 0.5 0.1268129218016514
    vertex -0.1678743688792452 0.5 0.09759869091624768
  endloop
endfacet
facet normal 0 1 0
  outer loop
    vertex -0.1954967774679701 0.5 0.1268129218016514
    vertex -0.1393557876122096 0.5 0.1250800092036244
    vertex -0.1678743688792452 0.5 0.09759869091624768
  endloop
endfacet
facet normal -0 1 0
  outer loop
    vertex -0.1954967774679701 0.5 0.1268129218016514
    vertex -0.1669781962009345 0.5 0.1542942400890281
    vertex -0.1393557876122096 0.5 0.1250800092036244
  endloop
endfacet
facet normal -0 1 0
  outer loop
    vertex -0.1678743688792452 0.5 0.09759869091624768
    vertex -0.1393557876122096 0.5 0.1250800092036244
    vertex -0.1117333790234846 0.5 0.09586577831822068
  endloop
endfacet
facet normal 0 1 0
  outer loop
    vertex -0.1116002590293108 0.5 0.2122357443811151
    vertex -0.1392892276151226 0.5 0.1832649922350716
    vertex -0.1667885934283947 0.5 0.2124157785215751
  endloop
endfacet
facet normal 0 1 0
  outer loop
    vertex -0.1392892276151226 0.5 0.1832649922350716
    vertex -0.1944775620142066 0.5 0.1834450263755316
    vertex -0.1667885934283947 0.5 0.2124157785215751
  endloop
endfacet
facet normal 0 1 0
  outer loop
    vertex -0.1392892276151226 0.5 0.1832649922350716
    vertex -0.1669781962009345 0.5 0.1542942400890281
    vertex -0.1944775620142066 0.5 0.1834450263755316
  endloop
endfacet
facet normal 0 1 0
  outer loop
    vertex -0.1667885934283947 0.5 0.2124157785215751
    vertex -0.1944775620142066 0.5 0.1834450263755316
    vertex -0.2219769278274786 0.5 0.2125958126620351
  endloop
endfacet
facet normal -0 1 0
  outer loop
    vertex 1.110223024625157e-16 0.5 0.09622504486493762
    vertex 0.02806740894600734 0.5 0.125896554963008
    vertex 0.05568556025985938 0.5 0.09471714461857589
  endloop
endfacet
facet normal 0 1 0
  outer loop
    vertex 0.02806740894600734 0.5 0.125896554963008
    vertex 0.08375296920586661 0.5 0.1243886547166463
    vertex 0.05568556025985938 0.5 0.09471714461857589
  endloop
endfacet
facet normal -0 1 0
  outer loop
    vertex 0.02806740894600734 0.5 0.125896554963008
    vertex 0.05613481789201447 0.5 0.1555680650610785
    vertex 0.08375296920586661 0.5 0.1243886547166463
  endloop
endfacet
facet normal -0 1 0
  outer loop
    vertex 0.05568556025985938 0.5 0.09471714461857589
    vertex 0.08375296920586661 0.5 0.1243886547166463
    vertex 0.1113711205197188 0.5 0.09320924437221416
  endloop
endfacet
facet normal 0 1 0
  outer loop
    vertex -0.1669781962009345 0.5 0.1542942400890281
    vertex -0.1117603440048501 0.5 0.154140971320628
    vertex -0.1393557876122096 0.5 0.1250800092036244
  endloop
endfacet
facet normal 0 1 0
  outer loop
    vertex -0.1117603440048501 0.5 0.154140971320628
    vertex -0.08413793541612513 0.5 0.1249267404352243
    vertex -0.1393557876122096 0.5 0.1250800092036244
  endloop
endfacet
facet normal 0 1 0
  outer loop
    vertex -0.1117603440048501 0.5 0.154140971320628
    vertex -0.05654249180876564 0.5 0.1539877025522279
    vertex -0.08413793541612513 0.5 0.1249267404352243
  endloop
endfacet
facet normal 0 1 0
  outer loop
    vertex -0.1393557876122096 0.5 0.1250800092036244
    vertex -0.08413793541612513 0.5 0.1249267404352243
    vertex -0.1117333790234846 0.5 0.09586577831822068
  endloop
endfacet
facet normal 0 1 0
  outer loop
    vertex -0.1116002590293108 0.5 0.2122357443811151
    vertex -0.0840713754190382 0.5 0.1831117234666715
    vertex -0.1392892276151226 0.5 0.1832649922350716
  endloop
endfacet
facet normal 0 1 0
  outer loop
    vertex -0.0840713754190382 0.5 0.1831117234666715
    vertex -0.1117603440048501 0.5 0.154140971320628
    vertex -0.1392892276151226 0.5 0.1832649922350716
  endloop
endfacet
facet normal 0 1 0
  outer loop
    vertex -0.0840713754190382 0.5 0.1831117234666715
    vertex -0.05654249180876564 0.5 0.1539877025522279
    vertex -0.1117603440048501 0.5 0.154140971320628
  endloop
endfacet
facet normal 0 1 0
  outer loop
    vertex -0.1392892276151226 0.5 0.1832649922350716
    vertex -0.1117603440048501 0.5 0.154140971320628
    vertex -0.1669781962009345 0.5 0.1542942400890281
  endloop
endfacet
facet normal 0 1 0
  outer loop
    vertex 0.4150687950126897 0.5 0.15
    vertex 0.4203669288316072 0.5 0.1104329898855111
    vertex 0.3789378202934575 0.5 0.1183423228254477
  endloop
endfacet
facet normal 0 1 0
  outer loop
    vertex 0.4203669288316072 0.5 0.1104329898855111
    vertex 0.384235954112375 0.5 0.07877531271095872
    vertex 0.3789378202934575 0.5 0.1183423228254477
  endloop
endfacet
facet normal 0 1 0
  outer loop
    vertex 0.4203669288316072 0.5 0.1104329898855111
    vertex 0.4256650626505247 0.5 0.07086597977102208
    vertex 0.384235954112375 0.5 0.07877531271095872
  endloop
endfacet
facet normal 0 1 0
  outer loop
    vertex 0.3789378202934575 0.5 0.1183423228254477
    vertex 0.384235954112375 0.5 0.07877531271095872
    vertex 0.3428068455742252 0.5 0.08668464565089537
  endloop
endfacet
facet normal 0 1 0
  outer loop
    vertex 0.2231842445461579 0.5 0.2140996701380149
    vertex 0.1931872265456829 0.5 0.1848880211825305
    vertex 0.1681084976735103 0.5 0.2149902546849235
  endloop
endfacet
facet normal 0 1 0
  outer loop
    vertex 0.1931872265456829 0.5 0.1848880211825305
    vertex 0.1381114796730352 0.5 0.1857786057294392
    vertex 0.1681084976735103 0.5 0.2149902546849235
  endloop
endfacet
facet normal 0 1 0
  outer loop
    vertex 0.1931872265456829 0.5 0.1848880211825305
    vertex 0.1631902085452077 0.5 0.1556763722270462
    vertex 0.1381114796730352 0.5 0.1857786057294392
  endloop
endfacet
facet normal 0 1 0
  outer loop
    vertex 0.1681084976735103 0.5 0.2149902546849235
    vertex 0.1381114796730352 0.5 0.1857786057294392
    vertex 0.1130327508008626 0.5 0.2158808392318322
  endloop
endfacet
facet normal 0 1 -0
  outer loop
    vertex -0.4228064606930997 0.5 0.3465618367109542
    vertex -0.4257349082647864 0.5 0.387849587705295
    vertex -0.3801809024300916 0.5 0.3728118475501964
  endloop
endfacet
facet normal -0 1 0
  outer loop
    vertex -0.4257349082647864 0.5 0.387849587705295
    vertex -0.3831093500017784 0.5 0.4140995985445373
    vertex -0.3801809024300916 0.5 0.3728118475501964
  endloop
endfacet
facet normal 0 1 -0
  outer loop
    vertex -0.4257349082647864 0.5 0.387849587705295
    vertex -0.4286633558364732 0.5 0.4291373386996359
    vertex -0.3831093500017784 0.5 0.4140995985445373
  endloop
endfacet
facet normal 0 1 -0
  outer loop
    vertex -0.3801809024300916 0.5 0.3728118475501964
    vertex -0.3831093500017784 0.5 0.4140995985445373
    vertex -0.3375553441670835 0.5 0.3990618583894386
  endloop
endfacet
facet normal -0 1 0
  outer loop
    vertex 0.3375553441670838 0.5 0.3990618583894388
    vertex 0.3831071496461015 0.5 0.4141003302472615
    vertex 0.3801654999403521 0.5 0.3728169694692652
  endloop
endfacet
facet normal 0 1 0
  outer loop
    vertex 0.3831071496461015 0.5 0.4141003302472615
    vertex 0.4257173054193698 0.5 0.3878554413270879
    vertex 0.3801654999403521 0.5 0.3728169694692652
  endloop
endfacet
facet normal -0 1 0
  outer loop
    vertex 0.3831071496461015 0.5 0.4141003302472615
    vertex 0.4286589551251192 0.5 0.429138802105084
    vertex 0.4257173054193698 0.5 0.3878554413270879
  endloop
endfacet
facet normal -0 1 0
  outer loop
    vertex 0.3801654999403521 0.5 0.3728169694692652
    vertex 0.4257173054193698 0.5 0.3878554413270879
    vertex 0.4227756557136204 0.5 0.3465720805490917
  endloop
endfacet
facet normal 0 1 0
  outer loop
    vertex -0.000394854280643564 0.5 0.2185077024305664
    vertex -0.02846867304470457 0.5 0.1862477024913972
    vertex -0.05599755665497719 0.5 0.2153717234058408
  endloop
endfacet
facet normal 0 1 0
  outer loop
    vertex -0.02846867304470457 0.5 0.1862477024913972
    vertex -0.0840713754190382 0.5 0.1831117234666715
    vertex -0.05599755665497719 0.5 0.2153717234058408
  endloop
endfacet
facet normal 0 1 0
  outer loop
    vertex -0.02846867304470457 0.5 0.1862477024913972
    vertex -0.05654249180876564 0.5 0.1539877025522279
    vertex -0.0840713754190382 0.5 0.1831117234666715
  endloop
endfacet
facet normal 0 1 0
  outer loop
    vertex -0.05599755665497719 0.5 0.2153717234058408
    vertex -0.0840713754190382 0.5 0.1831117234666715
    vertex -0.1116002590293108 0.5 0.2122357443811151
  endloop
endfacet
facet normal 0 1 0
  outer loop
    vertex -0.342863120090095 0.5 0.08638271561452329
    vertex -0.3861559038696792 0.5 0.07682962936871399
    vertex -0.3791772746787139 0.5 0.1181913578072617
  endloop
endfacet
facet normal 0 1 -0
  outer loop
    vertex -0.3861559038696792 0.5 0.07682962936871399
    vertex -0.422470058458298 0.5 0.1086382715614524
    vertex -0.3791772746787139 0.5 0.1181913578072617
  endloop
endfacet
facet normal 0 1 0
  outer loop
    vertex -0.3861559038696792 0.5 0.07682962936871399
    vertex -0.4294486876492634 0.5 0.06727654312290468
    vertex -0.422470058458298 0.5 0.1086382715614524
  endloop
endfacet
facet normal 0 1 0
  outer loop
    vertex -0.3791772746787139 0.5 0.1181913578072617
    vertex -0.422470058458298 0.5 0.1086382715614524
    vertex -0.4154914292673327 0.5 0.1500000000000001
  endloop
endfacet
facet normal 0 1 0
  outer loop
    vertex 0.5 0.5 0.1
    vertex 0.4628325313252624 0.5 0.08543298988551104
    vertex 0.4575343975063448 0.5 0.125
  endloop
endfacet
facet normal 0 1 0
  outer loop
    vertex 0.4628325313252624 0.5 0.08543298988551104
    vertex 0.4203669288316072 0.5 0.1104329898855111
    vertex 0.4575343975063448 0.5 0.125
  endloop
endfacet
facet normal 0 1 0
  outer loop
    vertex 0.4628325313252624 0.5 0.08543298988551104
    vertex 0.4256650626505247 0.5 0.07086597977102208
    vertex 0.4203669288316072 0.5 0.1104329898855111
  endloop
endfacet
facet normal 0 1 0
  outer loop
    vertex 0.4575343975063448 0.5 0.125
    vertex 0.4203669288316072 0.5 0.1104329898855111
    vertex 0.4150687950126897 0.5 0.15
  endloop
endfacet
facet normal -0 1 0
  outer loop
    vertex -0.5 0.5 0.4000000000000001
    vertex -0.4643316779182366 0.5 0.414568669349818
    vertex -0.4614032303465498 0.5 0.3732809183554772
  endloop
endfacet
facet normal 0 1 0
  outer loop
    vertex -0.4643316779182366 0.5 0.414568669349818
    vertex -0.4257349082647864 0.5 0.387849587705295
    vertex -0.4614032303465498 0.5 0.3732809183554772
  endloop
endfacet
facet normal -0 1 0
  outer loop
    vertex -0.4643316779182366 0.5 0.414568669349818
    vertex -0.4286633558364732 0.5 0.4291373386996359
    vertex -0.4257349082647864 0.5 0.387849587705295
  endloop
endfacet
facet normal -0 1 0
  outer loop
    vertex -0.4614032303465498 0.5 0.3732809183554772
    vertex -0.4257349082647864 0.5 0.387849587705295
    vertex -0.4228064606930997 0.5 0.3465618367109542
  endloop
endfacet
facet normal 0 1 0
  outer loop
    vertex 0.4227756557136204 0.5 0.3465720805490917
    vertex 0.4257173054193698 0.5 0.3878554413270879
    vertex 0.4613878278568102 0.5 0.3732860402745459
  endloop
endfacet
facet normal -0 1 0
  outer loop
    vertex 0.4257173054193698 0.5 0.3878554413270879
    vertex 0.4643294775625596 0.5 0.4145694010525421
    vertex 0.4613878278568102 0.5 0.3732860402745459
  endloop
endfacet
facet normal 0 1 0
  outer loop
    vertex 0.4257173054193698 0.5 0.3878554413270879
    vertex 0.4286589551251192 0.5 0.429138802105084
    vertex 0.4643294775625596 0.5 0.4145694010525421
  endloop
endfacet
facet normal 0 1 0
  outer loop
    vertex 0.4613878278568102 0.5 0.3732860402745459
    vertex 0.4643294775625596 0.5 0.4145694010525421
    vertex 0.5 0.5 0.4000000000000001
  endloop
endfacet
facet normal 0 1 0
  outer loop
    vertex -0.4154914292673327 0.5 0.1500000000000001
    vertex -0.422470058458298 0.5 0.1086382715614524
    vertex -0.4577457146336664 0.5 0.1250000000000001
  endloop
endfacet
facet normal 0 1 0
  outer loop
    vertex -0.422470058458298 0.5 0.1086382715614524
    vertex -0.4647243438246317 0.5 0.08363827156145234
    vertex -0.4577457146336664 0.5 0.1250000000000001
  endloop
endfacet
facet normal 0 1 0
  outer loop
    vertex -0.422470058458298 0.5 0.1086382715614524
    vertex -0.4294486876492634 0.5 0.06727654312290468
    vertex -0.4647243438246317 0.5 0.08363827156145234
  endloop
endfacet
facet normal 0 1 0
  outer loop
    vertex -0.4577457146336664 0.5 0.1250000000000001
    vertex -0.4647243438246317 0.5 0.08363827156145234
    vertex -0.5 0.5 0.1
  endloop
endfacet
facet normal 0 1 -0
  outer loop
    vertex 0.418369276879053 0.5 0.2499577276072743
    vertex 0.3867010957807591 0.5 0.2756008935032913
    vertex 0.4205724662963367 0.5 0.298264904078183
  endloop
endfacet
facet normal 0 1 0
  outer loop
    vertex 0.3867010957807591 0.5 0.2756008935032913
    vertex 0.3889042851980427 0.5 0.3239080699742
    vertex 0.4205724662963367 0.5 0.298264904078183
  endloop
endfacet
facet normal 0 1 -0
  outer loop
    vertex 0.3867010957807591 0.5 0.2756008935032913
    vertex 0.355032914682465 0.5 0.3012440593993082
    vertex 0.3889042851980427 0.5 0.3239080699742
  endloop
endfacet
facet normal 0 1 -0
  outer loop
    vertex 0.4205724662963367 0.5 0.298264904078183
    vertex 0.3889042851980427 0.5 0.3239080699742
    vertex 0.4227756557136204 0.5 0.3465720805490917
  endloop
endfacet
facet normal 0 1 0
  outer loop
    vertex -0.4228064606930997 0.5 0.3465618367109542
    vertex -0.3889196876877823 0.5 0.3239029480551309
    vertex -0.4206802837245144 0.5 0.2982290506447022
  endloop
endfacet
facet normal 0 1 0
  outer loop
    vertex -0.3889196876877823 0.5 0.3239029480551309
    vertex -0.386793510719197 0.5 0.2755701619888789
    vertex -0.4206802837245144 0.5 0.2982290506447022
  endloop
endfacet
facet normal 0 1 0
  outer loop
    vertex -0.3889196876877823 0.5 0.3239029480551309
    vertex -0.3550329146824648 0.5 0.3012440593993075
    vertex -0.386793510719197 0.5 0.2755701619888789
  endloop
endfacet
facet normal 0 1 0
  outer loop
    vertex -0.4206802837245144 0.5 0.2982290506447022
    vertex -0.386793510719197 0.5 0.2755701619888789
    vertex -0.4185541067559292 0.5 0.2498962645784503
  endloop
endfacet
facet normal 0 -0 -1
  outer loop
    vertex -0.2248635614288356 0.3992961362010271 0
    vertex -0.2239036107579885 0.3426692846644418 0
    vertex -0.2732809969314784 0.3491887073664953 0
  endloop
endfacet
facet normal -0 0 -1
  outer loop
    vertex -0.2239036107579885 0.3426692846644418 0
    vertex -0.2723210462606314 0.2925618558299101 0
    vertex -0.2732809969314784 0.3491887073664953 0
  endloop
endfacet
facet normal 0 -0 -1
  outer loop
    vertex -0.2239036107579885 0.3426692846644418 0
    vertex -0.2229436600871414 0.2860424331278566 0
    vertex -0.2723210462606314 0.2925618558299101 0
  endloop
endfacet
facet normal 0 -0 -1
  outer loop
    vertex -0.2732809969314784 0.3491887073664953 0
    vertex -0.2723210462606314 0.2925618558299101 0
    vertex -0.3216984324341212 0.2990812785319636 0
  endloop
endfacet
facet normal 0 0 -1
  outer loop
    vertex 0.2219769278274786 0.2874041873379652 0
    vertex 0.2229643665303082 0.3440362394910716 0
    vertex 0.2715861166808532 0.2934586094167458 0
  endloop
endfacet
facet normal 0 0 -1
  outer loop
    vertex 0.2229643665303082 0.3440362394910716 0
    vertex 0.2725735553836828 0.3500906615698522 0
    vertex 0.2715861166808532 0.2934586094167458 0
  endloop
endfacet
facet normal 0 0 -1
  outer loop
    vertex 0.2229643665303082 0.3440362394910716 0
    vertex 0.2239518052331377 0.400668291644178 0
    vertex 0.2725735553836828 0.3500906615698522 0
  endloop
endfacet
facet normal 0 0 -1
  outer loop
    vertex 0.2715861166808532 0.2934586094167458 0
    vertex 0.2725735553836828 0.3500906615698522 0
    vertex 0.3211953055342278 0.2995130314955265 0
  endloop
endfacet
facet normal 0 0 -1
  outer loop
    vertex -0.3430044872057335 0.4133885743380271 0
    vertex -0.2839340243172845 0.4063423552695271 0
    vertex -0.3323514598199274 0.3562349264349953 0
  endloop
endfacet
facet normal 0 -0 -1
  outer loop
    vertex -0.2839340243172845 0.4063423552695271 0
    vertex -0.2732809969314784 0.3491887073664953 0
    vertex -0.3323514598199274 0.3562349264349953 0
  endloop
endfacet
facet normal 0 0 -1
  outer loop
    vertex -0.2839340243172845 0.4063423552695271 0
    vertex -0.2248635614288356 0.3992961362010271 0
    vertex -0.2732809969314784 0.3491887073664953 0
  endloop
endfacet
facet normal 0 0 -1
  outer loop
    vertex -0.3323514598199274 0.3562349264349953 0
    vertex -0.2732809969314784 0.3491887073664953 0
    vertex -0.3216984324341212 0.2990812785319636 0
  endloop
endfacet
facet normal 0 0 -1
  outer loop
    vertex 0.2239518052331377 0.400668291644178 0
    vertex 0.2832737721886017 0.4071097039837579 0
    vertex 0.2725735553836828 0.3500906615698522 0
  endloop
endfacet
facet normal 0 -0 -1
  outer loop
    vertex 0.2832737721886017 0.4071097039837579 0
    vertex 0.3318955223391468 0.3565320739094322 0
    vertex 0.2725735553836828 0.3500906615698522 0
  endloop
endfacet
facet normal 0 0 -1
  outer loop
    vertex 0.2832737721886017 0.4071097039837579 0
    vertex 0.3425957391440657 0.4135511163233379 0
    vertex 0.3318955223391468 0.3565320739094322 0
  endloop
endfacet
facet normal 0 0 -1
  outer loop
    vertex 0.2725735553836828 0.3500906615698522 0
    vertex 0.3318955223391468 0.3565320739094322 0
    vertex 0.3211953055342278 0.2995130314955265 0
  endloop
endfacet
facet normal 0 0 -1
  outer loop
    vertex 0.2714384161291148 0.1961682967845852 0
    vertex 0.2467076719782967 0.2417862420612752 0
    vertex 0.2963168608316713 0.2478406641400559 0
  endloop
endfacet
facet normal 0 0 -1
  outer loop
    vertex 0.2467076719782967 0.2417862420612752 0
    vertex 0.2715861166808532 0.2934586094167458 0
    vertex 0.2963168608316713 0.2478406641400559 0
  endloop
endfacet
facet normal 0 0 -1
  outer loop
    vertex 0.2467076719782967 0.2417862420612752 0
    vertex 0.2219769278274786 0.2874041873379652 0
    vertex 0.2715861166808532 0.2934586094167458 0
  endloop
endfacet
facet normal 0 0 -1
  outer loop
    vertex 0.2963168608316713 0.2478406641400559 0
    vertex 0.2715861166808532 0.2934586094167458 0
    vertex 0.3211953055342278 0.2995130314955265 0
  endloop
endfacet
facet normal -0 0 -1
  outer loop
    vertex -0.2229436600871414 0.2860424331278566 0
    vertex -0.247452464640594 0.2410118879315013 0
    vertex -0.2723210462606314 0.2925618558299101 0
  endloop
endfacet
facet normal 0 0 -1
  outer loop
    vertex -0.247452464640594 0.2410118879315013 0
    vertex -0.2968298508140839 0.2475313106335548 0
    vertex -0.2723210462606314 0.2925618558299101 0
  endloop
endfacet
facet normal -0 0 -1
  outer loop
    vertex -0.247452464640594 0.2410118879315013 0
    vertex -0.2719612691940466 0.1959813427351459 0
    vertex -0.2968298508140839 0.2475313106335548 0
  endloop
endfacet
facet normal -0 0 -1
  outer loop
    vertex -0.2723210462606314 0.2925618558299101 0
    vertex -0.2968298508140839 0.2475313106335548 0
    vertex -0.3216984324341212 0.2990812785319636 0
  endloop
endfacet
facet normal 0 0 -1
  outer loop
    vertex 0.1669059597626937 0.1918007337262437 0
    vertex 0.1944414437950861 0.2396024605321045 0
    vertex 0.2191721879459043 0.1939845152554145 0
  endloop
endfacet
facet normal 0 0 -1
  outer loop
    vertex 0.1944414437950861 0.2396024605321045 0
    vertex 0.2467076719782967 0.2417862420612752 0
    vertex 0.2191721879459043 0.1939845152554145 0
  endloop
endfacet
facet normal 0 0 -1
  outer loop
    vertex 0.1944414437950861 0.2396024605321045 0
    vertex 0.2219769278274786 0.2874041873379652 0
    vertex 0.2467076719782967 0.2417862420612752 0
  endloop
endfacet
facet normal 0 0 -1
  outer loop
    vertex 0.2191721879459043 0.1939845152554145 0
    vertex 0.2467076719782967 0.2417862420612752 0
    vertex 0.2714384161291148 0.1961682967845852 0
  endloop
endfacet
facet normal 0 0 -1
  outer loop
    vertex -0.1128111031597383 0.2834826729785259 0
    vertex -0.05607603175202669 0.2834218221842745 0
    vertex -0.08406390763431432 0.2374813722991667 0
  endloop
endfacet
facet normal 0 -0 -1
  outer loop
    vertex -0.05607603175202669 0.2834218221842745 0
    vertex -0.0273288362266027 0.2374205215049153 0
    vertex -0.08406390763431432 0.2374813722991667 0
  endloop
endfacet
facet normal 0 0 -1
  outer loop
    vertex -0.05607603175202669 0.2834218221842745 0
    vertex 0.0006590396556849232 0.283360971390023 0
    vertex -0.0273288362266027 0.2374205215049153 0
  endloop
endfacet
facet normal 0 0 -1
  outer loop
    vertex -0.08406390763431432 0.2374813722991667 0
    vertex -0.0273288362266027 0.2374205215049153 0
    vertex -0.05531671210889033 0.1914800716198076 0
  endloop
endfacet
facet normal 0 0 -1
  outer loop
    vertex -0.2231118919625232 0.09668205956343326 0
    vertex -0.2804058282437761 0.09881064239178727 0
    vertex -0.2475365805782849 0.1463317011492896 0
  endloop
endfacet
facet normal 0 0 -1
  outer loop
    vertex -0.2804058282437761 0.09881064239178727 0
    vertex -0.3048305168595378 0.1484602839776436 0
    vertex -0.2475365805782849 0.1463317011492896 0
  endloop
endfacet
facet normal 0 0 -1
  outer loop
    vertex -0.2804058282437761 0.09881064239178727 0
    vertex -0.3376997645250289 0.1009392252201413 0
    vertex -0.3048305168595378 0.1484602839776436 0
  endloop
endfacet
facet normal 0 0 -1
  outer loop
    vertex -0.2475365805782849 0.1463317011492896 0
    vertex -0.3048305168595378 0.1484602839776436 0
    vertex -0.2719612691940466 0.1959813427351459 0
  endloop
endfacet
facet normal 0 -0 -1
  outer loop
    vertex -0.2777777777777777 0.5 0
    vertex -0.2513206696033067 0.4496480681005135 0
    vertex -0.3103911324917556 0.4566942871690135 0
  endloop
endfacet
facet normal -0 0 -1
  outer loop
    vertex -0.2513206696033067 0.4496480681005135 0
    vertex -0.2839340243172845 0.4063423552695271 0
    vertex -0.3103911324917556 0.4566942871690135 0
  endloop
endfacet
facet normal 0 -0 -1
  outer loop
    vertex -0.2513206696033067 0.4496480681005135 0
    vertex -0.2248635614288356 0.3992961362010271 0
    vertex -0.2839340243172845 0.4063423552695271 0
  endloop
endfacet
facet normal 0 -0 -1
  outer loop
    vertex -0.3103911324917556 0.4566942871690135 0
    vertex -0.2839340243172845 0.4063423552695271 0
    vertex -0.3430044872057335 0.4133885743380271 0
  endloop
endfacet
facet normal 0 0 -1
  outer loop
    vertex 0.3375553441670837 0.1009381416105613 0
    vertex 0.3076665609724309 0.05046907080528065 0
    vertex 0.2802462946003386 0.09877226648786958 0
  endloop
endfacet
facet normal -0 0 -1
  outer loop
    vertex 0.3076665609724309 0.05046907080528065 0
    vertex 0.2503575114056857 0.04830319568258892 0
    vertex 0.2802462946003386 0.09877226648786958 0
  endloop
endfacet
facet normal 0 0 -1
  outer loop
    vertex 0.3076665609724309 0.05046907080528065 0
    vertex 0.2777777777777781 0 0
    vertex 0.2503575114056857 0.04830319568258892 0
  endloop
endfacet
facet normal 0 0 -1
  outer loop
    vertex 0.2802462946003386 0.09877226648786958 0
    vertex 0.2503575114056857 0.04830319568258892 0
    vertex 0.2229372450335935 0.09660639136517785 0
  endloop
endfacet
facet normal -0 0 -1
  outer loop
    vertex 0.3375553441670837 0.1009381416105613 0
    vertex 0.2802462946003386 0.09877226648786958 0
    vertex 0.3044968801480992 0.1485532191975733 0
  endloop
endfacet
facet normal 0 0 -1
  outer loop
    vertex 0.2802462946003386 0.09877226648786958 0
    vertex 0.2471878305813542 0.1463873440748815 0
    vertex 0.3044968801480992 0.1485532191975733 0
  endloop
endfacet
facet normal -0 0 -1
  outer loop
    vertex 0.2802462946003386 0.09877226648786958 0
    vertex 0.2229372450335935 0.09660639136517785 0
    vertex 0.2471878305813542 0.1463873440748815 0
  endloop
endfacet
facet normal -0 0 -1
  outer loop
    vertex 0.3044968801480992 0.1485532191975733 0
    vertex 0.2471878305813542 0.1463873440748815 0
    vertex 0.2714384161291148 0.1961682967845852 0
  endloop
endfacet
facet normal 0 0 -1
  outer loop
    vertex -0.111111111111111 0.09622504486493764 0
    vertex -0.1393747002424515 0.143913148003493 0
    vertex -0.08321391161000069 0.1438525582423726 0
  endloop
endfacet
facet normal 0 0 -1
  outer loop
    vertex -0.1393747002424515 0.143913148003493 0
    vertex -0.1114775007413412 0.191540661380928 0
    vertex -0.08321391161000069 0.1438525582423726 0
  endloop
endfacet
facet normal 0 0 -1
  outer loop
    vertex -0.1393747002424515 0.143913148003493 0
    vertex -0.167638289373792 0.1916012511420483 0
    vertex -0.1114775007413412 0.191540661380928 0
  endloop
endfacet
facet normal 0 0 -1
  outer loop
    vertex -0.08321391161000069 0.1438525582423726 0
    vertex -0.1114775007413412 0.191540661380928 0
    vertex -0.05531671210889033 0.1914800716198076 0
  endloop
endfacet
facet normal -0 0 -1
  outer loop
    vertex -0.167638289373792 0.1916012511420483 0
    vertex -0.1953750906681576 0.1441416553527408 0
    vertex -0.2197997792839194 0.1937912969385971 0
  endloop
endfacet
facet normal 0 0 -1
  outer loop
    vertex -0.1953750906681576 0.1441416553527408 0
    vertex -0.2475365805782849 0.1463317011492896 0
    vertex -0.2197997792839194 0.1937912969385971 0
  endloop
endfacet
facet normal -0 0 -1
  outer loop
    vertex -0.1953750906681576 0.1441416553527408 0
    vertex -0.2231118919625232 0.09668205956343326 0
    vertex -0.2475365805782849 0.1463317011492896 0
  endloop
endfacet
facet normal -0 0 -1
  outer loop
    vertex -0.2197997792839194 0.1937912969385971 0
    vertex -0.2475365805782849 0.1463317011492896 0
    vertex -0.2719612691940466 0.1959813427351459 0
  endloop
endfacet
facet normal 0 0 -1
  outer loop
    vertex 0.2239518052331377 0.400668291644178 0
    vertex 0.2508647915054579 0.450334145822089 0
    vertex 0.2832737721886017 0.4071097039837579 0
  endloop
endfacet
facet normal 0 0 -1
  outer loop
    vertex 0.2508647915054579 0.450334145822089 0
    vertex 0.3101867584609219 0.4567755581616689 0
    vertex 0.2832737721886017 0.4071097039837579 0
  endloop
endfacet
facet normal 0 0 -1
  outer loop
    vertex 0.2508647915054579 0.450334145822089 0
    vertex 0.2777777777777781 0.5 0
    vertex 0.3101867584609219 0.4567755581616689 0
  endloop
endfacet
facet normal 0 0 -1
  outer loop
    vertex 0.2832737721886017 0.4071097039837579 0
    vertex 0.3101867584609219 0.4567755581616689 0
    vertex 0.3425957391440657 0.4135511163233379 0
  endloop
endfacet
facet normal 0 0 -1
  outer loop
    vertex -0.2777777777777777 0 0
    vertex -0.3333333333333333 0 0
    vertex -0.3077387711514034 0.05046961261007064 0
  endloop
endfacet
facet normal 0 0 -1
  outer loop
    vertex -0.3333333333333333 0 0
    vertex -0.3632943267069589 0.05046961261007064 0
    vertex -0.3077387711514034 0.05046961261007064 0
  endloop
endfacet
facet normal 0 0 -1
  outer loop
    vertex -0.3333333333333333 0 0
    vertex -0.3888888888888889 0 0
    vertex -0.3632943267069589 0.05046961261007064 0
  endloop
endfacet
facet normal 0 0 -1
  outer loop
    vertex -0.3077387711514034 0.05046961261007064 0
    vertex -0.3632943267069589 0.05046961261007064 0
    vertex -0.3376997645250289 0.1009392252201413 0
  endloop
endfacet
facet normal 0 0 -1
  outer loop
    vertex 0.3888888888888892 0 0
    vertex 0.3333333333333337 0 0
    vertex 0.3632221165279864 0.05046907080528065 0
  endloop
endfacet
facet normal 0 0 -1
  outer loop
    vertex 0.3333333333333337 0 0
    vertex 0.3076665609724309 0.05046907080528065 0
    vertex 0.3632221165279864 0.05046907080528065 0
  endloop
endfacet
facet normal 0 0 -1
  outer loop
    vertex 0.3333333333333337 0 0
    vertex 0.2777777777777781 0 0
    vertex 0.3076665609724309 0.05046907080528065 0
  endloop
endfacet
facet normal 0 0 -1
  outer loop
    vertex 0.3632221165279864 0.05046907080528065 0
    vertex 0.3076665609724309 0.05046907080528065 0
    vertex 0.3375553441670837 0.1009381416105613 0
  endloop
endfacet
facet normal 0 0 -1
  outer loop
    vertex -0.111111111111111 0.09622504486493764 0
    vertex -0.1671115015368171 0.09645355221418545 0
    vertex -0.1393747002424515 0.143913148003493 0
  endloop
endfacet
facet normal 0 0 -1
  outer loop
    vertex -0.1671115015368171 0.09645355221418545 0
    vertex -0.1953750906681576 0.1441416553527408 0
    vertex -0.1393747002424515 0.143913148003493 0
  endloop
endfacet
facet normal 0 0 -1
  outer loop
    vertex -0.1671115015368171 0.09645355221418545 0
    vertex -0.2231118919625232 0.09668205956343326 0
    vertex -0.1953750906681576 0.1441416553527408 0
  endloop
endfacet
facet normal 0 0 -1
  outer loop
    vertex -0.1393747002424515 0.143913148003493 0
    vertex -0.1953750906681576 0.1441416553527408 0
    vertex -0.167638289373792 0.1916012511420483 0
  endloop
endfacet
facet normal 0 0 -1
  outer loop
    vertex -0.167638289373792 0.1916012511420483 0
    vertex -0.1402246962667651 0.2375419620602871 0
    vertex -0.1114775007413412 0.191540661380928 0
  endloop
endfacet
facet normal 0 0 -1
  outer loop
    vertex -0.1402246962667651 0.2375419620602871 0
    vertex -0.08406390763431432 0.2374813722991667 0
    vertex -0.1114775007413412 0.191540661380928 0
  endloop
endfacet
facet normal 0 0 -1
  outer loop
    vertex -0.1402246962667651 0.2375419620602871 0
    vertex -0.1128111031597383 0.2834826729785259 0
    vertex -0.08406390763431432 0.2374813722991667 0
  endloop
endfacet
facet normal 0 0 -1
  outer loop
    vertex -0.1114775007413412 0.191540661380928 0
    vertex -0.08406390763431432 0.2374813722991667 0
    vertex -0.05531671210889033 0.1914800716198076 0
  endloop
endfacet
facet normal 0 0 -1
  outer loop
    vertex 0.2229372450335935 0.09660639136517785 0
    vertex 0.1949216023981436 0.1442035625457108 0
    vertex 0.2471878305813542 0.1463873440748815 0
  endloop
endfacet
facet normal 0 0 -1
  outer loop
    vertex 0.1949216023981436 0.1442035625457108 0
    vertex 0.2191721879459043 0.1939845152554145 0
    vertex 0.2471878305813542 0.1463873440748815 0
  endloop
endfacet
facet normal 0 0 -1
  outer loop
    vertex 0.1949216023981436 0.1442035625457108 0
    vertex 0.1669059597626937 0.1918007337262437 0
    vertex 0.2191721879459043 0.1939845152554145 0
  endloop
endfacet
facet normal 0 0 -1
  outer loop
    vertex 0.2471878305813542 0.1463873440748815 0
    vertex 0.2191721879459043 0.1939845152554145 0
    vertex 0.2714384161291148 0.1961682967845852 0
  endloop
endfacet
facet normal -0 0 -1
  outer loop
    vertex -0.111111111111111 0.09622504486493764 0
    vertex -0.1388888888888888 0.04811252243246882 0
    vertex -0.1671115015368171 0.09645355221418545 0
  endloop
endfacet
facet normal 0 0 -1
  outer loop
    vertex -0.1388888888888888 0.04811252243246882 0
    vertex -0.1948892793145949 0.04834102978171663 0
    vertex -0.1671115015368171 0.09645355221418545 0
  endloop
endfacet
facet normal -0 0 -1
  outer loop
    vertex -0.1388888888888888 0.04811252243246882 0
    vertex -0.1666666666666666 0 0
    vertex -0.1948892793145949 0.04834102978171663 0
  endloop
endfacet
facet normal -0 0 -1
  outer loop
    vertex -0.1671115015368171 0.09645355221418545 0
    vertex -0.1948892793145949 0.04834102978171663 0
    vertex -0.2231118919625232 0.09668205956343326 0
  endloop
endfacet
facet normal 0 0 -1
  outer loop
    vertex -0.3888888888888889 0.5 0
    vertex -0.3333333333333333 0.5 0
    vertex -0.3659466880473112 0.4566942871690135 0
  endloop
endfacet
facet normal 0 -0 -1
  outer loop
    vertex -0.3333333333333333 0.5 0
    vertex -0.3103911324917556 0.4566942871690135 0
    vertex -0.3659466880473112 0.4566942871690135 0
  endloop
endfacet
facet normal 0 0 -1
  outer loop
    vertex -0.3333333333333333 0.5 0
    vertex -0.2777777777777777 0.5 0
    vertex -0.3103911324917556 0.4566942871690135 0
  endloop
endfacet
facet normal 0 0 -1
  outer loop
    vertex -0.3659466880473112 0.4566942871690135 0
    vertex -0.3103911324917556 0.4566942871690135 0
    vertex -0.3430044872057335 0.4133885743380271 0
  endloop
endfacet
facet normal 0 0 -1
  outer loop
    vertex -0.2777777777777777 0 0
    vertex -0.3077387711514034 0.05046961261007064 0
    vertex -0.2504448348701505 0.04834102978171663 0
  endloop
endfacet
facet normal 0 0 -1
  outer loop
    vertex -0.3077387711514034 0.05046961261007064 0
    vertex -0.2804058282437761 0.09881064239178727 0
    vertex -0.2504448348701505 0.04834102978171663 0
  endloop
endfacet
facet normal 0 0 -1
  outer loop
    vertex -0.3077387711514034 0.05046961261007064 0
    vertex -0.3376997645250289 0.1009392252201413 0
    vertex -0.2804058282437761 0.09881064239178727 0
  endloop
endfacet
facet normal 0 0 -1
  outer loop
    vertex -0.2504448348701505 0.04834102978171663 0
    vertex -0.2804058282437761 0.09881064239178727 0
    vertex -0.2231118919625232 0.09668205956343326 0
  endloop
endfacet
facet normal 0 0 -1
  outer loop
    vertex 0.1666666666666669 0.5 0
    vertex 0.2222222222222225 0.5 0
    vertex 0.1953092359499022 0.450334145822089 0
  endloop
endfacet
facet normal 0 -0 -1
  outer loop
    vertex 0.2222222222222225 0.5 0
    vertex 0.2508647915054579 0.450334145822089 0
    vertex 0.1953092359499022 0.450334145822089 0
  endloop
endfacet
facet normal 0 0 -1
  outer loop
    vertex 0.2222222222222225 0.5 0
    vertex 0.2777777777777781 0.5 0
    vertex 0.2508647915054579 0.450334145822089 0
  endloop
endfacet
facet normal 0 0 -1
  outer loop
    vertex 0.1953092359499022 0.450334145822089 0
    vertex 0.2508647915054579 0.450334145822089 0
    vertex 0.2239518052331377 0.400668291644178 0
  endloop
endfacet
facet normal 0 0 -1
  outer loop
    vertex -0.2777777777777777 0.5 0
    vertex -0.2222222222222222 0.5 0
    vertex -0.2513206696033067 0.4496480681005135 0
  endloop
endfacet
facet normal 0 -0 -1
  outer loop
    vertex -0.2222222222222222 0.5 0
    vertex -0.1957651140477511 0.4496480681005135 0
    vertex -0.2513206696033067 0.4496480681005135 0
  endloop
endfacet
facet normal 0 0 -1
  outer loop
    vertex -0.2222222222222222 0.5 0
    vertex -0.1666666666666666 0.5 0
    vertex -0.1957651140477511 0.4496480681005135 0
  endloop
endfacet
facet normal 0 0 -1
  outer loop
    vertex -0.2513206696033067 0.4496480681005135 0
    vertex -0.1957651140477511 0.4496480681005135 0
    vertex -0.2248635614288356 0.3992961362010271 0
  endloop
endfacet
facet normal 0 0 -1
  outer loop
    vertex 0.2777777777777781 0.5 0
    vertex 0.3333333333333337 0.5 0
    vertex 0.3101867584609219 0.4567755581616689 0
  endloop
endfacet
facet normal 0 -0 -1
  outer loop
    vertex 0.3333333333333337 0.5 0
    vertex 0.3657423140164775 0.4567755581616689 0
    vertex 0.3101867584609219 0.4567755581616689 0
  endloop
endfacet
facet normal 0 0 -1
  outer loop
    vertex 0.3333333333333337 0.5 0
    vertex 0.3888888888888892 0.5 0
    vertex 0.3657423140164775 0.4567755581616689 0
  endloop
endfacet
facet normal 0 0 -1
  outer loop
    vertex 0.3101867584609219 0.4567755581616689 0
    vertex 0.3657423140164775 0.4567755581616689 0
    vertex 0.3425957391440657 0.4135511163233379 0
  endloop
endfacet
facet normal 0 0 -1
  outer loop
    vertex 0.1669059597626937 0.1918007337262437 0
    vertex 0.1392531093960023 0.2397824946725643 0
    vertex 0.1944414437950861 0.2396024605321045 0
  endloop
endfacet
facet normal 0 0 -1
  outer loop
    vertex 0.1392531093960023 0.2397824946725643 0
    vertex 0.1667885934283947 0.287584221478425 0
    vertex 0.1944414437950861 0.2396024605321045 0
  endloop
endfacet
facet normal 0 0 -1
  outer loop
    vertex 0.1392531093960023 0.2397824946725643 0
    vertex 0.1116002590293108 0.2877642556188849 0
    vertex 0.1667885934283947 0.287584221478425 0
  endloop
endfacet
facet normal 0 0 -1
  outer loop
    vertex 0.1944414437950861 0.2396024605321045 0
    vertex 0.1667885934283947 0.287584221478425 0
    vertex 0.2219769278274786 0.2874041873379652 0
  endloop
endfacet
facet normal 0 0 -1
  outer loop
    vertex -6.400320911648105e-06 0.4070910175917465 0
    vertex 0.02777457761732205 0.4535455087958732 0
    vertex 0.05586348935128671 0.4056126196367628 0
  endloop
endfacet
facet normal 0 0 -1
  outer loop
    vertex 0.02777457761732205 0.4535455087958732 0
    vertex 0.08364446728952046 0.4520671108408896 0
    vertex 0.05586348935128671 0.4056126196367628 0
  endloop
endfacet
facet normal 0 0 -1
  outer loop
    vertex 0.02777457761732205 0.4535455087958732 0
    vertex 0.05555555555555569 0.5 0
    vertex 0.08364446728952046 0.4520671108408896 0
  endloop
endfacet
facet normal 0 0 -1
  outer loop
    vertex 0.05586348935128671 0.4056126196367628 0
    vertex 0.08364446728952046 0.4520671108408896 0
    vertex 0.1117333790234851 0.4041342216817791 0
  endloop
endfacet
facet normal 0 -0 -1
  outer loop
    vertex -0.05555555555555541 0.5 0
    vertex -0.02778097793823353 0.4535455087958732 0
    vertex -0.08364446728952002 0.4520671108408897 0
  endloop
endfacet
facet normal 0 0 -1
  outer loop
    vertex -0.02778097793823353 0.4535455087958732 0
    vertex -0.05586988967219814 0.4056126196367629 0
    vertex -0.08364446728952002 0.4520671108408897 0
  endloop
endfacet
facet normal 0 -0 -1
  outer loop
    vertex -0.02778097793823353 0.4535455087958732 0
    vertex -6.400320911648105e-06 0.4070910175917465 0
    vertex -0.05586988967219814 0.4056126196367629 0
  endloop
endfacet
facet normal 0 -0 -1
  outer loop
    vertex -0.08364446728952002 0.4520671108408897 0
    vertex -0.05586988967219814 0.4056126196367629 0
    vertex -0.1117333790234846 0.4041342216817793 0
  endloop
endfacet
facet normal 0 0 -1
  outer loop
    vertex -0.167638289373792 0.1916012511420483 0
    vertex -0.2197997792839194 0.1937912969385971 0
    vertex -0.1952909747304667 0.2388218421349525 0
  endloop
endfacet
facet normal 0 0 -1
  outer loop
    vertex -0.2197997792839194 0.1937912969385971 0
    vertex -0.247452464640594 0.2410118879315013 0
    vertex -0.1952909747304667 0.2388218421349525 0
  endloop
endfacet
facet normal 0 0 -1
  outer loop
    vertex -0.2197997792839194 0.1937912969385971 0
    vertex -0.2719612691940466 0.1959813427351459 0
    vertex -0.247452464640594 0.2410118879315013 0
  endloop
endfacet
facet normal 0 0 -1
  outer loop
    vertex -0.1952909747304667 0.2388218421349525 0
    vertex -0.247452464640594 0.2410118879315013 0
    vertex -0.2229436600871414 0.2860424331278566 0
  endloop
endfacet
facet normal 0 0 -1
  outer loop
    vertex 0.2777777777777781 0 0
    vertex 0.2222222222222225 0 0
    vertex 0.2503575114056857 0.04830319568258892 0
  endloop
endfacet
facet normal 0 0 -1
  outer loop
    vertex 0.2222222222222225 0 0
    vertex 0.1948019558501302 0.04830319568258892 0
    vertex 0.2503575114056857 0.04830319568258892 0
  endloop
endfacet
facet normal 0 0 -1
  outer loop
    vertex 0.2222222222222225 0 0
    vertex 0.1666666666666669 0 0
    vertex 0.1948019558501302 0.04830319568258892 0
  endloop
endfacet
facet normal 0 0 -1
  outer loop
    vertex 0.2503575114056857 0.04830319568258892 0
    vertex 0.1948019558501302 0.04830319568258892 0
    vertex 0.2229372450335935 0.09660639136517785 0
  endloop
endfacet
facet normal 0 0 -1
  outer loop
    vertex 0.1666666666666669 0 0
    vertex 0.1389229519061272 0.04803017757574252 0
    vertex 0.1948019558501302 0.04830319568258892 0
  endloop
endfacet
facet normal 0 0 -1
  outer loop
    vertex 0.1389229519061272 0.04803017757574252 0
    vertex 0.1670582410895906 0.09633337325833144 0
    vertex 0.1948019558501302 0.04830319568258892 0
  endloop
endfacet
facet normal 0 0 -1
  outer loop
    vertex 0.1389229519061272 0.04803017757574252 0
    vertex 0.1111792371455876 0.09606035515148505 0
    vertex 0.1670582410895906 0.09633337325833144 0
  endloop
endfacet
facet normal 0 0 -1
  outer loop
    vertex 0.1948019558501302 0.04830319568258892 0
    vertex 0.1670582410895906 0.09633337325833144 0
    vertex 0.2229372450335935 0.09660639136517785 0
  endloop
endfacet
facet normal 0 -0 -1
  outer loop
    vertex 0.1666666666666669 0.5 0
    vertex 0.1953092359499022 0.450334145822089 0
    vertex 0.139200022845076 0.4520671108408896 0
  endloop
endfacet
facet normal -0 0 -1
  outer loop
    vertex 0.1953092359499022 0.450334145822089 0
    vertex 0.1678425921283114 0.4024012566629785 0
    vertex 0.139200022845076 0.4520671108408896 0
  endloop
endfacet
facet normal 0 -0 -1
  outer loop
    vertex 0.1953092359499022 0.450334145822089 0
    vertex 0.2239518052331377 0.400668291644178 0
    vertex 0.1678425921283114 0.4024012566629785 0
  endloop
endfacet
facet normal 0 -0 -1
  outer loop
    vertex 0.139200022845076 0.4520671108408896 0
    vertex 0.1678425921283114 0.4024012566629785 0
    vertex 0.1117333790234851 0.4041342216817791 0
  endloop
endfacet
facet normal 0 0 -1
  outer loop
    vertex -0.2248635614288356 0.3992961362010271 0
    vertex -0.1957651140477511 0.4496480681005135 0
    vertex -0.1682984702261601 0.4017151789414032 0
  endloop
endfacet
facet normal 0 0 -1
  outer loop
    vertex -0.1957651140477511 0.4496480681005135 0
    vertex -0.1392000228450756 0.4520671108408897 0
    vertex -0.1682984702261601 0.4017151789414032 0
  endloop
endfacet
facet normal 0 0 -1
  outer loop
    vertex -0.1957651140477511 0.4496480681005135 0
    vertex -0.1666666666666666 0.5 0
    vertex -0.1392000228450756 0.4520671108408897 0
  endloop
endfacet
facet normal 0 0 -1
  outer loop
    vertex -0.1682984702261601 0.4017151789414032 0
    vertex -0.1392000228450756 0.4520671108408897 0
    vertex -0.1117333790234846 0.4041342216817793 0
  endloop
endfacet
facet normal -0 0 -1
  outer loop
    vertex 0.2229372450335935 0.09660639136517785 0
    vertex 0.1670582410895906 0.09633337325833144 0
    vertex 0.1949216023981436 0.1442035625457108 0
  endloop
endfacet
facet normal 0 0 -1
  outer loop
    vertex 0.1670582410895906 0.09633337325833144 0
    vertex 0.1390425984541407 0.1439305444388644 0
    vertex 0.1949216023981436 0.1442035625457108 0
  endloop
endfacet
facet normal -0 0 -1
  outer loop
    vertex 0.1670582410895906 0.09633337325833144 0
    vertex 0.1111792371455876 0.09606035515148505 0
    vertex 0.1390425984541407 0.1439305444388644 0
  endloop
endfacet
facet normal -0 0 -1
  outer loop
    vertex 0.1949216023981436 0.1442035625457108 0
    vertex 0.1390425984541407 0.1439305444388644 0
    vertex 0.1669059597626937 0.1918007337262437 0
  endloop
endfacet
facet normal 0 0 -1
  outer loop
    vertex -0.111111111111111 0.09622504486493764 0
    vertex -0.08321391161000069 0.1438525582423726 0
    vertex -0.0554959117482221 0.09611084250024815 0
  endloop
endfacet
facet normal 0 0 -1
  outer loop
    vertex -0.08321391161000069 0.1438525582423726 0
    vertex -0.0275987122471118 0.1437383558776831 0
    vertex -0.0554959117482221 0.09611084250024815 0
  endloop
endfacet
facet normal 0 0 -1
  outer loop
    vertex -0.08321391161000069 0.1438525582423726 0
    vertex -0.05531671210889033 0.1914800716198076 0
    vertex -0.0275987122471118 0.1437383558776831 0
  endloop
endfacet
facet normal 0 0 -1
  outer loop
    vertex -0.0554959117482221 0.09611084250024815 0
    vertex -0.0275987122471118 0.1437383558776831 0
    vertex 0.0001192876146667299 0.09599664013555866 0
  endloop
endfacet
facet normal 0 0 -1
  outer loop
    vertex -0.05531671210889033 0.1914800716198076 0
    vertex 0.0003237998267618947 0.1918472203984646 0
    vertex -0.0275987122471118 0.1437383558776831 0
  endloop
endfacet
facet normal 0 -0 -1
  outer loop
    vertex 0.0003237998267618947 0.1918472203984646 0
    vertex 0.02804179968854048 0.1441055046563402 0
    vertex -0.0275987122471118 0.1437383558776831 0
  endloop
endfacet
facet normal 0 0 -1
  outer loop
    vertex 0.0003237998267618947 0.1918472203984646 0
    vertex 0.05596431176241412 0.1922143691771217 0
    vertex 0.02804179968854048 0.1441055046563402 0
  endloop
endfacet
facet normal 0 0 -1
  outer loop
    vertex -0.0275987122471118 0.1437383558776831 0
    vertex 0.02804179968854048 0.1441055046563402 0
    vertex 0.0001192876146667299 0.09599664013555866 0
  endloop
endfacet
facet normal 0 0 -1
  outer loop
    vertex 0.1669059597626937 0.1918007337262437 0
    vertex 0.1114351357625539 0.1920075514516827 0
    vertex 0.1392531093960023 0.2397824946725643 0
  endloop
endfacet
facet normal 0 0 -1
  outer loop
    vertex 0.1114351357625539 0.1920075514516827 0
    vertex 0.08378228539586252 0.2399893123980033 0
    vertex 0.1392531093960023 0.2397824946725643 0
  endloop
endfacet
facet normal 0 0 -1
  outer loop
    vertex 0.1114351357625539 0.1920075514516827 0
    vertex 0.05596431176241412 0.1922143691771217 0
    vertex 0.08378228539586252 0.2399893123980033 0
  endloop
endfacet
facet normal 0 0 -1
  outer loop
    vertex 0.1392531093960023 0.2397824946725643 0
    vertex 0.08378228539586252 0.2399893123980033 0
    vertex 0.1116002590293108 0.2877642556188849 0
  endloop
endfacet
facet normal 0 -0 -1
  outer loop
    vertex 0.05596431176241412 0.1922143691771217 0
    vertex 0.08357177445400088 0.1441373621643034 0
    vertex 0.02804179968854048 0.1441055046563402 0
  endloop
endfacet
facet normal 0 0 -1
  outer loop
    vertex 0.08357177445400088 0.1441373621643034 0
    vertex 0.05564926238012724 0.09602849764352185 0
    vertex 0.02804179968854048 0.1441055046563402 0
  endloop
endfacet
facet normal 0 -0 -1
  outer loop
    vertex 0.08357177445400088 0.1441373621643034 0
    vertex 0.1111792371455876 0.09606035515148505 0
    vertex 0.05564926238012724 0.09602849764352185 0
  endloop
endfacet
facet normal 0 -0 -1
  outer loop
    vertex 0.02804179968854048 0.1441055046563402 0
    vertex 0.05564926238012724 0.09602849764352185 0
    vertex 0.0001192876146667299 0.09599664013555866 0
  endloop
endfacet
facet normal 0 0 -1
  outer loop
    vertex -0.1666666666666666 0 0
    vertex -0.2222222222222222 0 0
    vertex -0.1948892793145949 0.04834102978171663 0
  endloop
endfacet
facet normal 0 0 -1
  outer loop
    vertex -0.2222222222222222 0 0
    vertex -0.2504448348701505 0.04834102978171663 0
    vertex -0.1948892793145949 0.04834102978171663 0
  endloop
endfacet
facet normal 0 0 -1
  outer loop
    vertex -0.2222222222222222 0 0
    vertex -0.2777777777777777 0 0
    vertex -0.2504448348701505 0.04834102978171663 0
  endloop
endfacet
facet normal 0 0 -1
  outer loop
    vertex -0.1948892793145949 0.04834102978171663 0
    vertex -0.2504448348701505 0.04834102978171663 0
    vertex -0.2231118919625232 0.09668205956343326 0
  endloop
endfacet
facet normal 0 0 -1
  outer loop
    vertex 0.05555555555555569 0.5 0
    vertex 0.1111111111111113 0.5 0
    vertex 0.08364446728952046 0.4520671108408896 0
  endloop
endfacet
facet normal 0 -0 -1
  outer loop
    vertex 0.1111111111111113 0.5 0
    vertex 0.139200022845076 0.4520671108408896 0
    vertex 0.08364446728952046 0.4520671108408896 0
  endloop
endfacet
facet normal 0 0 -1
  outer loop
    vertex 0.1111111111111113 0.5 0
    vertex 0.1666666666666669 0.5 0
    vertex 0.139200022845076 0.4520671108408896 0
  endloop
endfacet
facet normal 0 0 -1
  outer loop
    vertex 0.08364446728952046 0.4520671108408896 0
    vertex 0.139200022845076 0.4520671108408896 0
    vertex 0.1117333790234851 0.4041342216817791 0
  endloop
endfacet
facet normal 0 0 -1
  outer loop
    vertex -0.1666666666666666 0.5 0
    vertex -0.111111111111111 0.5 0
    vertex -0.1392000228450756 0.4520671108408897 0
  endloop
endfacet
facet normal 0 -0 -1
  outer loop
    vertex -0.111111111111111 0.5 0
    vertex -0.08364446728952002 0.4520671108408897 0
    vertex -0.1392000228450756 0.4520671108408897 0
  endloop
endfacet
facet normal 0 0 -1
  outer loop
    vertex -0.111111111111111 0.5 0
    vertex -0.05555555555555541 0.5 0
    vertex -0.08364446728952002 0.4520671108408897 0
  endloop
endfacet
facet normal 0 0 -1
  outer loop
    vertex -0.1392000228450756 0.4520671108408897 0
    vertex -0.08364446728952002 0.4520671108408897 0
    vertex -0.1117333790234846 0.4041342216817793 0
  endloop
endfacet
facet normal 0 0 -1
  outer loop
    vertex -0.05555555555555541 0 0
    vertex -0.0833333333333332 0.04811252243246882 0
    vertex -0.02771813397044431 0.04799832006777933 0
  endloop
endfacet
facet normal 0 0 -1
  outer loop
    vertex -0.0833333333333332 0.04811252243246882 0
    vertex -0.0554959117482221 0.09611084250024815 0
    vertex -0.02771813397044431 0.04799832006777933 0
  endloop
endfacet
facet normal 0 0 -1
  outer loop
    vertex -0.0833333333333332 0.04811252243246882 0
    vertex -0.111111111111111 0.09622504486493764 0
    vertex -0.0554959117482221 0.09611084250024815 0
  endloop
endfacet
facet normal 0 0 -1
  outer loop
    vertex -0.02771813397044431 0.04799832006777933 0
    vertex -0.0554959117482221 0.09611084250024815 0
    vertex 0.0001192876146667299 0.09599664013555866 0
  endloop
endfacet
facet normal 0 0 -1
  outer loop
    vertex 0.1111792371455876 0.09606035515148505 0
    vertex 0.08336739635057167 0.04803017757574252 0
    vertex 0.05564926238012724 0.09602849764352185 0
  endloop
endfacet
facet normal -0 0 -1
  outer loop
    vertex 0.08336739635057167 0.04803017757574252 0
    vertex 0.02783742158511116 0.04799832006777933 0
    vertex 0.05564926238012724 0.09602849764352185 0
  endloop
endfacet
facet normal 0 0 -1
  outer loop
    vertex 0.08336739635057167 0.04803017757574252 0
    vertex 0.05555555555555569 0 0
    vertex 0.02783742158511116 0.04799832006777933 0
  endloop
endfacet
facet normal 0 0 -1
  outer loop
    vertex 0.05564926238012724 0.09602849764352185 0
    vertex 0.02783742158511116 0.04799832006777933 0
    vertex 0.0001192876146667299 0.09599664013555866 0
  endloop
endfacet
facet normal 0 0 -1
  outer loop
    vertex -0.05555555555555541 0 0
    vertex -0.111111111111111 0 0
    vertex -0.0833333333333332 0.04811252243246882 0
  endloop
endfacet
facet normal 0 0 -1
  outer loop
    vertex -0.111111111111111 0 0
    vertex -0.1388888888888888 0.04811252243246882 0
    vertex -0.0833333333333332 0.04811252243246882 0
  endloop
endfacet
facet normal 0 0 -1
  outer loop
    vertex -0.111111111111111 0 0
    vertex -0.1666666666666666 0 0
    vertex -0.1388888888888888 0.04811252243246882 0
  endloop
endfacet
facet normal 0 0 -1
  outer loop
    vertex -0.0833333333333332 0.04811252243246882 0
    vertex -0.1388888888888888 0.04811252243246882 0
    vertex -0.111111111111111 0.09622504486493764 0
  endloop
endfacet
facet normal 0 0 -1
  outer loop
    vertex 0.1666666666666669 0 0
    vertex 0.1111111111111113 0 0
    vertex 0.1389229519061272 0.04803017757574252 0
  endloop
endfacet
facet normal 0 0 -1
  outer loop
    vertex 0.1111111111111113 0 0
    vertex 0.08336739635057167 0.04803017757574252 0
    vertex 0.1389229519061272 0.04803017757574252 0
  endloop
endfacet
facet normal 0 0 -1
  outer loop
    vertex 0.1111111111111113 0 0
    vertex 0.05555555555555569 0 0
    vertex 0.08336739635057167 0.04803017757574252 0
  endloop
endfacet
facet normal 0 0 -1
  outer loop
    vertex 0.1389229519061272 0.04803017757574252 0
    vertex 0.08336739635057167 0.04803017757574252 0
    vertex 0.1111792371455876 0.09606035515148505 0
  endloop
endfacet
facet normal 0 0 -1
  outer loop
    vertex -0.05555555555555541 0.5 0
    vertex 1.110223024625157e-16 0.5 0
    vertex -0.02778097793823353 0.4535455087958732 0
  endloop
endfacet
facet normal 0 -0 -1
  outer loop
    vertex 1.110223024625157e-16 0.5 0
    vertex 0.02777457761732205 0.4535455087958732 0
    vertex -0.02778097793823353 0.4535455087958732 0
  endloop
endfacet
facet normal 0 0 -1
  outer loop
    vertex 1.110223024625157e-16 0.5 0
    vertex 0.05555555555555569 0.5 0
    vertex 0.02777457761732205 0.4535455087958732 0
  endloop
endfacet
facet normal 0 0 -1
  outer loop
    vertex -0.02778097793823353 0.4535455087958732 0
    vertex 0.02777457761732205 0.4535455087958732 0
    vertex -6.400320911648105e-06 0.4070910175917465 0
  endloop
endfacet
facet normal 0 0 -1
  outer loop
    vertex 0.05555555555555569 0 0
    vertex 1.110223024625157e-16 0 0
    vertex 0.02783742158511116 0.04799832006777933 0
  endloop
endfacet
facet normal 0 0 -1
  outer loop
    vertex 1.110223024625157e-16 0 0
    vertex -0.02771813397044431 0.04799832006777933 0
    vertex 0.02783742158511116 0.04799832006777933 0
  endloop
endfacet
facet normal 0 0 -1
  outer loop
    vertex 1.110223024625157e-16 0 0
    vertex -0.05555555555555541 0 0
    vertex -0.02771813397044431 0.04799832006777933 0
  endloop
endfacet
facet normal 0 0 -1
  outer loop
    vertex 0.02783742158511116 0.04799832006777933 0
    vertex -0.02771813397044431 0.04799832006777933 0
    vertex 0.0001192876146667299 0.09599664013555866 0
  endloop
endfacet
facet normal -0 0 -1
  outer loop
    vertex 0.1669059597626937 0.1918007337262437 0
    vertex 0.1390425984541407 0.1439305444388644 0
    vertex 0.1114351357625539 0.1920075514516827 0
  endloop
endfacet
facet normal 0 0 -1
  outer loop
    vertex 0.1390425984541407 0.1439305444388644 0
    vertex 0.08357177445400088 0.1441373621643034 0
    vertex 0.1114351357625539 0.1920075514516827 0
  endloop
endfacet
facet normal -0 0 -1
  outer loop
    vertex 0.1390425984541407 0.1439305444388644 0
    vertex 0.1111792371455876 0.09606035515148505 0
    vertex 0.08357177445400088 0.1441373621643034 0
  endloop
endfacet
facet normal -0 0 -1
  outer loop
    vertex 0.1114351357625539 0.1920075514516827 0
    vertex 0.08357177445400088 0.1441373621643034 0
    vertex 0.05596431176241412 0.1922143691771217 0
  endloop
endfacet
facet normal 0 -0 -1
  outer loop
    vertex 0.0006590396556849232 0.283360971390023 0
    vertex 0.02831167570904958 0.2377876702835724 0
    vertex -0.0273288362266027 0.2374205215049153 0
  endloop
endfacet
facet normal 0 0 -1
  outer loop
    vertex 0.02831167570904958 0.2377876702835724 0
    vertex 0.0003237998267618947 0.1918472203984646 0
    vertex -0.0273288362266027 0.2374205215049153 0
  endloop
endfacet
facet normal 0 -0 -1
  outer loop
    vertex 0.02831167570904958 0.2377876702835724 0
    vertex 0.05596431176241412 0.1922143691771217 0
    vertex 0.0003237998267618947 0.1918472203984646 0
  endloop
endfacet
facet normal 0 -0 -1
  outer loop
    vertex -0.0273288362266027 0.2374205215049153 0
    vertex 0.0003237998267618947 0.1918472203984646 0
    vertex -0.05531671210889033 0.1914800716198076 0
  endloop
endfacet
facet normal 0 0 -1
  outer loop
    vertex 0.1116002590293108 0.2877642556188849 0
    vertex 0.08378228539586252 0.2399893123980033 0
    vertex 0.05612964934249787 0.2855626135044539 0
  endloop
endfacet
facet normal -0 0 -1
  outer loop
    vertex 0.08378228539586252 0.2399893123980033 0
    vertex 0.02831167570904958 0.2377876702835724 0
    vertex 0.05612964934249787 0.2855626135044539 0
  endloop
endfacet
facet normal 0 0 -1
  outer loop
    vertex 0.08378228539586252 0.2399893123980033 0
    vertex 0.05596431176241412 0.1922143691771217 0
    vertex 0.02831167570904958 0.2377876702835724 0
  endloop
endfacet
facet normal 0 0 -1
  outer loop
    vertex 0.05612964934249787 0.2855626135044539 0
    vertex 0.02831167570904958 0.2377876702835724 0
    vertex 0.0006590396556849232 0.283360971390023 0
  endloop
endfacet
facet normal 0 0 -1
  outer loop
    vertex -0.167638289373792 0.1916012511420483 0
    vertex -0.1952909747304667 0.2388218421349525 0
    vertex -0.1402246962667651 0.2375419620602871 0
  endloop
endfacet
facet normal 0 0 -1
  outer loop
    vertex -0.1952909747304667 0.2388218421349525 0
    vertex -0.1678773816234399 0.2847625530531912 0
    vertex -0.1402246962667651 0.2375419620602871 0
  endloop
endfacet
facet normal 0 0 -1
  outer loop
    vertex -0.1952909747304667 0.2388218421349525 0
    vertex -0.2229436600871414 0.2860424331278566 0
    vertex -0.1678773816234399 0.2847625530531912 0
  endloop
endfacet
facet normal 0 0 -1
  outer loop
    vertex -0.1402246962667651 0.2375419620602871 0
    vertex -0.1678773816234399 0.2847625530531912 0
    vertex -0.1128111031597383 0.2834826729785259 0
  endloop
endfacet
facet normal 0 -0 -1
  outer loop
    vertex -0.3216984324341212 0.2990812785319636 0
    vertex -0.2968298508140839 0.2475313106335548 0
    vertex -0.3383817871657351 0.2489189469803769 0
  endloop
endfacet
facet normal -0 0 -1
  outer loop
    vertex -0.2968298508140839 0.2475313106335548 0
    vertex -0.3135132055456978 0.197368979081968 0
    vertex -0.3383817871657351 0.2489189469803769 0
  endloop
endfacet
facet normal 0 -0 -1
  outer loop
    vertex -0.2968298508140839 0.2475313106335548 0
    vertex -0.2719612691940466 0.1959813427351459 0
    vertex -0.3135132055456978 0.197368979081968 0
  endloop
endfacet
facet normal 0 -0 -1
  outer loop
    vertex -0.3383817871657351 0.2489189469803769 0
    vertex -0.3135132055456978 0.197368979081968 0
    vertex -0.3550651418973489 0.1987566154287901 0
  endloop
endfacet
facet normal 0 0 -1
  outer loop
    vertex -0.5 0.2000000000000001 0
    vertex -0.5 0.2500000000000001 0
    vertex -0.4592797389792049 0.2250519239464497 0
  endloop
endfacet
facet normal 0 0 -1
  outer loop
    vertex -0.5 0.2500000000000001 0
    vertex -0.4592797389792049 0.2750519239464497 0
    vertex -0.4592797389792049 0.2250519239464497 0
  endloop
endfacet
facet normal 0 0 -1
  outer loop
    vertex -0.5 0.2500000000000001 0
    vertex -0.5 0.3000000000000001 0
    vertex -0.4592797389792049 0.2750519239464497 0
  endloop
endfacet
facet normal 0 0 -1
  outer loop
    vertex -0.4592797389792049 0.2250519239464497 0
    vertex -0.4592797389792049 0.2750519239464497 0
    vertex -0.4185594779584099 0.2501038478928994 0
  endloop
endfacet
facet normal 0 -0 -1
  outer loop
    vertex 0.5 0.3000000000000001 0
    vertex 0.5 0.2500000000000001 0
    vertex 0.4591512703553218 0.2750216938889637 0
  endloop
endfacet
facet normal -0 0 -1
  outer loop
    vertex 0.5 0.2500000000000001 0
    vertex 0.4591512703553218 0.2250216938889637 0
    vertex 0.4591512703553218 0.2750216938889637 0
  endloop
endfacet
facet normal 0 -0 -1
  outer loop
    vertex 0.5 0.2500000000000001 0
    vertex 0.5 0.2000000000000001 0
    vertex 0.4591512703553218 0.2250216938889637 0
  endloop
endfacet
facet normal 0 -0 -1
  outer loop
    vertex 0.4591512703553218 0.2750216938889637 0
    vertex 0.4591512703553218 0.2250216938889637 0
    vertex 0.4183025407106437 0.2500433877779273 0
  endloop
endfacet
facet normal 0 0 -1
  outer loop
    vertex 0.2714384161291148 0.1961682967845852 0
    vertex 0.2963168608316713 0.2478406641400559 0
    vertex 0.3132356654057897 0.1974621186926389 0
  endloop
endfacet
facet normal 0 0 -1
  outer loop
    vertex 0.2963168608316713 0.2478406641400559 0
    vertex 0.3381141101083462 0.2491344860481095 0
    vertex 0.3132356654057897 0.1974621186926389 0
  endloop
endfacet
facet normal 0 0 -1
  outer loop
    vertex 0.2963168608316713 0.2478406641400559 0
    vertex 0.3211953055342278 0.2995130314955265 0
    vertex 0.3381141101083462 0.2491344860481095 0
  endloop
endfacet
facet normal 0 0 -1
  outer loop
    vertex 0.3132356654057897 0.1974621186926389 0
    vertex 0.3381141101083462 0.2491344860481095 0
    vertex 0.3550329146824648 0.1987559406006924 0
  endloop
endfacet
facet normal 0 -0 -1
  outer loop
    vertex 0.5 0.4000000000000001 0
    vertex 0.5 0.3500000000000001 0
    vertex 0.4575343975063451 0.3750000000000001 0
  endloop
endfacet
facet normal -0 0 -1
  outer loop
    vertex 0.5 0.3500000000000001 0
    vertex 0.4575343975063451 0.3250000000000001 0
    vertex 0.4575343975063451 0.3750000000000001 0
  endloop
endfacet
facet normal 0 -0 -1
  outer loop
    vertex 0.5 0.3500000000000001 0
    vertex 0.5 0.3000000000000001 0
    vertex 0.4575343975063451 0.3250000000000001 0
  endloop
endfacet
facet normal 0 -0 -1
  outer loop
    vertex 0.4575343975063451 0.3750000000000001 0
    vertex 0.4575343975063451 0.3250000000000001 0
    vertex 0.41506879501269 0.3500000000000001 0
  endloop
endfacet
facet normal 0 -0 -1
  outer loop
    vertex 0.5 0.2000000000000001 0
    vertex 0.5 0.15 0
    vertex 0.4613822665094427 0.1767140526742211 0
  endloop
endfacet
facet normal -0 0 -1
  outer loop
    vertex 0.5 0.15 0
    vertex 0.4613822665094427 0.126714052674221 0
    vertex 0.4613822665094427 0.1767140526742211 0
  endloop
endfacet
facet normal 0 -0 -1
  outer loop
    vertex 0.5 0.15 0
    vertex 0.5 0.1 0
    vertex 0.4613822665094427 0.126714052674221 0
  endloop
endfacet
facet normal 0 -0 -1
  outer loop
    vertex 0.4613822665094427 0.1767140526742211 0
    vertex 0.4613822665094427 0.126714052674221 0
    vertex 0.4227645330188854 0.153428105348442 0
  endloop
endfacet
facet normal 0 0 -1
  outer loop
    vertex -0.5 0.1 0
    vertex -0.5 0.15 0
    vertex -0.4614183985778257 0.1267192375536085 0
  endloop
endfacet
facet normal 0 0 -1
  outer loop
    vertex -0.5 0.15 0
    vertex -0.4614183985778257 0.1767192375536085 0
    vertex -0.4614183985778257 0.1267192375536085 0
  endloop
endfacet
facet normal 0 0 -1
  outer loop
    vertex -0.5 0.15 0
    vertex -0.5 0.2000000000000001 0
    vertex -0.4614183985778257 0.1767192375536085 0
  endloop
endfacet
facet normal 0 0 -1
  outer loop
    vertex -0.4614183985778257 0.1267192375536085 0
    vertex -0.4614183985778257 0.1767192375536085 0
    vertex -0.4228367971556514 0.153438475107217 0
  endloop
endfacet
facet normal 0 0 -1
  outer loop
    vertex -0.5 0.3000000000000001 0
    vertex -0.5 0.3500000000000001 0
    vertex -0.4577457146336664 0.3250000000000001 0
  endloop
endfacet
facet normal 0 0 -1
  outer loop
    vertex -0.5 0.3500000000000001 0
    vertex -0.4577457146336664 0.3750000000000001 0
    vertex -0.4577457146336664 0.3250000000000001 0
  endloop
endfacet
facet normal 0 0 -1
  outer loop
    vertex -0.5 0.3500000000000001 0
    vertex -0.5 0.4000000000000001 0
    vertex -0.4577457146336664 0.3750000000000001 0
  endloop
endfacet
facet normal 0 0 -1
  outer loop
    vertex -0.4577457146336664 0.3250000000000001 0
    vertex -0.4577457146336664 0.3750000000000001 0
    vertex -0.4154914292673328 0.3500000000000001 0
  endloop
endfacet
facet normal 0 -0 -1
  outer loop
    vertex 0.41506879501269 0.3500000000000001 0
    vertex 0.4166856678616668 0.3000216938889637 0
    vertex 0.3681320502734589 0.3247565157477633 0
  endloop
endfacet
facet normal -0 0 -1
  outer loop
    vertex 0.4166856678616668 0.3000216938889637 0
    vertex 0.3697489231224358 0.2747782096367269 0
    vertex 0.3681320502734589 0.3247565157477633 0
  endloop
endfacet
facet normal 0 -0 -1
  outer loop
    vertex 0.4166856678616668 0.3000216938889637 0
    vertex 0.4183025407106437 0.2500433877779273 0
    vertex 0.3697489231224358 0.2747782096367269 0
  endloop
endfacet
facet normal 0 -0 -1
  outer loop
    vertex 0.3681320502734589 0.3247565157477633 0
    vertex 0.3697489231224358 0.2747782096367269 0
    vertex 0.3211953055342278 0.2995130314955265 0
  endloop
endfacet
facet normal -0 0 -1
  outer loop
    vertex 0.5 0.3000000000000001 0
    vertex 0.4591512703553218 0.2750216938889637 0
    vertex 0.4575343975063451 0.3250000000000001 0
  endloop
endfacet
facet normal 0 0 -1
  outer loop
    vertex 0.4591512703553218 0.2750216938889637 0
    vertex 0.4166856678616668 0.3000216938889637 0
    vertex 0.4575343975063451 0.3250000000000001 0
  endloop
endfacet
facet normal -0 0 -1
  outer loop
    vertex 0.4591512703553218 0.2750216938889637 0
    vertex 0.4183025407106437 0.2500433877779273 0
    vertex 0.4166856678616668 0.3000216938889637 0
  endloop
endfacet
facet normal -0 0 -1
  outer loop
    vertex 0.4575343975063451 0.3250000000000001 0
    vertex 0.4166856678616668 0.3000216938889637 0
    vertex 0.41506879501269 0.3500000000000001 0
  endloop
endfacet
facet normal 0 0 -1
  outer loop
    vertex 0.4183025407106437 0.2500433877779273 0
    vertex 0.4591512703553218 0.2250216938889637 0
    vertex 0.4205335368647645 0.2017357465631847 0
  endloop
endfacet
facet normal 0 -0 -1
  outer loop
    vertex 0.4591512703553218 0.2250216938889637 0
    vertex 0.4613822665094427 0.1767140526742211 0
    vertex 0.4205335368647645 0.2017357465631847 0
  endloop
endfacet
facet normal 0 0 -1
  outer loop
    vertex 0.4591512703553218 0.2250216938889637 0
    vertex 0.5 0.2000000000000001 0
    vertex 0.4613822665094427 0.1767140526742211 0
  endloop
endfacet
facet normal 0 0 -1
  outer loop
    vertex 0.4205335368647645 0.2017357465631847 0
    vertex 0.4613822665094427 0.1767140526742211 0
    vertex 0.4227645330188854 0.153428105348442 0
  endloop
endfacet
facet normal 0 0 -1
  outer loop
    vertex -0.5 0.2000000000000001 0
    vertex -0.4592797389792049 0.2250519239464497 0
    vertex -0.4614183985778257 0.1767192375536085 0
  endloop
endfacet
facet normal 0 -0 -1
  outer loop
    vertex -0.4592797389792049 0.2250519239464497 0
    vertex -0.4206981375570307 0.2017711615000582 0
    vertex -0.4614183985778257 0.1767192375536085 0
  endloop
endfacet
facet normal 0 0 -1
  outer loop
    vertex -0.4592797389792049 0.2250519239464497 0
    vertex -0.4185594779584099 0.2501038478928994 0
    vertex -0.4206981375570307 0.2017711615000582 0
  endloop
endfacet
facet normal 0 0 -1
  outer loop
    vertex -0.4614183985778257 0.1767192375536085 0
    vertex -0.4206981375570307 0.2017711615000582 0
    vertex -0.4228367971556514 0.153438475107217 0
  endloop
endfacet
facet normal 0 0 -1
  outer loop
    vertex -0.4185594779584099 0.2501038478928994 0
    vertex -0.4592797389792049 0.2750519239464497 0
    vertex -0.4170254536128714 0.3000519239464498 0
  endloop
endfacet
facet normal 0 0 -1
  outer loop
    vertex -0.4592797389792049 0.2750519239464497 0
    vertex -0.4577457146336664 0.3250000000000001 0
    vertex -0.4170254536128714 0.3000519239464498 0
  endloop
endfacet
facet normal 0 0 -1
  outer loop
    vertex -0.4592797389792049 0.2750519239464497 0
    vertex -0.5 0.3000000000000001 0
    vertex -0.4577457146336664 0.3250000000000001 0
  endloop
endfacet
facet normal 0 0 -1
  outer loop
    vertex -0.4170254536128714 0.3000519239464498 0
    vertex -0.4577457146336664 0.3250000000000001 0
    vertex -0.4154914292673328 0.3500000000000001 0
  endloop
endfacet
facet normal 0 0 -1
  outer loop
    vertex -0.4185594779584099 0.2501038478928994 0
    vertex -0.4170254536128714 0.3000519239464498 0
    vertex -0.3701289551962656 0.2745925632124315 0
  endloop
endfacet
facet normal 0 0 -1
  outer loop
    vertex -0.4170254536128714 0.3000519239464498 0
    vertex -0.368594930850727 0.3245406392659819 0
    vertex -0.3701289551962656 0.2745925632124315 0
  endloop
endfacet
facet normal 0 0 -1
  outer loop
    vertex -0.4170254536128714 0.3000519239464498 0
    vertex -0.4154914292673328 0.3500000000000001 0
    vertex -0.368594930850727 0.3245406392659819 0
  endloop
endfacet
facet normal 0 0 -1
  outer loop
    vertex -0.3701289551962656 0.2745925632124315 0
    vertex -0.368594930850727 0.3245406392659819 0
    vertex -0.3216984324341212 0.2990812785319636 0
  endloop
endfacet
facet normal 0 -0 -1
  outer loop
    vertex 0.3425957391440657 0.4135511163233379 0
    vertex 0.3788322670783779 0.381775558161669 0
    vertex 0.3318955223391468 0.3565320739094322 0
  endloop
endfacet
facet normal 0 0 -1
  outer loop
    vertex 0.3788322670783779 0.381775558161669 0
    vertex 0.3681320502734589 0.3247565157477633 0
    vertex 0.3318955223391468 0.3565320739094322 0
  endloop
endfacet
facet normal 0 -0 -1
  outer loop
    vertex 0.3788322670783779 0.381775558161669 0
    vertex 0.41506879501269 0.3500000000000001 0
    vertex 0.3681320502734589 0.3247565157477633 0
  endloop
endfacet
facet normal 0 -0 -1
  outer loop
    vertex 0.3318955223391468 0.3565320739094322 0
    vertex 0.3681320502734589 0.3247565157477633 0
    vertex 0.3211953055342278 0.2995130314955265 0
  endloop
endfacet
facet normal 0 0 -1
  outer loop
    vertex 0.3888888888888892 0.5 0
    vertex 0.4444444444444445 0.5 0
    vertex 0.4072769757697068 0.464567010114489 0
  endloop
endfacet
facet normal 0 -0 -1
  outer loop
    vertex 0.4444444444444445 0.5 0
    vertex 0.4628325313252623 0.464567010114489 0
    vertex 0.4072769757697068 0.464567010114489 0
  endloop
endfacet
facet normal 0 0 -1
  outer loop
    vertex 0.4444444444444445 0.5 0
    vertex 0.5 0.5 0
    vertex 0.4628325313252623 0.464567010114489 0
  endloop
endfacet
facet normal 0 0 -1
  outer loop
    vertex 0.4072769757697068 0.464567010114489 0
    vertex 0.4628325313252623 0.464567010114489 0
    vertex 0.4256650626505245 0.4291340202289779 0
  endloop
endfacet
facet normal 0 0 -1
  outer loop
    vertex -0.3888888888888889 0 0
    vertex -0.4444444444444444 0 0
    vertex -0.4087886049927166 0.03543143032359293 0
  endloop
endfacet
facet normal 0 0 -1
  outer loop
    vertex -0.4444444444444444 0 0
    vertex -0.4643441605482721 0.03543143032359293 0
    vertex -0.4087886049927166 0.03543143032359293 0
  endloop
endfacet
facet normal 0 0 -1
  outer loop
    vertex -0.4444444444444444 0 0
    vertex -0.5 0 0
    vertex -0.4643441605482721 0.03543143032359293 0
  endloop
endfacet
facet normal 0 0 -1
  outer loop
    vertex -0.4087886049927166 0.03543143032359293 0
    vertex -0.4643441605482721 0.03543143032359293 0
    vertex -0.4286883210965443 0.07086286064718586 0
  endloop
endfacet
facet normal 0 0 -1
  outer loop
    vertex 0.5 0 0
    vertex 0.4444444444444445 0 0
    vertex 0.4643286830843643 0.03543061222585328 0
  endloop
endfacet
facet normal 0 0 -1
  outer loop
    vertex 0.4444444444444445 0 0
    vertex 0.4087731275288089 0.03543061222585328 0
    vertex 0.4643286830843643 0.03543061222585328 0
  endloop
endfacet
facet normal 0 0 -1
  outer loop
    vertex 0.4444444444444445 0 0
    vertex 0.3888888888888892 0 0
    vertex 0.4087731275288089 0.03543061222585328 0
  endloop
endfacet
facet normal 0 0 -1
  outer loop
    vertex 0.4643286830843643 0.03543061222585328 0
    vertex 0.4087731275288089 0.03543061222585328 0
    vertex 0.4286573661687285 0.07086122445170656 0
  endloop
endfacet
facet normal 0 0 -1
  outer loop
    vertex -0.5 0.5 0
    vertex -0.4444444444444444 0.5 0
    vertex -0.4647384805361955 0.4663388574338028 0
  endloop
endfacet
facet normal 0 -0 -1
  outer loop
    vertex -0.4444444444444444 0.5 0
    vertex -0.40918292498064 0.4663388574338028 0
    vertex -0.4647384805361955 0.4663388574338028 0
  endloop
endfacet
facet normal 0 0 -1
  outer loop
    vertex -0.4444444444444444 0.5 0
    vertex -0.3888888888888889 0.5 0
    vertex -0.40918292498064 0.4663388574338028 0
  endloop
endfacet
facet normal 0 0 -1
  outer loop
    vertex -0.4647384805361955 0.4663388574338028 0
    vertex -0.40918292498064 0.4663388574338028 0
    vertex -0.429476961072391 0.4326777148676055 0
  endloop
endfacet
facet normal 0 0 -1
  outer loop
    vertex -0.4154914292673328 0.3500000000000001 0
    vertex -0.3792479582365331 0.3816942871690136 0
    vertex -0.368594930850727 0.3245406392659819 0
  endloop
endfacet
facet normal 0 0 -1
  outer loop
    vertex -0.3792479582365331 0.3816942871690136 0
    vertex -0.3323514598199274 0.3562349264349953 0
    vertex -0.368594930850727 0.3245406392659819 0
  endloop
endfacet
facet normal 0 0 -1
  outer loop
    vertex -0.3792479582365331 0.3816942871690136 0
    vertex -0.3430044872057335 0.4133885743380271 0
    vertex -0.3323514598199274 0.3562349264349953 0
  endloop
endfacet
facet normal 0 0 -1
  outer loop
    vertex -0.368594930850727 0.3245406392659819 0
    vertex -0.3323514598199274 0.3562349264349953 0
    vertex -0.3216984324341212 0.2990812785319636 0
  endloop
endfacet
facet normal 0 -0 -1
  outer loop
    vertex 0.5 0.5 0
    vertex 0.5 0.4500000000000001 0
    vertex 0.4628325313252623 0.464567010114489 0
  endloop
endfacet
facet normal -0 0 -1
  outer loop
    vertex 0.5 0.4500000000000001 0
    vertex 0.4628325313252623 0.414567010114489 0
    vertex 0.4628325313252623 0.464567010114489 0
  endloop
endfacet
facet normal 0 -0 -1
  outer loop
    vertex 0.5 0.4500000000000001 0
    vertex 0.5 0.4000000000000001 0
    vertex 0.4628325313252623 0.414567010114489 0
  endloop
endfacet
facet normal 0 -0 -1
  outer loop
    vertex 0.4628325313252623 0.464567010114489 0
    vertex 0.4628325313252623 0.414567010114489 0
    vertex 0.4256650626505245 0.4291340202289779 0
  endloop
endfacet
facet normal 0 0 -1
  outer loop
    vertex -0.5 0 0
    vertex -0.5 0.05000000000000001 0
    vertex -0.4643441605482721 0.03543143032359293 0
  endloop
endfacet
facet normal 0 0 -1
  outer loop
    vertex -0.5 0.05000000000000001 0
    vertex -0.4643441605482721 0.08543143032359293 0
    vertex -0.4643441605482721 0.03543143032359293 0
  endloop
endfacet
facet normal 0 0 -1
  outer loop
    vertex -0.5 0.05000000000000001 0
    vertex -0.5 0.1 0
    vertex -0.4643441605482721 0.08543143032359293 0
  endloop
endfacet
facet normal 0 0 -1
  outer loop
    vertex -0.4643441605482721 0.03543143032359293 0
    vertex -0.4643441605482721 0.08543143032359293 0
    vertex -0.4286883210965443 0.07086286064718586 0
  endloop
endfacet
facet normal 0 -0 -1
  outer loop
    vertex 0.5 0.1 0
    vertex 0.5 0.05000000000000001 0
    vertex 0.4643286830843643 0.0854306122258533 0
  endloop
endfacet
facet normal -0 0 -1
  outer loop
    vertex 0.5 0.05000000000000001 0
    vertex 0.4643286830843643 0.03543061222585328 0
    vertex 0.4643286830843643 0.0854306122258533 0
  endloop
endfacet
facet normal 0 -0 -1
  outer loop
    vertex 0.5 0.05000000000000001 0
    vertex 0.5 0 0
    vertex 0.4643286830843643 0.03543061222585328 0
  endloop
endfacet
facet normal 0 -0 -1
  outer loop
    vertex 0.4643286830843643 0.0854306122258533 0
    vertex 0.4643286830843643 0.03543061222585328 0
    vertex 0.4286573661687285 0.07086122445170656 0
  endloop
endfacet
facet normal 0 0 -1
  outer loop
    vertex -0.5 0.4000000000000001 0
    vertex -0.5 0.4500000000000001 0
    vertex -0.4647384805361955 0.4163388574338028 0
  endloop
endfacet
facet normal 0 0 -1
  outer loop
    vertex -0.5 0.4500000000000001 0
    vertex -0.4647384805361955 0.4663388574338028 0
    vertex -0.4647384805361955 0.4163388574338028 0
  endloop
endfacet
facet normal 0 0 -1
  outer loop
    vertex -0.5 0.4500000000000001 0
    vertex -0.5 0.5 0
    vertex -0.4647384805361955 0.4663388574338028 0
  endloop
endfacet
facet normal 0 0 -1
  outer loop
    vertex -0.4647384805361955 0.4163388574338028 0
    vertex -0.4647384805361955 0.4663388574338028 0
    vertex -0.429476961072391 0.4326777148676055 0
  endloop
endfacet
facet normal 0 0 -1
  outer loop
    vertex -0.2229436600871414 0.2860424331278566 0
    vertex -0.2239036107579885 0.3426692846644418 0
    vertex -0.192759798918673 0.3151757436338973 0
  endloop
endfacet
facet normal 0 0 -1
  outer loop
    vertex -0.2239036107579885 0.3426692846644418 0
    vertex -0.19371974958952 0.3718025951704825 0
    vertex -0.192759798918673 0.3151757436338973 0
  endloop
endfacet
facet normal 0 0 -1
  outer loop
    vertex -0.2239036107579885 0.3426692846644418 0
    vertex -0.2248635614288356 0.3992961362010271 0
    vertex -0.19371974958952 0.3718025951704825 0
  endloop
endfacet
facet normal 0 0 -1
  outer loop
    vertex -0.192759798918673 0.3151757436338973 0
    vertex -0.19371974958952 0.3718025951704825 0
    vertex -0.1625759377502045 0.344309054139938 0
  endloop
endfacet
facet normal -0 0 -1
  outer loop
    vertex -0.2719612691940466 0.1959813427351459 0
    vertex -0.3048305168595378 0.1484602839776436 0
    vertex -0.3135132055456978 0.197368979081968 0
  endloop
endfacet
facet normal 0 0 -1
  outer loop
    vertex -0.3048305168595378 0.1484602839776436 0
    vertex -0.3463824532111889 0.1498479203244657 0
    vertex -0.3135132055456978 0.197368979081968 0
  endloop
endfacet
facet normal -0 0 -1
  outer loop
    vertex -0.3048305168595378 0.1484602839776436 0
    vertex -0.3376997645250289 0.1009392252201413 0
    vertex -0.3463824532111889 0.1498479203244657 0
  endloop
endfacet
facet normal -0 0 -1
  outer loop
    vertex -0.3135132055456978 0.197368979081968 0
    vertex -0.3463824532111889 0.1498479203244657 0
    vertex -0.3550651418973489 0.1987566154287901 0
  endloop
endfacet
facet normal 0 0 -1
  outer loop
    vertex 0.3211953055342278 0.2995130314955265 0
    vertex 0.3697489231224358 0.2747782096367269 0
    vertex 0.3381141101083462 0.2491344860481095 0
  endloop
endfacet
facet normal 0 -0 -1
  outer loop
    vertex 0.3697489231224358 0.2747782096367269 0
    vertex 0.3866677276965542 0.2243996641893098 0
    vertex 0.3381141101083462 0.2491344860481095 0
  endloop
endfacet
facet normal 0 0 -1
  outer loop
    vertex 0.3697489231224358 0.2747782096367269 0
    vertex 0.4183025407106437 0.2500433877779273 0
    vertex 0.3866677276965542 0.2243996641893098 0
  endloop
endfacet
facet normal 0 0 -1
  outer loop
    vertex 0.3381141101083462 0.2491344860481095 0
    vertex 0.3866677276965542 0.2243996641893098 0
    vertex 0.3550329146824648 0.1987559406006924 0
  endloop
endfacet
facet normal 0 0 -1
  outer loop
    vertex 0.3375553441670837 0.1009381416105613 0
    vertex 0.3044968801480992 0.1485532191975733 0
    vertex 0.3462941294247742 0.1498470411056269 0
  endloop
endfacet
facet normal 0 0 -1
  outer loop
    vertex 0.3044968801480992 0.1485532191975733 0
    vertex 0.3132356654057897 0.1974621186926389 0
    vertex 0.3462941294247742 0.1498470411056269 0
  endloop
endfacet
facet normal 0 0 -1
  outer loop
    vertex 0.3044968801480992 0.1485532191975733 0
    vertex 0.2714384161291148 0.1961682967845852 0
    vertex 0.3132356654057897 0.1974621186926389 0
  endloop
endfacet
facet normal 0 0 -1
  outer loop
    vertex 0.3462941294247742 0.1498470411056269 0
    vertex 0.3132356654057897 0.1974621186926389 0
    vertex 0.3550329146824648 0.1987559406006924 0
  endloop
endfacet
facet normal 0 0 -1
  outer loop
    vertex -0.4185594779584099 0.2501038478928994 0
    vertex -0.3701289551962656 0.2745925632124315 0
    vertex -0.3868123099278794 0.2244302316608447 0
  endloop
endfacet
facet normal 0 -0 -1
  outer loop
    vertex -0.3701289551962656 0.2745925632124315 0
    vertex -0.3383817871657351 0.2489189469803769 0
    vertex -0.3868123099278794 0.2244302316608447 0
  endloop
endfacet
facet normal 0 0 -1
  outer loop
    vertex -0.3701289551962656 0.2745925632124315 0
    vertex -0.3216984324341212 0.2990812785319636 0
    vertex -0.3383817871657351 0.2489189469803769 0
  endloop
endfacet
facet normal 0 0 -1
  outer loop
    vertex -0.3868123099278794 0.2244302316608447 0
    vertex -0.3383817871657351 0.2489189469803769 0
    vertex -0.3550651418973489 0.1987566154287901 0
  endloop
endfacet
facet normal 0 0 -1
  outer loop
    vertex 0.2239518052331377 0.400668291644178 0
    vertex 0.2229643665303082 0.3440362394910716 0
    vertex 0.1954650007170358 0.3731870257775753 0
  endloop
endfacet
facet normal -0 0 -1
  outer loop
    vertex 0.2229643665303082 0.3440362394910716 0
    vertex 0.1944775620142063 0.3165549736244689 0
    vertex 0.1954650007170358 0.3731870257775753 0
  endloop
endfacet
facet normal 0 0 -1
  outer loop
    vertex 0.2229643665303082 0.3440362394910716 0
    vertex 0.2219769278274786 0.2874041873379652 0
    vertex 0.1944775620142063 0.3165549736244689 0
  endloop
endfacet
facet normal 0 0 -1
  outer loop
    vertex 0.1954650007170358 0.3731870257775753 0
    vertex 0.1944775620142063 0.3165549736244689 0
    vertex 0.1669781962009339 0.3457057599109727 0
  endloop
endfacet
facet normal 0 0 -1
  outer loop
    vertex -0.3376997645250289 0.1009392252201413 0
    vertex -0.3632943267069589 0.05046961261007064 0
    vertex -0.3831940428107866 0.08590104293366357 0
  endloop
endfacet
facet normal -0 0 -1
  outer loop
    vertex -0.3632943267069589 0.05046961261007064 0
    vertex -0.4087886049927166 0.03543143032359293 0
    vertex -0.3831940428107866 0.08590104293366357 0
  endloop
endfacet
facet normal 0 0 -1
  outer loop
    vertex -0.3632943267069589 0.05046961261007064 0
    vertex -0.3888888888888889 0 0
    vertex -0.4087886049927166 0.03543143032359293 0
  endloop
endfacet
facet normal 0 0 -1
  outer loop
    vertex -0.3831940428107866 0.08590104293366357 0
    vertex -0.4087886049927166 0.03543143032359293 0
    vertex -0.4286883210965443 0.07086286064718586 0
  endloop
endfacet
facet normal 0 0 -1
  outer loop
    vertex 0.3888888888888892 0 0
    vertex 0.3632221165279864 0.05046907080528065 0
    vertex 0.4087731275288089 0.03543061222585328 0
  endloop
endfacet
facet normal 0 0 -1
  outer loop
    vertex 0.3632221165279864 0.05046907080528065 0
    vertex 0.3831063551679061 0.08589968303113393 0
    vertex 0.4087731275288089 0.03543061222585328 0
  endloop
endfacet
facet normal 0 0 -1
  outer loop
    vertex 0.3632221165279864 0.05046907080528065 0
    vertex 0.3375553441670837 0.1009381416105613 0
    vertex 0.3831063551679061 0.08589968303113393 0
  endloop
endfacet
facet normal 0 0 -1
  outer loop
    vertex 0.4087731275288089 0.03543061222585328 0
    vertex 0.3831063551679061 0.08589968303113393 0
    vertex 0.4286573661687285 0.07086122445170656 0
  endloop
endfacet
facet normal 0 0 -1
  outer loop
    vertex 0.3425957391440657 0.4135511163233379 0
    vertex 0.3657423140164775 0.4567755581616689 0
    vertex 0.3841304008972951 0.4213425682761579 0
  endloop
endfacet
facet normal 0 0 -1
  outer loop
    vertex 0.3657423140164775 0.4567755581616689 0
    vertex 0.4072769757697068 0.464567010114489 0
    vertex 0.3841304008972951 0.4213425682761579 0
  endloop
endfacet
facet normal 0 0 -1
  outer loop
    vertex 0.3657423140164775 0.4567755581616689 0
    vertex 0.3888888888888892 0.5 0
    vertex 0.4072769757697068 0.464567010114489 0
  endloop
endfacet
facet normal 0 0 -1
  outer loop
    vertex 0.3841304008972951 0.4213425682761579 0
    vertex 0.4072769757697068 0.464567010114489 0
    vertex 0.4256650626505245 0.4291340202289779 0
  endloop
endfacet
facet normal 0 -0 -1
  outer loop
    vertex -0.3888888888888889 0.5 0
    vertex -0.3659466880473112 0.4566942871690135 0
    vertex -0.40918292498064 0.4663388574338028 0
  endloop
endfacet
facet normal -0 0 -1
  outer loop
    vertex -0.3659466880473112 0.4566942871690135 0
    vertex -0.3862407241390622 0.4230331446028163 0
    vertex -0.40918292498064 0.4663388574338028 0
  endloop
endfacet
facet normal 0 -0 -1
  outer loop
    vertex -0.3659466880473112 0.4566942871690135 0
    vertex -0.3430044872057335 0.4133885743380271 0
    vertex -0.3862407241390622 0.4230331446028163 0
  endloop
endfacet
facet normal 0 -0 -1
  outer loop
    vertex -0.40918292498064 0.4663388574338028 0
    vertex -0.3862407241390622 0.4230331446028163 0
    vertex -0.429476961072391 0.4326777148676055 0
  endloop
endfacet
facet normal 0 0 -1
  outer loop
    vertex -0.3376997645250289 0.1009392252201413 0
    vertex -0.3802682808403401 0.1271888501636791 0
    vertex -0.3463824532111889 0.1498479203244657 0
  endloop
endfacet
facet normal 0 0 -1
  outer loop
    vertex -0.3802682808403401 0.1271888501636791 0
    vertex -0.3889509695265001 0.1760975452680035 0
    vertex -0.3463824532111889 0.1498479203244657 0
  endloop
endfacet
facet normal 0 0 -1
  outer loop
    vertex -0.3802682808403401 0.1271888501636791 0
    vertex -0.4228367971556514 0.153438475107217 0
    vertex -0.3889509695265001 0.1760975452680035 0
  endloop
endfacet
facet normal 0 0 -1
  outer loop
    vertex -0.3463824532111889 0.1498479203244657 0
    vertex -0.3889509695265001 0.1760975452680035 0
    vertex -0.3550651418973489 0.1987566154287901 0
  endloop
endfacet
facet normal -0 0 -1
  outer loop
    vertex 0.4227645330188854 0.153428105348442 0
    vertex 0.3801599385929846 0.1271831234795017 0
    vertex 0.3888987238506751 0.1760920229745672 0
  endloop
endfacet
facet normal 0 0 -1
  outer loop
    vertex 0.3801599385929846 0.1271831234795017 0
    vertex 0.3462941294247742 0.1498470411056269 0
    vertex 0.3888987238506751 0.1760920229745672 0
  endloop
endfacet
facet normal -0 0 -1
  outer loop
    vertex 0.3801599385929846 0.1271831234795017 0
    vertex 0.3375553441670837 0.1009381416105613 0
    vertex 0.3462941294247742 0.1498470411056269 0
  endloop
endfacet
facet normal -0 0 -1
  outer loop
    vertex 0.3888987238506751 0.1760920229745672 0
    vertex 0.3462941294247742 0.1498470411056269 0
    vertex 0.3550329146824648 0.1987559406006924 0
  endloop
endfacet
facet normal 0 0 -1
  outer loop
    vertex 0.0006590396556849232 0.283360971390023 0
    vertex -0.05607603175202669 0.2834218221842745 0
    vertex -0.02766015232790936 0.3140687049514307 0
  endloop
endfacet
facet normal 0 0 -1
  outer loop
    vertex -0.05607603175202669 0.2834218221842745 0
    vertex -0.08439522373562097 0.3141295557456821 0
    vertex -0.02766015232790936 0.3140687049514307 0
  endloop
endfacet
facet normal 0 0 -1
  outer loop
    vertex -0.05607603175202669 0.2834218221842745 0
    vertex -0.1128111031597383 0.2834826729785259 0
    vertex -0.08439522373562097 0.3141295557456821 0
  endloop
endfacet
facet normal 0 0 -1
  outer loop
    vertex -0.02766015232790936 0.3140687049514307 0
    vertex -0.08439522373562097 0.3141295557456821 0
    vertex -0.05597934431150364 0.3447764385128383 0
  endloop
endfacet
facet normal 0 0 -1
  outer loop
    vertex 0.0006590396556849232 0.283360971390023 0
    vertex -0.02766015232790936 0.3140687049514307 0
    vertex 0.02824494726759241 0.3144165410871986 0
  endloop
endfacet
facet normal 0 0 -1
  outer loop
    vertex -0.02766015232790936 0.3140687049514307 0
    vertex -7.424471600186999e-05 0.3451242746486062 0
    vertex 0.02824494726759241 0.3144165410871986 0
  endloop
endfacet
facet normal 0 0 -1
  outer loop
    vertex -0.02766015232790936 0.3140687049514307 0
    vertex -0.05597934431150364 0.3447764385128383 0
    vertex -7.424471600186999e-05 0.3451242746486062 0
  endloop
endfacet
facet normal 0 0 -1
  outer loop
    vertex 0.02824494726759241 0.3144165410871986 0
    vertex -7.424471600186999e-05 0.3451242746486062 0
    vertex 0.0558308548794999 0.3454721107843741 0
  endloop
endfacet
facet normal 0 0 -1
  outer loop
    vertex -0.05597934431150364 0.3447764385128383 0
    vertex -0.02799287231620762 0.3759337280522924 0
    vertex -7.424471600186999e-05 0.3451242746486062 0
  endloop
endfacet
facet normal 0 0 -1
  outer loop
    vertex -0.02799287231620762 0.3759337280522924 0
    vertex 0.0279122272792941 0.3762815641880603 0
    vertex -7.424471600186999e-05 0.3451242746486062 0
  endloop
endfacet
facet normal 0 0 -1
  outer loop
    vertex -0.02799287231620762 0.3759337280522924 0
    vertex -6.400320911648105e-06 0.4070910175917465 0
    vertex 0.0279122272792941 0.3762815641880603 0
  endloop
endfacet
facet normal 0 0 -1
  outer loop
    vertex -7.424471600186999e-05 0.3451242746486062 0
    vertex 0.0279122272792941 0.3762815641880603 0
    vertex 0.0558308548794999 0.3454721107843741 0
  endloop
endfacet
facet normal 0 -0 -1
  outer loop
    vertex -0.1117333790234846 0.4041342216817793 0
    vertex -0.08385636166749411 0.3744553300973088 0
    vertex -0.1371546583868445 0.3742216379108587 0
  endloop
endfacet
facet normal 0 0 -1
  outer loop
    vertex -0.08385636166749411 0.3744553300973088 0
    vertex -0.109277641030854 0.3445427463263881 0
    vertex -0.1371546583868445 0.3742216379108587 0
  endloop
endfacet
facet normal 0 -0 -1
  outer loop
    vertex -0.08385636166749411 0.3744553300973088 0
    vertex -0.05597934431150364 0.3447764385128383 0
    vertex -0.109277641030854 0.3445427463263881 0
  endloop
endfacet
facet normal 0 -0 -1
  outer loop
    vertex -0.1371546583868445 0.3742216379108587 0
    vertex -0.109277641030854 0.3445427463263881 0
    vertex -0.1625759377502045 0.344309054139938 0
  endloop
endfacet
facet normal 0 0 -1
  outer loop
    vertex -0.05597934431150364 0.3447764385128383 0
    vertex -0.08439522373562097 0.3141295557456821 0
    vertex -0.109277641030854 0.3445427463263881 0
  endloop
endfacet
facet normal -0 0 -1
  outer loop
    vertex -0.08439522373562097 0.3141295557456821 0
    vertex -0.1376935204549714 0.3138958635592319 0
    vertex -0.109277641030854 0.3445427463263881 0
  endloop
endfacet
facet normal 0 0 -1
  outer loop
    vertex -0.08439522373562097 0.3141295557456821 0
    vertex -0.1128111031597383 0.2834826729785259 0
    vertex -0.1376935204549714 0.3138958635592319 0
  endloop
endfacet
facet normal 0 0 -1
  outer loop
    vertex -0.109277641030854 0.3445427463263881 0
    vertex -0.1376935204549714 0.3138958635592319 0
    vertex -0.1625759377502045 0.344309054139938 0
  endloop
endfacet
facet normal 0 0 -1
  outer loop
    vertex -0.1117333790234846 0.4041342216817793 0
    vertex -0.05586988967219814 0.4056126196367629 0
    vertex -0.08385636166749411 0.3744553300973088 0
  endloop
endfacet
facet normal 0 -0 -1
  outer loop
    vertex -0.05586988967219814 0.4056126196367629 0
    vertex -0.02799287231620762 0.3759337280522924 0
    vertex -0.08385636166749411 0.3744553300973088 0
  endloop
endfacet
facet normal 0 0 -1
  outer loop
    vertex -0.05586988967219814 0.4056126196367629 0
    vertex -6.400320911648105e-06 0.4070910175917465 0
    vertex -0.02799287231620762 0.3759337280522924 0
  endloop
endfacet
facet normal 0 0 -1
  outer loop
    vertex -0.08385636166749411 0.3744553300973088 0
    vertex -0.02799287231620762 0.3759337280522924 0
    vertex -0.05597934431150364 0.3447764385128383 0
  endloop
endfacet
facet normal 0 0 -1
  outer loop
    vertex -6.400320911648105e-06 0.4070910175917465 0
    vertex 0.05586348935128671 0.4056126196367628 0
    vertex 0.0279122272792941 0.3762815641880603 0
  endloop
endfacet
facet normal 0 -0 -1
  outer loop
    vertex 0.05586348935128671 0.4056126196367628 0
    vertex 0.08378211695149251 0.3748031662330766 0
    vertex 0.0279122272792941 0.3762815641880603 0
  endloop
endfacet
facet normal 0 0 -1
  outer loop
    vertex 0.05586348935128671 0.4056126196367628 0
    vertex 0.1117333790234851 0.4041342216817791 0
    vertex 0.08378211695149251 0.3748031662330766 0
  endloop
endfacet
facet normal 0 0 -1
  outer loop
    vertex 0.0279122272792941 0.3762815641880603 0
    vertex 0.08378211695149251 0.3748031662330766 0
    vertex 0.0558308548794999 0.3454721107843741 0
  endloop
endfacet
facet normal 0 0 -1
  outer loop
    vertex -0.2248635614288356 0.3992961362010271 0
    vertex -0.1682984702261601 0.4017151789414032 0
    vertex -0.19371974958952 0.3718025951704825 0
  endloop
endfacet
facet normal 0 -0 -1
  outer loop
    vertex -0.1682984702261601 0.4017151789414032 0
    vertex -0.1371546583868445 0.3742216379108587 0
    vertex -0.19371974958952 0.3718025951704825 0
  endloop
endfacet
facet normal 0 0 -1
  outer loop
    vertex -0.1682984702261601 0.4017151789414032 0
    vertex -0.1117333790234846 0.4041342216817793 0
    vertex -0.1371546583868445 0.3742216379108587 0
  endloop
endfacet
facet normal 0 0 -1
  outer loop
    vertex -0.19371974958952 0.3718025951704825 0
    vertex -0.1371546583868445 0.3742216379108587 0
    vertex -0.1625759377502045 0.344309054139938 0
  endloop
endfacet
facet normal 0 0 -1
  outer loop
    vertex 0.1117333790234851 0.4041342216817791 0
    vertex 0.1678425921283114 0.4024012566629785 0
    vertex 0.1393557876122096 0.3749199907963759 0
  endloop
endfacet
facet normal 0 -0 -1
  outer loop
    vertex 0.1678425921283114 0.4024012566629785 0
    vertex 0.1954650007170358 0.3731870257775753 0
    vertex 0.1393557876122096 0.3749199907963759 0
  endloop
endfacet
facet normal 0 0 -1
  outer loop
    vertex 0.1678425921283114 0.4024012566629785 0
    vertex 0.2239518052331377 0.400668291644178 0
    vertex 0.1954650007170358 0.3731870257775753 0
  endloop
endfacet
facet normal 0 0 -1
  outer loop
    vertex 0.1393557876122096 0.3749199907963759 0
    vertex 0.1954650007170358 0.3731870257775753 0
    vertex 0.1669781962009339 0.3457057599109727 0
  endloop
endfacet
facet normal 0 0 -1
  outer loop
    vertex 0.2219769278274786 0.2874041873379652 0
    vertex 0.1667885934283947 0.287584221478425 0
    vertex 0.1944775620142063 0.3165549736244689 0
  endloop
endfacet
facet normal 0 0 -1
  outer loop
    vertex 0.1667885934283947 0.287584221478425 0
    vertex 0.1392892276151223 0.3167350077649288 0
    vertex 0.1944775620142063 0.3165549736244689 0
  endloop
endfacet
facet normal 0 0 -1
  outer loop
    vertex 0.1667885934283947 0.287584221478425 0
    vertex 0.1116002590293108 0.2877642556188849 0
    vertex 0.1392892276151223 0.3167350077649288 0
  endloop
endfacet
facet normal 0 0 -1
  outer loop
    vertex 0.1944775620142063 0.3165549736244689 0
    vertex 0.1392892276151223 0.3167350077649288 0
    vertex 0.1669781962009339 0.3457057599109727 0
  endloop
endfacet
facet normal 0 -0 -1
  outer loop
    vertex 0.1117333790234851 0.4041342216817791 0
    vertex 0.1393557876122096 0.3749199907963759 0
    vertex 0.08378211695149251 0.3748031662330766 0
  endloop
endfacet
facet normal 0 0 -1
  outer loop
    vertex 0.1393557876122096 0.3749199907963759 0
    vertex 0.111404525540217 0.3455889353476734 0
    vertex 0.08378211695149251 0.3748031662330766 0
  endloop
endfacet
facet normal 0 -0 -1
  outer loop
    vertex 0.1393557876122096 0.3749199907963759 0
    vertex 0.1669781962009339 0.3457057599109727 0
    vertex 0.111404525540217 0.3455889353476734 0
  endloop
endfacet
facet normal 0 -0 -1
  outer loop
    vertex 0.08378211695149251 0.3748031662330766 0
    vertex 0.111404525540217 0.3455889353476734 0
    vertex 0.0558308548794999 0.3454721107843741 0
  endloop
endfacet
facet normal 0 0 -1
  outer loop
    vertex 0.1669781962009339 0.3457057599109727 0
    vertex 0.1392892276151223 0.3167350077649288 0
    vertex 0.111404525540217 0.3455889353476734 0
  endloop
endfacet
facet normal -0 0 -1
  outer loop
    vertex 0.1392892276151223 0.3167350077649288 0
    vertex 0.08371555695440536 0.3166181832016295 0
    vertex 0.111404525540217 0.3455889353476734 0
  endloop
endfacet
facet normal 0 0 -1
  outer loop
    vertex 0.1392892276151223 0.3167350077649288 0
    vertex 0.1116002590293108 0.2877642556188849 0
    vertex 0.08371555695440536 0.3166181832016295 0
  endloop
endfacet
facet normal 0 0 -1
  outer loop
    vertex 0.111404525540217 0.3455889353476734 0
    vertex 0.08371555695440536 0.3166181832016295 0
    vertex 0.0558308548794999 0.3454721107843741 0
  endloop
endfacet
facet normal 0 0 -1
  outer loop
    vertex 0.41506879501269 0.3500000000000001 0
    vertex 0.3788322670783779 0.381775558161669 0
    vertex 0.4203669288316072 0.389567010114489 0
  endloop
endfacet
facet normal 0 0 -1
  outer loop
    vertex 0.3788322670783779 0.381775558161669 0
    vertex 0.3841304008972951 0.4213425682761579 0
    vertex 0.4203669288316072 0.389567010114489 0
  endloop
endfacet
facet normal 0 0 -1
  outer loop
    vertex 0.3788322670783779 0.381775558161669 0
    vertex 0.3425957391440657 0.4135511163233379 0
    vertex 0.3841304008972951 0.4213425682761579 0
  endloop
endfacet
facet normal 0 0 -1
  outer loop
    vertex 0.4203669288316072 0.389567010114489 0
    vertex 0.3841304008972951 0.4213425682761579 0
    vertex 0.4256650626505245 0.4291340202289779 0
  endloop
endfacet
facet normal 0 0 -1
  outer loop
    vertex -0.1128111031597383 0.2834826729785259 0
    vertex -0.1678773816234399 0.2847625530531912 0
    vertex -0.1376935204549714 0.3138958635592319 0
  endloop
endfacet
facet normal 0 0 -1
  outer loop
    vertex -0.1678773816234399 0.2847625530531912 0
    vertex -0.192759798918673 0.3151757436338973 0
    vertex -0.1376935204549714 0.3138958635592319 0
  endloop
endfacet
facet normal 0 0 -1
  outer loop
    vertex -0.1678773816234399 0.2847625530531912 0
    vertex -0.2229436600871414 0.2860424331278566 0
    vertex -0.192759798918673 0.3151757436338973 0
  endloop
endfacet
facet normal 0 0 -1
  outer loop
    vertex -0.1376935204549714 0.3138958635592319 0
    vertex -0.192759798918673 0.3151757436338973 0
    vertex -0.1625759377502045 0.344309054139938 0
  endloop
endfacet
facet normal 0 0 -1
  outer loop
    vertex 0.3375553441670837 0.1009381416105613 0
    vertex 0.3801599385929846 0.1271831234795017 0
    vertex 0.3831063551679061 0.08589968303113393 0
  endloop
endfacet
facet normal 0 0 -1
  outer loop
    vertex 0.3801599385929846 0.1271831234795017 0
    vertex 0.425710949593807 0.1121446649000743 0
    vertex 0.3831063551679061 0.08589968303113393 0
  endloop
endfacet
facet normal 0 0 -1
  outer loop
    vertex 0.3801599385929846 0.1271831234795017 0
    vertex 0.4227645330188854 0.153428105348442 0
    vertex 0.425710949593807 0.1121446649000743 0
  endloop
endfacet
facet normal 0 0 -1
  outer loop
    vertex 0.3831063551679061 0.08589968303113393 0
    vertex 0.425710949593807 0.1121446649000743 0
    vertex 0.4286573661687285 0.07086122445170656 0
  endloop
endfacet
facet normal 0 -0 -1
  outer loop
    vertex -0.4228367971556514 0.153438475107217 0
    vertex -0.3802682808403401 0.1271888501636791 0
    vertex -0.4257625591260978 0.1121506678772014 0
  endloop
endfacet
facet normal 0 0 -1
  outer loop
    vertex -0.3802682808403401 0.1271888501636791 0
    vertex -0.3831940428107866 0.08590104293366357 0
    vertex -0.4257625591260978 0.1121506678772014 0
  endloop
endfacet
facet normal 0 -0 -1
  outer loop
    vertex -0.3802682808403401 0.1271888501636791 0
    vertex -0.3376997645250289 0.1009392252201413 0
    vertex -0.3831940428107866 0.08590104293366357 0
  endloop
endfacet
facet normal 0 -0 -1
  outer loop
    vertex -0.4257625591260978 0.1121506678772014 0
    vertex -0.3831940428107866 0.08590104293366357 0
    vertex -0.4286883210965443 0.07086286064718586 0
  endloop
endfacet
facet normal -0 0 -1
  outer loop
    vertex 0.1116002590293108 0.2877642556188849 0
    vertex 0.05612964934249787 0.2855626135044539 0
    vertex 0.08371555695440536 0.3166181832016295 0
  endloop
endfacet
facet normal 0 0 -1
  outer loop
    vertex 0.05612964934249787 0.2855626135044539 0
    vertex 0.02824494726759241 0.3144165410871986 0
    vertex 0.08371555695440536 0.3166181832016295 0
  endloop
endfacet
facet normal -0 0 -1
  outer loop
    vertex 0.05612964934249787 0.2855626135044539 0
    vertex 0.0006590396556849232 0.283360971390023 0
    vertex 0.02824494726759241 0.3144165410871986 0
  endloop
endfacet
facet normal -0 0 -1
  outer loop
    vertex 0.08371555695440536 0.3166181832016295 0
    vertex 0.02824494726759241 0.3144165410871986 0
    vertex 0.0558308548794999 0.3454721107843741 0
  endloop
endfacet
facet normal -0 0 -1
  outer loop
    vertex -0.3430044872057335 0.4133885743380271 0
    vertex -0.3792479582365331 0.3816942871690136 0
    vertex -0.3862407241390622 0.4230331446028163 0
  endloop
endfacet
facet normal 0 0 -1
  outer loop
    vertex -0.3792479582365331 0.3816942871690136 0
    vertex -0.4224841951698619 0.3913388574338028 0
    vertex -0.3862407241390622 0.4230331446028163 0
  endloop
endfacet
facet normal -0 0 -1
  outer loop
    vertex -0.3792479582365331 0.3816942871690136 0
    vertex -0.4154914292673328 0.3500000000000001 0
    vertex -0.4224841951698619 0.3913388574338028 0
  endloop
endfacet
facet normal -0 0 -1
  outer loop
    vertex -0.3862407241390622 0.4230331446028163 0
    vertex -0.4224841951698619 0.3913388574338028 0
    vertex -0.429476961072391 0.4326777148676055 0
  endloop
endfacet
facet normal -0 0 -1
  outer loop
    vertex 0.5 0.4000000000000001 0
    vertex 0.4575343975063451 0.3750000000000001 0
    vertex 0.4628325313252623 0.414567010114489 0
  endloop
endfacet
facet normal 0 0 -1
  outer loop
    vertex 0.4575343975063451 0.3750000000000001 0
    vertex 0.4203669288316072 0.389567010114489 0
    vertex 0.4628325313252623 0.414567010114489 0
  endloop
endfacet
facet normal -0 0 -1
  outer loop
    vertex 0.4575343975063451 0.3750000000000001 0
    vertex 0.41506879501269 0.3500000000000001 0
    vertex 0.4203669288316072 0.389567010114489 0
  endloop
endfacet
facet normal -0 0 -1
  outer loop
    vertex 0.4628325313252623 0.414567010114489 0
    vertex 0.4203669288316072 0.389567010114489 0
    vertex 0.4256650626505245 0.4291340202289779 0
  endloop
endfacet
facet normal 0 0 -1
  outer loop
    vertex 0.4227645330188854 0.153428105348442 0
    vertex 0.4613822665094427 0.126714052674221 0
    vertex 0.425710949593807 0.1121446649000743 0
  endloop
endfacet
facet normal 0 -0 -1
  outer loop
    vertex 0.4613822665094427 0.126714052674221 0
    vertex 0.4643286830843643 0.0854306122258533 0
    vertex 0.425710949593807 0.1121446649000743 0
  endloop
endfacet
facet normal 0 0 -1
  outer loop
    vertex 0.4613822665094427 0.126714052674221 0
    vertex 0.5 0.1 0
    vertex 0.4643286830843643 0.0854306122258533 0
  endloop
endfacet
facet normal 0 0 -1
  outer loop
    vertex 0.425710949593807 0.1121446649000743 0
    vertex 0.4643286830843643 0.0854306122258533 0
    vertex 0.4286573661687285 0.07086122445170656 0
  endloop
endfacet
facet normal 0 0 -1
  outer loop
    vertex -0.5 0.1 0
    vertex -0.4614183985778257 0.1267192375536085 0
    vertex -0.4643441605482721 0.08543143032359293 0
  endloop
endfacet
facet normal 0 -0 -1
  outer loop
    vertex -0.4614183985778257 0.1267192375536085 0
    vertex -0.4257625591260978 0.1121506678772014 0
    vertex -0.4643441605482721 0.08543143032359293 0
  endloop
endfacet
facet normal 0 0 -1
  outer loop
    vertex -0.4614183985778257 0.1267192375536085 0
    vertex -0.4228367971556514 0.153438475107217 0
    vertex -0.4257625591260978 0.1121506678772014 0
  endloop
endfacet
facet normal 0 0 -1
  outer loop
    vertex -0.4643441605482721 0.08543143032359293 0
    vertex -0.4257625591260978 0.1121506678772014 0
    vertex -0.4286883210965443 0.07086286064718586 0
  endloop
endfacet
facet normal 0 0 -1
  outer loop
    vertex -0.4154914292673328 0.3500000000000001 0
    vertex -0.4577457146336664 0.3750000000000001 0
    vertex -0.4224841951698619 0.3913388574338028 0
  endloop
endfacet
facet normal 0 0 -1
  outer loop
    vertex -0.4577457146336664 0.3750000000000001 0
    vertex -0.4647384805361955 0.4163388574338028 0
    vertex -0.4224841951698619 0.3913388574338028 0
  endloop
endfacet
facet normal 0 0 -1
  outer loop
    vertex -0.4577457146336664 0.3750000000000001 0
    vertex -0.5 0.4000000000000001 0
    vertex -0.4647384805361955 0.4163388574338028 0
  endloop
endfacet
facet normal 0 0 -1
  outer loop
    vertex -0.4224841951698619 0.3913388574338028 0
    vertex -0.4647384805361955 0.4163388574338028 0
    vertex -0.429476961072391 0.4326777148676055 0
  endloop
endfacet
facet normal 0 0 -1
  outer loop
    vertex -0.4228367971556514 0.153438475107217 0
    vertex -0.4206981375570307 0.2017711615000582 0
    vertex -0.3889509695265001 0.1760975452680035 0
  endloop
endfacet
facet normal 0 0 -1
  outer loop
    vertex -0.4206981375570307 0.2017711615000582 0
    vertex -0.3868123099278794 0.2244302316608447 0
    vertex -0.3889509695265001 0.1760975452680035 0
  endloop
endfacet
facet normal 0 0 -1
  outer loop
    vertex -0.4206981375570307 0.2017711615000582 0
    vertex -0.4185594779584099 0.2501038478928994 0
    vertex -0.3868123099278794 0.2244302316608447 0
  endloop
endfacet
facet normal 0 0 -1
  outer loop
    vertex -0.3889509695265001 0.1760975452680035 0
    vertex -0.3868123099278794 0.2244302316608447 0
    vertex -0.3550651418973489 0.1987566154287901 0
  endloop
endfacet
facet normal 0 -0 -1
  outer loop
    vertex 0.4183025407106437 0.2500433877779273 0
    vertex 0.4205335368647645 0.2017357465631847 0
    vertex 0.3866677276965542 0.2243996641893098 0
  endloop
endfacet
facet normal -0 0 -1
  outer loop
    vertex 0.4205335368647645 0.2017357465631847 0
    vertex 0.3888987238506751 0.1760920229745672 0
    vertex 0.3866677276965542 0.2243996641893098 0
  endloop
endfacet
facet normal 0 -0 -1
  outer loop
    vertex 0.4205335368647645 0.2017357465631847 0
    vertex 0.4227645330188854 0.153428105348442 0
    vertex 0.3888987238506751 0.1760920229745672 0
  endloop
endfacet
facet normal 0 -0 -1
  outer loop
    vertex 0.3866677276965542 0.2243996641893098 0
    vertex 0.3888987238506751 0.1760920229745672 0
    vertex 0.3550329146824648 0.1987559406006924 0
  endloop
endfacet
facet normal 0 0 1
  outer loop
    vertex -0.2236806900005862 0.2143883666493137 0.5
    vertex -0.2726908320782654 0.2077128821852561 0.5
    vertex -0.2242943350962904 0.1575717715048657 0.5
  endloop
endfacet
facet normal 0 0 1
  outer loop
    vertex -0.2726908320782654 0.2077128821852561 0.5
    vertex -0.2733044771739696 0.1508962870408081 0.5
    vertex -0.2242943350962904 0.1575717715048657 0.5
  endloop
endfacet
facet normal 0 0 1
  outer loop
    vertex -0.2726908320782654 0.2077128821852561 0.5
    vertex -0.3217009741559446 0.2010373977211986 0.5
    vertex -0.2733044771739696 0.1508962870408081 0.5
  endloop
endfacet
facet normal 0 0 1
  outer loop
    vertex -0.2242943350962904 0.1575717715048657 0.5
    vertex -0.2733044771739696 0.1508962870408081 0.5
    vertex -0.2249079801919946 0.1007551763604176 0.5
  endloop
endfacet
facet normal 0 -0 1
  outer loop
    vertex 0.224015358735006 0.09933160351427463 0.5
    vertex 0.2726900651168077 0.1498959311385933 0.5
    vertex 0.2229961432812422 0.1559637080881548 0.5
  endloop
endfacet
facet normal 0 0 1
  outer loop
    vertex 0.2726900651168077 0.1498959311385933 0.5
    vertex 0.2716708496630439 0.2065280357124735 0.5
    vertex 0.2229961432812422 0.1559637080881548 0.5
  endloop
endfacet
facet normal 0 -0 1
  outer loop
    vertex 0.2726900651168077 0.1498959311385933 0.5
    vertex 0.3213647714986094 0.200460258762912 0.5
    vertex 0.2716708496630439 0.2065280357124735 0.5
  endloop
endfacet
facet normal 0 -0 1
  outer loop
    vertex 0.2229961432812422 0.1559637080881548 0.5
    vertex 0.2716708496630439 0.2065280357124735 0.5
    vertex 0.2219769278274784 0.212595812662035 0.5
  endloop
endfacet
facet normal 0 0 1
  outer loop
    vertex -0.2249079801919946 0.1007551763604176 0.5
    vertex -0.2733044771739696 0.1508962870408081 0.5
    vertex -0.2838849159589614 0.09372154442826269 0.5
  endloop
endfacet
facet normal 0 0 1
  outer loop
    vertex -0.2733044771739696 0.1508962870408081 0.5
    vertex -0.3322814129409363 0.1438626551086531 0.5
    vertex -0.2838849159589614 0.09372154442826269 0.5
  endloop
endfacet
facet normal 0 0 1
  outer loop
    vertex -0.2733044771739696 0.1508962870408081 0.5
    vertex -0.3217009741559446 0.2010373977211986 0.5
    vertex -0.3322814129409363 0.1438626551086531 0.5
  endloop
endfacet
facet normal 0 0 1
  outer loop
    vertex -0.2838849159589614 0.09372154442826269 0.5
    vertex -0.3322814129409363 0.1438626551086531 0.5
    vertex -0.3428618517259281 0.08668791249610777 0.5
  endloop
endfacet
facet normal 0 0 1
  outer loop
    vertex 0.3428631200900951 0.08638271561452326 0.5
    vertex 0.3321139457943523 0.1434214871887176 0.5
    vertex 0.2834392394125506 0.09285715956439894 0.5
  endloop
endfacet
facet normal 0 0 1
  outer loop
    vertex 0.3321139457943523 0.1434214871887176 0.5
    vertex 0.2726900651168077 0.1498959311385933 0.5
    vertex 0.2834392394125506 0.09285715956439894 0.5
  endloop
endfacet
facet normal 0 0 1
  outer loop
    vertex 0.3321139457943523 0.1434214871887176 0.5
    vertex 0.3213647714986094 0.200460258762912 0.5
    vertex 0.2726900651168077 0.1498959311385933 0.5
  endloop
endfacet
facet normal 0 0 1
  outer loop
    vertex 0.2834392394125506 0.09285715956439894 0.5
    vertex 0.2726900651168077 0.1498959311385933 0.5
    vertex 0.224015358735006 0.09933160351427463 0.5
  endloop
endfacet
facet normal -0 0 1
  outer loop
    vertex 0.2219769278274784 0.212595812662035 0.5
    vertex 0.2716708496630439 0.2065280357124735 0.5
    vertex 0.246798235479719 0.2581835841169137 0.5
  endloop
endfacet
facet normal 0 -0 1
  outer loop
    vertex 0.2716708496630439 0.2065280357124735 0.5
    vertex 0.2964921573152846 0.2521158071673522 0.5
    vertex 0.246798235479719 0.2581835841169137 0.5
  endloop
endfacet
facet normal -0 0 1
  outer loop
    vertex 0.2716708496630439 0.2065280357124735 0.5
    vertex 0.3213647714986094 0.200460258762912 0.5
    vertex 0.2964921573152846 0.2521158071673522 0.5
  endloop
endfacet
facet normal -0 0 1
  outer loop
    vertex 0.246798235479719 0.2581835841169137 0.5
    vertex 0.2964921573152846 0.2521158071673522 0.5
    vertex 0.2716195431319597 0.3037713555717923 0.5
  endloop
endfacet
facet normal 0 0 1
  outer loop
    vertex -0.2719623503497406 0.3042275156704599 0.5
    vertex -0.2968316622528426 0.2526324566958292 0.5
    vertex -0.2478215201751634 0.2593079411598868 0.5
  endloop
endfacet
facet normal -0 0 1
  outer loop
    vertex -0.2968316622528426 0.2526324566958292 0.5
    vertex -0.2726908320782654 0.2077128821852561 0.5
    vertex -0.2478215201751634 0.2593079411598868 0.5
  endloop
endfacet
facet normal 0 0 1
  outer loop
    vertex -0.2968316622528426 0.2526324566958292 0.5
    vertex -0.3217009741559446 0.2010373977211986 0.5
    vertex -0.2726908320782654 0.2077128821852561 0.5
  endloop
endfacet
facet normal 0 0 1
  outer loop
    vertex -0.2478215201751634 0.2593079411598868 0.5
    vertex -0.2726908320782654 0.2077128821852561 0.5
    vertex -0.2236806900005862 0.2143883666493137 0.5
  endloop
endfacet
facet normal 0 0 1
  outer loop
    vertex 0.0004078832908454011 0.2185270941351785 0.5
    vertex -0.02776299772027918 0.26417660002287 0.5
    vertex -0.05652463980298839 0.2174367563788624 0.5
  endloop
endfacet
facet normal 0 0 1
  outer loop
    vertex -0.02776299772027918 0.26417660002287 0.5
    vertex -0.08469552081411291 0.2630862622665538 0.5
    vertex -0.05652463980298839 0.2174367563788624 0.5
  endloop
endfacet
facet normal 0 0 1
  outer loop
    vertex -0.02776299772027918 0.26417660002287 0.5
    vertex -0.05593387873140376 0.3098261059105615 0.5
    vertex -0.08469552081411291 0.2630862622665538 0.5
  endloop
endfacet
facet normal 0 0 1
  outer loop
    vertex -0.05652463980298839 0.2174367563788624 0.5
    vertex -0.08469552081411291 0.2630862622665538 0.5
    vertex -0.1134571628968221 0.2163464186225463 0.5
  endloop
endfacet
facet normal 0 -0 1
  outer loop
    vertex 0.2219769278274784 0.212595812662035 0.5
    vertex 0.246798235479719 0.2581835841169137 0.5
    vertex 0.1944414437950861 0.2603975394678956 0.5
  endloop
endfacet
facet normal 0 0 1
  outer loop
    vertex 0.246798235479719 0.2581835841169137 0.5
    vertex 0.2192627514473267 0.3059853109227743 0.5
    vertex 0.1944414437950861 0.2603975394678956 0.5
  endloop
endfacet
facet normal 0 -0 1
  outer loop
    vertex 0.246798235479719 0.2581835841169137 0.5
    vertex 0.2716195431319597 0.3037713555717923 0.5
    vertex 0.2192627514473267 0.3059853109227743 0.5
  endloop
endfacet
facet normal 0 -0 1
  outer loop
    vertex 0.1944414437950861 0.2603975394678956 0.5
    vertex 0.2192627514473267 0.3059853109227743 0.5
    vertex 0.1669059597626937 0.3081992662737562 0.5
  endloop
endfacet
facet normal 0 -0 1
  outer loop
    vertex 0.2777777777777781 0 0.5
    vertex 0.3103204489339366 0.04319135780726163 0.5
    vertex 0.2508965682563921 0.04966580175713731 0.5
  endloop
endfacet
facet normal 0 0 1
  outer loop
    vertex 0.3103204489339366 0.04319135780726163 0.5
    vertex 0.2834392394125506 0.09285715956439894 0.5
    vertex 0.2508965682563921 0.04966580175713731 0.5
  endloop
endfacet
facet normal 0 -0 1
  outer loop
    vertex 0.3103204489339366 0.04319135780726163 0.5
    vertex 0.3428631200900951 0.08638271561452326 0.5
    vertex 0.2834392394125506 0.09285715956439894 0.5
  endloop
endfacet
facet normal 0 -0 1
  outer loop
    vertex 0.2508965682563921 0.04966580175713731 0.5
    vertex 0.2834392394125506 0.09285715956439894 0.5
    vertex 0.224015358735006 0.09933160351427463 0.5
  endloop
endfacet
facet normal 0 0 1
  outer loop
    vertex 0.2777777777777781 0.5 0.5
    vertex 0.2503575114056857 0.451696804317411 0.5
    vertex 0.3076665609724309 0.4495309291947194 0.5
  endloop
endfacet
facet normal 0 0 1
  outer loop
    vertex 0.2503575114056857 0.451696804317411 0.5
    vertex 0.2802462946003386 0.4012277335121304 0.5
    vertex 0.3076665609724309 0.4495309291947194 0.5
  endloop
endfacet
facet normal 0 0 1
  outer loop
    vertex 0.2503575114056857 0.451696804317411 0.5
    vertex 0.2229372450335935 0.4033936086348221 0.5
    vertex 0.2802462946003386 0.4012277335121304 0.5
  endloop
endfacet
facet normal 0 0 1
  outer loop
    vertex 0.3076665609724309 0.4495309291947194 0.5
    vertex 0.2802462946003386 0.4012277335121304 0.5
    vertex 0.3375553441670838 0.3990618583894388 0.5
  endloop
endfacet
facet normal 0 0 1
  outer loop
    vertex 0.2229372450335935 0.4033936086348221 0.5
    vertex 0.2472783940827765 0.3535824821033072 0.5
    vertex 0.2802462946003386 0.4012277335121304 0.5
  endloop
endfacet
facet normal -0 0 1
  outer loop
    vertex 0.2472783940827765 0.3535824821033072 0.5
    vertex 0.3045874436495217 0.3514166069806155 0.5
    vertex 0.2802462946003386 0.4012277335121304 0.5
  endloop
endfacet
facet normal 0 0 1
  outer loop
    vertex 0.2472783940827765 0.3535824821033072 0.5
    vertex 0.2716195431319597 0.3037713555717923 0.5
    vertex 0.3045874436495217 0.3514166069806155 0.5
  endloop
endfacet
facet normal 0 0 1
  outer loop
    vertex 0.2802462946003386 0.4012277335121304 0.5
    vertex 0.3045874436495217 0.3514166069806155 0.5
    vertex 0.3375553441670838 0.3990618583894388 0.5
  endloop
endfacet
facet normal 0 -0 1
  outer loop
    vertex -0.1134571628968221 0.2163464186225463 0.5
    vertex -0.08469552081411291 0.2630862622665538 0.5
    vertex -0.1404321781652854 0.2624533322574542 0.5
  endloop
endfacet
facet normal 0 0 1
  outer loop
    vertex -0.08469552081411291 0.2630862622665538 0.5
    vertex -0.1116705360825762 0.3091931759014618 0.5
    vertex -0.1404321781652854 0.2624533322574542 0.5
  endloop
endfacet
facet normal 0 -0 1
  outer loop
    vertex -0.08469552081411291 0.2630862622665538 0.5
    vertex -0.05593387873140376 0.3098261059105615 0.5
    vertex -0.1116705360825762 0.3091931759014618 0.5
  endloop
endfacet
facet normal 0 -0 1
  outer loop
    vertex -0.1404321781652854 0.2624533322574542 0.5
    vertex -0.1116705360825762 0.3091931759014618 0.5
    vertex -0.1674071934337487 0.3085602458923621 0.5
  endloop
endfacet
facet normal 0 0 1
  outer loop
    vertex -0.1674071934337487 0.3085602458923621 0.5
    vertex -0.1116705360825762 0.3091931759014618 0.5
    vertex -0.1392591522724298 0.3561676005137122 0.5
  endloop
endfacet
facet normal 0 -0 1
  outer loop
    vertex -0.1116705360825762 0.3091931759014618 0.5
    vertex -0.08352249492125741 0.3568005305228119 0.5
    vertex -0.1392591522724298 0.3561676005137122 0.5
  endloop
endfacet
facet normal 0 0 1
  outer loop
    vertex -0.1116705360825762 0.3091931759014618 0.5
    vertex -0.05593387873140376 0.3098261059105615 0.5
    vertex -0.08352249492125741 0.3568005305228119 0.5
  endloop
endfacet
facet normal 0 0 1
  outer loop
    vertex -0.1392591522724298 0.3561676005137122 0.5
    vertex -0.08352249492125741 0.3568005305228119 0.5
    vertex -0.111111111111111 0.4037749551350623 0.5
  endloop
endfacet
facet normal 0 0 1
  outer loop
    vertex -0.2249079801919946 0.1007551763604176 0.5
    vertex -0.2838849159589614 0.09372154442826269 0.5
    vertex -0.2513428789848862 0.05037758818020881 0.5
  endloop
endfacet
facet normal 0 0 1
  outer loop
    vertex -0.2838849159589614 0.09372154442826269 0.5
    vertex -0.3103198147518529 0.04334395624805389 0.5
    vertex -0.2513428789848862 0.05037758818020881 0.5
  endloop
endfacet
facet normal 0 0 1
  outer loop
    vertex -0.2838849159589614 0.09372154442826269 0.5
    vertex -0.3428618517259281 0.08668791249610777 0.5
    vertex -0.3103198147518529 0.04334395624805389 0.5
  endloop
endfacet
facet normal 0 0 1
  outer loop
    vertex -0.2513428789848862 0.05037758818020881 0.5
    vertex -0.3103198147518529 0.04334395624805389 0.5
    vertex -0.2777777777777777 0 0.5
  endloop
endfacet
facet normal -0 0 1
  outer loop
    vertex -0.3888888888888889 0.5 0.5
    vertex -0.3632912955154867 0.4495918214656978 0.5
    vertex -0.3333333333333333 0.5 0.5
  endloop
endfacet
facet normal 0 0 1
  outer loop
    vertex -0.3632912955154867 0.4495918214656978 0.5
    vertex -0.3077357399599311 0.4495918214656978 0.5
    vertex -0.3333333333333333 0.5 0.5
  endloop
endfacet
facet normal -0 0 1
  outer loop
    vertex -0.3632912955154867 0.4495918214656978 0.5
    vertex -0.3376937021420845 0.3991836429313956 0.5
    vertex -0.3077357399599311 0.4495918214656978 0.5
  endloop
endfacet
facet normal -0 0 1
  outer loop
    vertex -0.3333333333333333 0.5 0.5
    vertex -0.3077357399599311 0.4495918214656978 0.5
    vertex -0.2777777777777777 0.5 0.5
  endloop
endfacet
facet normal -0 0 1
  outer loop
    vertex 0.2777777777777781 0.5 0.5
    vertex 0.3076665609724309 0.4495309291947194 0.5
    vertex 0.3333333333333337 0.5 0.5
  endloop
endfacet
facet normal 0 0 1
  outer loop
    vertex 0.3076665609724309 0.4495309291947194 0.5
    vertex 0.3632221165279865 0.4495309291947194 0.5
    vertex 0.3333333333333337 0.5 0.5
  endloop
endfacet
facet normal -0 0 1
  outer loop
    vertex 0.3076665609724309 0.4495309291947194 0.5
    vertex 0.3375553441670838 0.3990618583894388 0.5
    vertex 0.3632221165279865 0.4495309291947194 0.5
  endloop
endfacet
facet normal -0 0 1
  outer loop
    vertex 0.3333333333333337 0.5 0.5
    vertex 0.3632221165279865 0.4495309291947194 0.5
    vertex 0.3888888888888892 0.5 0.5
  endloop
endfacet
facet normal -0 0 1
  outer loop
    vertex -0.2231116134382857 0.403482154220576 0.5
    vertex -0.1952594034360172 0.3560212000564691 0.5
    vertex -0.1671113622746984 0.4036285546778192 0.5
  endloop
endfacet
facet normal 0 0 1
  outer loop
    vertex -0.1952594034360172 0.3560212000564691 0.5
    vertex -0.1392591522724298 0.3561676005137122 0.5
    vertex -0.1671113622746984 0.4036285546778192 0.5
  endloop
endfacet
facet normal -0 0 1
  outer loop
    vertex -0.1952594034360172 0.3560212000564691 0.5
    vertex -0.1674071934337487 0.3085602458923621 0.5
    vertex -0.1392591522724298 0.3561676005137122 0.5
  endloop
endfacet
facet normal -0 0 1
  outer loop
    vertex -0.1671113622746984 0.4036285546778192 0.5
    vertex -0.1392591522724298 0.3561676005137122 0.5
    vertex -0.111111111111111 0.4037749551350623 0.5
  endloop
endfacet
facet normal -0 0 1
  outer loop
    vertex -0.3376937021420845 0.3991836429313956 0.5
    vertex -0.3048280262459126 0.3517055793009278 0.5
    vertex -0.2804026577901851 0.4013328985759859 0.5
  endloop
endfacet
facet normal 0 0 1
  outer loop
    vertex -0.3048280262459126 0.3517055793009278 0.5
    vertex -0.2475369818940132 0.3538548349455179 0.5
    vertex -0.2804026577901851 0.4013328985759859 0.5
  endloop
endfacet
facet normal -0 0 1
  outer loop
    vertex -0.3048280262459126 0.3517055793009278 0.5
    vertex -0.2719623503497406 0.3042275156704599 0.5
    vertex -0.2475369818940132 0.3538548349455179 0.5
  endloop
endfacet
facet normal -0 0 1
  outer loop
    vertex -0.2804026577901851 0.4013328985759859 0.5
    vertex -0.2475369818940132 0.3538548349455179 0.5
    vertex -0.2231116134382857 0.403482154220576 0.5
  endloop
endfacet
facet normal -0 0 1
  outer loop
    vertex 0.1669059597626937 0.3081992662737562 0.5
    vertex 0.2192627514473267 0.3059853109227743 0.5
    vertex 0.1949216023981436 0.3557964374542891 0.5
  endloop
endfacet
facet normal 0 -0 1
  outer loop
    vertex 0.2192627514473267 0.3059853109227743 0.5
    vertex 0.2472783940827765 0.3535824821033072 0.5
    vertex 0.1949216023981436 0.3557964374542891 0.5
  endloop
endfacet
facet normal -0 0 1
  outer loop
    vertex 0.2192627514473267 0.3059853109227743 0.5
    vertex 0.2716195431319597 0.3037713555717923 0.5
    vertex 0.2472783940827765 0.3535824821033072 0.5
  endloop
endfacet
facet normal -0 0 1
  outer loop
    vertex 0.1949216023981436 0.3557964374542891 0.5
    vertex 0.2472783940827765 0.3535824821033072 0.5
    vertex 0.2229372450335935 0.4033936086348221 0.5
  endloop
endfacet
facet normal 0 0 1
  outer loop
    vertex -0.1666666666666666 0.5 0.5
    vertex -0.1948891400524762 0.451741077110288 0.5
    vertex -0.1388888888888888 0.4518874775675312 0.5
  endloop
endfacet
facet normal -0 0 1
  outer loop
    vertex -0.1948891400524762 0.451741077110288 0.5
    vertex -0.1671113622746984 0.4036285546778192 0.5
    vertex -0.1388888888888888 0.4518874775675312 0.5
  endloop
endfacet
facet normal 0 0 1
  outer loop
    vertex -0.1948891400524762 0.451741077110288 0.5
    vertex -0.2231116134382857 0.403482154220576 0.5
    vertex -0.1671113622746984 0.4036285546778192 0.5
  endloop
endfacet
facet normal 0 0 1
  outer loop
    vertex -0.1388888888888888 0.4518874775675312 0.5
    vertex -0.1671113622746984 0.4036285546778192 0.5
    vertex -0.111111111111111 0.4037749551350623 0.5
  endloop
endfacet
facet normal 0 0 1
  outer loop
    vertex 0.3888888888888892 0 0.5
    vertex 0.3658760044894922 0.04319135780726163 0.5
    vertex 0.3333333333333337 0 0.5
  endloop
endfacet
facet normal 0 0 1
  outer loop
    vertex 0.3658760044894922 0.04319135780726163 0.5
    vertex 0.3103204489339366 0.04319135780726163 0.5
    vertex 0.3333333333333337 0 0.5
  endloop
endfacet
facet normal 0 0 1
  outer loop
    vertex 0.3658760044894922 0.04319135780726163 0.5
    vertex 0.3428631200900951 0.08638271561452326 0.5
    vertex 0.3103204489339366 0.04319135780726163 0.5
  endloop
endfacet
facet normal 0 0 1
  outer loop
    vertex 0.3333333333333337 0 0.5
    vertex 0.3103204489339366 0.04319135780726163 0.5
    vertex 0.2777777777777781 0 0.5
  endloop
endfacet
facet normal 0 0 1
  outer loop
    vertex -0.2231116134382857 0.403482154220576 0.5
    vertex -0.2475369818940132 0.3538548349455179 0.5
    vertex -0.1952594034360172 0.3560212000564691 0.5
  endloop
endfacet
facet normal -0 0 1
  outer loop
    vertex -0.2475369818940132 0.3538548349455179 0.5
    vertex -0.2196847718917446 0.306393880781411 0.5
    vertex -0.1952594034360172 0.3560212000564691 0.5
  endloop
endfacet
facet normal 0 0 1
  outer loop
    vertex -0.2475369818940132 0.3538548349455179 0.5
    vertex -0.2719623503497406 0.3042275156704599 0.5
    vertex -0.2196847718917446 0.306393880781411 0.5
  endloop
endfacet
facet normal 0 0 1
  outer loop
    vertex -0.1952594034360172 0.3560212000564691 0.5
    vertex -0.2196847718917446 0.306393880781411 0.5
    vertex -0.1674071934337487 0.3085602458923621 0.5
  endloop
endfacet
facet normal 0 0 1
  outer loop
    vertex -0.3376937021420845 0.3991836429313956 0.5
    vertex -0.2804026577901851 0.4013328985759859 0.5
    vertex -0.3077357399599311 0.4495918214656978 0.5
  endloop
endfacet
facet normal 0 -0 1
  outer loop
    vertex -0.2804026577901851 0.4013328985759859 0.5
    vertex -0.2504446956080317 0.451741077110288 0.5
    vertex -0.3077357399599311 0.4495918214656978 0.5
  endloop
endfacet
facet normal 0 0 1
  outer loop
    vertex -0.2804026577901851 0.4013328985759859 0.5
    vertex -0.2231116134382857 0.403482154220576 0.5
    vertex -0.2504446956080317 0.451741077110288 0.5
  endloop
endfacet
facet normal 0 0 1
  outer loop
    vertex -0.3077357399599311 0.4495918214656978 0.5
    vertex -0.2504446956080317 0.451741077110288 0.5
    vertex -0.2777777777777777 0.5 0.5
  endloop
endfacet
facet normal 0 0 1
  outer loop
    vertex 0.2777777777777781 0 0.5
    vertex 0.2508965682563921 0.04966580175713731 0.5
    vertex 0.2222222222222225 0 0.5
  endloop
endfacet
facet normal 0 0 1
  outer loop
    vertex 0.2508965682563921 0.04966580175713731 0.5
    vertex 0.1953410127008364 0.04966580175713731 0.5
    vertex 0.2222222222222225 0 0.5
  endloop
endfacet
facet normal 0 0 1
  outer loop
    vertex 0.2508965682563921 0.04966580175713731 0.5
    vertex 0.224015358735006 0.09933160351427463 0.5
    vertex 0.1953410127008364 0.04966580175713731 0.5
  endloop
endfacet
facet normal 0 0 1
  outer loop
    vertex 0.2222222222222225 0 0.5
    vertex 0.1953410127008364 0.04966580175713731 0.5
    vertex 0.1666666666666669 0 0.5
  endloop
endfacet
facet normal 0 0 1
  outer loop
    vertex -0.1666666666666666 0 0.5
    vertex -0.1957873234293306 0.05037758818020881 0.5
    vertex -0.2222222222222222 0 0.5
  endloop
endfacet
facet normal 0 0 1
  outer loop
    vertex -0.1957873234293306 0.05037758818020881 0.5
    vertex -0.2513428789848862 0.05037758818020881 0.5
    vertex -0.2222222222222222 0 0.5
  endloop
endfacet
facet normal 0 0 1
  outer loop
    vertex -0.1957873234293306 0.05037758818020881 0.5
    vertex -0.2249079801919946 0.1007551763604176 0.5
    vertex -0.2513428789848862 0.05037758818020881 0.5
  endloop
endfacet
facet normal 0 0 1
  outer loop
    vertex -0.2222222222222222 0 0.5
    vertex -0.2513428789848862 0.05037758818020881 0.5
    vertex -0.2777777777777777 0 0.5
  endloop
endfacet
facet normal 0 0 1
  outer loop
    vertex -0.2777777777777777 0 0.5
    vertex -0.3103198147518529 0.04334395624805389 0.5
    vertex -0.3333333333333333 0 0.5
  endloop
endfacet
facet normal 0 0 1
  outer loop
    vertex -0.3103198147518529 0.04334395624805389 0.5
    vertex -0.3658753703074085 0.04334395624805389 0.5
    vertex -0.3333333333333333 0 0.5
  endloop
endfacet
facet normal 0 0 1
  outer loop
    vertex -0.3103198147518529 0.04334395624805389 0.5
    vertex -0.3428618517259281 0.08668791249610777 0.5
    vertex -0.3658753703074085 0.04334395624805389 0.5
  endloop
endfacet
facet normal 0 0 1
  outer loop
    vertex -0.3333333333333333 0 0.5
    vertex -0.3658753703074085 0.04334395624805389 0.5
    vertex -0.3888888888888889 0 0.5
  endloop
endfacet
facet normal 0 0 1
  outer loop
    vertex 0.1116002590293106 0.2122357443811153 0.5
    vertex 0.1667885934283945 0.2124157785215751 0.5
    vertex 0.1392531093960021 0.2602175053274357 0.5
  endloop
endfacet
facet normal 0 -0 1
  outer loop
    vertex 0.1667885934283945 0.2124157785215751 0.5
    vertex 0.1944414437950861 0.2603975394678956 0.5
    vertex 0.1392531093960021 0.2602175053274357 0.5
  endloop
endfacet
facet normal 0 0 1
  outer loop
    vertex 0.1667885934283945 0.2124157785215751 0.5
    vertex 0.2219769278274784 0.212595812662035 0.5
    vertex 0.1944414437950861 0.2603975394678956 0.5
  endloop
endfacet
facet normal 0 0 1
  outer loop
    vertex 0.1392531093960021 0.2602175053274357 0.5
    vertex 0.1944414437950861 0.2603975394678956 0.5
    vertex 0.1669059597626937 0.3081992662737562 0.5
  endloop
endfacet
facet normal 0 -0 1
  outer loop
    vertex 0.05555555555555569 0 0.5
    vertex 0.08364446728952046 0.04793288915911047 0.5
    vertex 0.02777109674110312 0.0464578769305915 0.5
  endloop
endfacet
facet normal 0 0 1
  outer loop
    vertex 0.08364446728952046 0.04793288915911047 0.5
    vertex 0.05586000847506778 0.09439076608970197 0.5
    vertex 0.02777109674110312 0.0464578769305915 0.5
  endloop
endfacet
facet normal 0 -0 1
  outer loop
    vertex 0.08364446728952046 0.04793288915911047 0.5
    vertex 0.1117333790234851 0.09586577831822093 0.5
    vertex 0.05586000847506778 0.09439076608970197 0.5
  endloop
endfacet
facet normal 0 -0 1
  outer loop
    vertex 0.02777109674110312 0.0464578769305915 0.5
    vertex 0.05586000847506778 0.09439076608970197 0.5
    vertex -1.336207334956541e-05 0.092915753861183 0.5
  endloop
endfacet
facet normal 0 0 1
  outer loop
    vertex -1.336207334956541e-05 0.092915753861183 0.5
    vertex -0.05587337054841712 0.09439076608970183 0.5
    vertex -0.02778445881445246 0.0464578769305915 0.5
  endloop
endfacet
facet normal 0 0 1
  outer loop
    vertex -0.05587337054841712 0.09439076608970183 0.5
    vertex -0.08364446728952002 0.04793288915911033 0.5
    vertex -0.02778445881445246 0.0464578769305915 0.5
  endloop
endfacet
facet normal 0 0 1
  outer loop
    vertex -0.05587337054841712 0.09439076608970183 0.5
    vertex -0.1117333790234846 0.09586577831822066 0.5
    vertex -0.08364446728952002 0.04793288915911033 0.5
  endloop
endfacet
facet normal 0 0 1
  outer loop
    vertex -0.02778445881445246 0.0464578769305915 0.5
    vertex -0.08364446728952002 0.04793288915911033 0.5
    vertex -0.05555555555555541 0 0.5
  endloop
endfacet
facet normal -0 0 1
  outer loop
    vertex -0.2719623503497406 0.3042275156704599 0.5
    vertex -0.2478215201751634 0.2593079411598868 0.5
    vertex -0.2196847718917446 0.306393880781411 0.5
  endloop
endfacet
facet normal 0 0 1
  outer loop
    vertex -0.2478215201751634 0.2593079411598868 0.5
    vertex -0.1955439417171674 0.2614743062708379 0.5
    vertex -0.2196847718917446 0.306393880781411 0.5
  endloop
endfacet
facet normal -0 0 1
  outer loop
    vertex -0.2478215201751634 0.2593079411598868 0.5
    vertex -0.2236806900005862 0.2143883666493137 0.5
    vertex -0.1955439417171674 0.2614743062708379 0.5
  endloop
endfacet
facet normal -0 0 1
  outer loop
    vertex -0.2196847718917446 0.306393880781411 0.5
    vertex -0.1955439417171674 0.2614743062708379 0.5
    vertex -0.1674071934337487 0.3085602458923621 0.5
  endloop
endfacet
facet normal -0 0 1
  outer loop
    vertex 0.1666666666666669 0.5 0.5
    vertex 0.1948019558501302 0.451696804317411 0.5
    vertex 0.2222222222222225 0.5 0.5
  endloop
endfacet
facet normal 0 0 1
  outer loop
    vertex 0.1948019558501302 0.451696804317411 0.5
    vertex 0.2503575114056857 0.451696804317411 0.5
    vertex 0.2222222222222225 0.5 0.5
  endloop
endfacet
facet normal -0 0 1
  outer loop
    vertex 0.1948019558501302 0.451696804317411 0.5
    vertex 0.2229372450335935 0.4033936086348221 0.5
    vertex 0.2503575114056857 0.451696804317411 0.5
  endloop
endfacet
facet normal -0 0 1
  outer loop
    vertex 0.2222222222222225 0.5 0.5
    vertex 0.2503575114056857 0.451696804317411 0.5
    vertex 0.2777777777777781 0.5 0.5
  endloop
endfacet
facet normal -0 0 1
  outer loop
    vertex 0.1111792371455875 0.4039396448485149 0.5
    vertex 0.1670582410895904 0.4036666267416685 0.5
    vertex 0.1389229519061272 0.4519698224242574 0.5
  endloop
endfacet
facet normal 0 -0 1
  outer loop
    vertex 0.1670582410895904 0.4036666267416685 0.5
    vertex 0.1948019558501302 0.451696804317411 0.5
    vertex 0.1389229519061272 0.4519698224242574 0.5
  endloop
endfacet
facet normal -0 0 1
  outer loop
    vertex 0.1670582410895904 0.4036666267416685 0.5
    vertex 0.2229372450335935 0.4033936086348221 0.5
    vertex 0.1948019558501302 0.451696804317411 0.5
  endloop
endfacet
facet normal -0 0 1
  outer loop
    vertex 0.1389229519061272 0.4519698224242574 0.5
    vertex 0.1948019558501302 0.451696804317411 0.5
    vertex 0.1666666666666669 0.5 0.5
  endloop
endfacet
facet normal 0 0 1
  outer loop
    vertex 0.224015358735006 0.09933160351427463 0.5
    vertex 0.1678743688792456 0.09759869091624779 0.5
    vertex 0.1953410127008364 0.04966580175713731 0.5
  endloop
endfacet
facet normal 0 0 1
  outer loop
    vertex 0.1678743688792456 0.09759869091624779 0.5
    vertex 0.139200022845076 0.04793288915911047 0.5
    vertex 0.1953410127008364 0.04966580175713731 0.5
  endloop
endfacet
facet normal 0 0 1
  outer loop
    vertex 0.1678743688792456 0.09759869091624779 0.5
    vertex 0.1117333790234851 0.09586577831822093 0.5
    vertex 0.139200022845076 0.04793288915911047 0.5
  endloop
endfacet
facet normal 0 0 1
  outer loop
    vertex 0.1953410127008364 0.04966580175713731 0.5
    vertex 0.139200022845076 0.04793288915911047 0.5
    vertex 0.1666666666666669 0 0.5
  endloop
endfacet
facet normal 0 -0 1
  outer loop
    vertex -0.1666666666666666 0 0.5
    vertex -0.1392000228450756 0.04793288915911033 0.5
    vertex -0.1957873234293306 0.05037758818020881 0.5
  endloop
endfacet
facet normal 0 0 1
  outer loop
    vertex -0.1392000228450756 0.04793288915911033 0.5
    vertex -0.1683206796077397 0.09831047733931914 0.5
    vertex -0.1957873234293306 0.05037758818020881 0.5
  endloop
endfacet
facet normal 0 -0 1
  outer loop
    vertex -0.1392000228450756 0.04793288915911033 0.5
    vertex -0.1117333790234846 0.09586577831822066 0.5
    vertex -0.1683206796077397 0.09831047733931914 0.5
  endloop
endfacet
facet normal 0 -0 1
  outer loop
    vertex -0.1957873234293306 0.05037758818020881 0.5
    vertex -0.1683206796077397 0.09831047733931914 0.5
    vertex -0.2249079801919946 0.1007551763604176 0.5
  endloop
endfacet
facet normal 0 0 1
  outer loop
    vertex 0.1111792371455875 0.4039396448485149 0.5
    vertex 0.1390425984541406 0.3560694555611356 0.5
    vertex 0.1670582410895904 0.4036666267416685 0.5
  endloop
endfacet
facet normal -0 0 1
  outer loop
    vertex 0.1390425984541406 0.3560694555611356 0.5
    vertex 0.1949216023981436 0.3557964374542891 0.5
    vertex 0.1670582410895904 0.4036666267416685 0.5
  endloop
endfacet
facet normal 0 0 1
  outer loop
    vertex 0.1390425984541406 0.3560694555611356 0.5
    vertex 0.1669059597626937 0.3081992662737562 0.5
    vertex 0.1949216023981436 0.3557964374542891 0.5
  endloop
endfacet
facet normal 0 0 1
  outer loop
    vertex 0.1670582410895904 0.4036666267416685 0.5
    vertex 0.1949216023981436 0.3557964374542891 0.5
    vertex 0.2229372450335935 0.4033936086348221 0.5
  endloop
endfacet
facet normal -0 0 1
  outer loop
    vertex 0.0559643117624139 0.3077856308228784 0.5
    vertex 0.0837822853958623 0.2600106876019969 0.5
    vertex 0.1114351357625538 0.3079924485483173 0.5
  endloop
endfacet
facet normal 0 0 1
  outer loop
    vertex 0.0837822853958623 0.2600106876019969 0.5
    vertex 0.1392531093960021 0.2602175053274357 0.5
    vertex 0.1114351357625538 0.3079924485483173 0.5
  endloop
endfacet
facet normal -0 0 1
  outer loop
    vertex 0.0837822853958623 0.2600106876019969 0.5
    vertex 0.1116002590293106 0.2122357443811153 0.5
    vertex 0.1392531093960021 0.2602175053274357 0.5
  endloop
endfacet
facet normal -0 0 1
  outer loop
    vertex 0.1114351357625538 0.3079924485483173 0.5
    vertex 0.1392531093960021 0.2602175053274357 0.5
    vertex 0.1669059597626937 0.3081992662737562 0.5
  endloop
endfacet
facet normal 0 -0 1
  outer loop
    vertex -0.05593387873140376 0.3098261059105615 0.5
    vertex -0.02795872611024464 0.3570235810150322 0.5
    vertex -0.08352249492125741 0.3568005305228119 0.5
  endloop
endfacet
facet normal 0 0 1
  outer loop
    vertex -0.02795872611024464 0.3570235810150322 0.5
    vertex -0.05554734230009828 0.4039980056272826 0.5
    vertex -0.08352249492125741 0.3568005305228119 0.5
  endloop
endfacet
facet normal 0 -0 1
  outer loop
    vertex -0.02795872611024464 0.3570235810150322 0.5
    vertex 1.642651091449121e-05 0.4042210561195028 0.5
    vertex -0.05554734230009828 0.4039980056272826 0.5
  endloop
endfacet
facet normal 0 -0 1
  outer loop
    vertex -0.08352249492125741 0.3568005305228119 0.5
    vertex -0.05554734230009828 0.4039980056272826 0.5
    vertex -0.111111111111111 0.4037749551350623 0.5
  endloop
endfacet
facet normal -0 0 1
  outer loop
    vertex -0.2777777777777777 0.5 0.5
    vertex -0.2504446956080317 0.451741077110288 0.5
    vertex -0.2222222222222222 0.5 0.5
  endloop
endfacet
facet normal 0 0 1
  outer loop
    vertex -0.2504446956080317 0.451741077110288 0.5
    vertex -0.1948891400524762 0.451741077110288 0.5
    vertex -0.2222222222222222 0.5 0.5
  endloop
endfacet
facet normal -0 0 1
  outer loop
    vertex -0.2504446956080317 0.451741077110288 0.5
    vertex -0.2231116134382857 0.403482154220576 0.5
    vertex -0.1948891400524762 0.451741077110288 0.5
  endloop
endfacet
facet normal -0 0 1
  outer loop
    vertex -0.2222222222222222 0.5 0.5
    vertex -0.1948891400524762 0.451741077110288 0.5
    vertex -0.1666666666666666 0.5 0.5
  endloop
endfacet
facet normal 0 0 1
  outer loop
    vertex 0.1666666666666669 0 0.5
    vertex 0.139200022845076 0.04793288915911047 0.5
    vertex 0.1111111111111113 0 0.5
  endloop
endfacet
facet normal 0 0 1
  outer loop
    vertex 0.139200022845076 0.04793288915911047 0.5
    vertex 0.08364446728952046 0.04793288915911047 0.5
    vertex 0.1111111111111113 0 0.5
  endloop
endfacet
facet normal 0 0 1
  outer loop
    vertex 0.139200022845076 0.04793288915911047 0.5
    vertex 0.1117333790234851 0.09586577831822093 0.5
    vertex 0.08364446728952046 0.04793288915911047 0.5
  endloop
endfacet
facet normal 0 0 1
  outer loop
    vertex 0.1111111111111113 0 0.5
    vertex 0.08364446728952046 0.04793288915911047 0.5
    vertex 0.05555555555555569 0 0.5
  endloop
endfacet
facet normal 0 0 1
  outer loop
    vertex -0.05555555555555541 0 0.5
    vertex -0.08364446728952002 0.04793288915911033 0.5
    vertex -0.111111111111111 0 0.5
  endloop
endfacet
facet normal 0 0 1
  outer loop
    vertex -0.08364446728952002 0.04793288915911033 0.5
    vertex -0.1392000228450756 0.04793288915911033 0.5
    vertex -0.111111111111111 0 0.5
  endloop
endfacet
facet normal 0 0 1
  outer loop
    vertex -0.08364446728952002 0.04793288915911033 0.5
    vertex -0.1117333790234846 0.09586577831822066 0.5
    vertex -0.1392000228450756 0.04793288915911033 0.5
  endloop
endfacet
facet normal 0 0 1
  outer loop
    vertex -0.111111111111111 0 0.5
    vertex -0.1392000228450756 0.04793288915911033 0.5
    vertex -0.1666666666666666 0 0.5
  endloop
endfacet
facet normal 0 0 1
  outer loop
    vertex 0.1111792371455875 0.4039396448485149 0.5
    vertex 0.05559783182825107 0.4040803504840088 0.5
    vertex 0.08357177445400077 0.3558626378356966 0.5
  endloop
endfacet
facet normal 0 0 1
  outer loop
    vertex 0.05559783182825107 0.4040803504840088 0.5
    vertex 0.02799036913666419 0.3560033434711906 0.5
    vertex 0.08357177445400077 0.3558626378356966 0.5
  endloop
endfacet
facet normal 0 0 1
  outer loop
    vertex 0.05559783182825107 0.4040803504840088 0.5
    vertex 1.642651091449121e-05 0.4042210561195028 0.5
    vertex 0.02799036913666419 0.3560033434711906 0.5
  endloop
endfacet
facet normal 0 0 1
  outer loop
    vertex 0.08357177445400077 0.3558626378356966 0.5
    vertex 0.02799036913666419 0.3560033434711906 0.5
    vertex 0.0559643117624139 0.3077856308228784 0.5
  endloop
endfacet
facet normal 0 0 1
  outer loop
    vertex 0.0559643117624139 0.3077856308228784 0.5
    vertex 0.02799036913666419 0.3560033434711906 0.5
    vertex 1.521651550506764e-05 0.30880586836672 0.5
  endloop
endfacet
facet normal 0 0 1
  outer loop
    vertex 0.02799036913666419 0.3560033434711906 0.5
    vertex -0.02795872611024464 0.3570235810150322 0.5
    vertex 1.521651550506764e-05 0.30880586836672 0.5
  endloop
endfacet
facet normal 0 0 1
  outer loop
    vertex 0.02799036913666419 0.3560033434711906 0.5
    vertex 1.642651091449121e-05 0.4042210561195028 0.5
    vertex -0.02795872611024464 0.3570235810150322 0.5
  endloop
endfacet
facet normal 0 0 1
  outer loop
    vertex 1.521651550506764e-05 0.30880586836672 0.5
    vertex -0.02795872611024464 0.3570235810150322 0.5
    vertex -0.05593387873140376 0.3098261059105615 0.5
  endloop
endfacet
facet normal -0 0 1
  outer loop
    vertex -0.1666666666666666 0.5 0.5
    vertex -0.1388888888888888 0.4518874775675312 0.5
    vertex -0.111111111111111 0.5 0.5
  endloop
endfacet
facet normal 0 0 1
  outer loop
    vertex -0.1388888888888888 0.4518874775675312 0.5
    vertex -0.0833333333333332 0.4518874775675312 0.5
    vertex -0.111111111111111 0.5 0.5
  endloop
endfacet
facet normal -0 0 1
  outer loop
    vertex -0.1388888888888888 0.4518874775675312 0.5
    vertex -0.111111111111111 0.4037749551350623 0.5
    vertex -0.0833333333333332 0.4518874775675312 0.5
  endloop
endfacet
facet normal -0 0 1
  outer loop
    vertex -0.111111111111111 0.5 0.5
    vertex -0.0833333333333332 0.4518874775675312 0.5
    vertex -0.05555555555555541 0.5 0.5
  endloop
endfacet
facet normal -0 0 1
  outer loop
    vertex 0.05555555555555569 0.5 0.5
    vertex 0.08336739635057167 0.4519698224242574 0.5
    vertex 0.1111111111111113 0.5 0.5
  endloop
endfacet
facet normal 0 0 1
  outer loop
    vertex 0.08336739635057167 0.4519698224242574 0.5
    vertex 0.1389229519061272 0.4519698224242574 0.5
    vertex 0.1111111111111113 0.5 0.5
  endloop
endfacet
facet normal -0 0 1
  outer loop
    vertex 0.08336739635057167 0.4519698224242574 0.5
    vertex 0.1111792371455875 0.4039396448485149 0.5
    vertex 0.1389229519061272 0.4519698224242574 0.5
  endloop
endfacet
facet normal -0 0 1
  outer loop
    vertex 0.1111111111111113 0.5 0.5
    vertex 0.1389229519061272 0.4519698224242574 0.5
    vertex 0.1666666666666669 0.5 0.5
  endloop
endfacet
facet normal 0 0 1
  outer loop
    vertex 0.05555555555555569 0 0.5
    vertex 0.02777109674110312 0.0464578769305915 0.5
    vertex 1.110223024625157e-16 0 0.5
  endloop
endfacet
facet normal 0 0 1
  outer loop
    vertex 0.02777109674110312 0.0464578769305915 0.5
    vertex -0.02778445881445246 0.0464578769305915 0.5
    vertex 1.110223024625157e-16 0 0.5
  endloop
endfacet
facet normal 0 0 1
  outer loop
    vertex 0.02777109674110312 0.0464578769305915 0.5
    vertex -1.336207334956541e-05 0.092915753861183 0.5
    vertex -0.02778445881445246 0.0464578769305915 0.5
  endloop
endfacet
facet normal 0 0 1
  outer loop
    vertex 1.110223024625157e-16 0 0.5
    vertex -0.02778445881445246 0.0464578769305915 0.5
    vertex -0.05555555555555541 0 0.5
  endloop
endfacet
facet normal 0 0 1
  outer loop
    vertex 0.1111792371455875 0.4039396448485149 0.5
    vertex 0.08357177445400077 0.3558626378356966 0.5
    vertex 0.1390425984541406 0.3560694555611356 0.5
  endloop
endfacet
facet normal -0 0 1
  outer loop
    vertex 0.08357177445400077 0.3558626378356966 0.5
    vertex 0.1114351357625538 0.3079924485483173 0.5
    vertex 0.1390425984541406 0.3560694555611356 0.5
  endloop
endfacet
facet normal 0 0 1
  outer loop
    vertex 0.08357177445400077 0.3558626378356966 0.5
    vertex 0.0559643117624139 0.3077856308228784 0.5
    vertex 0.1114351357625538 0.3079924485483173 0.5
  endloop
endfacet
facet normal 0 0 1
  outer loop
    vertex 0.1390425984541406 0.3560694555611356 0.5
    vertex 0.1114351357625538 0.3079924485483173 0.5
    vertex 0.1669059597626937 0.3081992662737562 0.5
  endloop
endfacet
facet normal 0 0 1
  outer loop
    vertex 0.05555555555555569 0.5 0.5
    vertex 0.02778599103323509 0.4521105280597514 0.5
    vertex 0.08336739635057167 0.4519698224242574 0.5
  endloop
endfacet
facet normal 0 0 1
  outer loop
    vertex 0.02778599103323509 0.4521105280597514 0.5
    vertex 0.05559783182825107 0.4040803504840088 0.5
    vertex 0.08336739635057167 0.4519698224242574 0.5
  endloop
endfacet
facet normal 0 0 1
  outer loop
    vertex 0.02778599103323509 0.4521105280597514 0.5
    vertex 1.642651091449121e-05 0.4042210561195028 0.5
    vertex 0.05559783182825107 0.4040803504840088 0.5
  endloop
endfacet
facet normal 0 0 1
  outer loop
    vertex 0.08336739635057167 0.4519698224242574 0.5
    vertex 0.05559783182825107 0.4040803504840088 0.5
    vertex 0.1111792371455875 0.4039396448485149 0.5
  endloop
endfacet
facet normal 0 0 1
  outer loop
    vertex -0.111111111111111 0.4037749551350623 0.5
    vertex -0.05554734230009828 0.4039980056272826 0.5
    vertex -0.0833333333333332 0.4518874775675312 0.5
  endloop
endfacet
facet normal 0 -0 1
  outer loop
    vertex -0.05554734230009828 0.4039980056272826 0.5
    vertex -0.02776956452232049 0.4521105280597514 0.5
    vertex -0.0833333333333332 0.4518874775675312 0.5
  endloop
endfacet
facet normal 0 0 1
  outer loop
    vertex -0.05554734230009828 0.4039980056272826 0.5
    vertex 1.642651091449121e-05 0.4042210561195028 0.5
    vertex -0.02776956452232049 0.4521105280597514 0.5
  endloop
endfacet
facet normal 0 0 1
  outer loop
    vertex -0.0833333333333332 0.4518874775675312 0.5
    vertex -0.02776956452232049 0.4521105280597514 0.5
    vertex -0.05555555555555541 0.5 0.5
  endloop
endfacet
facet normal -0 0 1
  outer loop
    vertex -0.05555555555555541 0.5 0.5
    vertex -0.02776956452232049 0.4521105280597514 0.5
    vertex 1.110223024625157e-16 0.5 0.5
  endloop
endfacet
facet normal 0 0 1
  outer loop
    vertex -0.02776956452232049 0.4521105280597514 0.5
    vertex 0.02778599103323509 0.4521105280597514 0.5
    vertex 1.110223024625157e-16 0.5 0.5
  endloop
endfacet
facet normal -0 0 1
  outer loop
    vertex -0.02776956452232049 0.4521105280597514 0.5
    vertex 1.642651091449121e-05 0.4042210561195028 0.5
    vertex 0.02778599103323509 0.4521105280597514 0.5
  endloop
endfacet
facet normal -0 0 1
  outer loop
    vertex 1.110223024625157e-16 0.5 0.5
    vertex 0.02778599103323509 0.4521105280597514 0.5
    vertex 0.05555555555555569 0.5 0.5
  endloop
endfacet
facet normal 0 0 1
  outer loop
    vertex 0.0559643117624139 0.3077856308228784 0.5
    vertex 0.02818609752662971 0.2631563624790284 0.5
    vertex 0.0837822853958623 0.2600106876019969 0.5
  endloop
endfacet
facet normal 0 0 1
  outer loop
    vertex 0.02818609752662971 0.2631563624790284 0.5
    vertex 0.056004071160078 0.2153814192581469 0.5
    vertex 0.0837822853958623 0.2600106876019969 0.5
  endloop
endfacet
facet normal 0 0 1
  outer loop
    vertex 0.02818609752662971 0.2631563624790284 0.5
    vertex 0.0004078832908454011 0.2185270941351785 0.5
    vertex 0.056004071160078 0.2153814192581469 0.5
  endloop
endfacet
facet normal 0 0 1
  outer loop
    vertex 0.0837822853958623 0.2600106876019969 0.5
    vertex 0.056004071160078 0.2153814192581469 0.5
    vertex 0.1116002590293106 0.2122357443811153 0.5
  endloop
endfacet
facet normal 0 0 1
  outer loop
    vertex 0.0559643117624139 0.3077856308228784 0.5
    vertex 1.521651550506764e-05 0.30880586836672 0.5
    vertex 0.02818609752662971 0.2631563624790284 0.5
  endloop
endfacet
facet normal 0 0 1
  outer loop
    vertex 1.521651550506764e-05 0.30880586836672 0.5
    vertex -0.02776299772027918 0.26417660002287 0.5
    vertex 0.02818609752662971 0.2631563624790284 0.5
  endloop
endfacet
facet normal 0 0 1
  outer loop
    vertex 1.521651550506764e-05 0.30880586836672 0.5
    vertex -0.05593387873140376 0.3098261059105615 0.5
    vertex -0.02776299772027918 0.26417660002287 0.5
  endloop
endfacet
facet normal 0 0 1
  outer loop
    vertex 0.02818609752662971 0.2631563624790284 0.5
    vertex -0.02776299772027918 0.26417660002287 0.5
    vertex 0.0004078832908454011 0.2185270941351785 0.5
  endloop
endfacet
facet normal 0 0 1
  outer loop
    vertex -0.2236806900005862 0.2143883666493137 0.5
    vertex -0.1685689264487041 0.21536739263593 0.5
    vertex -0.1955439417171674 0.2614743062708379 0.5
  endloop
endfacet
facet normal 0 -0 1
  outer loop
    vertex -0.1685689264487041 0.21536739263593 0.5
    vertex -0.1404321781652854 0.2624533322574542 0.5
    vertex -0.1955439417171674 0.2614743062708379 0.5
  endloop
endfacet
facet normal 0 0 1
  outer loop
    vertex -0.1685689264487041 0.21536739263593 0.5
    vertex -0.1134571628968221 0.2163464186225463 0.5
    vertex -0.1404321781652854 0.2624533322574542 0.5
  endloop
endfacet
facet normal 0 0 1
  outer loop
    vertex -0.1955439417171674 0.2614743062708379 0.5
    vertex -0.1404321781652854 0.2624533322574542 0.5
    vertex -0.1674071934337487 0.3085602458923621 0.5
  endloop
endfacet
facet normal 0 0 1
  outer loop
    vertex -0.2719623503497406 0.3042275156704599 0.5
    vertex -0.3134903237998932 0.3027359405771826 0.5
    vertex -0.2968316622528426 0.2526324566958292 0.5
  endloop
endfacet
facet normal 0 0 1
  outer loop
    vertex -0.3134903237998932 0.3027359405771826 0.5
    vertex -0.3383596357029952 0.2511408816025519 0.5
    vertex -0.2968316622528426 0.2526324566958292 0.5
  endloop
endfacet
facet normal 0 0 1
  outer loop
    vertex -0.3134903237998932 0.3027359405771826 0.5
    vertex -0.3550182972500459 0.3012443654839053 0.5
    vertex -0.3383596357029952 0.2511408816025519 0.5
  endloop
endfacet
facet normal 0 0 1
  outer loop
    vertex -0.2968316622528426 0.2526324566958292 0.5
    vertex -0.3383596357029952 0.2511408816025519 0.5
    vertex -0.3217009741559446 0.2010373977211986 0.5
  endloop
endfacet
facet normal 0 -0 1
  outer loop
    vertex 0.3213647714986094 0.200460258762912 0.5
    vertex 0.3381988430905374 0.25085215908111 0.5
    vertex 0.2964921573152846 0.2521158071673522 0.5
  endloop
endfacet
facet normal 0 0 1
  outer loop
    vertex 0.3381988430905374 0.25085215908111 0.5
    vertex 0.3133262289072125 0.3025077074855502 0.5
    vertex 0.2964921573152846 0.2521158071673522 0.5
  endloop
endfacet
facet normal 0 -0 1
  outer loop
    vertex 0.3381988430905374 0.25085215908111 0.5
    vertex 0.3550329146824652 0.3012440593993082 0.5
    vertex 0.3133262289072125 0.3025077074855502 0.5
  endloop
endfacet
facet normal 0 -0 1
  outer loop
    vertex 0.2964921573152846 0.2521158071673522 0.5
    vertex 0.3133262289072125 0.3025077074855502 0.5
    vertex 0.2716195431319597 0.3037713555717923 0.5
  endloop
endfacet
facet normal 0 0 1
  outer loop
    vertex -0.5 0.2000000000000001 0.5
    vertex -0.4592034272803134 0.2249792236940927 0.5
    vertex -0.5 0.2500000000000001 0.5
  endloop
endfacet
facet normal 0 -0 1
  outer loop
    vertex -0.4592034272803134 0.2249792236940927 0.5
    vertex -0.4592034272803134 0.2749792236940928 0.5
    vertex -0.5 0.2500000000000001 0.5
  endloop
endfacet
facet normal 0 0 1
  outer loop
    vertex -0.4592034272803134 0.2249792236940927 0.5
    vertex -0.4184068545606269 0.2499584473881854 0.5
    vertex -0.4592034272803134 0.2749792236940928 0.5
  endloop
endfacet
facet normal 0 0 1
  outer loop
    vertex -0.5 0.2500000000000001 0.5
    vertex -0.4592034272803134 0.2749792236940928 0.5
    vertex -0.5 0.3000000000000001 0.5
  endloop
endfacet
facet normal 0 0 1
  outer loop
    vertex 0.5 0.3000000000000001 0.5
    vertex 0.4592770533779645 0.2749481322892252 0.5
    vertex 0.5 0.2500000000000001 0.5
  endloop
endfacet
facet normal 0 0 1
  outer loop
    vertex 0.4592770533779645 0.2749481322892252 0.5
    vertex 0.4592770533779645 0.2249481322892252 0.5
    vertex 0.5 0.2500000000000001 0.5
  endloop
endfacet
facet normal 0 0 1
  outer loop
    vertex 0.4592770533779645 0.2749481322892252 0.5
    vertex 0.4185541067559291 0.2498962645784504 0.5
    vertex 0.4592770533779645 0.2249481322892252 0.5
  endloop
endfacet
facet normal 0 0 1
  outer loop
    vertex 0.5 0.2500000000000001 0.5
    vertex 0.4592770533779645 0.2249481322892252 0.5
    vertex 0.5 0.2000000000000001 0.5
  endloop
endfacet
facet normal 0 0 1
  outer loop
    vertex -0.5 0.1 0.5
    vertex -0.4575343975063448 0.1250000000000001 0.5
    vertex -0.5 0.15 0.5
  endloop
endfacet
facet normal 0 -0 1
  outer loop
    vertex -0.4575343975063448 0.1250000000000001 0.5
    vertex -0.4575343975063448 0.1750000000000001 0.5
    vertex -0.5 0.15 0.5
  endloop
endfacet
facet normal 0 0 1
  outer loop
    vertex -0.4575343975063448 0.1250000000000001 0.5
    vertex -0.4150687950126896 0.1500000000000001 0.5
    vertex -0.4575343975063448 0.1750000000000001 0.5
  endloop
endfacet
facet normal 0 0 1
  outer loop
    vertex -0.5 0.15 0.5
    vertex -0.4575343975063448 0.1750000000000001 0.5
    vertex -0.5 0.2000000000000001 0.5
  endloop
endfacet
facet normal 0 0 1
  outer loop
    vertex -0.5 0.3000000000000001 0.5
    vertex -0.4614012710421564 0.323296274475168 0.5
    vertex -0.5 0.3500000000000001 0.5
  endloop
endfacet
facet normal 0 -0 1
  outer loop
    vertex -0.4614012710421564 0.323296274475168 0.5
    vertex -0.4614012710421564 0.373296274475168 0.5
    vertex -0.5 0.3500000000000001 0.5
  endloop
endfacet
facet normal 0 0 1
  outer loop
    vertex -0.4614012710421564 0.323296274475168 0.5
    vertex -0.4228025420843129 0.3465925489503359 0.5
    vertex -0.4614012710421564 0.373296274475168 0.5
  endloop
endfacet
facet normal 0 0 1
  outer loop
    vertex -0.5 0.3500000000000001 0.5
    vertex -0.4614012710421564 0.373296274475168 0.5
    vertex -0.5 0.4000000000000001 0.5
  endloop
endfacet
facet normal 0 0 1
  outer loop
    vertex 0.5 0.4000000000000001 0.5
    vertex 0.4614032303465498 0.3732809183554772 0.5
    vertex 0.5 0.3500000000000001 0.5
  endloop
endfacet
facet normal 0 0 1
  outer loop
    vertex 0.4614032303465498 0.3732809183554772 0.5
    vertex 0.4614032303465498 0.3232809183554772 0.5
    vertex 0.5 0.3500000000000001 0.5
  endloop
endfacet
facet normal 0 0 1
  outer loop
    vertex 0.4614032303465498 0.3732809183554772 0.5
    vertex 0.4228064606930997 0.3465618367109543 0.5
    vertex 0.4614032303465498 0.3232809183554772 0.5
  endloop
endfacet
facet normal 0 0 1
  outer loop
    vertex 0.5 0.3500000000000001 0.5
    vertex 0.4614032303465498 0.3232809183554772 0.5
    vertex 0.5 0.3000000000000001 0.5
  endloop
endfacet
facet normal 0 0 1
  outer loop
    vertex 0.5 0.2000000000000001 0.5
    vertex 0.4577457146336663 0.175 0.5
    vertex 0.5 0.15 0.5
  endloop
endfacet
facet normal 0 0 1
  outer loop
    vertex 0.4577457146336663 0.175 0.5
    vertex 0.4577457146336663 0.125 0.5
    vertex 0.5 0.15 0.5
  endloop
endfacet
facet normal 0 0 1
  outer loop
    vertex 0.4577457146336663 0.175 0.5
    vertex 0.4154914292673327 0.15 0.5
    vertex 0.4577457146336663 0.125 0.5
  endloop
endfacet
facet normal 0 0 1
  outer loop
    vertex 0.5 0.15 0.5
    vertex 0.4577457146336663 0.125 0.5
    vertex 0.5 0.1 0.5
  endloop
endfacet
facet normal -0 0 1
  outer loop
    vertex -0.5 0.2000000000000001 0.5
    vertex -0.4575343975063448 0.1750000000000001 0.5
    vertex -0.4592034272803134 0.2249792236940927 0.5
  endloop
endfacet
facet normal 0 -0 1
  outer loop
    vertex -0.4575343975063448 0.1750000000000001 0.5
    vertex -0.4167378247866582 0.1999792236940928 0.5
    vertex -0.4592034272803134 0.2249792236940927 0.5
  endloop
endfacet
facet normal -0 0 1
  outer loop
    vertex -0.4575343975063448 0.1750000000000001 0.5
    vertex -0.4150687950126896 0.1500000000000001 0.5
    vertex -0.4167378247866582 0.1999792236940928 0.5
  endloop
endfacet
facet normal -0 0 1
  outer loop
    vertex -0.4592034272803134 0.2249792236940927 0.5
    vertex -0.4167378247866582 0.1999792236940928 0.5
    vertex -0.4184068545606269 0.2499584473881854 0.5
  endloop
endfacet
facet normal 0 0 1
  outer loop
    vertex -0.4184068545606269 0.2499584473881854 0.5
    vertex -0.4206046983224699 0.2982754981692606 0.5
    vertex -0.4592034272803134 0.2749792236940928 0.5
  endloop
endfacet
facet normal 0 0 1
  outer loop
    vertex -0.4206046983224699 0.2982754981692606 0.5
    vertex -0.4614012710421564 0.323296274475168 0.5
    vertex -0.4592034272803134 0.2749792236940928 0.5
  endloop
endfacet
facet normal 0 0 1
  outer loop
    vertex -0.4206046983224699 0.2982754981692606 0.5
    vertex -0.4228025420843129 0.3465925489503359 0.5
    vertex -0.4614012710421564 0.323296274475168 0.5
  endloop
endfacet
facet normal 0 0 1
  outer loop
    vertex -0.4592034272803134 0.2749792236940928 0.5
    vertex -0.4614012710421564 0.323296274475168 0.5
    vertex -0.5 0.3000000000000001 0.5
  endloop
endfacet
facet normal 0 0 1
  outer loop
    vertex 0.5 0.3000000000000001 0.5
    vertex 0.4614032303465498 0.3232809183554772 0.5
    vertex 0.4592770533779645 0.2749481322892252 0.5
  endloop
endfacet
facet normal 0 0 1
  outer loop
    vertex 0.4614032303465498 0.3232809183554772 0.5
    vertex 0.4206802837245144 0.2982290506447023 0.5
    vertex 0.4592770533779645 0.2749481322892252 0.5
  endloop
endfacet
facet normal 0 0 1
  outer loop
    vertex 0.4614032303465498 0.3232809183554772 0.5
    vertex 0.4228064606930997 0.3465618367109543 0.5
    vertex 0.4206802837245144 0.2982290506447023 0.5
  endloop
endfacet
facet normal 0 0 1
  outer loop
    vertex 0.4592770533779645 0.2749481322892252 0.5
    vertex 0.4206802837245144 0.2982290506447023 0.5
    vertex 0.4185541067559291 0.2498962645784504 0.5
  endloop
endfacet
facet normal 0 -0 1
  outer loop
    vertex -0.4150687950126896 0.1500000000000001 0.5
    vertex -0.3683848845843171 0.1755186988605993 0.5
    vertex -0.4167378247866582 0.1999792236940928 0.5
  endloop
endfacet
facet normal 0 0 1
  outer loop
    vertex -0.3683848845843171 0.1755186988605993 0.5
    vertex -0.3700539143582857 0.225497922554692 0.5
    vertex -0.4167378247866582 0.1999792236940928 0.5
  endloop
endfacet
facet normal 0 -0 1
  outer loop
    vertex -0.3683848845843171 0.1755186988605993 0.5
    vertex -0.3217009741559446 0.2010373977211986 0.5
    vertex -0.3700539143582857 0.225497922554692 0.5
  endloop
endfacet
facet normal 0 -0 1
  outer loop
    vertex -0.4167378247866582 0.1999792236940928 0.5
    vertex -0.3700539143582857 0.225497922554692 0.5
    vertex -0.4184068545606269 0.2499584473881854 0.5
  endloop
endfacet
facet normal 0 0 1
  outer loop
    vertex 0.4185541067559291 0.2498962645784504 0.5
    vertex 0.417022768011631 0.1999481322892252 0.5
    vertex 0.4592770533779645 0.2249481322892252 0.5
  endloop
endfacet
facet normal -0 0 1
  outer loop
    vertex 0.417022768011631 0.1999481322892252 0.5
    vertex 0.4577457146336663 0.175 0.5
    vertex 0.4592770533779645 0.2249481322892252 0.5
  endloop
endfacet
facet normal 0 0 1
  outer loop
    vertex 0.417022768011631 0.1999481322892252 0.5
    vertex 0.4154914292673327 0.15 0.5
    vertex 0.4577457146336663 0.175 0.5
  endloop
endfacet
facet normal 0 0 1
  outer loop
    vertex 0.4592770533779645 0.2249481322892252 0.5
    vertex 0.4577457146336663 0.175 0.5
    vertex 0.5 0.2000000000000001 0.5
  endloop
endfacet
facet normal 0 0 1
  outer loop
    vertex 0.4185541067559291 0.2498962645784504 0.5
    vertex 0.3699594391272693 0.2251782616706812 0.5
    vertex 0.417022768011631 0.1999481322892252 0.5
  endloop
endfacet
facet normal 0 0 1
  outer loop
    vertex 0.3699594391272693 0.2251782616706812 0.5
    vertex 0.368428100382971 0.175230129381456 0.5
    vertex 0.417022768011631 0.1999481322892252 0.5
  endloop
endfacet
facet normal 0 0 1
  outer loop
    vertex 0.3699594391272693 0.2251782616706812 0.5
    vertex 0.3213647714986094 0.200460258762912 0.5
    vertex 0.368428100382971 0.175230129381456 0.5
  endloop
endfacet
facet normal 0 0 1
  outer loop
    vertex 0.417022768011631 0.1999481322892252 0.5
    vertex 0.368428100382971 0.175230129381456 0.5
    vertex 0.4154914292673327 0.15 0.5
  endloop
endfacet
facet normal 0 -0 1
  outer loop
    vertex -0.3428618517259281 0.08668791249610777 0.5
    vertex -0.3322814129409363 0.1438626551086531 0.5
    vertex -0.3789653233693089 0.1183439562480539 0.5
  endloop
endfacet
facet normal 0 0 1
  outer loop
    vertex -0.3322814129409363 0.1438626551086531 0.5
    vertex -0.3683848845843171 0.1755186988605993 0.5
    vertex -0.3789653233693089 0.1183439562480539 0.5
  endloop
endfacet
facet normal 0 -0 1
  outer loop
    vertex -0.3322814129409363 0.1438626551086531 0.5
    vertex -0.3217009741559446 0.2010373977211986 0.5
    vertex -0.3683848845843171 0.1755186988605993 0.5
  endloop
endfacet
facet normal 0 -0 1
  outer loop
    vertex -0.3789653233693089 0.1183439562480539 0.5
    vertex -0.3683848845843171 0.1755186988605993 0.5
    vertex -0.4150687950126896 0.1500000000000001 0.5
  endloop
endfacet
facet normal 0 0 1
  outer loop
    vertex -0.3888888888888889 0 0.5
    vertex -0.4072769757697067 0.03543298988551103 0.5
    vertex -0.4444444444444444 0 0.5
  endloop
endfacet
facet normal 0 0 1
  outer loop
    vertex -0.4072769757697067 0.03543298988551103 0.5
    vertex -0.4628325313252623 0.03543298988551103 0.5
    vertex -0.4444444444444444 0 0.5
  endloop
endfacet
facet normal 0 0 1
  outer loop
    vertex -0.4072769757697067 0.03543298988551103 0.5
    vertex -0.4256650626505246 0.07086597977102206 0.5
    vertex -0.4628325313252623 0.03543298988551103 0.5
  endloop
endfacet
facet normal 0 0 1
  outer loop
    vertex -0.4444444444444444 0 0.5
    vertex -0.4628325313252623 0.03543298988551103 0.5
    vertex -0.5 0 0.5
  endloop
endfacet
facet normal -0 0 1
  outer loop
    vertex 0.3888888888888892 0.5 0.5
    vertex 0.4087761223626811 0.4645686693498179 0.5
    vertex 0.4444444444444445 0.5 0.5
  endloop
endfacet
facet normal 0 0 1
  outer loop
    vertex 0.4087761223626811 0.4645686693498179 0.5
    vertex 0.4643316779182366 0.4645686693498179 0.5
    vertex 0.4444444444444445 0.5 0.5
  endloop
endfacet
facet normal -0 0 1
  outer loop
    vertex 0.4087761223626811 0.4645686693498179 0.5
    vertex 0.4286633558364732 0.4291373386996357 0.5
    vertex 0.4643316779182366 0.4645686693498179 0.5
  endloop
endfacet
facet normal -0 0 1
  outer loop
    vertex 0.4444444444444445 0.5 0.5
    vertex 0.4643316779182366 0.4645686693498179 0.5
    vertex 0.5 0.5 0.5
  endloop
endfacet
facet normal -0 0 1
  outer loop
    vertex -0.5 0.5 0.5
    vertex -0.4643412807301091 0.4645795619770564 0.5
    vertex -0.4444444444444444 0.5 0.5
  endloop
endfacet
facet normal 0 0 1
  outer loop
    vertex -0.4643412807301091 0.4645795619770564 0.5
    vertex -0.4087857251745535 0.4645795619770564 0.5
    vertex -0.4444444444444444 0.5 0.5
  endloop
endfacet
facet normal -0 0 1
  outer loop
    vertex -0.4643412807301091 0.4645795619770564 0.5
    vertex -0.4286825614602182 0.4291591239541128 0.5
    vertex -0.4087857251745535 0.4645795619770564 0.5
  endloop
endfacet
facet normal -0 0 1
  outer loop
    vertex -0.4444444444444444 0.5 0.5
    vertex -0.4087857251745535 0.4645795619770564 0.5
    vertex -0.3888888888888889 0.5 0.5
  endloop
endfacet
facet normal 0 0 1
  outer loop
    vertex 0.5 0 0.5
    vertex 0.4647243438246318 0.03363827156145233 0.5
    vertex 0.4444444444444445 0 0.5
  endloop
endfacet
facet normal 0 0 1
  outer loop
    vertex 0.4647243438246318 0.03363827156145233 0.5
    vertex 0.4091687882690763 0.03363827156145233 0.5
    vertex 0.4444444444444445 0 0.5
  endloop
endfacet
facet normal 0 0 1
  outer loop
    vertex 0.4647243438246318 0.03363827156145233 0.5
    vertex 0.4294486876492635 0.06727654312290467 0.5
    vertex 0.4091687882690763 0.03363827156145233 0.5
  endloop
endfacet
facet normal 0 0 1
  outer loop
    vertex 0.4444444444444445 0 0.5
    vertex 0.4091687882690763 0.03363827156145233 0.5
    vertex 0.3888888888888892 0 0.5
  endloop
endfacet
facet normal 0 0 1
  outer loop
    vertex 0.4154914292673327 0.15 0.5
    vertex 0.368428100382971 0.175230129381456 0.5
    vertex 0.3791772746787139 0.1181913578072617 0.5
  endloop
endfacet
facet normal 0 0 1
  outer loop
    vertex 0.368428100382971 0.175230129381456 0.5
    vertex 0.3321139457943523 0.1434214871887176 0.5
    vertex 0.3791772746787139 0.1181913578072617 0.5
  endloop
endfacet
facet normal 0 0 1
  outer loop
    vertex 0.368428100382971 0.175230129381456 0.5
    vertex 0.3213647714986094 0.200460258762912 0.5
    vertex 0.3321139457943523 0.1434214871887176 0.5
  endloop
endfacet
facet normal 0 0 1
  outer loop
    vertex 0.3791772746787139 0.1181913578072617 0.5
    vertex 0.3321139457943523 0.1434214871887176 0.5
    vertex 0.3428631200900951 0.08638271561452326 0.5
  endloop
endfacet
facet normal 0 0 1
  outer loop
    vertex -0.2249079801919946 0.1007551763604176 0.5
    vertex -0.1942263353166837 0.1284411826034279 0.5
    vertex -0.2242943350962904 0.1575717715048657 0.5
  endloop
endfacet
facet normal 0 -0 1
  outer loop
    vertex -0.1942263353166837 0.1284411826034279 0.5
    vertex -0.1936126902209794 0.1852577777478759 0.5
    vertex -0.2242943350962904 0.1575717715048657 0.5
  endloop
endfacet
facet normal 0 0 1
  outer loop
    vertex -0.1942263353166837 0.1284411826034279 0.5
    vertex -0.1635446904413727 0.1561271888464381 0.5
    vertex -0.1936126902209794 0.1852577777478759 0.5
  endloop
endfacet
facet normal 0 0 1
  outer loop
    vertex -0.2242943350962904 0.1575717715048657 0.5
    vertex -0.1936126902209794 0.1852577777478759 0.5
    vertex -0.2236806900005862 0.2143883666493137 0.5
  endloop
endfacet
facet normal 0 0 1
  outer loop
    vertex -0.5 0 0.5
    vertex -0.4628325313252623 0.03543298988551103 0.5
    vertex -0.5 0.05000000000000001 0.5
  endloop
endfacet
facet normal 0 -0 1
  outer loop
    vertex -0.4628325313252623 0.03543298988551103 0.5
    vertex -0.4628325313252623 0.08543298988551104 0.5
    vertex -0.5 0.05000000000000001 0.5
  endloop
endfacet
facet normal 0 0 1
  outer loop
    vertex -0.4628325313252623 0.03543298988551103 0.5
    vertex -0.4256650626505246 0.07086597977102206 0.5
    vertex -0.4628325313252623 0.08543298988551104 0.5
  endloop
endfacet
facet normal 0 0 1
  outer loop
    vertex -0.5 0.05000000000000001 0.5
    vertex -0.4628325313252623 0.08543298988551104 0.5
    vertex -0.5 0.1 0.5
  endloop
endfacet
facet normal 0 0 1
  outer loop
    vertex 0.5 0.5 0.5
    vertex 0.4643316779182366 0.4645686693498179 0.5
    vertex 0.5 0.4500000000000001 0.5
  endloop
endfacet
facet normal 0 0 1
  outer loop
    vertex 0.4643316779182366 0.4645686693498179 0.5
    vertex 0.4643316779182366 0.414568669349818 0.5
    vertex 0.5 0.4500000000000001 0.5
  endloop
endfacet
facet normal 0 0 1
  outer loop
    vertex 0.4643316779182366 0.4645686693498179 0.5
    vertex 0.4286633558364732 0.4291373386996357 0.5
    vertex 0.4643316779182366 0.414568669349818 0.5
  endloop
endfacet
facet normal 0 0 1
  outer loop
    vertex 0.5 0.4500000000000001 0.5
    vertex 0.4643316779182366 0.414568669349818 0.5
    vertex 0.5 0.4000000000000001 0.5
  endloop
endfacet
facet normal 0 0 1
  outer loop
    vertex -0.5 0.4000000000000001 0.5
    vertex -0.4643412807301091 0.4145795619770565 0.5
    vertex -0.5 0.4500000000000001 0.5
  endloop
endfacet
facet normal 0 -0 1
  outer loop
    vertex -0.4643412807301091 0.4145795619770565 0.5
    vertex -0.4643412807301091 0.4645795619770564 0.5
    vertex -0.5 0.4500000000000001 0.5
  endloop
endfacet
facet normal 0 0 1
  outer loop
    vertex -0.4643412807301091 0.4145795619770565 0.5
    vertex -0.4286825614602182 0.4291591239541128 0.5
    vertex -0.4643412807301091 0.4645795619770564 0.5
  endloop
endfacet
facet normal 0 0 1
  outer loop
    vertex -0.5 0.4500000000000001 0.5
    vertex -0.4643412807301091 0.4645795619770564 0.5
    vertex -0.5 0.5 0.5
  endloop
endfacet
facet normal 0 0 1
  outer loop
    vertex 0.5 0.1 0.5
    vertex 0.4647243438246318 0.08363827156145234 0.5
    vertex 0.5 0.05000000000000001 0.5
  endloop
endfacet
facet normal 0 0 1
  outer loop
    vertex 0.4647243438246318 0.08363827156145234 0.5
    vertex 0.4647243438246318 0.03363827156145233 0.5
    vertex 0.5 0.05000000000000001 0.5
  endloop
endfacet
facet normal 0 0 1
  outer loop
    vertex 0.4647243438246318 0.08363827156145234 0.5
    vertex 0.4294486876492635 0.06727654312290467 0.5
    vertex 0.4647243438246318 0.03363827156145233 0.5
  endloop
endfacet
facet normal 0 0 1
  outer loop
    vertex 0.5 0.05000000000000001 0.5
    vertex 0.4647243438246318 0.03363827156145233 0.5
    vertex 0.5 0 0.5
  endloop
endfacet
facet normal 0 0 1
  outer loop
    vertex -0.3376937021420845 0.3991836429313956 0.5
    vertex -0.3463559996960652 0.3502140042076505 0.5
    vertex -0.3048280262459126 0.3517055793009278 0.5
  endloop
endfacet
facet normal -0 0 1
  outer loop
    vertex -0.3463559996960652 0.3502140042076505 0.5
    vertex -0.3134903237998932 0.3027359405771826 0.5
    vertex -0.3048280262459126 0.3517055793009278 0.5
  endloop
endfacet
facet normal 0 0 1
  outer loop
    vertex -0.3463559996960652 0.3502140042076505 0.5
    vertex -0.3550182972500459 0.3012443654839053 0.5
    vertex -0.3134903237998932 0.3027359405771826 0.5
  endloop
endfacet
facet normal 0 0 1
  outer loop
    vertex -0.3048280262459126 0.3517055793009278 0.5
    vertex -0.3134903237998932 0.3027359405771826 0.5
    vertex -0.2719623503497406 0.3042275156704599 0.5
  endloop
endfacet
facet normal 0 0 1
  outer loop
    vertex -0.3217009741559446 0.2010373977211986 0.5
    vertex -0.3383596357029952 0.2511408816025519 0.5
    vertex -0.3700539143582857 0.225497922554692 0.5
  endloop
endfacet
facet normal 0 0 1
  outer loop
    vertex -0.3383596357029952 0.2511408816025519 0.5
    vertex -0.3867125759053364 0.2756014064360454 0.5
    vertex -0.3700539143582857 0.225497922554692 0.5
  endloop
endfacet
facet normal 0 0 1
  outer loop
    vertex -0.3383596357029952 0.2511408816025519 0.5
    vertex -0.3550182972500459 0.3012443654839053 0.5
    vertex -0.3867125759053364 0.2756014064360454 0.5
  endloop
endfacet
facet normal 0 0 1
  outer loop
    vertex -0.3700539143582857 0.225497922554692 0.5
    vertex -0.3867125759053364 0.2756014064360454 0.5
    vertex -0.4184068545606269 0.2499584473881854 0.5
  endloop
endfacet
facet normal -0 0 1
  outer loop
    vertex 0.2716195431319597 0.3037713555717923 0.5
    vertex 0.3133262289072125 0.3025077074855502 0.5
    vertex 0.3045874436495217 0.3514166069806155 0.5
  endloop
endfacet
facet normal 0 -0 1
  outer loop
    vertex 0.3133262289072125 0.3025077074855502 0.5
    vertex 0.3462941294247746 0.3501529588943735 0.5
    vertex 0.3045874436495217 0.3514166069806155 0.5
  endloop
endfacet
facet normal -0 0 1
  outer loop
    vertex 0.3133262289072125 0.3025077074855502 0.5
    vertex 0.3550329146824652 0.3012440593993082 0.5
    vertex 0.3462941294247746 0.3501529588943735 0.5
  endloop
endfacet
facet normal -0 0 1
  outer loop
    vertex 0.3045874436495217 0.3514166069806155 0.5
    vertex 0.3462941294247746 0.3501529588943735 0.5
    vertex 0.3375553441670838 0.3990618583894388 0.5
  endloop
endfacet
facet normal 0 0 1
  outer loop
    vertex 0.4185541067559291 0.2498962645784504 0.5
    vertex 0.3867935107191971 0.2755701619888793 0.5
    vertex 0.3699594391272693 0.2251782616706812 0.5
  endloop
endfacet
facet normal 0 0 1
  outer loop
    vertex 0.3867935107191971 0.2755701619888793 0.5
    vertex 0.3381988430905374 0.25085215908111 0.5
    vertex 0.3699594391272693 0.2251782616706812 0.5
  endloop
endfacet
facet normal 0 0 1
  outer loop
    vertex 0.3867935107191971 0.2755701619888793 0.5
    vertex 0.3550329146824652 0.3012440593993082 0.5
    vertex 0.3381988430905374 0.25085215908111 0.5
  endloop
endfacet
facet normal 0 0 1
  outer loop
    vertex 0.3699594391272693 0.2251782616706812 0.5
    vertex 0.3381988430905374 0.25085215908111 0.5
    vertex 0.3213647714986094 0.200460258762912 0.5
  endloop
endfacet
facet normal 0 0 1
  outer loop
    vertex 0.2219769278274784 0.212595812662035 0.5
    vertex 0.1944775620142063 0.1834450263755313 0.5
    vertex 0.2229961432812422 0.1559637080881548 0.5
  endloop
endfacet
facet normal 0 0 1
  outer loop
    vertex 0.1944775620142063 0.1834450263755313 0.5
    vertex 0.1954967774679701 0.1268129218016512 0.5
    vertex 0.2229961432812422 0.1559637080881548 0.5
  endloop
endfacet
facet normal 0 0 1
  outer loop
    vertex 0.1944775620142063 0.1834450263755313 0.5
    vertex 0.1669781962009342 0.1542942400890277 0.5
    vertex 0.1954967774679701 0.1268129218016512 0.5
  endloop
endfacet
facet normal 0 0 1
  outer loop
    vertex 0.2229961432812422 0.1559637080881548 0.5
    vertex 0.1954967774679701 0.1268129218016512 0.5
    vertex 0.224015358735006 0.09933160351427463 0.5
  endloop
endfacet
facet normal 0 0 1
  outer loop
    vertex -0.3888888888888889 0.5 0.5
    vertex -0.4087857251745535 0.4645795619770564 0.5
    vertex -0.3632912955154867 0.4495918214656978 0.5
  endloop
endfacet
facet normal 0 0 1
  outer loop
    vertex -0.4087857251745535 0.4645795619770564 0.5
    vertex -0.3831881318011514 0.4141713834427542 0.5
    vertex -0.3632912955154867 0.4495918214656978 0.5
  endloop
endfacet
facet normal 0 0 1
  outer loop
    vertex -0.4087857251745535 0.4645795619770564 0.5
    vertex -0.4286825614602182 0.4291591239541128 0.5
    vertex -0.3831881318011514 0.4141713834427542 0.5
  endloop
endfacet
facet normal 0 0 1
  outer loop
    vertex -0.3632912955154867 0.4495918214656978 0.5
    vertex -0.3831881318011514 0.4141713834427542 0.5
    vertex -0.3376937021420845 0.3991836429313956 0.5
  endloop
endfacet
facet normal 0 0 1
  outer loop
    vertex 0.3375553441670838 0.3990618583894388 0.5
    vertex 0.3831093500017785 0.4140995985445373 0.5
    vertex 0.3632221165279865 0.4495309291947194 0.5
  endloop
endfacet
facet normal 0 -0 1
  outer loop
    vertex 0.3831093500017785 0.4140995985445373 0.5
    vertex 0.4087761223626811 0.4645686693498179 0.5
    vertex 0.3632221165279865 0.4495309291947194 0.5
  endloop
endfacet
facet normal 0 0 1
  outer loop
    vertex 0.3831093500017785 0.4140995985445373 0.5
    vertex 0.4286633558364732 0.4291373386996357 0.5
    vertex 0.4087761223626811 0.4645686693498179 0.5
  endloop
endfacet
facet normal 0 0 1
  outer loop
    vertex 0.3632221165279865 0.4495309291947194 0.5
    vertex 0.4087761223626811 0.4645686693498179 0.5
    vertex 0.3888888888888892 0.5 0.5
  endloop
endfacet
facet normal 0 0 1
  outer loop
    vertex -0.3428618517259281 0.08668791249610777 0.5
    vertex -0.3842634571882264 0.07877694613356492 0.5
    vertex -0.3658753703074085 0.04334395624805389 0.5
  endloop
endfacet
facet normal 0 0 1
  outer loop
    vertex -0.3842634571882264 0.07877694613356492 0.5
    vertex -0.4072769757697067 0.03543298988551103 0.5
    vertex -0.3658753703074085 0.04334395624805389 0.5
  endloop
endfacet
facet normal 0 0 1
  outer loop
    vertex -0.3842634571882264 0.07877694613356492 0.5
    vertex -0.4256650626505246 0.07086597977102206 0.5
    vertex -0.4072769757697067 0.03543298988551103 0.5
  endloop
endfacet
facet normal 0 0 1
  outer loop
    vertex -0.3658753703074085 0.04334395624805389 0.5
    vertex -0.4072769757697067 0.03543298988551103 0.5
    vertex -0.3888888888888889 0 0.5
  endloop
endfacet
facet normal 0 -0 1
  outer loop
    vertex 0.3888888888888892 0 0.5
    vertex 0.4091687882690763 0.03363827156145233 0.5
    vertex 0.3658760044894922 0.04319135780726163 0.5
  endloop
endfacet
facet normal 0 0 1
  outer loop
    vertex 0.4091687882690763 0.03363827156145233 0.5
    vertex 0.3861559038696794 0.07682962936871396 0.5
    vertex 0.3658760044894922 0.04319135780726163 0.5
  endloop
endfacet
facet normal 0 -0 1
  outer loop
    vertex 0.4091687882690763 0.03363827156145233 0.5
    vertex 0.4294486876492635 0.06727654312290467 0.5
    vertex 0.3861559038696794 0.07682962936871396 0.5
  endloop
endfacet
facet normal 0 -0 1
  outer loop
    vertex 0.3658760044894922 0.04319135780726163 0.5
    vertex 0.3861559038696794 0.07682962936871396 0.5
    vertex 0.3428631200900951 0.08638271561452326 0.5
  endloop
endfacet
facet normal -0 0 1
  outer loop
    vertex -0.1134571628968221 0.2163464186225463 0.5
    vertex -0.08489232634922961 0.1859737580761179 0.5
    vertex -0.05652463980298839 0.2174367563788624 0.5
  endloop
endfacet
facet normal 0 0 1
  outer loop
    vertex -0.08489232634922961 0.1859737580761179 0.5
    vertex -0.02795980325539588 0.187064095832434 0.5
    vertex -0.05652463980298839 0.2174367563788624 0.5
  endloop
endfacet
facet normal -0 0 1
  outer loop
    vertex -0.08489232634922961 0.1859737580761179 0.5
    vertex -0.05632748980163715 0.1556010975296895 0.5
    vertex -0.02795980325539588 0.187064095832434 0.5
  endloop
endfacet
facet normal -0 0 1
  outer loop
    vertex -0.05652463980298839 0.2174367563788624 0.5
    vertex -0.02795980325539588 0.187064095832434 0.5
    vertex 0.0004078832908454011 0.2185270941351785 0.5
  endloop
endfacet
facet normal -0 0 1
  outer loop
    vertex -0.4228025420843129 0.3465925489503359 0.5
    vertex -0.3889104196671794 0.3239184572171206 0.5
    vertex -0.3802481221131987 0.3728880959408657 0.5
  endloop
endfacet
facet normal 0 0 1
  outer loop
    vertex -0.3889104196671794 0.3239184572171206 0.5
    vertex -0.3463559996960652 0.3502140042076505 0.5
    vertex -0.3802481221131987 0.3728880959408657 0.5
  endloop
endfacet
facet normal -0 0 1
  outer loop
    vertex -0.3889104196671794 0.3239184572171206 0.5
    vertex -0.3550182972500459 0.3012443654839053 0.5
    vertex -0.3463559996960652 0.3502140042076505 0.5
  endloop
endfacet
facet normal -0 0 1
  outer loop
    vertex -0.3802481221131987 0.3728880959408657 0.5
    vertex -0.3463559996960652 0.3502140042076505 0.5
    vertex -0.3376937021420845 0.3991836429313956 0.5
  endloop
endfacet
facet normal 0 0 1
  outer loop
    vertex 0.3375553441670838 0.3990618583894388 0.5
    vertex 0.3462941294247746 0.3501529588943735 0.5
    vertex 0.3801809024300917 0.3728118475501965 0.5
  endloop
endfacet
facet normal -0 0 1
  outer loop
    vertex 0.3462941294247746 0.3501529588943735 0.5
    vertex 0.3889196876877825 0.3239029480551312 0.5
    vertex 0.3801809024300917 0.3728118475501965 0.5
  endloop
endfacet
facet normal 0 0 1
  outer loop
    vertex 0.3462941294247746 0.3501529588943735 0.5
    vertex 0.3550329146824652 0.3012440593993082 0.5
    vertex 0.3889196876877825 0.3239029480551312 0.5
  endloop
endfacet
facet normal 0 0 1
  outer loop
    vertex 0.3801809024300917 0.3728118475501965 0.5
    vertex 0.3889196876877825 0.3239029480551312 0.5
    vertex 0.4228064606930997 0.3465618367109543 0.5
  endloop
endfacet
facet normal 0 0 1
  outer loop
    vertex -0.05632748980163715 0.1556010975296895 0.5
    vertex -0.1099360901215049 0.1558641431880638 0.5
    vertex -0.08403043441256086 0.1257334379239551 0.5
  endloop
endfacet
facet normal 0 0 1
  outer loop
    vertex -0.1099360901215049 0.1558641431880638 0.5
    vertex -0.1376390347324287 0.1259964835823294 0.5
    vertex -0.08403043441256086 0.1257334379239551 0.5
  endloop
endfacet
facet normal 0 0 1
  outer loop
    vertex -0.1099360901215049 0.1558641431880638 0.5
    vertex -0.1635446904413727 0.1561271888464381 0.5
    vertex -0.1376390347324287 0.1259964835823294 0.5
  endloop
endfacet
facet normal 0 0 1
  outer loop
    vertex -0.08403043441256086 0.1257334379239551 0.5
    vertex -0.1376390347324287 0.1259964835823294 0.5
    vertex -0.1117333790234846 0.09586577831822066 0.5
  endloop
endfacet
facet normal 0 0 1
  outer loop
    vertex -0.1134571628968221 0.2163464186225463 0.5
    vertex -0.1385009266690974 0.1862368037344922 0.5
    vertex -0.08489232634922961 0.1859737580761179 0.5
  endloop
endfacet
facet normal 0 0 1
  outer loop
    vertex -0.1385009266690974 0.1862368037344922 0.5
    vertex -0.1099360901215049 0.1558641431880638 0.5
    vertex -0.08489232634922961 0.1859737580761179 0.5
  endloop
endfacet
facet normal 0 0 1
  outer loop
    vertex -0.1385009266690974 0.1862368037344922 0.5
    vertex -0.1635446904413727 0.1561271888464381 0.5
    vertex -0.1099360901215049 0.1558641431880638 0.5
  endloop
endfacet
facet normal 0 0 1
  outer loop
    vertex -0.08489232634922961 0.1859737580761179 0.5
    vertex -0.1099360901215049 0.1558641431880638 0.5
    vertex -0.05632748980163715 0.1556010975296895 0.5
  endloop
endfacet
facet normal 0 -0 1
  outer loop
    vertex -1.336207334956541e-05 0.092915753861183 0.5
    vertex 0.02785822443579089 0.1239111859567927 0.5
    vertex -0.02817042593749336 0.1242584256954362 0.5
  endloop
endfacet
facet normal 0 0 1
  outer loop
    vertex 0.02785822443579089 0.1239111859567927 0.5
    vertex -0.0002988394283529039 0.155253857791046 0.5
    vertex -0.02817042593749336 0.1242584256954362 0.5
  endloop
endfacet
facet normal 0 -0 1
  outer loop
    vertex 0.02785822443579089 0.1239111859567927 0.5
    vertex 0.05572981094493135 0.1549066180524025 0.5
    vertex -0.0002988394283529039 0.155253857791046 0.5
  endloop
endfacet
facet normal 0 -0 1
  outer loop
    vertex -0.02817042593749336 0.1242584256954362 0.5
    vertex -0.0002988394283529039 0.155253857791046 0.5
    vertex -0.05632748980163715 0.1556010975296895 0.5
  endloop
endfacet
facet normal -0 0 1
  outer loop
    vertex -0.05632748980163715 0.1556010975296895 0.5
    vertex -0.0002988394283529039 0.155253857791046 0.5
    vertex -0.02795980325539588 0.187064095832434 0.5
  endloop
endfacet
facet normal 0 -0 1
  outer loop
    vertex -0.0002988394283529039 0.155253857791046 0.5
    vertex 0.02806884711788837 0.1867168560937905 0.5
    vertex -0.02795980325539588 0.187064095832434 0.5
  endloop
endfacet
facet normal -0 0 1
  outer loop
    vertex -0.0002988394283529039 0.155253857791046 0.5
    vertex 0.05572981094493135 0.1549066180524025 0.5
    vertex 0.02806884711788837 0.1867168560937905 0.5
  endloop
endfacet
facet normal -0 0 1
  outer loop
    vertex -0.02795980325539588 0.187064095832434 0.5
    vertex 0.02806884711788837 0.1867168560937905 0.5
    vertex 0.0004078832908454011 0.2185270941351785 0.5
  endloop
endfacet
facet normal 0 0 1
  outer loop
    vertex -1.336207334956541e-05 0.092915753861183 0.5
    vertex -0.02817042593749336 0.1242584256954362 0.5
    vertex -0.05587337054841712 0.09439076608970183 0.5
  endloop
endfacet
facet normal 0 0 1
  outer loop
    vertex -0.02817042593749336 0.1242584256954362 0.5
    vertex -0.08403043441256086 0.1257334379239551 0.5
    vertex -0.05587337054841712 0.09439076608970183 0.5
  endloop
endfacet
facet normal 0 0 1
  outer loop
    vertex -0.02817042593749336 0.1242584256954362 0.5
    vertex -0.05632748980163715 0.1556010975296895 0.5
    vertex -0.08403043441256086 0.1257334379239551 0.5
  endloop
endfacet
facet normal 0 0 1
  outer loop
    vertex -0.05587337054841712 0.09439076608970183 0.5
    vertex -0.08403043441256086 0.1257334379239551 0.5
    vertex -0.1117333790234846 0.09586577831822066 0.5
  endloop
endfacet
facet normal 0 0 1
  outer loop
    vertex 0.1117333790234851 0.09586577831822093 0.5
    vertex 0.08373159498420824 0.1253861981853117 0.5
    vertex 0.05586000847506778 0.09439076608970197 0.5
  endloop
endfacet
facet normal 0 0 1
  outer loop
    vertex 0.08373159498420824 0.1253861981853117 0.5
    vertex 0.02785822443579089 0.1239111859567927 0.5
    vertex 0.05586000847506778 0.09439076608970197 0.5
  endloop
endfacet
facet normal 0 0 1
  outer loop
    vertex 0.08373159498420824 0.1253861981853117 0.5
    vertex 0.05572981094493135 0.1549066180524025 0.5
    vertex 0.02785822443579089 0.1239111859567927 0.5
  endloop
endfacet
facet normal 0 0 1
  outer loop
    vertex 0.05586000847506778 0.09439076608970197 0.5
    vertex 0.02785822443579089 0.1239111859567927 0.5
    vertex -1.336207334956541e-05 0.092915753861183 0.5
  endloop
endfacet
facet normal 0 0 1
  outer loop
    vertex -0.1117333790234846 0.09586577831822066 0.5
    vertex -0.1376390347324287 0.1259964835823294 0.5
    vertex -0.1683206796077397 0.09831047733931914 0.5
  endloop
endfacet
facet normal 0 0 1
  outer loop
    vertex -0.1376390347324287 0.1259964835823294 0.5
    vertex -0.1942263353166837 0.1284411826034279 0.5
    vertex -0.1683206796077397 0.09831047733931914 0.5
  endloop
endfacet
facet normal 0 0 1
  outer loop
    vertex -0.1376390347324287 0.1259964835823294 0.5
    vertex -0.1635446904413727 0.1561271888464381 0.5
    vertex -0.1942263353166837 0.1284411826034279 0.5
  endloop
endfacet
facet normal 0 0 1
  outer loop
    vertex -0.1683206796077397 0.09831047733931914 0.5
    vertex -0.1942263353166837 0.1284411826034279 0.5
    vertex -0.2249079801919946 0.1007551763604176 0.5
  endloop
endfacet
facet normal 0 0 1
  outer loop
    vertex 0.224015358735006 0.09933160351427463 0.5
    vertex 0.1954967774679701 0.1268129218016512 0.5
    vertex 0.1678743688792456 0.09759869091624779 0.5
  endloop
endfacet
facet normal 0 0 1
  outer loop
    vertex 0.1954967774679701 0.1268129218016512 0.5
    vertex 0.1393557876122097 0.1250800092036243 0.5
    vertex 0.1678743688792456 0.09759869091624779 0.5
  endloop
endfacet
facet normal 0 0 1
  outer loop
    vertex 0.1954967774679701 0.1268129218016512 0.5
    vertex 0.1669781962009342 0.1542942400890277 0.5
    vertex 0.1393557876122097 0.1250800092036243 0.5
  endloop
endfacet
facet normal 0 0 1
  outer loop
    vertex 0.1678743688792456 0.09759869091624779 0.5
    vertex 0.1393557876122097 0.1250800092036243 0.5
    vertex 0.1117333790234851 0.09586577831822093 0.5
  endloop
endfacet
facet normal -0 0 1
  outer loop
    vertex 0.1116002590293106 0.2122357443811153 0.5
    vertex 0.1392892276151224 0.1832649922350715 0.5
    vertex 0.1667885934283945 0.2124157785215751 0.5
  endloop
endfacet
facet normal 0 0 1
  outer loop
    vertex 0.1392892276151224 0.1832649922350715 0.5
    vertex 0.1944775620142063 0.1834450263755313 0.5
    vertex 0.1667885934283945 0.2124157785215751 0.5
  endloop
endfacet
facet normal -0 0 1
  outer loop
    vertex 0.1392892276151224 0.1832649922350715 0.5
    vertex 0.1669781962009342 0.1542942400890277 0.5
    vertex 0.1944775620142063 0.1834450263755313 0.5
  endloop
endfacet
facet normal -0 0 1
  outer loop
    vertex 0.1667885934283945 0.2124157785215751 0.5
    vertex 0.1944775620142063 0.1834450263755313 0.5
    vertex 0.2219769278274784 0.212595812662035 0.5
  endloop
endfacet
facet normal 0 0 1
  outer loop
    vertex 0.1669781962009342 0.1542942400890277 0.5
    vertex 0.1113540035729328 0.1546004290707151 0.5
    vertex 0.1393557876122097 0.1250800092036243 0.5
  endloop
endfacet
facet normal 0 0 1
  outer loop
    vertex 0.1113540035729328 0.1546004290707151 0.5
    vertex 0.08373159498420824 0.1253861981853117 0.5
    vertex 0.1393557876122097 0.1250800092036243 0.5
  endloop
endfacet
facet normal 0 0 1
  outer loop
    vertex 0.1113540035729328 0.1546004290707151 0.5
    vertex 0.05572981094493135 0.1549066180524025 0.5
    vertex 0.08373159498420824 0.1253861981853117 0.5
  endloop
endfacet
facet normal 0 0 1
  outer loop
    vertex 0.1393557876122097 0.1250800092036243 0.5
    vertex 0.08373159498420824 0.1253861981853117 0.5
    vertex 0.1117333790234851 0.09586577831822093 0.5
  endloop
endfacet
facet normal 0 0 1
  outer loop
    vertex 0.1116002590293106 0.2122357443811153 0.5
    vertex 0.08366503498712097 0.1835711812167589 0.5
    vertex 0.1392892276151224 0.1832649922350715 0.5
  endloop
endfacet
facet normal 0 0 1
  outer loop
    vertex 0.08366503498712097 0.1835711812167589 0.5
    vertex 0.1113540035729328 0.1546004290707151 0.5
    vertex 0.1392892276151224 0.1832649922350715 0.5
  endloop
endfacet
facet normal 0 0 1
  outer loop
    vertex 0.08366503498712097 0.1835711812167589 0.5
    vertex 0.05572981094493135 0.1549066180524025 0.5
    vertex 0.1113540035729328 0.1546004290707151 0.5
  endloop
endfacet
facet normal 0 0 1
  outer loop
    vertex 0.1392892276151224 0.1832649922350715 0.5
    vertex 0.1113540035729328 0.1546004290707151 0.5
    vertex 0.1669781962009342 0.1542942400890277 0.5
  endloop
endfacet
facet normal 0 0 1
  outer loop
    vertex -0.4150687950126896 0.1500000000000001 0.5
    vertex -0.4203669288316071 0.1104329898855111 0.5
    vertex -0.3789653233693089 0.1183439562480539 0.5
  endloop
endfacet
facet normal -0 0 1
  outer loop
    vertex -0.4203669288316071 0.1104329898855111 0.5
    vertex -0.3842634571882264 0.07877694613356492 0.5
    vertex -0.3789653233693089 0.1183439562480539 0.5
  endloop
endfacet
facet normal 0 0 1
  outer loop
    vertex -0.4203669288316071 0.1104329898855111 0.5
    vertex -0.4256650626505246 0.07086597977102206 0.5
    vertex -0.3842634571882264 0.07877694613356492 0.5
  endloop
endfacet
facet normal 0 0 1
  outer loop
    vertex -0.3789653233693089 0.1183439562480539 0.5
    vertex -0.3842634571882264 0.07877694613356492 0.5
    vertex -0.3428618517259281 0.08668791249610777 0.5
  endloop
endfacet
facet normal -0 0 1
  outer loop
    vertex -0.2236806900005862 0.2143883666493137 0.5
    vertex -0.1936126902209794 0.1852577777478759 0.5
    vertex -0.1685689264487041 0.21536739263593 0.5
  endloop
endfacet
facet normal 0 0 1
  outer loop
    vertex -0.1936126902209794 0.1852577777478759 0.5
    vertex -0.1385009266690974 0.1862368037344922 0.5
    vertex -0.1685689264487041 0.21536739263593 0.5
  endloop
endfacet
facet normal -0 0 1
  outer loop
    vertex -0.1936126902209794 0.1852577777478759 0.5
    vertex -0.1635446904413727 0.1561271888464381 0.5
    vertex -0.1385009266690974 0.1862368037344922 0.5
  endloop
endfacet
facet normal -0 0 1
  outer loop
    vertex -0.1685689264487041 0.21536739263593 0.5
    vertex -0.1385009266690974 0.1862368037344922 0.5
    vertex -0.1134571628968221 0.2163464186225463 0.5
  endloop
endfacet
facet normal 0 0 1
  outer loop
    vertex -0.3376937021420845 0.3991836429313956 0.5
    vertex -0.3831881318011514 0.4141713834427542 0.5
    vertex -0.3802481221131987 0.3728880959408657 0.5
  endloop
endfacet
facet normal 0 0 1
  outer loop
    vertex -0.3831881318011514 0.4141713834427542 0.5
    vertex -0.4257425517722656 0.3878758364522243 0.5
    vertex -0.3802481221131987 0.3728880959408657 0.5
  endloop
endfacet
facet normal 0 0 1
  outer loop
    vertex -0.3831881318011514 0.4141713834427542 0.5
    vertex -0.4286825614602182 0.4291591239541128 0.5
    vertex -0.4257425517722656 0.3878758364522243 0.5
  endloop
endfacet
facet normal 0 0 1
  outer loop
    vertex -0.3802481221131987 0.3728880959408657 0.5
    vertex -0.4257425517722656 0.3878758364522243 0.5
    vertex -0.4228025420843129 0.3465925489503359 0.5
  endloop
endfacet
facet normal 0 -0 1
  outer loop
    vertex 0.4228064606930997 0.3465618367109543 0.5
    vertex 0.4257349082647864 0.387849587705295 0.5
    vertex 0.3801809024300917 0.3728118475501965 0.5
  endloop
endfacet
facet normal 0 0 1
  outer loop
    vertex 0.4257349082647864 0.387849587705295 0.5
    vertex 0.3831093500017785 0.4140995985445373 0.5
    vertex 0.3801809024300917 0.3728118475501965 0.5
  endloop
endfacet
facet normal 0 -0 1
  outer loop
    vertex 0.4257349082647864 0.387849587705295 0.5
    vertex 0.4286633558364732 0.4291373386996357 0.5
    vertex 0.3831093500017785 0.4140995985445373 0.5
  endloop
endfacet
facet normal 0 -0 1
  outer loop
    vertex 0.3801809024300917 0.3728118475501965 0.5
    vertex 0.3831093500017785 0.4140995985445373 0.5
    vertex 0.3375553441670838 0.3990618583894388 0.5
  endloop
endfacet
facet normal 0 0 1
  outer loop
    vertex 0.0004078832908454011 0.2185270941351785 0.5
    vertex 0.02806884711788837 0.1867168560937905 0.5
    vertex 0.056004071160078 0.2153814192581469 0.5
  endloop
endfacet
facet normal -0 0 1
  outer loop
    vertex 0.02806884711788837 0.1867168560937905 0.5
    vertex 0.08366503498712097 0.1835711812167589 0.5
    vertex 0.056004071160078 0.2153814192581469 0.5
  endloop
endfacet
facet normal 0 0 1
  outer loop
    vertex 0.02806884711788837 0.1867168560937905 0.5
    vertex 0.05572981094493135 0.1549066180524025 0.5
    vertex 0.08366503498712097 0.1835711812167589 0.5
  endloop
endfacet
facet normal 0 0 1
  outer loop
    vertex 0.056004071160078 0.2153814192581469 0.5
    vertex 0.08366503498712097 0.1835711812167589 0.5
    vertex 0.1116002590293106 0.2122357443811153 0.5
  endloop
endfacet
facet normal -0 0 1
  outer loop
    vertex 0.3428631200900951 0.08638271561452326 0.5
    vertex 0.3861559038696794 0.07682962936871396 0.5
    vertex 0.3791772746787139 0.1181913578072617 0.5
  endloop
endfacet
facet normal 0 -0 1
  outer loop
    vertex 0.3861559038696794 0.07682962936871396 0.5
    vertex 0.4224700584582981 0.1086382715614524 0.5
    vertex 0.3791772746787139 0.1181913578072617 0.5
  endloop
endfacet
facet normal -0 0 1
  outer loop
    vertex 0.3861559038696794 0.07682962936871396 0.5
    vertex 0.4294486876492635 0.06727654312290467 0.5
    vertex 0.4224700584582981 0.1086382715614524 0.5
  endloop
endfacet
facet normal -0 0 1
  outer loop
    vertex 0.3791772746787139 0.1181913578072617 0.5
    vertex 0.4224700584582981 0.1086382715614524 0.5
    vertex 0.4154914292673327 0.15 0.5
  endloop
endfacet
facet normal -0 0 1
  outer loop
    vertex -0.5 0.1 0.5
    vertex -0.4628325313252623 0.08543298988551104 0.5
    vertex -0.4575343975063448 0.1250000000000001 0.5
  endloop
endfacet
facet normal 0 0 1
  outer loop
    vertex -0.4628325313252623 0.08543298988551104 0.5
    vertex -0.4203669288316071 0.1104329898855111 0.5
    vertex -0.4575343975063448 0.1250000000000001 0.5
  endloop
endfacet
facet normal -0 0 1
  outer loop
    vertex -0.4628325313252623 0.08543298988551104 0.5
    vertex -0.4256650626505246 0.07086597977102206 0.5
    vertex -0.4203669288316071 0.1104329898855111 0.5
  endloop
endfacet
facet normal -0 0 1
  outer loop
    vertex -0.4575343975063448 0.1250000000000001 0.5
    vertex -0.4203669288316071 0.1104329898855111 0.5
    vertex -0.4150687950126896 0.1500000000000001 0.5
  endloop
endfacet
facet normal 0 0 1
  outer loop
    vertex -0.4228025420843129 0.3465925489503359 0.5
    vertex -0.4257425517722656 0.3878758364522243 0.5
    vertex -0.4614012710421564 0.373296274475168 0.5
  endloop
endfacet
facet normal 0 0 1
  outer loop
    vertex -0.4257425517722656 0.3878758364522243 0.5
    vertex -0.4643412807301091 0.4145795619770565 0.5
    vertex -0.4614012710421564 0.373296274475168 0.5
  endloop
endfacet
facet normal 0 0 1
  outer loop
    vertex -0.4257425517722656 0.3878758364522243 0.5
    vertex -0.4286825614602182 0.4291591239541128 0.5
    vertex -0.4643412807301091 0.4145795619770565 0.5
  endloop
endfacet
facet normal 0 0 1
  outer loop
    vertex -0.4614012710421564 0.373296274475168 0.5
    vertex -0.4643412807301091 0.4145795619770565 0.5
    vertex -0.5 0.4000000000000001 0.5
  endloop
endfacet
facet normal 0 0 1
  outer loop
    vertex 0.5 0.4000000000000001 0.5
    vertex 0.4643316779182366 0.414568669349818 0.5
    vertex 0.4614032303465498 0.3732809183554772 0.5
  endloop
endfacet
facet normal 0 0 1
  outer loop
    vertex 0.4643316779182366 0.414568669349818 0.5
    vertex 0.4257349082647864 0.387849587705295 0.5
    vertex 0.4614032303465498 0.3732809183554772 0.5
  endloop
endfacet
facet normal 0 0 1
  outer loop
    vertex 0.4643316779182366 0.414568669349818 0.5
    vertex 0.4286633558364732 0.4291373386996357 0.5
    vertex 0.4257349082647864 0.387849587705295 0.5
  endloop
endfacet
facet normal 0 0 1
  outer loop
    vertex 0.4614032303465498 0.3732809183554772 0.5
    vertex 0.4257349082647864 0.387849587705295 0.5
    vertex 0.4228064606930997 0.3465618367109543 0.5
  endloop
endfacet
facet normal 0 0 1
  outer loop
    vertex 0.4154914292673327 0.15 0.5
    vertex 0.4224700584582981 0.1086382715614524 0.5
    vertex 0.4577457146336663 0.125 0.5
  endloop
endfacet
facet normal -0 0 1
  outer loop
    vertex 0.4224700584582981 0.1086382715614524 0.5
    vertex 0.4647243438246318 0.08363827156145234 0.5
    vertex 0.4577457146336663 0.125 0.5
  endloop
endfacet
facet normal 0 0 1
  outer loop
    vertex 0.4224700584582981 0.1086382715614524 0.5
    vertex 0.4294486876492635 0.06727654312290467 0.5
    vertex 0.4647243438246318 0.08363827156145234 0.5
  endloop
endfacet
facet normal 0 0 1
  outer loop
    vertex 0.4577457146336663 0.125 0.5
    vertex 0.4647243438246318 0.08363827156145234 0.5
    vertex 0.5 0.1 0.5
  endloop
endfacet
facet normal 0 -0 1
  outer loop
    vertex -0.4184068545606269 0.2499584473881854 0.5
    vertex -0.3867125759053364 0.2756014064360454 0.5
    vertex -0.4206046983224699 0.2982754981692606 0.5
  endloop
endfacet
facet normal 0 0 1
  outer loop
    vertex -0.3867125759053364 0.2756014064360454 0.5
    vertex -0.3889104196671794 0.3239184572171206 0.5
    vertex -0.4206046983224699 0.2982754981692606 0.5
  endloop
endfacet
facet normal 0 -0 1
  outer loop
    vertex -0.3867125759053364 0.2756014064360454 0.5
    vertex -0.3550182972500459 0.3012443654839053 0.5
    vertex -0.3889104196671794 0.3239184572171206 0.5
  endloop
endfacet
facet normal 0 -0 1
  outer loop
    vertex -0.4206046983224699 0.2982754981692606 0.5
    vertex -0.3889104196671794 0.3239184572171206 0.5
    vertex -0.4228025420843129 0.3465925489503359 0.5
  endloop
endfacet
facet normal 0 0 1
  outer loop
    vertex 0.4228064606930997 0.3465618367109543 0.5
    vertex 0.3889196876877825 0.3239029480551312 0.5
    vertex 0.4206802837245144 0.2982290506447023 0.5
  endloop
endfacet
facet normal 0 0 1
  outer loop
    vertex 0.3889196876877825 0.3239029480551312 0.5
    vertex 0.3867935107191971 0.2755701619888793 0.5
    vertex 0.4206802837245144 0.2982290506447023 0.5
  endloop
endfacet
facet normal 0 0 1
  outer loop
    vertex 0.3889196876877825 0.3239029480551312 0.5
    vertex 0.3550329146824652 0.3012440593993082 0.5
    vertex 0.3867935107191971 0.2755701619888793 0.5
  endloop
endfacet
facet normal 0 0 1
  outer loop
    vertex 0.4206802837245144 0.2982290506447023 0.5
    vertex 0.3867935107191971 0.2755701619888793 0.5
    vertex 0.4185541067559291 0.2498962645784504 0.5
  endloop
endfacet
endsolid Created by Gmsh
